Date,Open,High,Low,Close,Volume,EMA_50,EMA_200,RSI,MACD,BB_High,BB_Low,ATR,OBV,MFI,ADX
2018-01-02 00:00:00-05:00,39.88872671765163,40.390383093959265,39.67774753061909,40.381004333496094,102223600,,,,,,,0.0,102223600,,0.0
2018-01-03 00:00:00-05:00,40.44428878121343,40.91781591685785,40.310671880614436,40.37396240234375,118071600,,,,,,,0.0,-15848000,,0.0
2018-01-04 00:00:00-05:00,40.44663400466889,40.66464543398791,40.33880331756572,40.561500549316406,89738400,,,,,,,0.0,73890400,,0.0
2018-01-05 00:00:00-05:00,40.65760732454381,41.11003400377929,40.56618411295515,41.02330017089844,94640000,,,,,,,0.0,168530400,,0.0
2018-01-08 00:00:00-05:00,40.870933532714844,41.166300036515835,40.77247445449957,40.870933532714844,82271200,,,,,,,0.0,86259200,,0.0
2018-01-09 00:00:00-05:00,40.91780625287775,41.037358564856554,40.65056893784773,40.866233825683594,86336000,,,,,,,0.0,-76800,,0.0
2018-01-10 00:00:00-05:00,40.59197023775632,40.85920759232445,40.55446236207534,40.85686111450195,95839600,,,,,,,0.0,-95916400,,0.0
2018-01-11 00:00:00-05:00,40.92720527120746,41.13818448087853,40.90376552143254,41.08895492553711,74670800,,,,,,,0.0,-21245600,,0.0
2018-01-12 00:00:00-05:00,41.29992255866199,41.57653873724275,41.1756808203766,41.51324462890625,101672400,,,,,,,0.0,80426800,,0.0
2018-01-16 00:00:00-05:00,41.703123321316056,42.05240879047136,41.29054732085747,41.302268981933594,118263600,,,,,,,0.0,-37836800,,0.0
2018-01-17 00:00:00-05:00,41.29288600464342,42.01958599375267,41.03971675139146,41.98442459106445,137547200,,,,,,,0.0,99710400,,0.0
2018-01-18 00:00:00-05:00,42.04771309960045,42.21884145633942,41.78516510025594,42.02192687988281,124773600,,,,,,,0.0,224484000,,0.0
2018-01-19 00:00:00-05:00,41.86955776475558,42.09694437246694,41.588255814303395,41.83439636230469,129700400,,,,,,,0.0,94783600,,0.0
2018-01-22 00:00:00-05:00,41.56247192412374,41.67499199522446,41.398379408570904,41.49214553833008,108434400,,,63.442758214076136,,,,0.5125401143671523,-13650800,62.62797937294894,0.0
2018-01-23 00:00:00-05:00,41.56246180888039,42.06411799259364,41.44994176516418,41.50151062011719,130756400,,,63.618672181670945,,42.22543418841503,40.13092160585581,0.5197998367287452,117105600,65.93178441710023,0.0
2018-01-24 00:00:00-05:00,41.55074296166244,41.56246462005955,40.60134586266364,40.8404541015625,204420400,,,46.57993276616001,,42.18550916740752,40.23210659593883,0.5513226167763997,-87314800,54.96084774464218,0.0
2018-01-25 00:00:00-05:00,40.908446428362346,41.01159133048376,39.97546008299423,40.11142349243164,166116000,,,35.33906636137104,,42.23437584039387,40.148234734964205,0.5859518046844804,-253430800,52.49118064185785,0.0
2018-01-26 00:00:00-05:00,40.32005148718261,40.32005148718261,39.86527824112005,40.20518493652344,156572000,,,37.43041953620961,,42.2807805635211,40.05432126346458,0.5765819076400573,-96858800,45.22652073283935,0.0
2018-01-29 00:00:00-05:00,39.888714248072546,39.888714248072546,39.16436082601655,39.37299346923828,202561600,,,28.59139392419118,,42.48724947078465,39.62781146264635,0.6097420649876882,-299420400,37.97808660194264,0.0
2018-01-30 00:00:00-05:00,38.80335120718038,39.2346810244076,38.60878313619308,39.14091491699219,184192800,,,26.697943500319624,,42.66300402835094,39.22138775631703,0.6207755127060819,-483613200,36.220650660440675,0.0
2018-01-31 00:00:00-05:00,39.11746718356834,39.48550644634868,39.03073336515779,39.248741149902344,129915600,,,29.04893803207831,,42.75214143529216,38.91658465927165,0.6089181961692821,-353697600,42.04106030642981,0.0
2018-02-01 00:00:00-05:00,39.18780724481486,39.52771393582206,39.09169463695222,39.33080291748047,188923200,,,30.86623860845225,,42.79155483007685,38.673696838217424,0.5965682749336075,-164774400,45.031792863856595,0.0
2018-02-02 00:00:00-05:00,38.913529298015845,39.1010650943597,37.530459506757055,37.62422561645508,346375200,,,19.61457816133219,,43.064551023010395,37.93873673740627,0.6825522132043079,-511149600,36.20570431640536,0.0
2018-02-05 00:00:00-05:00,37.29604902768845,38.41657110176653,36.56934899508362,36.6842155456543,290954000,,,16.127305228441358,,43.30494511347725,37.05447210250582,0.7657429198813507,-802103600,29.110960062122828,0.0
2018-02-06 00:00:00-05:00,36.29506315962938,38.3790461443253,36.10049512679031,38.2172966003418,272975200,,,36.08558402873734,,43.181663288056825,36.766424277047335,0.8738006411423253,-529128400,32.19363053951035,0.0
2018-02-07 00:00:00-05:00,38.23136509061663,38.30403435363656,37.28900399494561,37.39917755126953,206434400,,,31.74442210640035,-0.8206257760715729,42.92493382562876,36.41178746750274,0.8838884781100841,-735562800,33.806620085408625,0.0
2018-02-08 00:00:00-05:00,37.5750113557906,37.741450381641855,36.34196898506106,36.37009811401367,217562000,,,27.296155498814528,-0.9579595739206823,42.67701050443806,35.906133619910904,0.9207165437151349,-953124800,33.00599613396406,0.0
2018-02-09 00:00:00-05:00,36.970297163097975,37.163302504135125,35.36268790898126,36.81494903564453,282690400,,,31.74847210137611,-1.0191536773598813,42.26219159473031,35.651692886063955,0.9835664045321871,-670434400,31.339527038705484,32.687751787455355
2018-02-12 00:00:00-05:00,37.30688077719947,38.575549954605094,37.073858588541775,38.29780960083008,243278000,,,44.048611557422184,-0.9371926172776739,41.768088484362046,35.71988453809889,1.0390688698484998,-427156400,33.532957239847846,32.822973601896756
2018-02-13 00:00:00-05:00,38.11891617760433,38.777965783274304,38.048303078509086,38.681461334228516,130196800,,,46.723788566878234,-0.8316931570871517,41.197410336979466,35.914556114029644,1.0169684294854082,-296959600,38.8597501469782,32.68922426486457
2018-02-14 00:00:00-05:00,38.375476956953584,39.434662760544875,38.33781974683445,39.394649505615234,162579600,,,51.37780454848971,-0.6826663964615918,40.85456106286201,36.064631442020804,1.0226737569300524,-134380000,44.50350364665832,31.759396748913876
2018-02-15 00:00:00-05:00,39.96425516020043,40.74099212471423,39.77831079062471,40.71745681762695,204588800,,,58.60145542838615,-0.4526047739709895,41.02213395396723,35.97786299427496,1.0457929613706913,70208800,50.81829706137261,29.564449950124953
2018-02-16 00:00:00-05:00,40.569173225750966,41.14819642230458,40.43030304966786,40.58564758300781,160704400,,,57.68186297880862,-0.27771387165912387,41.122129814150895,35.92859548695587,1.0223715621754075,-90495600,57.12362111940434,27.737730525174488
2018-02-20 00:00:00-05:00,40.49620903810648,41.01638500061634,40.34792186009505,40.449134826660156,135722000,,,56.68965460888238,-0.1484161609905641,41.33898869795994,35.855222117469744,0.9970923892001133,-226217600,57.96258859138212,25.961932577375674
2018-02-21 00:00:00-05:00,40.67979529295451,40.98342696716154,40.25141176812373,40.26553726196289,149886400,,,55.31162549406405,-0.06006914313787348,41.52845707903456,35.81570338239123,0.9781583041885202,-376104000,53.02970832115541,24.215003573451643
2018-02-22 00:00:00-05:00,40.437365538703844,40.94341959897024,40.41618268219754,40.60212707519531,123967600,,,57.35811585507398,0.036683623963398304,41.76746886752531,35.7571430506062,0.9567100208184364,-252136400,52.0317761123558,22.592855212665036
2018-02-23 00:00:00-05:00,40.8775143935166,41.343555187579625,40.84691454020615,41.308250427246094,135249600,,,61.35626115804315,0.168397955343508,42.1504823456695,35.63778924043076,0.9413327416445704,-116886800,61.131728329915774,21.510437300196916
2018-02-26 00:00:00-05:00,41.50830455134232,42.22384162413815,41.47535225703325,42.12498474121094,152648800,,,65.39750048174513,0.33482647414457034,42.74343912351498,35.6449336792194,0.9394940598765339,35762000,70.20925638827545,21.331170326708456
2018-02-27 00:00:00-05:00,42.155601009770486,42.4804155826652,41.93434826539465,41.98848342895508,155712400,,,64.18930061572175,0.45051450841963714,43.083222732468265,36.012385788039545,0.9113921496903926,-119950400,69.07082018476866,21.382990073484287
2018-02-28 00:00:00-05:00,42.19325752385664,42.51336718436975,41.90845621497436,41.924930572509766,151128400,,,63.60016025616743,0.530949469705952,43.44046954211601,36.14949017468086,0.8895006368121782,-271078800,61.93023558380017,21.460008816200595
2018-03-01 00:00:00-05:00,42.023780087816995,42.315645888824946,40.63977986282203,41.190555572509766,195208000,,,57.08068286091035,0.5293349867284931,43.51512707834922,36.58034970794636,0.9456695931829451,-466286800,61.88609534558086,19.98227278699704
2018-03-02 00:00:00-05:00,40.67272886170022,41.49653990627128,40.59034632063066,41.47535705566406,153816000,,,58.842701431487875,0.544756977505152,43.30292095478649,37.47325702372913,0.9428498783584934,-312470800,64.57435810654908,18.55698839361191
2018-03-05 00:00:00-05:00,41.239981416874656,41.83547881225636,41.07757238331037,41.618934631347656,113605600,,,59.74004754886247,0.5620851589088502,42.963424257228816,38.45328513404723,0.9296396319718863,-198865200,62.728239468796936,17.60239408597074
2018-03-06 00:00:00-05:00,41.875503084238844,41.95552959990914,41.456536512162586,41.58363723754883,95154000,,,59.39718527632534,0.5664400940200096,42.81106833671654,39.043751406122006,0.8988791645272197,-294019200,62.272708771210894,16.846845582362626
2018-03-07 00:00:00-05:00,41.17644135026552,41.390633141156364,41.01874076764662,41.19762420654297,126814000,,,55.636573355068464,0.5326038601491376,42.54771904028103,39.64258908553277,0.8750232577682903,-420833200,55.59878360030616,15.68096400208074
2018-03-08 00:00:00-05:00,41.30353775017703,41.68955198741114,41.20703688451729,41.647186279296875,95096400,,,58.900229757123576,0.5358869321777036,42.39852812483993,40.09211823746476,0.8476592951325677,-325736800,53.210895953429066,14.877483192718843
2018-03-09 00:00:00-05:00,41.887262600442206,42.36742517211919,41.75309736346222,42.36271667480469,128740800,,,63.502438384202236,0.5894315138112063,42.59613814118524,40.113876202076476,0.8385578378246926,-196996000,52.551540088929556,14.865072229619258
2018-03-12 00:00:00-04:00,42.43568267590063,42.92997074481642,42.416855869503166,42.77227020263672,128828400,,,65.85895743243186,0.6573361653019845,42.85473805068196,40.14682597519695,0.8191789972666242,-68167600,59.50410151535164,15.3874801084302
2018-03-13 00:00:00-04:00,42.97704712067932,43.191238867493816,42.188544369842795,42.36036682128906,126774000,,,61.554334512127554,0.6701884155043345,42.9206259214234,40.33576903707269,0.8322872472940811,-194941600,60.01357664251933,16.105992423622997
2018-03-14 00:00:00-04:00,42.44276495685608,42.48983917558695,41.8519721984558,42.00025939941406,117473600,40.705547255076944,,57.986005791188845,0.643893849496159,42.82024233978278,40.6674489037068,0.8184000851395863,-312415200,53.659130894431414,16.27991394056491
2018-03-15 00:00:00-04:00,42.01437404242875,42.42392721680228,41.91316466923111,42.049678802490234,90975200,40.75825829615197,,58.34290476949039,0.6198971607095345,42.734057608271655,40.946640532190585,0.7964259753132706,-221440000,52.610887620419525,16.441412492010972
2018-03-16 00:00:00-04:00,42.049681297667405,42.16030767446724,41.80724568677387,41.901397705078125,157618800,40.80308729258045,,56.78424205601554,0.5822032895223686,42.72721335336953,41.03257109080365,0.7647571190547066,-379058800,44.14263421108295,16.42460531700623
2018-03-19 00:00:00-04:00,41.73665029853627,41.77195507265032,40.87517789481865,41.261192321777344,133787200,40.821052195686214,,50.51002042083385,0.4949657440323918,42.71154556468414,40.93306655689789,0.783433025569333,-512846000,36.09823240886558,15.399449630539404
2018-03-20 00:00:00-04:00,41.24705123901367,41.61423508525341,41.17643813207561,41.24705123901367,78597600,40.83775804052259,,50.37761138584994,0.4198485408892054,42.701238662920964,40.84451583333554,0.7587447346842237,-591443600,42.10981994886605,14.44751935024878
2018-03-21 00:00:00-04:00,41.199974222335854,41.21174367230431,40.31025839600515,40.31261444091797,148219600,40.817164173871426,,42.457267038718236,0.28166946574786067,42.839317268581645,40.49146174346263,0.7714624567073877,-739663200,43.335915135445894,14.577515477410072
2018-03-22 00:00:00-04:00,40.013698569478414,40.64450103475559,39.68417542963703,39.743019104003906,165963200,40.77504083779819,,38.485325632961825,0.12476179349585692,43.074277290294944,40.063496859281884,0.7849526815939002,-905626400,43.148434789832486,15.30464957656038
2018-03-23 00:00:00-04:00,39.63473853801599,39.99486147762474,38.822696685791016,38.822696685791016,164115200,40.698478322033196,,33.09759905323149,-0.07300938813732927,43.42916229264369,39.35492380761672,0.8126106894681733,-1069741600,35.64428868538975,16.68186900210096
2018-03-26 00:00:00-04:00,39.55941606646361,40.743350176373866,39.175754267573126,40.66567611694336,150164800,40.697191961049285,,48.612061932406164,-0.0801080015968978,43.392631014232464,39.26435395077405,0.8917566038335074,-919576800,37.42627196199132,16.913745544714132
2018-03-27 00:00:00-04:00,40.879870440874605,41.225871488689315,39.288738984896526,39.62297058105469,163690400,40.655065632422044,,42.593845931999695,-0.16793547082731664,43.42278652487745,38.97277621926317,0.9664263109734561,-1083267200,36.77240812636062,16.526891740915538
2018-03-28 00:00:00-04:00,39.366412531473316,40.018401356009285,38.88154129855595,39.18517303466797,166674000,40.59742278545129,,40.335908521581864,-0.2697563923483557,43.50468465193292,38.62255126929104,0.9786001500077331,-1249941200,30.538843188109524,16.547273097843334
2018-03-29 00:00:00-04:00,39.49822611450309,40.425602966815,39.2840342848508,39.49116516113281,153594000,40.55404013351723,,42.62523420791184,-0.32204684336794287,43.45852776086221,38.381238677939876,0.9973022773033973,-1096347200,31.129192732009727,16.059396944916717
2018-04-02 00:00:00-04:00,39.22282917906744,39.76419155989348,38.71206665019576,39.232242584228516,150347200,40.50220493550591,,41.18517670202576,-0.3799998884113478,43.25575948363226,38.16661040975967,1.0012181796172777,-1246694400,24.081294164666332,16.149028253559173
2018-04-03 00:00:00-04:00,39.45820412910777,39.719470120673925,38.808571421863356,39.634735107421875,121112000,40.46818651087516,,44.33350157625649,-0.38896654705487066,42.8421082535452,38.16192362715142,0.9947667881310842,-1125582400,30.296083987302723,16.232257325870027
2018-04-04 00:00:00-04:00,38.808576284621985,40.48679521983576,38.78268492756375,40.39264678955078,138422000,40.46522416886244,,49.78449939201468,-0.3310988485908837,42.48966985735652,38.25199935244166,1.0454341812840078,-987160400,37.00011855495091,15.339444912875223
2018-04-05 00:00:00-04:00,40.62096965458979,41.00933650641636,40.503282294456504,40.672752380371094,107732800,40.47336253009808,,51.668162659557275,-0.259643096411601,42.22512455566503,38.33954371826074,1.0148095766826914,-879427600,37.43552631741543,14.556986265860393
2018-04-06 00:00:00-04:00,40.242012490456815,40.59742699224518,39.59002356997306,39.63239288330078,140021200,40.44038332826289,,44.92721017874131,-0.2836919900954129,41.83881537370524,38.40354811099528,1.0196609505195013,-1019448800,37.91736743477996,14.161225722107067
2018-04-09 00:00:00-04:00,39.98544221981196,40.74099275056252,39.978381268424144,40.025455474853516,116070800,40.424111647737035,,47.7033120151717,-0.2679453383552186,41.42616590720472,38.566071946799184,1.026013730286804,-903378000,44.285618364402154,13.628088945013312
2018-04-10 00:00:00-04:00,40.71981234639926,40.95518698423972,40.37381134145123,40.778656005859375,113634400,40.43801534805556,,52.63082446092357,-0.19247033707276984,41.297147469384086,38.630752209164086,1.0191364287939038,-789743600,45.24573737547519,12.881157945148678
2018-04-11 00:00:00-04:00,40.53856718922922,40.93635084608589,40.413818935976494,40.58799743652344,89726400,40.44389699858371,,51.312840880467725,-0.14635333775779458,41.11772619707347,38.722299641142676,0.9836646774592959,-879470000,46.63172810525812,12.187579159560089
2018-04-12 00:00:00-04:00,40.81631002537247,41.19055477536397,40.729218981606095,40.98813247680664,91557200,40.46523956635716,,53.920850672704525,-0.07663433692993493,41.264869073805336,38.665225835862636,0.9564427247008128,-787912800,53.471407809863834,11.411171625994411
2018-04-13 00:00:00-04:00,41.13877216433172,41.3882686648598,40.91987551099226,41.12700271606445,100497200,40.491191062424114,,54.82528591818818,-0.010059894552156834,41.47236641333632,38.6422596446064,0.9215820410698646,-687415600,60.896623839690065,10.938071880812156
2018-04-16 00:00:00-04:00,41.19761604965701,41.47065144828052,41.150541847850185,41.38356399536133,86313600,40.526186079402045,,56.52313038742486,0.06268063836069615,41.623876251448635,38.83219878110344,0.8803010904374505,-601102000,59.51368924243328,10.604404957587665
2018-04-17 00:00:00-04:00,41.54126521871471,42.117932281121895,41.52243481938111,41.95317077636719,106421600,40.58214626359676,,60.10787624163028,0.16439549267909115,41.945264120724545,38.68247686641739,0.869877318674816,-494680400,67.94212913359195,11.072323964981823
2018-04-18 00:00:00-04:00,41.85196691020803,42.08969761078911,41.633070204578715,41.85902786254883,83018000,40.63222005179096,,59.23851270827286,0.2347031889182034,42.21848517471252,38.70739678329529,0.8403594677845002,-577698400,71.18705137850432,11.506820186133542
2018-04-19 00:00:00-04:00,40.89871010056841,41.28237204389356,40.6398000631951,40.672752380371094,139235200,40.633809554872535,,49.51937394165213,0.19248122370197507,42.180429887212796,38.94379598355543,0.8674214914680162,-716933600,62.137440245115336,10.89316975454588
2018-04-20 00:00:00-04:00,40.15490818876477,40.300839291446216,38.938018346454996,39.00627899169922,261964400,40.56998482690495,,39.67227586224617,0.024269770106300825,42.24863001124589,38.81094437026452,0.9293723873571649,-978898000,58.12901838918616,11.98890728681219
2018-04-23 00:00:00-04:00,39.26754384428721,39.28872669572375,38.622616165479386,38.8932991027832,146062000,40.50423244556684,,39.104538176305184,-0.11680904957712102,42.300949754513326,38.71343216280438,0.9105679689919651,-1124960000,50.50211358903676,13.247412350642762
2018-04-24 00:00:00-04:00,38.99451572381636,39.149863846375375,37.94709930631747,38.35194396972656,134768000,40.419828975926045,,36.41540937747149,-0.2691947559595107,42.476915032030874,38.366428066927455,0.9314391526395324,-1259728000,42.76749811318916,14.895907826007118
2018-04-25 00:00:00-04:00,38.27661505536743,38.93566463219687,38.2271884022357,38.51905059814453,113528400,40.345288647385594,,37.83648153732493,-0.3721870768587152,42.56099106865403,38.03253920478346,0.9155132295910781,-1146199600,42.759173332757115,16.426653624559734
2018-04-26 00:00:00-04:00,38.62968223130373,39.008635520485086,38.453151262893755,38.653221130371094,111852000,40.27893305848307,,39.014997440026896,-0.4379345555980336,42.55730078299116,37.76695865711301,0.889796874448239,-1034347600,49.928081683281945,17.733003440242655
2018-04-27 00:00:00-04:00,38.60144424544765,38.67911831424249,37.80823279042604,38.206016540527344,142623200,40.19764221464167,,36.529156712326,-0.5201298460440285,42.645062406537036,37.489013521197336,0.8884460636888253,-1176970800,42.56089239138496,19.417451835574557
2018-04-30 00:00:00-04:00,38.16129758548682,39.36876723796921,38.09303691780167,38.89801788330078,169709600,40.146676554589085,,42.62139738917663,-0.5233980736531976,42.635278588163594,37.348472327363744,0.9161092248658763,-1007261200,44.151891442857746,19.92899507684017
2018-05-01 00:00:00-04:00,39.16869106777445,39.82538467213006,38.90036414674838,39.801849365234375,214277600,40.13315391971243,,49.446638985451834,-0.4478934833505406,42.53734379236888,37.316166237741804,0.9169133365775481,-792983600,52.549143125980684,19.778261588958287
2018-05-02 00:00:00-04:00,41.2446958185261,41.837840897640554,40.908111818221585,41.56010055541992,266157600,40.1891126113088,,59.5313771368902,-0.2433739118638556,42.71060479798927,37.272518981307606,0.9968474934224503,-526826000,56.721724813343954,19.17363985776209
2018-05-03 00:00:00-04:00,41.397698441965936,41.77900426114345,41.05875833979372,41.63542556762695,136272800,40.24583076645854,,59.90043732759334,-0.07435545560148427,42.834985276229546,37.234444248510044,0.9770902382743988,-390553200,57.50184012389672,18.612205393079908
2018-05-04 00:00:00-04:00,41.955518867509504,43.36776634692077,41.936688470133625,43.2689094543457,224805200,40.364382871865885,,66.94128664997952,0.1892201743776738,43.37612292961022,36.97889416023354,1.0310367054900713,-165748000,60.3557296237547,19.260269696756865
2018-05-07 00:00:00-04:00,43.58667512184981,44.17275928199006,43.48546574823855,43.58197021484375,169805600,40.49056276766894,,68.09742451084662,0.41854245027711556,43.90849239501781,36.73964552409026,1.0219519285010918,4057600,61.61882565028165,20.3347268115909
2018-05-08 00:00:00-04:00,43.541957761033636,43.83146757466914,43.231261499350936,43.79145431518555,113611200,40.620009495022536,,68.88166126862434,0.6101521678862554,44.356398523647854,36.536843867302665,0.9918272247023142,117668800,60.65661140490681,21.042907368238474
2018-05-09 00:00:00-04:00,43.90913579943176,44.109202070237544,43.59608712584332,44.099788665771484,92844800,40.7564714232872,,70.04871910096787,0.7779169128645265,44.864958325227356,36.32705217281951,0.9576334903945936,210513600,66.08242643761503,21.87136108796187
2018-05-10 00:00:00-04:00,44.18923584071716,44.808268696550556,44.16804939372825,44.730594635009766,111957200,40.912319392374364,,72.33468700585169,0.9508120819706178,45.60870904740689,36.124347084591804,0.9398368147077705,322470800,75.77570618963381,23.0498522300726
2018-05-11 00:00:00-04:00,44.77311911263628,44.90779810307866,44.29110136539484,44.560462951660156,104848800,41.05538384567969,,70.76593934105165,1.0618640365076715,46.20226320934584,36.271350783980985,0.9167553806346315,217622000,82.0421690019845,24.20083322232179
2018-05-14 00:00:00-04:00,44.65970770522713,44.78257548729426,44.38798455421709,44.456504821777344,83115200,41.188761138859995,,69.77022547552804,1.1284765827040744,46.648063652997266,36.56731110286211,0.8794579200948126,134506800,83.4686930685584,25.269601286553183
2018-05-15 00:00:00-04:00,44.132802453339124,44.20132633119791,43.73584996716356,44.052467346191406,94780800,41.301063343069075,,65.88982535463693,1.1355748577946443,46.84518141063786,37.13026312875016,0.8681148439890248,39726000,78.5309383373577,25.376311100665593
2018-05-16 00:00:00-04:00,43.96503666593764,44.529751056550694,43.94849517910468,44.46358871459961,76732400,41.42508394587419,,67.84925854662296,1.1609911670087598,47.00926875604252,37.758780865539514,0.847624917807381,116458400,78.29413760616319,25.716546960457315
2018-05-17 00:00:00-04:00,44.421070266236036,44.636088014199295,44.03356745706499,44.18242645263672,69176000,41.533215024570765,,65.09523664675524,1.1452446628232593,46.99529544701112,38.50998155087299,0.8301174634735898,47282400,80.58017660577597,26.111419953731872
2018-05-18 00:00:00-04:00,44.22968096579104,44.37617482697968,43.97922232361118,44.021751403808594,73190800,41.63080468650166,,63.50876595749717,1.107039054078271,46.64975267237077,39.630955640617515,0.7991771091803689,-25908400,75.63509172364479,26.39717019415263
2018-05-21 00:00:00-04:00,44.42107197808811,44.72115150574485,44.16352513882592,44.333648681640625,73603200,41.73679856866398,,65.2778066419272,1.0893707496854148,46.21769244000016,40.7877666461001,0.7920501800915037,47694800,73.90694057951501,26.940659496831383
2018-05-22 00:00:00-04:00,44.510856063724056,44.6289972010794,44.13280298203438,44.222591400146484,60962800,41.834280640486824,,64.08646660954189,1.0542543092620207,45.6707786256464,41.92411273177547,0.7709176114453266,-13268000,66.4016923032722,27.39444990357605
2018-05-23 00:00:00-04:00,44.031196587652374,44.53920195828687,43.89178732684469,44.50612258911133,80233600,41.93905875611915,,65.80241455609197,1.0373450070897547,45.4615499282103,42.52614436703709,0.76209597001653,66965600,59.623302150336215,27.406643314363386
2018-05-24 00:00:00-04:00,44.603002271489295,44.6195401545358,43.99812027574511,44.456504821777344,92936000,42.037782131243006,,65.21517446595269,1.008317270306037,44.947756651219514,43.41608154458127,0.7520476777861128,-25970400,55.74194288877088,27.49657406050559
2018-05-25 00:00:00-04:00,44.47541285742939,44.810933264665934,44.338368701451394,44.55811309814453,69844000,42.13661863974895,,65.88656599225487,0.9821894499115444,44.87811930798011,43.65761270699385,0.7320845981738576,43873600,52.139991595258046,27.771243057086913
2018-05-29 00:00:00-04:00,44.32654863387725,44.59827176139703,44.15406000681995,44.397430419921875,90056400,42.22527792524593,,63.78974407759052,0.9377079017680501,44.811729438721045,43.83273060359666,0.7115222522026594,-46182800,53.09982559856425,27.67494813746558
2018-05-30 00:00:00-04:00,44.35491131626256,44.42107006835937,44.132805389059705,44.30292892456055,74762000,42.30675443502298,,62.52935985215993,0.8846329752248963,44.75624350715805,43.956413149743,0.6812895684238741,-120944800,45.943430093666194,27.543725929743857
2018-05-31 00:00:00-04:00,44.236772054191015,44.47541587687862,43.98158674008478,44.15407180786133,109931200,42.37919825356566,,60.50151847973252,0.8210941263136604,44.7514040462223,43.96849036295739,0.6678995375931576,-230876000,36.3089271394475,27.113971549020317
2018-06-01 00:00:00-04:00,44.41869008602375,44.95504806012166,44.361981062627365,44.95032501220703,93770000,42.480026753904546,,66.71897749822818,0.825474552996944,44.831423185780686,43.9177686070253,0.6774050172122416,-137106000,35.70823166233022,27.302073085070614
2018-06-04 00:00:00-04:00,45.28113652061899,45.701718695470696,45.212616244991445,45.32603073120117,105064800,42.59163475301422,,69.18383816132688,0.8494702203979472,45.08172330401417,43.76954419273063,0.6826899219302004,-32041200,44.18880743535535,28.22635337010202
2018-06-05 00:00:00-04:00,45.6190109735128,45.82457535582119,45.45124900716665,45.675716400146484,86264000,42.712579131333136,,71.31339656158576,0.8864848254810056,45.41272624444451,43.601102796082834,0.6695366864080444,54222800,52.030209580806776,29.194686330963943
2018-06-06 00:00:00-04:00,45.75133733435847,45.85766363534121,45.347293064166436,45.83403396606445,83734400,42.834989124852015,,72.24844536507084,0.9180118025226562,45.71134744751387,43.54002380899654,0.6581676781770965,137957200,52.42229790786875,29.861335137599763
2018-06-07 00:00:00-04:00,45.87183658375028,45.88601294210965,45.44652780606369,45.71116638183594,85388800,42.94778038983178,,70.33240988794942,0.9224493498672857,45.91641265220767,43.501302293267585,0.6425474965963011,52568400,58.97987373867409,30.509774459285747
2018-06-08 00:00:00-04:00,45.17008165796916,45.36619637703649,44.83928791820581,45.295310974121094,106627200,43.039840412745086,,64.1330525719118,0.882240166688625,45.98886250639402,43.57723704194583,0.6589282799558599,-54058800,57.25914323660404,29.783811307326918
2018-06-11 00:00:00-04:00,45.212606197216516,45.35910002623908,44.943244598966245,45.18424987792969,73234000,43.12393490157586,,62.54741181765662,0.831823651776233,46.008734802178196,43.71236454271113,0.641565933335644,-127292800,51.21168952432164,29.10970266622229
2018-06-12 00:00:00-04:00,45.22207049422554,45.51033519656956,45.165361442731324,45.4323616027832,67644400,43.21446143887811,,64.65012842027926,0.8026364497474177,46.078361201301064,43.78923319974061,0.6203807776572575,-59648400,56.47113397803654,28.695481980915766
2018-06-13 00:00:00-04:00,45.465438271549324,45.57412971242266,44.997600342098146,45.05903244018555,86553600,43.286797556576445,,59.258967440755505,0.7408408859022728,46.069785623242396,43.90933424980447,0.6172485342763474,-146202000,56.104726774253436,27.935940770208653
2018-06-14 00:00:00-04:00,45.259860899627945,45.26458755363241,44.94560510787251,45.08264923095703,86440400,43.35722311243451,,59.48911073961143,0.6858668874423799,46.07726442184213,43.9787256701175,0.5959438136680297,-59761600,48.82688882301528,27.112521478693107
2018-06-15 00:00:00-04:00,44.90072531229338,44.93144316510567,44.48250463055957,44.61954879760742,246876800,43.40672608048051,,53.148953763210834,0.5980374593511257,46.06740125860872,44.01032803012826,0.5962438698629893,-306638400,37.720360734068265,25.363041462359977
2018-06-18 00:00:00-04:00,44.39270246054957,44.70931975446176,44.23202868406643,44.59590530395508,73939600,43.453360559832454,,52.83932525325438,0.5205238970013681,46.06537293810156,44.017395311410155,0.5877472413295851,-380578000,38.148866515606834,23.837342648507633
2018-06-19 00:00:00-04:00,43.74529961427696,44.026476094306425,43.34598199846244,43.8752555847168,134314000,43.46990546276909,,44.35715211131285,0.3963742748564627,46.14488416796066,43.86826077019038,0.635045531626946,-514892000,36.6361395625924,23.77381307236277
2018-06-20 00:00:00-04:00,44.031198051731266,44.232035797910484,43.88470060732771,44.0666389465332,82514800,43.49330677585788,,46.79962205641527,0.3098560154307819,46.17332723093618,43.808312376811216,0.6151694374531418,-432377200,43.07082941907941,23.30216567301878
2018-06-21 00:00:00-04:00,44.24385508466258,44.503767023974675,43.6980436174885,43.8209114074707,102847600,43.50615401631329,,44.12165047456538,0.2189377348110284,46.22345072390551,43.713767497123136,0.6287804352412155,-535224800,36.27029475567224,22.339458930420488
2018-06-22 00:00:00-04:00,43.976851579901044,43.98393975902918,43.641331214772514,43.69331359863281,108801600,43.5134936077768,,42.75357480080273,0.1350317041639073,46.29198603102881,43.47763066818993,0.608339585885176,-644026400,28.795395515219226,21.535026075845256
2018-06-25 00:00:00-04:00,43.334167138947585,43.69331720103491,42.703293906863045,43.043540954589844,126652400,43.495064091965546,,36.540143396449174,0.015920823030526776,46.387842652576495,43.07744207642742,0.6356027079056537,-770678800,22.093176988514088,22.048325705524682
2018-06-26 00:00:00-04:00,43.23729409469315,44.07373174817735,43.130964188373,43.577537536621094,98276800,43.49829834469713,,43.77234882546208,-0.03498308382682325,46.26011442258044,42.92541312462008,0.6637875711686433,-672402000,22.637224691089926,21.791745056781004
2018-06-27 00:00:00-04:00,43.76656451210169,44.25094389386628,43.48302650497016,43.51374435424805,101141200,43.49890407056188,,43.13983414142853,-0.07955530934507493,46.045546464409405,42.83060913454893,0.6712254152920342,-773543200,23.248882055066588,21.22801140486788
2018-06-28 00:00:00-04:00,43.49956289591767,43.998118578793665,43.42867750109825,43.83035659790039,69460800,43.51190220888888,,47.2165169899701,-0.08831313828488874,45.79166075132146,42.833720209778804,0.6639551054637043,-704082400,28.599281212721706,20.781700918003093
2018-06-29 00:00:00-04:00,44.0170124256126,44.22966858320872,43.218380987312166,43.73820114135742,90950800,43.52077667682882,,46.17870522696014,-0.1015197000755137,45.61415224730412,42.80361406942765,0.6887645690660508,-795033200,28.30546357363677,19.92025706537293
2018-07-02 00:00:00-04:00,43.43340527543501,44.25566650255156,43.33889021144508,44.22731018066406,70925200,43.54848387305765,,52.18563250374878,-0.07169255646165595,45.45080587802618,42.83936847907017,0.7050511206403671,-724108000,28.35767965055254,19.0695706263762
2018-07-03 00:00:00-04:00,44.37145019923479,44.40925623139202,43.36725045436653,43.45703887939453,55819200,43.544897794874785,,43.87976116622863,-0.10895284625051715,45.162263749036796,42.86453424494107,0.7291193103821618,-779927200,29.011978007731216,17.971539147511038
2018-07-05 00:00:00-04:00,43.773648991757604,44.045375746550256,43.54209339280106,43.80672836303711,66416800,43.555165660292914,,47.931425632347526,-0.10900829572328519,44.935814736287455,42.92400938073729,0.7190634215802735,-713510400,34.10278804864859,16.951938488564814
2018-07-06 00:00:00-04:00,43.8114505412396,44.52265875377281,43.759468162342884,44.413970947265625,69940800,43.58884429899773,,54.12516352089726,-0.05936847539199874,44.72915055572215,43.041516456810406,0.72221536228382,-643569600,44.67874335481332,16.408944632937775
2018-07-09 00:00:00-04:00,44.775492497868875,45.05430386041232,44.72823676248304,45.030677795410156,79026400,43.64538678905312,,59.406403484442514,0.029395673441953818,44.86934373341201,42.95614047882758,0.7163666159168824,-564543200,50.912728641413196,16.75385750930185
2018-07-10 00:00:00-04:00,45.06139156160415,45.19607057551594,44.936158646379255,44.9763298034668,63756400,43.69758063275562,,58.76435948227185,0.09426978871589853,44.981998200680465,42.89420927816069,0.6837627097182969,-628299600,59.360622965501236,17.278308915261796
2018-07-11 00:00:00-04:00,44.53921696701282,44.84165804578531,44.32892584809473,44.392723083496094,75326000,43.72484112101995,,52.23574811802767,0.09746726559992425,45.039848626033745,42.9053545193113,0.6811656558364235,-703625600,52.66720656084109,16.494181934660258
2018-07-12 00:00:00-04:00,44.78257763818897,45.2267894525032,44.73059525117853,45.137001037597656,72164400,43.7802199412779,,58.55895084973261,0.15823427356445308,45.25962520308213,42.82829288773818,0.692087135348615,-631461200,60.42733934006875,16.363128506181063
2018-07-13 00:00:00-04:00,45.14881517652929,45.32838839819301,45.10628249445715,45.2078857421875,50055600,43.83620683543122,,59.11410008952001,0.20969513346332036,45.47494501194968,42.7979029901662,0.6585170473762758,-581405600,68.28226974875574,16.392108862789172
2018-07-16 00:00:00-04:00,45.25278254019406,45.519779060598594,44.992870594262484,45.10865020751953,60172400,43.88610657551312,,57.9438314156881,0.23970755787253495,45.62925286126425,42.8323066887032,0.6491164344448354,-641578000,72.41943128518471,16.70289765304932
2018-07-17 00:00:00-04:00,44.8345612444525,45.3354785088503,44.70460527339231,45.23624038696289,62138000,43.939052999491544,,59.065887572109084,0.2706679895120203,45.70510254617853,43.04881692810532,0.6478133488029177,-579440000,65.09109994447414,16.371521635989577
2018-07-18 00:00:00-04:00,45.31421845793809,45.318945113367,44.877094767997406,44.9881477355957,65573600,43.980193969534845,,55.94057710801015,0.27204933567876566,45.75854926425278,43.18345156989436,0.6331017057005376,-645013600,56.9008686505692,16.063815334434103
2018-07-19 00:00:00-04:00,44.820370996122854,45.49613823084937,44.820370996122854,45.33782958984375,81147200,44.03343458209598,,59.21615882112129,0.297926158391256,45.83945996869137,43.34575223020185,0.6361492434881074,-563866400,57.532960084840845,16.084279614203215
2018-07-20 00:00:00-04:00,45.314221840129036,45.46780390190556,44.93380717079654,45.23388671875,82704800,44.08051113647456,,57.83964199206202,0.30651311343896026,45.900402344156625,43.471947204183216,0.6288526354610298,-646571200,57.85327408759873,16.103282159703106
2018-07-23 00:00:00-04:00,45.05430345618675,45.356748091781846,44.78966845609519,45.2740478515625,63957600,44.127316497850565,,58.24353003739804,0.3129514949293082,45.92211272559356,43.655016384106965,0.6244402783342886,-582613600,50.833664883196136,15.755527649891077
2018-07-24 00:00:00-04:00,45.472514450350424,45.75841753506778,45.37800300048623,45.60247039794922,74791600,44.18516567040346,,61.492279444543634,0.3406283616784762,46.039535729683344,43.720948075655194,0.6144352358465021,-507822000,57.54426687554191,16.17169078481121
2018-07-25 00:00:00-04:00,45.61664979011127,46.03959702904006,45.46779082155878,46.032508850097656,66839600,44.2576105009797,,65.29933522903892,0.39273577355729117,46.07172646658849,44.0321533348438,0.6113903052489863,-440982400,57.695531021262916,17.010591687562854
2018-07-26 00:00:00-04:00,45.982893425327774,46.30187593695004,45.7466111516465,45.88838195800781,76304000,44.32156232282394,,63.04952611984957,0.41758774561976963,46.04863140970136,44.3328022043937,0.6073813395385975,-517286400,58.0939098668083,18.17601337429105
2018-07-27 00:00:00-04:00,46.072673340827535,46.119929065766975,44.917253379961814,45.125179290771484,96096000,44.35307671372384,,52.695884057662525,0.37141756514137825,45.99131157385779,44.48494981937137,0.6499023642719235,-613382400,49.12699580069936,17.319625279323088
2018-07-30 00:00:00-04:00,45.34256342557714,45.413448823361634,44.673887814697736,44.87236404418945,84118000,44.3734409227617,,49.779720748287254,0.3108440699948787,45.99636476274769,44.45878813031872,0.6563065531570645,-697500400,41.87324049932328,16.099027279143844
2018-07-31 00:00:00-04:00,44.96452333361786,45.39928190924622,44.73769073459594,44.962158203125,157492000,44.39652787493281,,50.82071155983275,0.2670068876727427,45.996686495664584,44.45657685068958,0.6566840261208658,-540008400,53.03731731443425,14.965614850405972
2018-08-01 00:00:00-04:00,47.05089392748525,47.67231390336049,46.620858425756325,47.61088180541992,271742800,44.52258097024603,,70.34672749519531,0.44091289386926036,46.76001350044486,44.122337675499146,0.8033605742719104,-268265600,60.66784026408558,16.71277816051992
2018-08-02 00:00:00-04:00,47.393497089492804,49.2364994753582,47.33915317811474,49.00257873535156,249616000,44.698267157112916,,75.78650963755479,0.6831579484751131,47.89690358983929,43.500857945805244,0.881502411627021,-18649600,66.28578665854207,19.316155546160537
2018-08-03 00:00:00-04:00,48.91751179336967,49.32155600959706,48.551273600783134,49.144344329833984,133789600,44.8726231246706,,76.26417534222576,0.8764747429714461,48.72847533663048,43.19414734403358,0.8735581257118,115140000,71.79929524216966,21.77741826631986
2018-08-06 00:00:00-04:00,49.146704781889895,49.44205757505029,48.92696403436133,49.39952850341797,101701600,45.050148825797955,,77.13843453114553,1.0383020260909888,49.454917284592355,43.0398225021915,0.8479535124958828,216841600,76.36507476457388,24.127594268148247
2018-08-07 00:00:00-04:00,49.45860583687777,49.50113491433572,48.853720205108345,48.93642044067383,102349600,45.20255163422446,,71.95842210438629,1.116314188474675,49.91466080794989,43.073436319328756,0.8336293122624181,114492000,74.31386185611225,26.16994313740657
2018-08-08 00:00:00-04:00,48.68595969381847,49.101815167499936,48.32444812964864,48.96949768066406,90102000,45.35027500859464,,72.10251964435604,1.1673519395326295,50.287665891767254,43.23127789485384,0.8296105783759096,204594000,68.90262143249943,27.087549353251084
2018-08-09 00:00:00-04:00,49.508234471408606,49.56730505170718,48.957696230380066,49.354652404785156,93970400,45.507309416288386,,73.79136239089726,1.2247602189007125,50.690366620024655,43.36415354192196,0.8138961671581385,298564400,74.0071046324345,28.28082611533075
2018-08-10 00:00:00-04:00,49.16732554580742,49.57989989130354,49.003718415386096,49.20763397216797,98444800,45.652420183185626,,71.9996195545122,1.2440528680099376,50.97289902357385,43.61145410549516,0.7969165463552318,200119600,72.20619995611949,29.398011594503718
2018-08-13 00:00:00-04:00,49.62968567554519,50.01854743640567,49.247936952783796,49.52535629272461,103563600,45.80430003061853,,73.49730564707326,1.2703363210258445,51.24577538969847,43.905418864858824,0.7979163262039795,303683200,72.78900697818383,30.750608302204814
2018-08-14 00:00:00-04:00,49.83122894368318,49.926071859007045,49.38071605083155,49.734012603759766,82992000,45.95840640603583,,74.46333329350679,1.2930969506676036,51.507655905662695,44.194410643002676,0.7798762892019447,386675200,73.13425275501851,32.006590959355826
2018-08-15 00:00:00-04:00,49.608350300100135,49.968759935727405,49.3973217118631,49.85020446777344,115230400,46.111025937868675,,75.00959615981822,1.3054620718675878,51.75187177408901,44.45922085693313,0.764987855963542,501905600,73.8314258916856,33.20534872686546
2018-08-16 00:00:00-04:00,50.20824326061828,50.69669123482444,50.141852484591766,50.580509185791016,114001600,46.28629979072837,,78.17039221342387,1.3585307104630786,52.05522969350977,44.781479901216784,0.7708092067555036,615907200,79.25992897810059,34.827544400103186
2018-08-17 00:00:00-04:00,50.60895616534496,51.6783251294175,50.54256539610912,51.59059524536133,141708000,46.494311377184566,,81.6309684057794,1.4652035379271169,52.35298266720706,45.34578238813148,0.7968771015092806,757615200,84.23700038158397,36.86327762442308
2018-08-20 00:00:00-04:00,51.7138938355704,51.96997044895426,51.00493087218621,51.087921142578125,121150800,46.674452936611765,,75.23867855150193,1.4919822801577993,52.21449925872716,46.31300674306321,0.8088887068849069,636464400,84.08393236374788,38.88731704583813
2018-08-21 00:00:00-04:00,51.40564453148764,51.49811763900406,50.74884631665166,50.98832702636719,104639200,46.84362446954335,,74.00222405831339,1.4880152993569453,51.64541981624549,47.68557536197716,0.8046303222754421,531825200,76.12386315318687,40.2234134727237
2018-08-22 00:00:00-04:00,50.765448934519426,51.30131830611395,50.70379778037172,50.99070358276367,76072400,47.00625502300297,,74.01319866412723,1.4681394095034932,51.63999207623742,48.141646005631074,0.7898367653802124,607897600,68.21680164188231,41.36672557979882
2018-08-23 00:00:00-04:00,50.89585582246721,51.464924182181704,50.88400317128546,51.09503173828125,75532800,47.166599207915844,,74.52166461021454,1.4441586716310795,51.807413946351915,48.25321786924053,0.7749142114885006,683430400,67.01517387786953,42.5306617470644
2018-08-24 00:00:00-04:00,51.35822800690538,51.42935839026841,51.004931424758055,51.25389862060547,73905600,47.32688545939387,,75.31376536116684,1.4215858371685144,51.97895862200776,48.36294709902089,0.7498794082043475,757336000,66.43882324628791,43.61145961666815
2018-08-27 00:00:00-04:00,51.48863326418211,51.86564236521051,51.29420419707113,51.67595291137695,82100400,47.49743712417752,,77.33016821203641,1.4213683081534754,52.225888949359415,48.41954002606376,0.7400125750901115,839436400,73.31626989696726,44.89294089520633
2018-08-28 00:00:00-04:00,51.92966223148389,52.29244165624201,51.90832311662178,52.09326934814453,91107200,47.67766583884289,,79.144147219433,1.438290150084363,52.47440419676642,48.59193796631951,0.7311894443597506,930543600,79.77026777356753,46.32527604397939
2018-08-29 00:00:00-04:00,52.1999626640462,52.991915811799366,52.024502915342794,52.87098693847656,109019200,47.881325489808916,,82.02999415354596,1.4971973821640105,52.8676847529962,48.71885597779807,0.7480625480809522,1039562800,80.08668738085595,47.99277617278249
2018-08-30 00:00:00-04:00,52.93501755221845,54.122942063554966,52.733471805257224,53.35707473754883,195175200,48.09606075442617,,83.56106891124172,1.5650639282246104,53.34468418409057,48.77551285773886,0.7938773845250086,1234738000,87.90252757668033,49.95297427878289
2018-08-31 00:00:00-04:00,53.70800502813482,54.26758706743127,53.58707973476266,53.97357177734375,173360400,48.32655138277588,,85.27468570554032,1.6495794882474684,53.86056370752226,48.89509170833061,0.8022084520505396,1408098400,88.5362342187966,51.81792155879601
2018-09-04 00:00:00-04:00,54.15850849180719,54.34108130327317,53.73645132505295,54.14665222167969,109560400,48.55479063136035,,85.72460032002822,1.7108037432181362,54.31528148482174,49.056546721558476,0.7880957039198028,1517658800,88.7872539474514,53.573198655254394
2018-09-05 00:00:00-04:00,54.296023951605065,54.45725761999867,53.37366273510915,53.7933464050293,133332000,48.76022419111207,,80.32916780748904,1.71109118560517,54.56210493108532,49.35096778213083,0.8092027882747826,1384326800,80.40151740283216,54.343854745013424
2018-09-06 00:00:00-04:00,53.6416031238765,53.907169818025736,52.47264800955837,52.89944839477539,137160000,48.92254670890279,,68.56999483072899,1.6205086717217085,54.54260719488954,49.777031375260194,0.8538684325742529,1247166800,72.2103445658341,53.24838057459322
2018-09-07 00:00:00-04:00,52.603064177622024,53.437692092413734,52.332757847190166,52.472652435302734,150479200,49.06176654131063,,63.770039362803466,1.4970257290719147,54.51643339642986,50.05549094032145,0.8718017049063469,1096687600,63.189428354121596,51.981491925635844
2018-09-10 00:00:00-04:00,52.38965440910474,52.603056397161126,51.32739855410685,51.76842498779297,158066000,49.16791000980014,,56.715304569769096,1.3270420234444273,54.51523090079612,50.0804040682794,0.9006485719169133,938621600,54.68668640907627,49.22825845522129
2018-09-11 00:00:00-04:00,51.692543971328696,53.18397349970388,51.34873390346985,53.077274322509766,142996000,49.32121841422013,,64.5621154867244,1.2831505540163093,54.57944558715037,50.281436472582705,0.9674050736538504,1081617600,61.71140308407924,47.24078534337097
2018-09-12 00:00:00-04:00,53.33573570813967,53.349961785731736,52.126468460452756,52.41811752319336,197114800,49.44266543810143,,58.782600675658045,1.1815575435044678,54.53258206569547,50.51893872694776,0.985697091627074,884502800,68.30434050422441,45.549897624855724
2018-09-13 00:00:00-04:00,52.999026264822746,54.14427227864786,52.77377164667225,53.68427658081055,166825600,49.60900312997237,,65.22271424091525,1.1895009781155963,54.61003283996186,50.80063101908762,1.0385869247576045,1051328400,69.8847425178808,44.65836610305447
2018-09-14 00:00:00-04:00,53.52778810337966,53.78623812777864,52.76192087468184,53.07490539550781,127997200,49.74492086587572,,60.336511652227045,1.1335580932640923,54.5411828152307,51.13346419811566,1.0375676624961183,923331200,64.24751843780149,43.81157119023221
2018-09-17 00:00:00-04:00,52.67419669776966,52.863886183544494,51.51709770879258,51.66173553466797,148780400,49.82009006857346,,50.826889348154495,0.9640786579058727,54.477001064648206,51.25202420390649,1.0747276642260548,774550800,58.249850075711585,41.28001966498882
2018-09-18 00:00:00-04:00,51.640397996198566,52.603071600232624,51.4815340760569,51.747100830078125,126286800,49.89565911804423,,51.32594873652377,0.8271187402886397,54.468092362060226,51.27041929565461,1.078071225651031,900837600,52.973175844873175,38.885723286471595
2018-09-19 00:00:00-04:00,51.808737718271196,52.07430079960809,51.049983473004616,51.77791213989258,108495200,49.96947296203828,,51.51720939812009,0.7128459892029042,54.49490862702876,51.20155540291916,1.0742316614333483,1009332800,47.814701056376826,36.135070773712535
2018-09-20 00:00:00-04:00,52.22131894120027,52.70502370589324,51.96286524604913,52.17152404785156,106435200,50.05582790657998,,54.003737943603674,0.6465916955204705,54.4823223359747,51.12087997522322,1.0637230831881563,1115768000,45.39929439394367,34.273585016420675
2018-09-21 00:00:00-04:00,52.34935841519708,52.48688320867126,51.52183984719814,51.60957336425781,384986800,50.11675910099871,,50.05660385867065,0.5424865197786559,54.436434583261196,50.93376754483125,1.0566745316370825,730781200,33.13885714985051,32.00809005149279
2018-09-24 00:00:00-04:00,51.410395616467255,52.463165148243284,51.365343959097906,52.351722717285156,110773600,50.20440473300995,,54.75947900343646,0.5139432504813684,54.1917024408107,50.96225314594061,1.0596135786019607,841554800,33.04759444487968,29.725502003741894
2018-09-25 00:00:00-04:00,52.10513020291806,52.83306254126769,52.09327393205397,52.68368148803711,98217600,50.30163127242278,,56.72250050189694,0.5122044286077951,53.8633858256187,51.095506996646925,1.036768937931372,939772400,38.18687060310057,28.033102537113134
2018-09-26 00:00:00-04:00,52.401520911955295,53.053576036425326,52.10750202606852,52.26399612426758,95938800,50.37858675680886,,53.55840589918417,0.4715258419547652,53.57152928766834,51.18345016382905,1.0302907288189027,843833600,38.959037566416335,26.713766625223656
2018-09-27 00:00:00-04:00,53.070171351034034,53.691400844636,53.003776960471846,53.338104248046875,120724800,50.49464626626917,,59.74711372122643,0.5199654794716295,53.669956919699615,51.14350997890064,1.0586560139295826,964558400,45.36323289043859,26.165469728588814
2018-09-28 00:00:00-04:00,53.30017426689237,53.54914151326006,53.117601421845556,53.52543258666992,91717600,50.61350063177508,,60.72997936414549,0.5669348010690598,53.858440028791826,51.095397556657396,1.0138620194642198,1056276000,51.37779232367533,25.656336895999317
2018-10-01 00:00:00-04:00,54.0494332237167,54.397986563838984,53.67005792440383,53.885826110839844,94403200,50.74182712115017,,62.6209449557538,0.6260226726125779,54.109513731944475,51.12664400324432,1.0037685878717084,1150679200,50.247577235825425,25.98856694510864
2018-10-02 00:00:00-04:00,53.883453207300576,54.53550819660784,53.73644560384303,54.36478805541992,99152800,50.88390402053331,,65.03093490586855,0.7033902180036264,54.42213212279879,50.98569411011136,0.9891467310783587,1249832000,47.73390788372284,26.41509889303863
2018-10-03 00:00:00-04:00,54.54737912900366,55.35829820862648,54.48335815434162,55.026344299316406,114619200,51.04635265891696,,68.09112788636588,0.8087636907660922,54.93883162621581,50.81675817684408,0.9894584040875157,1364451200,46.305717918474464,27.455243634039363
2018-10-04 00:00:00-04:00,54.720455850224305,55.092721717820574,53.760155935330346,54.05891799926758,128168000,51.164492476185615,,59.84369159191948,0.8049309666784694,55.01083825753734,50.79470373465016,1.0139660739734238,1236283200,46.233910031203834,27.298674955779614
2018-10-05 00:00:00-04:00,54.05180654706137,54.15850573672969,52.30192681160914,53.18160629272461,134322000,51.24359497879499,,53.51355654858151,0.7227701382624829,55.02094499384406,50.798823784639005,1.0741527061982181,1101961200,46.51885740225119,25.409696601658602
2018-10-08 00:00:00-04:00,52.68841143070962,53.302527755500215,52.2118162355735,53.05830383300781,118655600,51.31476003190137,,52.67029394636789,0.6403263284632956,55.00607251115161,50.99990537377678,1.0753354786073965,983305600,46.65901127865598,23.626016325002897
2018-10-09 00:00:00-04:00,53.02747924410957,53.88819293175352,52.69789525204612,53.7933464050293,107564000,51.41195949751423,,57.01846283546224,0.627072308542985,55.058749490852435,51.22006113740278,1.0835470644002538,1090869600,52.59331232754945,22.497138925385237
2018-10-10 00:00:00-04:00,53.45902598011087,53.67005453984067,51.22781150629926,51.30131530761719,167962400,51.407620509675134,,42.696796871354145,0.4107474782301779,55.129138296964896,51.08612608698692,1.1894033382809523,922907200,45.27663221527587,21.732225828734272
2018-10-11 00:00:00-04:00,50.86503776470746,52.04584918417597,50.34339444181971,50.84843826293945,212497600,51.38569179411688,,40.696270941405714,0.20045438563781204,55.295990024504356,50.742862921459185,1.2260498671434743,710409600,49.87298362439443,21.686140837134513
2018-10-12 00:00:00-04:00,52.26399293127614,52.84728743527982,51.415135332389916,52.664710998535156,161351600,51.43584940997643,,50.67741184444086,0.17829831324814904,55.24996633505378,50.92957162881341,1.2812498175146807,871761200,51.32209984459196,20.836599576507975
2018-10-15 00:00:00-04:00,52.43945535328062,52.59831924587156,51.51709395908651,51.53843307495117,123164000,51.43987229879897,,45.55702545219548,0.06906214509857023,55.30517707630416,50.76592226858516,1.2717046190813925,748597200,45.141429284112625,20.047739834497616
2018-10-16 00:00:00-04:00,51.91068929418811,52.87336261874121,51.39615905856207,52.67418670654297,116736000,51.48827678537717,46.36200627327043,50.94018732719769,0.0732926489818837,55.30494153475714,50.76489183926629,1.286383114874089,865333200,51.07422263362851,19.03450130528052
2018-10-17 00:00:00-04:00,52.7097608141769,52.790377662588455,52.007910864764305,52.44656753540039,91541600,51.52585681478984,46.42254917140108,49.87581161262488,0.05761424778527413,55.302358214468825,50.791818014372325,1.2503890922276646,773791600,50.21170892626614,18.09363695672179
2018-10-18 00:00:00-04:00,51.65698635946986,52.102756057051366,50.50462711714634,51.220703125,130325200,51.51389000342554,46.470291996810026,44.484865579768815,-0.053115726036431,55.32945226838971,50.48240381071185,1.2997856155152634,643466400,44.10772001397337,18.463547691563832
2018-10-19 00:00:00-04:00,51.70440102450296,52.46315516254536,51.55502000334808,52.000789642333984,132314800,51.532984106912146,46.525321824128675,48.31344461399972,-0.07703554772153609,55.24319377892806,50.365376574262044,1.2956903599459848,775781200,45.13934420376077,18.40576009451045
2018-10-22 00:00:00-04:00,52.11461546933148,52.96110331958656,51.9130733273846,52.31853103637695,115168400,51.56378986885195,46.58296569688736,49.83111133083432,-0.06955135894465059,55.077949226501595,50.321648450093456,1.2780003336785544,890949600,45.51080991513362,17.818424434148653
2018-10-23 00:00:00-04:00,51.17565396890587,52.93501668735266,50.90771745231698,52.81171798706055,155071200,51.61272822642876,46.64494333161546,52.17829121372708,-0.02355252142738351,54.80461058172505,50.38791108575541,1.3315216837754917,1046020800,38.33304756262112,18.051393814353638
2018-10-24 00:00:00-04:00,52.78088829721114,53.16737660768849,50.86977138560359,51.00018310546875,163702000,51.58870684913621,46.68827905075828,44.029780811587806,-0.13175504644622293,54.2496218963289,50.40607827863855,1.4005276507975921,882318800,37.76184673454274,18.014211983214643
2018-10-25 00:00:00-04:00,51.621428103334296,52.491624882422045,51.39379999240531,52.11698913574219,119423200,51.609423801552126,46.74229606652927,49.28773845644409,-0.12593768276172312,53.883300520861184,50.51347580563622,1.407021516951571,1001742000,44.34427075704601,17.979685997157006
2018-10-26 00:00:00-04:00,51.192247574812846,52.20945547540686,50.426380295404556,51.28709411621094,189033600,51.59678342173483,46.78751793767038,45.8414729687852,-0.18614718362380245,53.727015081816305,50.41715962114594,1.4338824928837663,812708400,42.87099234537509,18.678004089651296
2018-10-29 00:00:00-04:00,51.972344972346896,52.09090043654111,48.86619036324804,50.324424743652344,183742000,51.546887002986495,46.82271104021747,42.15900582477573,-0.3079926720403705,53.66775828091506,50.111899210133124,1.5617987486272884,628966400,36.067127835395205,20.240777264142405
2018-10-30 00:00:00-04:00,50.06596168711264,51.02151825976546,49.620195685647964,50.57575225830078,146640000,51.50880328750862,46.86005473392974,43.43651503825519,-0.37989685499261583,53.247335935323676,50.10330900282736,1.5503361647337317,775606400,36.53073814329912,21.691923783312724
2018-10-31 00:00:00-04:00,51.42461398325226,52.271098028598864,51.36296283271689,51.89409255981445,153435600,51.5239126707363,46.91014466254552,49.71094071262003,-0.326735984478411,53.27703190165876,50.152650003451924,1.5606939937026139,929042000,45.33224337912345,21.62055128731628
2018-11-01 00:00:00-04:00,51.93914333598085,52.72397983560384,51.40801361782539,52.6907844543457,233292800,51.569672348524904,46.96766346644403,53.09693773468639,-0.21780847343512733,53.39776501768741,50.27756304627743,1.5432134382794593,1162334800,47.265806411020385,21.103607816467193
2018-11-02 00:00:00-04:00,49.68659543348698,50.65874806253091,48.709695954834366,49.19577407836914,365314800,51.47657829871488,46.98983372128906,40.28311167337537,-0.4087885050496496,53.580941012141885,49.631862129134156,1.7173473712245932,797020000,42.573784511205204,22.159647430520497
2018-11-05 00:00:00-05:00,48.441762720174445,48.463101835106706,46.98827159158409,47.799190521240234,264654800,51.33236701332372,46.99788702278111,36.49323678491874,-0.665166551412625,54.0983413217556,48.61589614569232,1.7523584509074832,532365200,35.429617643599585,23.814208796222452
2018-11-06 00:00:00-05:00,47.877440573286876,48.54135192892878,47.82290607013109,48.316097259521484,127531600,51.21408192493932,47.011003542549666,38.788664751337784,-0.817217570991815,54.09645631523438,48.036702559277344,1.6802015192489879,659896800,36.123993209211456,25.27633808566288
2018-11-07 00:00:00-05:00,48.83773647180707,49.80751926608168,48.401453247422836,49.781436920166016,133697600,51.15789976788939,47.03857004381948,44.871810399799315,-0.8101396496307345,53.886648689227115,47.89115943658669,1.6667172683426454,793594400,41.39748899147958,25.49181104825792
2018-11-08 00:00:00-05:00,49.962275628498666,49.995586840212916,49.19373605281653,49.607749938964844,101450400,51.0971095785198,47.064134022875656,44.30971636334412,-0.8092172806871787,53.83891522620138,47.723832474807736,1.6049410911321982,692144000,40.52216199929206,25.53226494604297
2018-11-09 00:00:00-05:00,48.908215085324315,49.01766466298599,48.12301802066186,48.651241302490234,137463200,51.001193175538255,47.07992613511063,41.24550759768593,-0.8755754608554511,53.7144238865055,47.40171736919112,1.5963547216443972,554680800,35.46329780555344,26.079480041602018
2018-11-12 00:00:00-05:00,47.34970825433935,47.551957204167856,46.11004846587322,46.20046615600586,204542000,50.81292937085071,47.071175289547405,34.636290608333,-1.113090850611627,53.82910297935337,46.471296292293765,1.6638431584281557,350138800,35.05812896362461,27.367523126699307
2018-11-13 00:00:00-05:00,45.59610413918867,46.91665841008263,45.5532733698863,45.73886489868164,187531600,50.6139464503735,47.0579184697378,33.54595130076612,-1.323316502992192,53.671834054902206,45.68551813829441,1.64238186426874,162607200,35.00820683396827,28.74888545060823
2018-11-14 00:00:00-05:00,46.13622049041776,46.274225096940185,44.23985254198161,44.446861267089844,243204000,50.372099972597674,47.03193780105474,30.63870312078194,-1.5760084975142945,53.93383376697201,44.549742181107426,1.6703811993180138,-80596800,28.994589890597098,30.433161813234886
2018-11-15 00:00:00-05:00,44.82518390668914,45.67700322291198,44.47065462981965,45.543758392333984,185915200,50.18275324395988,47.01713004574408,35.73118111562951,-1.6685245801259327,53.5669188015598,44.04022638073186,1.638935539068308,105318400,35.77587445200555,31.99713272138821
2018-11-16 00:00:00-05:00,45.3272346797515,46.39081890205904,45.07978050785697,46.048187255859375,147713200,50.020613401289275,47.00748882395418,37.98604384539629,-1.6817548257640667,53.20629495854333,43.70232930903479,1.6155143144350055,253031600,41.80901404694703,32.77100566931136
2018-11-19 00:00:00-05:00,45.20826982688179,45.37482588432456,44.0162004400595,44.22320556640625,167701200,49.79326407443112,46.97978451293381,33.41787742446169,-1.8185376905849182,53.123082188425506,42.972046188853135,1.6452623502467818,85330400,41.78349498620019,33.86097590668287
2018-11-20 00:00:00-05:00,42.44104746094793,43.17865753982973,41.7605438730966,42.110313415527344,271300800,49.491971891729015,46.9313320642034,29.060506483284215,-2.073529477730226,53.15617720782594,41.81022599041625,1.7036480176084152,-185970400,34.56378991759044,35.51153704217382
2018-11-21 00:00:00-05:00,42.764634447207605,42.89312311671695,42.007992664771145,42.06271743774414,124496800,49.20062857980805,46.88288813757197,28.968872856588106,-2.2534762325221536,52.5820076446414,41.07354553732474,1.645182477203943,-310467200,26.641081906513435,37.04420095370113
2018-11-23 00:00:00-05:00,41.62491176746803,42.01989007434281,40.94916811058644,40.9943733215332,94496000,48.878814648110996,46.824295950347704,26.917204136282535,-2.454003548452633,51.57854292658594,40.517488771005205,1.6072086807720682,-404963200,30.091797472820076,38.730542037985636
2018-11-26 00:00:00-05:00,41.458364462378924,41.62729859680167,40.5113675567691,41.54877853393555,179994000,48.59136225147667,46.77180323973664,29.699694552732552,-2.538919935175727,51.22179612279907,39.85463616886759,1.572117420719247,-224969200,31.596656215393153,40.39964104840997
2018-11-27 00:00:00-05:00,40.808788533497605,41.58446956319541,40.65888990269772,41.4583625793457,165549600,48.3116367741382,46.71893318341434,29.502416594041975,-2.5837289760209288,51.003093646178904,39.22789491990182,1.5259361521319927,-390518800,32.036993871093316,41.94951870094685
2018-11-28 00:00:00-05:00,42.05082582673446,43.135823663787434,41.62253625141104,43.052547454833984,184250000,48.105397977302744,46.68245173337872,37.398143058809424,-2.462220126490088,50.47199531328775,39.05718661216798,1.5367593615826884,-206268800,32.8394637386358,41.87041734714227
2018-11-29 00:00:00-05:00,43.4617974184589,43.49510862501545,42.281622214964095,42.72180938720703,167080000,47.894276856122524,46.6430423567999,36.48515675102886,-2.3653450602980968,49.40174444343857,39.186153810955965,1.5136684364733075,-373348800,34.15628400211379,41.47836918141672
2018-11-30 00:00:00-05:00,42.89788494233646,42.90740450537757,42.1222075643638,42.49101257324219,158126000,47.682384139146826,46.60172862761027,35.82785417886015,-2.2809014345061414,48.12371402314079,39.51528591582405,1.461634758226198,-531474800,34.143333845776425,41.18206395376355
2018-12-03 00:00:00-05:00,43.89008824531101,44.004297581060094,43.116788984737276,43.975746154785156,163210000,47.537025786818916,46.57559944877619,42.948502968084114,-2.070308434181314,46.96013508013944,40.05546550579807,1.4653240617684629,-368264800,41.646027441622046,39.931162592233576
2018-12-04 00:00:00-05:00,43.05492888645622,43.39756057342333,41.94137953446295,42.04131317138672,165377200,47.32150764503726,46.530482172384254,37.16262548525233,-2.0360344020135273,46.43226071343372,40.02878614122123,1.5059699588080158,-533642000,42.29140122612042,39.331035893059074
2018-12-06 00:00:00-05:00,40.86827199226882,41.58684651469543,40.54943561268697,41.57257080078125,172393600,47.09605914134095,46.48114972092552,35.900543878381285,-2.0233714103404665,45.952394273904865,39.95314670103003,1.5049633588002824,-706035600,43.90320021828219,39.34148744107131
2018-12-07 00:00:00-05:00,41.27990885638041,41.517847109590086,40.045008741318256,40.09021759033203,169126400,46.82132025698766,46.41755835644201,32.178749455288184,-2.1086422979220174,45.86391390256044,39.46074124880674,1.506577551704762,-875162000,36.09690004070077,39.53854575314248
2018-12-10 00:00:00-05:00,39.25981076673073,40.470915572966724,38.862454329799945,40.35432815551758,248104000,46.56771272359668,46.35722770767659,33.50151198265684,-2.1303512126457917,45.312672322495125,39.32005879729655,1.5138549582377632,-627058000,28.361459333129474,40.12940912384895
2018-12-11 00:00:00-05:00,40.844484003983546,40.875413510017815,39.735690802451394,40.123531341552734,189126800,46.3149997282224,46.29520087816292,32.89768823607818,-2.141493256775334,44.35498002133418,39.48779697654994,1.4871312260469531,-816184800,35.764519605290715,40.30794646917809
2018-12-12 00:00:00-05:00,40.544676009796696,40.90634316336405,40.21632369637525,40.23535919189453,142510800,46.07658245228798,46.23490394596125,33.522893661530645,-2.1168975567723507,43.88819967417411,39.422864473775114,1.436822697172979,-673674000,43.85647339115466,40.44440616227033
2018-12-13 00:00:00-05:00,40.5660913681216,41.06100333718601,40.34242884424496,40.675540924072266,127594400,45.86477690216187,46.17958690096733,36.0487073070795,-2.038389020507715,43.82905579879298,39.29070535029557,1.3931670863243002,-546079600,49.273649014995506,40.41606084366306
2018-12-14 00:00:00-05:00,40.21157105042123,40.23060654931838,39.32644032027947,39.374027252197266,162814800,45.61023770020248,46.111869889536784,32.15807135528925,-2.0574744314982993,43.87609756986698,38.88517155448198,1.3900194804291928,-708894400,48.00475518816449,40.80709579368827
2018-12-17 00:00:00-05:00,39.366888191907,40.05691139092145,38.7196957717659,39.00760269165039,177151600,45.351310837122014,46.04118066368717,31.139110212164198,-2.0782108360331435,44.008446005034855,38.487920368663055,1.3862477760525038,-886046000,48.2316370368842,41.398166594227995
2018-12-18 00:00:00-05:00,39.350226334370745,39.86179208564838,39.11466617547559,39.514404296875,135366000,45.12241254142606,45.976237615261184,34.24260020807651,-2.0303453743712083,43.99751510022791,38.22760137519527,1.3482436059057528,-750680000,47.4425088494057,41.94701805187202
2018-12-19 00:00:00-05:00,39.49775172568284,39.842761481494094,37.85359745417949,38.28188705444336,196189200,44.85415663997576,45.899676913163496,30.62743572284954,-2.0680265690537354,44.10211012440644,37.69947628102976,1.3940236360063847,-946869200,39.46381773274038,42.909394690682994
2018-12-20 00:00:00-05:00,38.16529851677097,38.572174571532805,36.95181547170675,37.315860748291016,259092000,44.558537193243026,45.814265807045366,28.12144429420114,-2.151043545788049,43.96157595921385,37.075118885349944,1.4101904548506468,-1205961200,31.23594652174917,44.08157601095576
2018-12-21 00:00:00-05:00,37.32299599944741,37.632316466814686,35.602703378224795,35.86443328857422,382978400,44.217591942079544,45.71526249840387,24.833677220196194,-2.3073554070155637,43.99829794971019,36.12408008170257,1.454434928689164,-1588939600,29.124439182317914,45.528961478499426
2018-12-24 00:00:00-05:00,35.25055429895659,36.05954661946022,34.87937116759668,34.93647766113281,148676800,43.85362667616006,45.608010907983264,22.98356776209829,-2.477552266781558,44.02019804484652,35.09490866495166,1.4348449660587623,-1737616400,22.83786273148452,47.042514848171606
2018-12-26 00:00:00-05:00,35.28624045251434,37.41102711679266,34.9102976111204,37.396751403808594,234330000,43.60041588116589,45.52630683331486,36.49253309229744,-2.386402017703489,43.01579289463891,35.222114515029055,1.5109795760311553,-1503286400,30.569967878798764,47.04117238043574
2018-12-27 00:00:00-05:00,37.08030388620066,37.30158839364941,35.707402506101154,37.1540641784668,212468400,43.34761777517769,45.4430009362517,35.82499961098286,-2.3071522050034545,42.46912560431433,35.11714860629765,1.5237202418651756,-1715754800,37.66634481877107,47.039925803252444
2018-12-28 00:00:00-05:00,37.47527832909076,37.71797638628019,36.773361143660004,37.173095703125,169165600,43.105479654705036,45.36071332199174,35.923986090524565,-2.217251378784219,41.93620376947707,35.063473761447405,1.4823555990619623,-1546589200,43.78323037872485,46.613431673937896
2018-12-31 00:00:00-05:00,37.720360263238646,37.91784949762713,37.232585998124975,37.53239059448242,140014000,42.88692714253945,45.282819563509065,37.872293420960816,-2.0928867358114687,41.686011869848905,34.97262206162896,1.4296697558791174,-1406575200,50.94762199429686,46.010759279524926
2019-01-02 00:00:00-05:00,36.8542616564938,37.79649888400641,36.69722151346666,37.57521438598633,148158800,42.67862468149815,45.20612697467799,38.11382525211668,-1.968183345717847,41.335943076558436,34.95214235231526,1.4060702997834487,-1258416400,44.37326729803197,45.69777540262233
2019-01-03 00:00:00-05:00,34.258351143686504,34.67236504107236,33.78723438504044,33.83244323730469,365248800,42.33171560525527,45.09295599221657,27.903482844356674,-2.1466204582661845,41.38483174384154,34.06444193779908,1.576206707009337,-1623665200,36.163111860188195,46.43440931453687
2019-01-04 00:00:00-05:00,34.38920962205962,35.34572225455704,34.215515743213864,35.27671813964844,234428400,42.055049037976566,44.99528198373331,35.125717734427255,-2.146745890893257,40.982494835882996,33.805626705458145,1.5717118720266952,-1389236800,37.91423010333246,46.47381332571656
2019-01-07 00:00:00-05:00,35.38141751200746,35.41235064672023,34.71518967715672,35.198204040527344,219111200,41.78615315572366,44.89779862111435,34.92091984841127,-2.128643056660401,40.30881615180481,33.748993805063684,1.5092439504221815,-1608348000,44.44475385412522,46.446082062222715
2019-01-08 00:00:00-05:00,35.58604312532892,36.1237858793811,35.33858894951646,35.86919021606445,164101200,41.55411539338409,44.80796172156161,38.235219481050315,-2.036675921174023,39.86632843195148,33.72416992009931,1.4675537995958656,-1444246800,50.24525920615007,45.733615165782176
2019-01-09 00:00:00-05:00,35.99767715234844,36.768598408813624,35.602702406686625,36.47831344604492,180396400,41.35506433662569,44.72507964916841,41.16453290541015,-1.8928208887441045,39.46201028958406,33.791249496386,1.4460068140623752,-1263850400,50.783964140556215,44.483660111385866
2019-01-10 00:00:00-05:00,36.285585382893906,36.6353549226105,35.89536677383828,36.594905853271484,143122800,41.168391454925526,44.644182397467944,41.7341575356799,-1.7492425272752996,38.8119807794054,34.05201254741752,1.3955769093987926,-1120727600,56.70398484033465,43.322987560875006
2019-01-11 00:00:00-05:00,36.37600110449598,36.57110858307444,36.05002323062101,36.23561477661133,108092800,40.974949232246544,44.560515057956934,40.434982522417414,-1.645479366686878,38.46066752747714,34.13048949563483,1.334813031773913,-1228820400,59.92471773929174,42.2452201925435
2019-01-14 00:00:00-05:00,35.892979976785526,35.99291358804369,35.50513953758326,35.690731048583984,129756800,40.76772498974997,44.47225850064974,38.47867035752646,-1.5888980497529772,38.29925509318648,34.07521796996456,1.2916460465777813,-1358577200,65.89692426299848,41.55143426498785
2019-01-15 00:00:00-05:00,35.75497589794655,36.497341952681495,35.70262920119996,36.42120361328125,114843600,40.59727317106493,44.39214850177045,42.49536226702959,-1.4681895421536666,38.331941259442154,34.11676784700315,1.257000679257762,-1243733600,71.18853035487119,40.37382744077882
2019-01-16 00:00:00-05:00,36.423592187541374,37.0898200949179,36.40455668954205,36.86615753173828,122278800,40.450954910699174,44.31726301948157,44.857082020202824,-1.3213909453581607,38.36378720939248,34.342212546466904,1.216162302551911,-1121454800,69.85644192627511,38.686032895221
2019-01-17 00:00:00-05:00,36.69007415902539,37.5133420282532,36.46641164302394,37.085052490234375,119284800,40.318958737347614,44.24530072565822,46.03136384788001,-1.1738575073579156,38.305525336080315,34.35891456463583,1.204074308457436,-1002170000,68.65118727666757,36.71253300427894
2019-01-18 00:00:00-05:00,37.47526899184965,37.56568667566943,37.113601887219595,37.313472747802734,135004000,40.201096541679185,44.17632731294324,47.292717198519156,-1.0266697788923551,38.33536573456762,34.35032864205999,1.1524000139558375,-867166000,68.17893356217436,34.8288893607009
2019-01-22 00:00:00-05:00,37.215921149758586,37.292059498948234,36.314133183117846,36.47593307495117,121576000,40.055011699846716,44.09970647475427,43.29688342873218,-0.9664640991095723,38.241207973937186,34.35153138560057,1.1414671247221981,-988742000,62.47260603196992,33.69341912193004
2019-01-23 00:00:00-05:00,36.67817600819282,36.91373615846914,36.095228081853584,36.623451232910156,92522400,39.92044070114332,44.02531587533294,44.19129998216237,-0.896512740820242,38.0766533348469,34.39489410981455,1.1183986212860095,-896219600,64.14438506612879,32.79816478705973
2019-01-24 00:00:00-05:00,36.66866951484015,36.75670551912618,36.10475693707266,36.33317565917969,101766000,39.77976364067416,43.9487771667145,42.7619451776858,-0.8546467623917735,37.85165167843218,34.454290602655064,1.0850807613408318,-997985600,71.96955971011711,31.966857190394446
2019-01-25 00:00:00-05:00,36.99463341228096,37.625171873385156,36.71862783649916,37.537132263183594,134142000,39.69181731214512,43.88497970498783,49.987436861811666,-0.7160640956410447,37.710090784645075,35.089810033226016,1.0998604365454487,-863843600,70.66499424511898,30.223583715057252
2019-01-28 00:00:00-05:00,37.068396033223685,37.19688471328752,36.56159006151442,37.18974685668945,104768400,39.59369690212725,43.818360472666456,48.10066646682905,-0.6270393139966615,37.74457545039924,35.31039586307732,1.0909805626257145,-968612000,62.947302419284505,28.746056145864543
2019-01-29 00:00:00-05:00,37.177847900505746,37.625172928252375,36.66866024088639,36.804283142089844,166348800,39.48430812722383,43.748568658431864,46.0247666274737,-0.5808940484712934,37.62686999378362,35.642245199901275,1.0813757143928768,-1134960800,63.11218072599306,26.91159707151683
2019-01-30 00:00:00-05:00,38.843432572172915,39.53345228045962,38.1248577952969,39.31930923461914,244439200,39.4778375824158,43.7044964253591,58.58408873998232,-0.33749161313174625,38.45797813574914,35.27115292707638,1.199075244676941,-890521600,64.7321484171829,26.397095077068883
2019-01-31 00:00:00-05:00,39.52391221393413,40.21155342611332,39.15510729957675,39.60243225097656,162958400,39.48272364784956,43.66367986641002,59.72034115357912,-0.12036032928869389,39.15240179822054,34.993278438595866,1.1888874505240576,-727563200,65.37193332711396,26.36646571576322
2019-02-01 00:00:00-05:00,39.72617244698673,40.206805105535146,39.481092705405594,39.62147903442383,130672400,39.48816503555836,43.62345896260916,59.80024398431687,0.05264780265009961,39.6897652539609,34.859458073675825,1.1558035183530215,-596890800,71.5593971131648,26.338024165979387
2019-02-04 00:00:00-05:00,39.83324334442914,40.844480907959166,39.80231021008978,40.746925354003906,125982000,39.537528185301326,43.59483673764792,64.30592404293071,0.2773747029942868,40.47337783462058,34.67735357000181,1.1606034008660442,-470908800,78.27557930111004,26.72600404860247
2019-02-05 00:00:00-05:00,41.13001133964811,41.65823461315933,41.00866412354689,41.444087982177734,144406400,39.61229523615923,43.57343625251886,66.78912170295506,0.5058959348220426,41.25347194270368,34.664373719731216,1.1427966764581428,-326502400,78.8174893166844,27.560104544026874
2019-02-06 00:00:00-05:00,41.55591450394574,41.77482089204486,41.127628552346515,41.4583625793457,112958400,39.68469003393125,43.55239074333306,66.83998965466782,0.6803103044347054,41.90555674132234,34.68391011658781,1.1073963666895856,-213544000,78.8709736437261,28.399651096961584
2019-02-07 00:00:00-05:00,41.02055217380472,41.38697910594836,40.53039996776146,40.67316436767578,126966800,39.72345373329377,43.52374172466981,61.2798968706974,0.7465700209560353,42.25591582851777,34.84115194085072,1.0945796698963468,-340510800,72.05785911463235,28.429069921926416
2019-02-08 00:00:00-05:00,40.381626396472505,40.780686932297336,40.24541820627403,40.720947265625,95280000,39.76257112671853,43.495853222589766,61.48983864832666,0.793786724950678,42.55882071140053,35.02303302802004,1.0546288881911294,-245230800,66.27904967981779,28.113248977262426
2019-02-11 00:00:00-05:00,40.873878499430695,40.91211275916669,40.443752192950065,40.48676300048828,83973600,39.790970808042836,43.465912026349955,59.77910773736071,0.8030525006626377,42.771140197360246,35.233818909085066,1.0127525794786647,-329204400,72.02021302035392,27.918697051485275
2019-02-12 00:00:00-05:00,40.646879429338085,40.861940817256425,40.551293754313846,40.835655212402344,89134000,39.831938823900074,43.43974031675844,61.49773946372912,0.8289922734595905,42.906822469382824,35.67943292205597,0.9672115249993417,-240070400,76.82820830598001,27.73804169183506
2019-02-13 00:00:00-05:00,40.9551305471018,41.215594649284824,40.60386097412384,40.66598892211914,89960800,39.86464667088906,43.41214080039387,60.1516690497294,0.8263336190362125,42.93461532715396,36.1906450895127,0.9418202500108875,-330031200,81.98043138725383,27.8565010394621
2019-02-14 00:00:00-05:00,40.553695204329756,40.92407838764119,40.474838371237844,40.81415939331055,87342800,39.9018824639252,43.386290239129366,60.95541757692762,0.8266535869871703,42.802423396153735,36.920301518397046,0.9066359476103487,-242688400,76.54947293965824,27.77550826115804
2019-02-15 00:00:00-05:00,40.92167906223181,41.0292097524213,40.563240997453136,40.72334289550781,98507200,39.934096598497064,43.359793250635626,60.1545398151639,0.810239099523038,42.76207540763396,37.38547759122672,0.8751597195644785,-341195600,82.09642880957938,27.793520145904754
2019-02-19 00:00:00-05:00,40.55368096648683,40.9670784800836,40.501109762882585,40.84520721435547,75891200,39.96982642656994,43.33477249405573,60.89697874594451,0.7978666222495505,42.53784731851177,38.09710039470438,0.8459317908242311,-265304400,76.6899343650912,27.707749285269298
2019-02-20 00:00:00-05:00,40.90734591375172,41.4163291796934,40.85955489659674,41.108070373535156,104457600,40.014463444097984,43.31261625405055,62.519266221869714,0.8000497297077374,41.81934579466728,39.38944021607491,0.8263025175752096,-160846800,74.72639289627287,28.048992907609524
2019-02-21 00:00:00-05:00,41.0531048572345,41.18930941843482,40.69466681187952,40.87627410888672,68998800,40.04825994075637,43.28837404365092,60.14947159050915,0.7741518955824205,41.71434284292581,39.70203848438539,0.80261252393093,-229845600,68.32901163881276,28.074847420003156
2019-02-22 00:00:00-05:00,41.000538708815775,41.339859662720514,40.95274769278512,41.33269119262695,75652800,40.098629793770904,43.26891451279496,63.11427123266499,0.7814486658899185,41.68206652595474,39.965015993576515,0.7783963117811347,-154192800,67.16204635413592,28.24893883159944
2019-02-25 00:00:00-05:00,41.617060030029634,42.02567748260441,41.56687708426743,41.633785247802734,87493600,40.15883196843882,43.25264456985972,64.96599428868583,0.8022790098099435,41.63209932312009,40.28329069152835,0.7722955959380148,-66699200,66.29868999920023,29.035316401658104
2019-02-26 00:00:00-05:00,41.50952344791541,41.889466961350905,41.38048368917295,41.657676696777344,68280800,40.217610193079544,43.236774242764376,65.11564313687288,0.8113621696676461,41.76600025654521,40.27082327047302,0.7534875728122964,1581600,58.78055333669234,29.41210253900013
2019-02-27 00:00:00-05:00,41.39003258372819,41.817766996094335,41.27532979754628,41.78670120239258,111341600,40.27914317383692,43.22234565529799,65.96125585811589,0.8195248660762573,41.857271421078444,40.225233868635094,0.7384125460791365,112923200,49.79627838818919,29.559260302328173
2019-02-28 00:00:00-05:00,41.655279141145016,41.796263888245086,41.320734799056915,41.375694274902344,112861600,40.32214517780027,43.20397101469704,60.89718658655692,0.7837939489205255,41.84146922227217,40.23001362684893,0.7196351563012104,61600,50.28629073112306,29.695906796847073
2019-03-01 00:00:00-05:00,41.64572580846216,41.853618729961276,41.31357333049172,41.81060791015625,103544800,40.380516265343644,43.19010670519913,64.04299851731378,0.7815614810390485,41.97831877116388,40.24482321695461,0.7068073165275208,103606400,58.18765827173914,29.887356807088242
2019-03-04 00:00:00-05:00,41.98266644842253,42.474920926111714,41.57165707659591,42.02090072631836,109744800,40.44484506773481,43.178472814862005,65.48874325692135,0.7876812082783005,42.147455849331905,40.24901326687903,0.7208399260266838,213351200,59.13621626181346,30.70927473230196
2019-03-05 00:00:00-05:00,42.04240144907716,42.05673839013298,41.70785702415031,41.944427490234375,78949600,40.50365222155832,43.166193756905514,64.47352531355588,0.7773990132564421,42.231758096111506,40.35906628539891,0.6942714574521114,134401600,52.598385592439854,31.472484234286128
2019-03-06 00:00:00-05:00,41.73891393924546,41.934861815205316,41.564475116510145,41.70307159423828,83241600,40.55068827538891,43.15163532742624,61.24646710984186,0.7412304526526583,42.27590820615602,40.43057169293252,0.6718200943286912,51160000,45.792139970073684,31.833126467495056
2019-03-07 00:00:00-05:00,41.54775884275365,41.68396708747858,41.10568732014163,41.22038650512695,99185600,40.57695095106491,43.13241892123421,55.286608158620155,0.6659413971775408,42.24143940007693,40.53896017674599,0.6665032500264029,-48025600,45.323698093389154,31.132909281765375
2019-03-08 00:00:00-05:00,40.69944955693907,41.3565860145986,40.50350166301471,41.31835174560547,95997600,40.606025492027285,43.114368501576216,56.21781294747432,0.607180060679049,42.21941310840888,40.628212115386695,0.6798304715662232,47972000,37.79459716137777,29.34550579126933
2019-03-11 00:00:00-04:00,41.93487491096763,42.802292747007655,41.90142082977354,42.74972152709961,128044000,40.690092003206594,43.110740173471974,67.0239549771221,0.6684058900295753,42.50650567914413,40.61130336219702,0.7372669379830777,176016000,46.03741059646344,29.377362717796927
2019-03-12 00:00:00-04:00,43.01257671355835,43.65059616392958,42.86203152827008,43.23003005981445,129870400,40.78969741719122,43.11192713751519,69.72430739836982,0.7470728940959361,42.90352254454777,40.532262876187914,0.748953202186427,305886400,47.29720807093961,30.09637161246508
2019-03-13 00:00:00-04:00,43.55022827826939,43.801135672491235,43.232412731751154,43.42119216918945,124130000,40.8928932898186,43.11500440151195,70.7509056010554,0.8154423345642172,43.281032954302596,40.463168705853654,0.736249802935738,430016400,54.36612415631795,30.874756677348586
2019-03-14 00:00:00-04:00,43.94450743281071,43.99230209409539,43.6243036210394,43.90388488769531,94318000,41.01097139169612,43.12285395858841,73.2201713019104,0.898220747409475,43.704439791777574,40.44344330555316,0.724454097362181,524334400,55.137952284252954,31.740109821608137
2019-03-15 00:00:00-04:00,44.171512140747396,44.76412862855345,43.906267867999446,44.4749870300293,156171600,41.14681514221899,43.13630801900076,75.8210525114465,0.9983975010509383,44.25162617022458,40.31522970542646,0.7341533576118923,680506000,57.45704857708835,33.06577766053853
2019-03-18 00:00:00-04:00,44.39853504313718,45.0174373105252,44.39614312213301,44.92902374267578,104879200,41.29513704811926,43.154145986400515,77.67724250987916,1.1017252651572207,44.834347723385726,40.17187328491506,0.7260919883819136,785385200,63.02007965075487,34.45065886183034
2019-03-19 00:00:00-04:00,45.00787027629799,45.16080369054156,44.42719876928776,44.57296371459961,126585600,41.423679270334176,43.16826357573583,72.94775685440467,1.1417211434548378,45.19455151188754,40.20037443212287,0.7266286264441912,658799600,62.04482413969453,35.824049206053715
2019-03-20 00:00:00-04:00,44.50128258512939,45.28029036657512,44.14284449562121,44.96247482299805,124140800,41.56245556651707,43.18611642396729,74.75834335028252,1.1911179895892658,45.593027427961665,40.22533499879615,0.7559727153377427,782940400,69.51120666827208,36.52719628844952
2019-03-21 00:00:00-04:00,45.40693149712946,46.914760254354924,45.35674856766888,46.61845016479492,204136800,41.76072986448875,43.22026899850289,80.6789417746745,1.3483458251987344,46.38220167883089,40.13519486657926,0.8414236236248237,987077200,71.67682091443942,38.12680702852548
2019-03-22 00:00:00-04:00,46.67819994478431,47.23975444886868,45.58854866098074,45.65306854248047,169630800,41.91337059695902,43.24447595913948,70.32330377098711,1.3791537627115602,46.7495810053009,40.28014362441915,0.8992652067864748,817446400,62.51833894448908,39.757817991518706
2019-03-25 00:00:00-04:00,45.76297956658023,45.87529044787232,44.58969511449764,45.10106658935547,175381200,42.03837828293535,43.26294949774859,65.17214481070735,1.3435398398559428,46.94053367724604,40.4998797342123,0.9268602158284894,642065200,58.91746875950672,39.649823644948505
2019-03-26 00:00:00-04:00,45.79883285841138,46.090362812112865,44.10700454628543,44.635101318359375,199202000,42.14021055883433,43.276602749694966,61.10332771521521,1.2631551796490896,47.00185891043363,40.79731101144137,1.0023243622569855,442863200,55.14812021352831,38.87394157948794
2019-03-27 00:00:00-04:00,45.10346440270346,45.34481142938426,44.57775587798241,45.036556243896484,119393600,42.25379274256226,43.29411472476165,63.23309036383745,1.2178057085367158,47.03466757949227,41.20896696233715,0.9855194471959041,562256800,60.52157099245465,38.153479661560276
2019-03-28 00:00:00-04:00,45.151250073839364,45.29701504101596,44.8119291240327,45.096290588378906,83121600,42.36526324631978,43.31204682290709,63.552872397718346,1.1731625012873081,46.87540104303883,41.88502070989086,0.9497741950378581,645378400,64.9780497535602,37.484479309198875
2019-03-29 00:00:00-04:00,45.361535317717,45.42127499911637,45.053276519812606,45.39020919799805,94256000,42.483888577758144,43.33272505549507,65.15862941758198,1.1482627550497,46.576050730639004,42.727285349276364,0.9082187867711371,739634400,64.49856083354726,36.972751355975056
2019-04-01 00:00:00-04:00,45.79404546216293,45.80360220589691,45.015041407018316,45.698463439941406,111448000,42.60995033705945,43.356264740912444,66.81016623497831,1.1402588733940746,46.544198232923485,43.15230343537079,0.8996717876359553,851082400,64.27090747223818,36.828920046717776
2019-04-02 00:00:00-04:00,45.66260789076761,46.46790102664656,45.653051149033644,46.36275863647461,91062800,42.757119289977695,43.38618010305735,70.09950184436707,1.1739858322375412,46.67423435742673,43.43996445442224,0.8936130797771666,942145200,63.7617714768221,37.20998210281801
2019-04-03 00:00:00-04:00,46.178772994217205,46.95538884017429,46.15487566354562,46.68058776855469,93087200,42.910980798941495,43.41896027883344,71.55217989819135,1.2123852226969305,46.82856947919772,43.72021541256661,0.8869630866951311,1035232400,63.8491940412984,37.89636169224535
2019-04-04 00:00:00-04:00,46.54677574631455,46.924331028637695,46.15249524665033,46.7618408203125,76457200,43.06199491742663,43.45222277178348,71.92767134962659,1.2351355843344294,47.00095085035189,43.92889483242805,0.8787397077874334,1111689600,62.3396490580506,38.52927693294016
2019-04-05 00:00:00-04:00,46.943435420895284,47.098760762089405,46.819175877184065,47.07486343383789,74106400,43.21936231022707,43.48826894752532,73.38512962872296,1.263854787444643,47.27197534151519,44.004520528439244,0.8400382959295385,1185796000,61.764140996110044,39.239863190493146
2019-04-08 00:00:00-04:00,46.93626205487187,47.846694014476945,46.91714492350919,47.81563186645508,103526800,43.399608175177185,43.53132728502711,76.4951713715558,1.331045322540973,47.74146465708547,43.91991229603953,0.8464319241465539,1289322800,68.59859223650571,40.377492497278546
2019-04-09 00:00:00-04:00,47.868208167106985,48.47277338177323,47.60774041497689,47.67226028442383,143072800,43.56716315985353,43.572530598453945,74.67634922009263,1.3570818227246022,48.0279955826736,44.04662091309463,0.8477605700501102,1146250000,69.10694409692763,41.76939348236687
2019-04-10 00:00:00-04:00,47.47631136744461,47.96856933777075,47.35683202096376,47.93989181518555,86781200,43.738642714964584,43.61598692896869,75.83156630333197,1.383364994009284,48.34825416743962,44.12335126062028,0.8309017662470305,1233031200,61.36178639583361,42.56785205747501
2019-04-11 00:00:00-04:00,47.99486393841018,48.03070629058641,47.41897250530564,47.54084014892578,83603200,43.88774849668855,43.65504019483891,70.65594457725038,1.3563591976331537,48.50239100582482,44.09219975345252,0.8152469104637261,1149428000,64.69323112705618,43.347614273933694
2019-04-12 00:00:00-04:00,47.60057770371108,47.82519949055509,46.886093443343924,47.52172088623047,111042800,44.03025721784706,43.693514629579134,70.40799625106848,1.3182185419367514,48.67786121161262,44.16588319349806,0.8240939916599721,1038385200,67.21820704265946,43.02681281881236
2019-04-15 00:00:00-04:00,47.45242441032009,47.7559030143288,47.31621618584424,47.60774612426758,70146400,44.170550900451786,43.73246220664071,70.90276652487856,1.280176240457493,48.79977271089149,44.378195632207465,0.7966363371474428,1108531600,78.58758145873179,42.72892575334255
2019-04-16 00:00:00-04:00,47.66270505779345,48.119113414692066,47.447640034865586,47.61252212524414,102785600,44.305530164169134,43.77106976801985,70.93182482478083,1.236163107006547,48.785305497713374,44.78965228630356,0.7876961259102312,1211317200,78.42703886431292,42.758301638401704
2019-04-17 00:00:00-04:00,47.68182349642656,48.5994277929976,47.459593627169305,48.53968811035156,115627200,44.471575573823344,43.818518706749515,75.95253900574116,1.2615545128640164,48.96378845602302,45.078253576854586,0.8128488430472359,1326944400,79.0437284730517,43.154049454180885
2019-04-18 00:00:00-04:00,48.537295815006495,48.78342301391168,48.393922765494615,48.71412658691406,96783200,44.63795012335632,43.86723122297006,76.76564620482704,1.280986694924131,49.08380145546179,45.44061871055384,0.7826096577165095,1423727600,79.18634207106966,43.654760700590266
2019-04-22 00:00:00-04:00,48.468000313778205,48.97220338690037,48.35090922181928,48.874229431152344,77758000,44.804078723662045,43.91705210066342,77.51704988804897,1.2943849368771438,49.18588574351397,45.803070453588894,0.7710871225282652,1501485600,78.76320020278507,44.25616734076943
2019-04-23 00:00:00-04:00,48.85033013179243,49.64367484459723,48.7236822999395,49.57915496826172,93292000,44.99133661560713,43.97339143267932,80.50632163577379,1.3463646856766616,49.45373578983771,46.05264594437453,0.7817232241089414,1594777600,78.89610102057961,45.25292806290899
2019-04-24 00:00:00-04:00,49.55047655799757,49.81810913726031,49.476399943824525,49.502685546875,70162400,45.16825225997058,44.02840928456187,79.27498301321559,1.3656462480080904,49.699536131254746,46.22550252434421,0.7502936504894301,1524615200,78.60702464367778,46.281716452783606
2019-04-25 00:00:00-04:00,49.42383064003315,49.646060491105864,49.01520963983355,49.053443908691406,74172800,45.32061271678316,44.07840962908057,72.28064790302795,1.3293530251590084,49.79291446883078,46.44850500545308,0.7417620219739218,1450442400,72.81200711944524,46.214781102813035
2019-04-26 00:00:00-04:00,48.96264796915753,48.9865453034038,48.29834291478956,48.81927490234375,74596400,45.4578151554326,44.12558241786925,68.86971887511943,1.2670886930739087,49.793690897558776,46.72205312099591,0.7427148056830595,1375846000,67.09627331144755,44.79808593908923
2019-04-29 00:00:00-04:00,48.843154320988,49.21832121096713,48.714118233930975,48.89333724975586,88818800,45.59254151207273,44.17302276445519,69.36216805561747,1.209774447010787,49.80543913773937,46.95276805627104,0.7256782464939951,1464664800,66.79335296853746,43.711091957531984
2019-04-30 00:00:00-04:00,48.52295442518993,48.60419951041868,47.57906826246165,47.95184326171875,186139600,45.68506314931375,44.21062296840807,57.01488531687569,1.075978586268782,49.80173196281041,46.97463675056849,0.7677204422654392,1278525200,53.97502547432963,40.97602853750832
2019-05-01 00:00:00-04:00,50.15265053958336,51.45019446356512,49.99732520485145,50.30558395385742,259309200,45.86626004360958,44.27126934637274,70.94154582516174,1.146653695473212,50.212538359458094,46.91494017651196,0.9627654965212199,1537834400,65.25770242885106,40.69857987483287
2019-05-02 00:00:00-04:00,50.14309636224539,50.814569774451115,49.73447899755324,49.978214263916016,127985200,46.027513150288264,44.32805486794033,67.65821986175025,1.1628436924275363,50.453030913321584,46.94622394914586,0.971145873690981,1409849200,63.15887305527239,40.12531958913443
2019-05-03 00:00:00-04:00,50.39400554281509,50.62101560310211,50.236291908679384,50.599510192871094,83569600,46.20680715195818,44.39045740848691,70.45314005316509,1.2118384514117864,50.77772539553722,47.02935213945628,0.9476926926549176,1493418800,69.6887801410532,39.59300646670015
2019-05-06 00:00:00-04:00,48.81687756775932,49.90414052341222,48.62810177454421,49.818115234375,129772400,46.34842707675884,44.44446395401813,63.07085227864401,1.1740810328281057,50.82657528956983,47.28668815850959,1.0208152444886294,1363646400,62.641295887125025,37.33470387343044
2019-05-07 00:00:00-04:00,49.19681880816507,49.56481360545872,47.9900766320153,48.475162506103516,155054800,46.43182846614491,44.48457040727271,52.82585285512731,1.0239890367214812,50.74224342174592,47.48667554391164,1.0784740557651342,1208591600,54.486238090483305,34.66951053064373
2019-05-08 00:00:00-04:00,48.24577480855119,49.067793571038344,48.20993245109103,48.48473358154297,105358000,46.512334549101695,44.52437302592217,52.884592442002074,0.895489706339994,50.635601476821414,47.709612349675986,1.0627159889210043,1313949600,47.82850024201554,32.19468814091321
2019-05-09 00:00:00-04:00,47.88732997606126,48.19319687117108,46.993626623189535,47.96379852294922,139634400,46.56925470493886,44.55859616519607,49.287349072773885,0.7430525088445705,50.688978624180216,47.57944992399687,1.0933153438804635,1174315200,40.94345209320244,30.894196201506947
2019-05-10 00:00:00-04:00,47.35690393324207,47.699932750025205,46.241468231244326,47.29933166503906,164834800,46.597885173962396,44.585867165194514,45.07565225921666,0.5621479180522542,50.83779881750858,47.241990407751835,1.13824498301078,1009480400,34.64085243153151,30.210785963126405
2019-05-13 00:00:00-04:00,45.02768781937873,45.45227100568075,43.86187575578173,44.55032730102539,229722400,46.517588786788394,44.58551353470527,32.646426457401674,0.19471351254660618,51.62700502242723,45.876263918816264,1.3024743348855334,779758000,27.47930250138664,30.841836085377913
2019-05-14 00:00:00-04:00,44.71583044286349,45.5050304806873,44.4759515223957,45.255558013916016,146118800,46.46809738393066,44.592180643951146,37.41422773120691,-0.03912368290439616,51.78185262868361,45.144936718647116,1.282946093700253,925876800,29.85909281752147,31.374686862043962
2019-05-15 00:00:00-04:00,44.68226307084137,45.99679898703123,44.62229331988045,45.797698974609375,106178800,46.44180725023179,44.60417585122138,40.87892664164359,-0.17863589691577886,51.73420896815154,44.698582169543776,1.2894860632324334,1032055600,34.52978601292297,31.36609735692935
2019-05-16 00:00:00-04:00,45.55540480127524,46.169494226914495,45.29873260994696,45.59618377685547,132125600,46.4086455453935,44.614046576849574,39.99268787166618,-0.30197988780630425,51.701619062298434,44.27020405781876,1.259577174213512,899930000,39.82873618483704,31.1808671619259
2019-05-17 00:00:00-04:00,44.84057266200479,45.792892435075906,44.79979367764875,45.33712387084961,131516400,46.36662508756825,44.62124137579485,38.82731292112604,-0.4158412989511291,51.66230690565555,43.84522941026243,1.240543001585915,768413600,34.83319267225261,31.291521952791708
2019-05-20 00:00:00-04:00,44.022591087067156,44.22169107812748,43.24538188030595,43.91944122314453,154449200,46.270657092884974,44.61425828969883,33.13671343171549,-0.6134015183379233,51.71299218857729,43.131357990459165,1.301342929368611,613964400,35.61011774239037,32.149198591460824
2019-05-21 00:00:00-04:00,44.43038323812373,45.097246483732384,44.30564514850796,44.761417388916016,113459200,46.2114712221411,44.615722559342785,38.86730774695125,-0.69402864545021,51.686448142838145,42.73251191982462,1.2925188101699854,727423600,29.83323093867915,32.05499033730668
2019-05-22 00:00:00-04:00,44.29603958434583,44.54791316726557,43.78989494714465,43.84506607055664,118994400,46.11867102011818,44.60805433557377,35.319401204637785,-0.8223881391486216,51.2243918696126,42.33316580861005,1.2695904981415125,608429200,30.230725137293973,32.22595922081477
2019-05-23 00:00:00-04:00,43.130239708838886,43.30774780477371,42.6528792389541,43.096656799316406,146118800,46.00016065851811,44.59301555411847,32.69443687057225,-0.9732849135223987,50.77055474086958,41.86946194207314,1.2640616648173002,462310400,24.88047471483658,32.90197771033521
2019-05-24 00:00:00-04:00,43.22617949439193,43.691545172371775,42.847170371710014,42.931129455566406,94858800,45.87980649369648,44.576479374033376,32.12574302751081,-1.0936217765528795,49.92469372352407,41.692872194444675,1.234084031663333,367451600,30.17665859794559,33.13896848414303
2019-05-28 00:00:00-04:00,42.919141022494294,43.31973842722147,42.67686460222569,42.753623962402344,111792800,45.7572111003124,44.55834150924103,31.49311701312145,-1.1895998507288397,49.11352239715477,41.562111351217624,1.1918547311870795,255658800,31.147599429748993,33.44156038351154
2019-05-29 00:00:00-04:00,42.31945058416882,43.022297921688505,42.21870184853454,42.54973602294922,113924800,45.63142776394522,44.53835538499932,30.744220557221652,-1.2675042191053691,48.55940070654117,41.32617617741066,1.1641219698989997,141734000,31.24493489244405,33.94560126522074
2019-05-30 00:00:00-04:00,42.68645716562878,42.993501919781856,42.37941241147571,42.770416259765625,84873600,45.51923123436955,44.52076395091739,32.612082409523424,-1.2964917911745104,47.788658883178876,41.33500902453597,1.1248339369280813,226607600,36.81273280382377,34.413639226807845
2019-05-31 00:00:00-04:00,42.2738660819916,42.69605537404639,41.97641852833002,41.995609283447266,108174400,45.3810499813922,44.49563803382814,29.59415089976656,-1.3662359806082094,47.07068359991209,41.25722574253582,1.1012027793929042,118433200,38.30129228921974,35.05398216175994
2019-06-03 00:00:00-04:00,42.12274820633601,42.679265508249905,40.84419286883519,41.57102584838867,161584400,45.23163727029402,44.46653741506755,28.061658294429435,-1.4391791269144036,46.43482211704109,41.129313116520116,1.1536220551087482,-43151200,40.0844511555752,36.16526589826039
2019-06-04 00:00:00-04:00,42.08436697087955,43.13743549997744,41.863678758296096,43.09185791015625,123872000,45.14772435421019,44.452859012033606,40.039087987189994,-1.3586074773333578,46.32471040071723,41.04496224739474,1.1831068834287497,80720800,39.03583825480069,36.6298265223561
2019-06-05 00:00:00-04:00,44.2048852808854,44.37520091765044,43.45166564923293,43.78749465942383,119093600,45.094382013238175,44.44623847121162,44.58398881192502,-1.224506444502552,46.09206413928538,41.081866728227645,1.1902666065762812,199814400,39.360171677747616,35.70563062800428
2019-06-06 00:00:00-04:00,43.91703717038729,44.49034769574577,43.6939478508396,44.43037796020508,90105200,45.06834263860942,44.4460806551817,48.471219849530335,-1.0542029053904187,45.760470340351745,41.23115105857404,1.1621332664569874,289919600,37.6425689328121,34.731255656791895
2019-06-07 00:00:00-04:00,44.7398281596146,46.037574346491404,44.56232005334249,45.61298751831055,122737600,45.089701261342796,44.45769166874518,54.75815934007745,-0.8144212743238981,45.76575820117808,41.22810369660838,1.19392348930194,412657200,45.572175238547814,32.43249320773459
2019-06-10 00:00:00-04:00,46.01118070335726,46.8651491776644,45.965603117324754,46.19588851928711,104883600,45.1330811538112,44.47498715979535,57.50994624280544,-0.5707777937884728,46.038925291931584,41.069438558979876,1.1980833585913622,517540800,53.73086671644362,30.55154370449942
2019-06-11 00:00:00-04:00,46.74281056654767,47.016272412741905,46.44056441873156,46.73081588745117,107731600,45.19573741787551,44.49743321678695,59.9192683962185,-0.3307121680591578,46.68928296533655,40.7939308408158,1.1711048253673215,625272400,53.70459284160464,28.914363975777466
2019-06-12 00:00:00-04:00,46.52452002144053,47.00907650866019,46.390188399699355,46.58209228515625,73012800,45.250104275415936,44.51817609308914,58.91896336763695,-0.150721755285538,47.10398636852373,40.62198409046065,1.1316607741954299,552259600,55.14772344651219,27.349365524820257
2019-06-13 00:00:00-04:00,46.70442865523664,47.20577475889717,46.440564018697366,46.57249450683594,86698400,45.30196271586378,44.5386170723304,58.85068345404099,-0.008751633516546065,47.55614882664618,40.53347875717543,1.105485771767171,465561200,63.14193855625455,26.05488794389995
2019-06-14 00:00:00-04:00,45.94880787324303,46.4381592596896,45.6489592231439,46.2342643737793,75046000,45.3385235651938,44.55548918478263,56.37141766561034,0.07559693142633961,47.886210575697476,40.621764684719196,1.0924893083332332,390515200,57.499677220876386,24.266980888128906
2019-06-17 00:00:00-04:00,46.27265414087727,46.76680791817434,46.097543508977196,46.510135650634766,58676400,45.384469137171884,44.57493840334833,57.928247174998404,0.16282731144213614,48.2149604410289,40.77021564539688,1.0622589583949409,449191600,63.67900666601811,22.75106242550469
2019-06-18 00:00:00-04:00,47.02827672087711,48.04536129589424,46.8267792477431,47.60398483276367,106204000,45.471508968371566,44.60507816881515,63.49117532255405,0.3165732440865341,48.71632506992478,40.91556579921584,1.096042293170979,555395600,71.42028022137211,22.343186760201327
2019-06-19 00:00:00-04:00,47.89902403719136,47.947002752454424,47.330512131892405,47.46484375,84496800,45.54967895980798,44.63353354773241,62.361606353153505,0.42232221327022756,49.053231703666484,41.23400686241425,1.0617886022703389,470898800,71.59677078020789,21.964445070991065
2019-06-20 00:00:00-04:00,48.06454714761381,48.12211941703031,47.503231246787394,47.84626007080078,86056000,45.63974096416064,44.665500975822646,64.23974878684116,0.5307875541672615,49.39007136544721,41.5739463754382,1.0328948211817655,556954800,78.58442084979387,21.745593318387446
2019-06-21 00:00:00-04:00,47.68794603530397,48.1796987184213,47.532022488808536,47.68314743041992,191202400,45.71987455107277,44.695527308704214,62.796614632462756,0.5967068265300881,49.43168920250745,42.29066695797432,1.0053792074982653,365752400,75.72207454716786,21.58799456810266
2019-06-24 00:00:00-04:00,47.62556514576405,48.01417153393236,47.5368111055046,47.635162353515625,72881600,45.79498387665876,44.724777408652585,62.35284010342127,0.6377250329128117,49.098454229452614,43.43245346504608,0.967663580421801,292870800,69.61133143511518,21.441652871409637
2019-06-25 00:00:00-04:00,47.59918979216879,47.798289808005464,46.84596985359136,46.91313934326172,84281200,45.83883311064319,44.74655215427059,55.946253838781246,0.604997005381442,48.798883790311066,44.241528095268364,0.9665676071355367,208589600,62.682605916773284,20.462477909230778
2019-06-26 00:00:00-04:00,47.440864288560434,48.21327485447175,47.34011556173668,47.927818298339844,104270000,45.92075409839601,44.778206543763815,61.874760556387976,0.6534038861493485,48.64679432756562,44.94566070986928,0.9903938859980005,312859600,63.269081998351524,19.949022605997502
2019-06-27 00:00:00-04:00,48.04535977235812,48.35240823725896,47.872650272479156,47.913429260253906,83598800,45.99889822239044,44.80940278969904,61.747857478123834,0.6827354633578082,48.45992059185829,45.596941285583114,0.9539198916252724,229260800,62.351831116243815,19.60371159805731
2019-06-28 00:00:00-04:00,47.65915914381407,47.85586168561358,47.26815885310605,47.47685241699219,124442400,46.05685721041404,44.8359445770353,57.86971645505657,0.6631089399035801,48.3801914411539,45.92518575611173,0.9318734998768854,104818400,53.64436960423402,18.54033301035056
2019-07-01 00:00:00-04:00,48.73620172450343,49.05284366874094,48.13170579658035,48.347599029541016,109012000,46.146690222928825,44.87088641238361,62.87759298989942,0.7096365052649531,48.5455677776,46.046704154366154,0.977881910724876,213830400,53.82945012194194,18.652164659612502
2019-07-02 00:00:00-04:00,48.314018893927646,48.72661096961243,48.30202421469893,48.63065719604492,67740800,46.24410069246279,44.908297066947405,64.36064914347762,0.7605828389271423,48.796330850182095,46.04925325626322,0.9383608281669203,281571200,59.10813554379849,18.756008333927163
2019-07-03 00:00:00-04:00,48.76259268904688,49.040853149657444,48.621064986934755,49.03365707397461,45448000,46.35349506036521,44.949345425226284,66.41770349911758,0.8239785853186632,49.09727482943648,46.07518458218461,0.9013199234923324,327019200,57.89494196604947,19.11991521987921
2019-07-05 00:00:00-04:00,48.77938752178682,49.194377093814204,48.67143906259112,48.990478515625,69062000,46.45690617625775,44.98955570473274,65.97829849281919,0.8608131046423182,49.30663308156552,46.188224197894115,0.8742926454731004,257957200,63.45783870395968,19.588734959879805
2019-07-08 00:00:00-04:00,48.17008975928739,48.31161745661008,47.59438176256944,47.980587005615234,101354400,46.516658365644325,45.01931721021416,56.554247259678455,0.7993010764803898,49.19832448248987,46.52937581454788,0.9115643674432761,156602800,57.054822877624915,18.64284412003143
2019-07-09 00:00:00-04:00,47.78387649702628,48.337996174432476,47.6903238717533,48.273231506347656,82312000,46.58554358684838,45.051694466892116,58.408183299899,0.7653439083039117,49.11345558407095,46.8493241603952,0.8927149342458404,238914800,56.311357504130854,17.791553501482085
2019-07-10 00:00:00-04:00,48.419572227970285,48.870542208826045,48.350005275961514,48.75060272216797,71588400,46.67044786666484,45.08849952415854,61.30861250583415,0.7680983161706365,49.231713843270285,46.883948286449765,0.8716146319767367,310503200,55.933544034281866,17.539220255123304
2019-07-11 00:00:00-04:00,48.769775507795075,49.0288451427419,48.38597148807709,48.395565032958984,80767200,46.738099520245,45.12140564862422,58.06540489246772,0.7331809760020249,49.25972518903308,46.98003311174817,0.8552759907401706,229736000,49.45891938130172,17.459278514373107
2019-07-12 00:00:00-04:00,48.56348123724565,48.935294254071515,48.50351151389507,48.76737976074219,70380800,46.8176791375194,45.157683997998525,60.426402818489784,0.727129180923825,49.354318446164015,47.008255813276094,0.8327369357667678,300116800,60.58376824172782,17.385046897962212
2019-07-15 00:00:00-04:00,48.95690371258,49.38388803523281,48.93531548127198,49.22557067871094,67789600,46.91210625678181,45.19816048238373,63.17770667103211,0.7506522160603595,49.53245179653782,47.03577889600775,0.8172920313899,367906400,66.68616898579225,17.772826694805804
2019-07-16 00:00:00-04:00,49.07683267247292,49.4414496951831,48.815365499855545,49.05524444580078,67467200,46.9961508916453,45.23653942729335,61.46692624877159,0.7469402253960311,49.63128871560584,47.12628625591109,0.8036343288140184,300439200,67.48532161004425,17.943824433717364
2019-07-17 00:00:00-04:00,48.94731062488017,49.196783174073026,48.760205297919754,48.779396057128906,56430000,47.06608207460544,45.27179173206784,58.694857110892016,0.7135148316151643,49.491538681917994,47.514870518114556,0.7774160107668223,244009200,60.933509921214636,18.011953533990983
2019-07-18 00:00:00-04:00,48.93530758783078,49.38628120159084,48.86334316814913,49.3335075378418,74162400,47.15500072022255,45.31220681471236,62.36640847957424,0.7233982471244644,49.61536292351542,47.57847150845073,0.7652352346021875,318171600,60.661112179682306,18.293065093977592
2019-07-19 00:00:00-04:00,49.364684461868244,49.53500011636719,48.54190147109845,48.59707260131836,83717200,47.2115525586969,45.344892046419886,55.32745504640469,0.6641508626626447,49.59346558402588,47.69152129341553,0.7815111925069415,234454400,62.8289486395493,17.99418157896434
2019-07-22 00:00:00-04:00,48.85134451082072,49.710111552508515,48.841750963766714,49.70771408081055,89111600,47.30944124583861,45.38830321094119,62.247747059548836,0.698761481603178,49.66077654692071,47.92165855236315,0.8051917466985996,323566000,62.17285238449213,17.93960289865713
2019-07-23 00:00:00-04:00,50.00517339793182,50.11311820605167,49.72451177245239,50.0963249206543,73420800,47.418730801713735,45.435149198102515,64.32990512389283,0.7489152645030686,49.95827682581536,47.85732172561693,0.7766354880230654,396986800,62.45787999440509,18.37742937649011
2019-07-24 00:00:00-04:00,49.81565923649861,50.170679044292804,49.6957197660028,50.055538177490234,59966400,47.5221350125285,45.48112321779792,63.931363588390624,0.7764212486365807,50.185249913120465,47.820332769171195,0.7550871873278464,337020400,57.17870944719115,18.85204862832229
2019-07-25 00:00:00-04:00,50.108320604244945,50.1922797123863,49.59018112258681,49.65974807739258,55638400,47.60596297585651,45.52270157460981,60.043951956258,0.7575504162703055,50.27175392955122,47.81730755319618,0.7441594303615352,281382000,51.191622803372674,19.076824205710373
2019-07-26 00:00:00-04:00,49.77008000154202,50.30980760087417,49.6885220427725,49.83245086669922,70475600,47.69327622647779,45.565584652143045,61.15392595167539,0.7479093836058581,50.38839130689784,47.81293315599279,0.7374380084415394,351857600,59.72264156517311,19.442562767119785
2019-07-29 00:00:00-04:00,50.00517206679761,50.52810646834173,50.00037346248857,50.297821044921875,86693600,47.7954152389658,45.61267158142443,64.05187287716618,0.7689562311075235,50.52416746185135,47.98612153961349,0.7344535508130375,438551200,60.046197373678346,20.07112075900608
2019-07-30 00:00:00-04:00,50.0771296491696,50.41296238448018,49.72930589424204,50.08192825317383,135742800,47.885082415993566,45.65714179706373,61.7503924187745,0.7594606754653128,50.59122399099471,48.160224576713624,0.7308251893434022,302808400,49.72353346495177,20.044635767223685
2019-07-31 00:00:00-04:00,51.91460912083272,53.10200935598429,50.686429897756184,51.103816986083984,277125600,48.01130730109515,45.71133757008881,67.67159464123344,0.8248845045764739,50.971748609328046,48.09346186023576,0.894343468876764,579934000,64.1478495875218,22.404663061039
2019-08-01 00:00:00-04:00,51.31010488877279,52.30080610324223,49.59257442379039,49.99796676635742,216071600,48.08921551541916,45.75399059691735,57.32889602847429,0.7785261251887761,50.95794357280367,48.32092046121326,1.0239069124892695,363862400,52.51767721111735,22.911429031265396
2019-08-02 00:00:00-04:00,49.302325185624134,49.51821479790987,48.36679865203575,48.94010925292969,163448400,48.122583897282325,45.7856932701115,49.530338118262335,0.6489458710339306,50.94151420683609,48.36038042613917,1.0672827126201556,200414000,44.864533725781364,21.931786976861925
2019-08-05 00:00:00-04:00,47.4936360636799,47.65195339366566,46.19589002649284,46.378196716308594,209572000,48.054176556851985,45.79158882679008,36.55961599240674,0.335658394104847,51.54184722800424,47.38039754331738,1.1870638921784908,-9158000,41.320234547767456,21.503777247711838
2019-08-06 00:00:00-04:00,47.09063984703528,47.51282917529694,46.54611356220465,47.25615692138672,143299200,48.02288166918669,45.80616164365174,42.15058459136632,0.1564167872965001,51.69159675522202,46.99076967951105,1.1833187898077664,134141200,47.24854556991364,21.10633964207247
2019-08-07 00:00:00-04:00,46.87474066604032,47.87023672058071,46.49333406145598,47.74549865722656,133457600,48.012003904011785,45.825458529358954,45.05698755534547,0.05323860946754877,51.74212882468677,46.802384623392655,1.1971462090446925,267598800,48.838048533224764,20.388628828052166
2019-08-08 00:00:00-04:00,48.02376456461598,48.82256189914169,47.829463202753935,48.7985725402832,108038000,48.04284973288517,45.85504175334825,50.78714648935438,0.055800191760283724,51.717322979515224,46.75586580222306,1.1885688542497235,375636800,54.04426735593762,18.99747484670218
2019-08-09 00:00:00-04:00,48.47110209877175,48.82265398058782,47.98711110477218,48.39645767211914,98478800,48.05671671089435,45.88032947393304,48.69858846004685,0.025093690492099086,51.719708915898984,46.72673120861274,1.1633527129330032,277158000,48.946481726305926,17.705768445491618
2019-08-12 00:00:00-04:00,48.06657126313836,48.65169375794879,47.953399498178506,48.273651123046875,89927600,48.06522394274347,45.90414361969537,48.048712357509444,-0.009046611458735754,51.65224423454823,46.602987495594995,1.1301342519928093,187230400,44.54741182636002,16.47456998894936
2019-08-13 00:00:00-04:00,48.403679987994906,51.08126765927399,48.27365113393243,50.317962646484375,188874000,48.15356663700783,45.94806221697685,58.077931662756335,0.1273873659361584,51.69199611964259,46.59278730727798,1.2499544151524025,376104400,51.287500496791026,17.142852885283997
2019-08-14 00:00:00-04:00,48.9189611166812,49.70875305335615,48.781708873980634,48.82023620605469,146189600,48.179710541676336,45.976641062639324,50.401116680273915,0.11335162231171836,51.5657664150611,46.55431008233473,1.2704043692489269,229914800,49.065986914940254,17.763401289023303
2019-08-15 00:00:00-04:00,48.99120512730545,49.39573114261871,48.07860766376741,48.57704544067383,108909600,48.195292302421336,46.002515733067526,49.26247923104075,0.08166336756347192,51.482679732340024,46.49303641349331,1.2737414485062393,121005200,44.82117796496784,17.63152584484243
2019-08-16 00:00:00-04:00,49.18865071384114,49.88212807374593,49.08270237561469,49.72320556640625,110481600,48.25521046963643,46.03953752245398,54.48179240140892,0.1473373276617238,51.46611241850604,46.49503768728823,1.2759801045466581,231486800,45.41030658487197,17.84203815060376
2019-08-19 00:00:00-04:00,50.71527168637045,51.2233395654569,50.5732062354932,50.65026092529297,97654400,48.34913401691708,46.08541536725835,58.22501357010337,0.2710653611808098,51.545018005866275,46.46312408397747,1.2919910970112287,329141200,51.047809641817764,18.839440326568997
2019-08-20 00:00:00-04:00,50.77788385845239,51.37263647705554,50.64304181400587,50.652671813964844,107537200,48.43946883248758,46.130860705036525,58.23463263406975,0.36510653683846783,51.66234629322843,46.421894938054116,1.2518199231568319,436678400,46.44493713532453,19.846767747812248
2019-08-21 00:00:00-04:00,51.28593824887725,51.44485708837532,50.95123980751882,51.20166015625,86141600,48.54779006087042,46.181316420969004,60.466908784000346,0.4784187041959811,51.68977030570658,46.4075166815981,1.2189888768178068,522820000,54.95708051300348,20.823365265855053
2019-08-22 00:00:00-04:00,51.33408965862143,51.63507756301865,50.74656068137106,51.1583137512207,89014800,48.65016353892337,46.230838782464055,60.19334742359642,0.558286145408843,51.93636407417486,46.31563584444493,1.1953837343056486,433805200,57.21021732830281,21.4861104280309
2019-08-23 00:00:00-04:00,50.42872726224644,51.05960055305975,48.39886613281487,48.79376220703125,187272000,48.65579485924133,46.256340508081635,47.554465037903505,0.42587292180370895,51.9301351225003,46.30235185666636,1.3071025831699477,246533200,57.58130653892691,20.033525262670263
2019-08-26 00:00:00-04:00,49.56909940291515,49.88935099513385,49.37646639661162,49.72079849243164,104174400,48.697559707601734,46.29081272683138,51.825291305711694,0.3912287275375661,51.751063088279935,46.92710412770313,1.2919944549508515,350707600,56.76452158402308,18.684696180549672
2019-08-27 00:00:00-04:00,50.050686979684386,50.21683292459266,49.00806422575764,49.15976333618164,103493200,48.715685340095064,46.31935949906373,49.213344703888914,0.31487245201522995,51.61188040555179,47.320100999070604,1.2860497580854346,247214400,49.77471953500307,17.727950062588352
2019-08-28 00:00:00-04:00,49.145307064542024,49.53538621739055,48.957490903972825,49.4896354675293,63755200,48.746036325484646,46.35090453357582,50.783958667182304,0.27777545515206725,51.52173893588162,47.6427940434478,1.235467297752027,310969600,44.4348164249611,16.881175011383895
2019-08-29 00:00:00-04:00,50.20478537823817,50.402235218626586,49.76173203895499,50.32758712768555,83962000,48.80805792557096,46.39047351461174,54.62292548222284,0.31239047089678706,51.60886822946387,47.759533361519196,1.2124053301338313,394931600,50.148664449488486,16.027301117388806
2019-08-30 00:00:00-04:00,50.604498899890494,50.674326482082,49.891757874550635,50.262577056884766,84573600,48.86509789150484,46.4290019080672,54.26924765242974,0.33076450355715536,51.62228784309083,47.994929665860994,1.1817027070907982,310358000,55.66290252459063,15.460779396508926
2019-09-03 00:00:00-04:00,49.706358383697385,49.83879383287041,49.1742136799791,49.530582427978516,80092000,48.89119532430773,46.45986340577776,50.31855722860431,0.2829979832095759,51.521411889762355,48.26339645984702,1.1750356120775745,230266000,46.852929805737816,14.445867987281947
2019-09-04 00:00:00-04:00,50.1783119196286,50.440772577021576,49.920668099061814,50.37094497680664,76752400,48.949224722444946,46.49877964031536,54.42086947633267,0.30938649129722506,51.528844749902966,48.26302791041605,1.1561180790036807,307018400,54.67985302343278,13.848710514549945
2019-09-05 00:00:00-04:00,51.0475587296686,51.52191605519389,50.92957012499807,51.355770111083984,95654800,49.043599051411185,46.5471079037061,58.722427457612824,0.40509702553848115,51.74182219218121,48.38812165547504,1.155750436102507,402673200,62.12873574289043,14.118872892930712
2019-09-06 00:00:00-04:00,51.54117093752181,51.630262184002184,51.170351771311054,51.35094451904297,77449200,49.13408318739674,46.594907273012936,58.69319780324844,0.47508247350725696,51.83912753632699,48.66066952177848,1.1060475772874088,325224000,61.28636349088274,14.446775174384666
2019-09-09 00:00:00-04:00,51.73140127816905,52.11666733290454,50.82362424500518,51.570072174072266,109237600,49.229612167266374,46.64441140138169,59.67478225817733,0.541980600681633,52.0629335549059,48.6831123842217,1.119404399473977,434461600,61.66465608653227,15.096947036322574
2019-09-10 00:00:00-04:00,51.49542793877774,52.198535368222906,50.97773012034865,52.17927169799805,127111600,49.345285090040164,46.699484638163945,62.35321668672493,0.6368143592005779,52.38904911368574,48.5608649284692,1.126647317216854,561573200,62.28102358651392,15.758978246933435
2019-09-11 00:00:00-04:00,52.50914651439728,53.86720376365418,52.4272750137461,53.83830642700195,177158400,49.521482005215134,46.770517690789205,68.4910942880804,0.8362018195083181,53.23517056926585,48.13949475462738,1.166739084962517,738731600,64.85014478250551,17.399402169163825
2019-09-12 00:00:00-04:00,54.12967919974324,54.51975844711015,53.66254526569315,53.717926025390625,128906800,49.686048437378886,46.83964613192952,67.62948293994985,0.9732847057233514,53.81440344392226,47.895763995856385,1.1446300918521233,609824800,71.9101164792768,19.246694711852502
2019-09-13 00:00:00-04:00,52.97388532366072,53.16410811341554,52.256330996680475,52.67289733886719,159053200,49.80317976684902,46.89768843249607,60.51274070488899,0.9862301520583543,54.05015643638769,47.86195548174383,1.1672704444848396,450771600,72.74015177899504,19.46164049831851
2019-09-16 00:00:00-04:00,52.427291498880415,53.00519064944558,52.38635757276798,52.949806213378906,84632400,49.92657688239921,46.957908509917786,61.663928357334726,1.007223102543307,54.24636209046003,48.219889028517834,1.1280963467843228,535404000,72.4830000558762,19.661233014322658
2019-09-17 00:00:00-04:00,52.96424304289899,53.17132287538397,52.76197637165238,53.142425537109375,73274800,50.05268859434863,47.01944599277541,62.4832639873818,1.0275578889753305,54.49992980666101,48.422538251607214,1.0767570722805562,608678800,78.97069708791281,19.955933668560327
2019-09-18 00:00:00-04:00,53.22911979676367,53.66013662625414,52.8390405643594,53.640872955322266,101360000,50.193401706543675,47.08533083817389,64.59217229208797,1.071541827502024,54.71481878556001,48.805130555260305,1.0584955715387123,710038800,83.73964392371252,20.54934376978984
2019-09-19 00:00:00-04:00,53.45786308584325,53.87924618892398,53.06296706763722,53.20503616333008,88242400,50.311505018574515,47.14622342847395,61.34503046515336,1.0590232679836475,54.77678928305874,49.23854681720167,1.041194396520716,621796400,83.84574241502746,21.24165157515184
2019-09-20 00:00:00-04:00,53.30616738370734,53.590298225244,52.3646762594586,52.42728042602539,221652400,50.39447660318043,47.19877125929536,55.9405708165939,0.9751034458069512,54.77136557702784,49.523929629677895,1.0543677943253364,400144000,71.33038970141241,21.08025083963933
2019-09-23 00:00:00-04:00,52.72105687968682,52.935360186827914,52.40802862761659,52.66567611694336,76662000,50.48354325077898,47.253168322555545,57.185664308393235,0.9172593274704468,54.73791485167153,49.877793563042005,1.01672234896005,476806000,71.26917882987966,20.930378728092
2019-09-24 00:00:00-04:00,53.22189425113329,53.57344980178492,52.29726012839584,52.415245056152344,124763200,50.55929626275441,47.30453227015353,55.41409630724101,0.841509357229512,54.424605928433834,50.575724170036224,1.035255729276409,352042800,72.17283382411128,21.27691409399609
2019-09-25 00:00:00-04:00,52.624726698978954,53.33505742877218,52.28521145611944,53.221885681152344,87613600,50.663711534064134,47.36341140857143,59.74039722071855,0.8369186400067861,54.26786038953215,51.11259513618399,1.0362978895175756,439656400,72.08743010712269,21.58338928233821
2019-09-26 00:00:00-04:00,52.97387859627467,53.200222119962206,52.69215431918571,52.947391510009766,75334000,50.753267611552204,47.41897339963052,57.68899946598255,0.801887418957584,54.20582178599498,51.3868499262446,1.0001145661210797,364322400,67.47526147658448,21.867973385798752
2019-09-27 00:00:00-04:00,53.10389903932203,53.20503421362408,52.31892386733519,52.68974304199219,101408000,50.82920782451063,47.471418868708746,55.75375853501982,0.744749833291344,54.06910402666225,51.7020741553039,0.991971407561638,262914400,61.16236652502513,21.61489286578062
2019-09-30 00:00:00-04:00,53.19058526881853,54.076695641123095,53.16409818413681,53.929813385009766,103909600,50.950800199432166,47.53568150071174,62.30764285754349,0.7904197313343957,54.10638974484916,51.979420598575324,1.020184349816586,366824000,60.70620305457677,22.11899993870443
2019-10-01 00:00:00-04:00,54.19468357106685,54.95317167217063,53.98519347689506,54.0791015625,139223200,51.07347868425836,47.60079015804297,63.01783922607605,0.829102386622786,54.24392412230581,52.09519686971893,1.0204110596268916,506047200,59.81372985047564,23.201739144704252
2019-10-02 00:00:00-04:00,53.710703351981884,53.83591538249209,52.475447485978464,52.72346496582031,138449200,51.13818402863335,47.65176204667757,53.21290527845762,0.741818899303091,54.127695835499594,52.06277962836759,1.0620712751193662,367598000,51.222662336041424,22.41404311804945
2019-10-03 00:00:00-04:00,52.595840779341145,53.20504381911866,51.80123546710099,53.17133331298828,114426000,51.217915373117854,47.70668315380504,55.66704675937415,0.7007080135782289,54.037984105789384,52.07961232975749,1.0864810663263877,482024000,52.70249537319416,21.034920712291388
2019-10-04 00:00:00-04:00,54.331941625234634,54.77740530141983,53.91055845690742,54.66182327270508,138478800,51.35297058486638,47.77588852812245,62.68241424574906,0.7794128376335578,54.42994801225705,51.95283854780154,1.1235947036196137,620502800,54.4254327166925,20.92229283428002
2019-10-07 00:00:00-04:00,54.483635874503506,55.364925801166926,54.38009410896721,54.673858642578125,122306000,51.48320148909037,47.84452504667425,62.73369508993952,0.8331540502293535,54.73869402557831,51.87396619170684,1.1136830599467642,742808800,55.898389276714646,21.183544622941103
2019-10-08 00:00:00-04:00,54.375285098718564,54.91465319570747,54.01650611164179,54.03335952758789,111820000,51.583207686678506,47.9061054892704,58.15372207858951,0.8146704093268013,54.83927366887018,51.89217774714545,1.0982876330981157,630988800,49.31695642266692,21.0643459654658
2019-10-09 00:00:00-04:00,54.66663360595703,54.84963295173128,54.33193516189685,54.66663360595703,74770400,51.70412635017963,47.97337442575485,61.172036789569034,0.8414225213177531,55.04151330278943,51.8267061999775,1.078143761029921,705759200,48.95265072691426,20.953661497810163
2019-10-10 00:00:00-04:00,54.88334576021598,55.48773192375291,54.73165032972558,55.4034538269043,113013600,51.84919801593354,48.04730556407474,64.39036080795081,0.9115709740207834,55.456317438757274,51.705024419152885,1.0597833722274894,818772800,59.85492978865624,21.29026586386476
2019-10-11 00:00:00-04:00,56.09211155799021,57.2214188925984,55.93800588024177,56.87709045410156,166795600,52.04637026841072,48.13516412019441,69.78456690285756,1.0736973733335304,56.26667379290171,51.487976068751934,1.1139392074751047,985568400,66.98103225785465,22.573185665122583
2019-10-14 00:00:00-04:00,56.56165628390875,57.3394118222186,56.5062755277323,56.795223236083984,96427600,52.23259979655477,48.221333862641075,69.15780087947185,1.181952895308406,56.85165828412642,51.453597860079306,1.093881856547333,889140800,66.55986110536847,23.821823802048563
2019-10-15 00:00:00-04:00,56.920439825794084,57.22383439279084,56.55684766163505,56.66279602050781,87360000,52.406332981807836,48.30532851097806,68.09243973906963,1.2427349321338284,57.235680487528356,51.635915785258106,1.0633893475907945,801780800,60.94079844823678,24.981273500622684
2019-10-16 00:00:00-04:00,56.1932458916511,56.64352636932957,56.15231197080203,56.43403625488281,73903200,52.56428212977156,48.38621117509651,66.1954248936271,1.2579453223359778,57.535724627617725,51.7641583883328,1.0238961120275794,727877600,60.8139623196872,25.558380671200528
2019-10-17 00:00:00-04:00,56.607397900473124,56.862635062868605,56.22935899225592,56.65314865112305,67585200,52.72462983649123,48.46846925943508,67.13973552206498,1.273005787039608,57.79193903470669,52.00204493339227,0.9959946804979442,795462800,66.39956396436082,26.22958552428981
2019-10-18 00:00:00-04:00,56.48701077967433,57.20697529291118,56.414772935422135,56.92525100708008,97433600,52.88936007847511,48.5526163415012,68.3231356662373,1.2920042788120796,57.98286234052783,52.37585602291618,0.9814380859973085,892896400,66.38241501982611,27.065213676154574
2019-10-21 00:00:00-04:00,57.192522451883065,58.02806522366355,57.144365118829434,57.91248321533203,87247200,53.08634529952832,48.64574934522091,72.23062945135345,1.3709190080235771,58.47030802399603,52.41943298349094,0.9901078096106062,980143600,65.3506035663713,28.30690540790127
2019-10-22 00:00:00-04:00,58.06900752868315,58.319427901237304,57.6981882948495,57.780059814453125,82293600,53.27041253540773,48.736638006606306,70.96607652362003,1.4065600885832836,58.83270130947599,52.5505007982714,0.9637600808089773,897850000,73.4201299106557,29.613044727453605
2019-10-23 00:00:00-04:00,58.29533908685675,58.569839910082464,58.08344242536013,58.555389404296875,75828800,53.47766653026613,48.8343370254888,73.85245235812454,1.4803044911907293,59.096947893184485,53.063844139693124,0.9513329390104318,973678800,80.58030556732894,30.957458672673308
2019-10-24 00:00:00-04:00,58.87565141775758,58.94548268184734,58.225518160528814,58.65171813964844,69275200,53.68057051494779,48.9320224097093,74.19568896759866,1.5288962215101805,59.28689038292047,53.60461962684516,0.9348066234610098,1042954000,79.67708399369779,32.400232068646616
2019-10-25 00:00:00-04:00,58.55058944666946,59.410209189237406,58.483168434474706,59.37409210205078,73477200,53.90384587130477,49.035923600677876,76.66904205676572,1.607168620083037,59.779070336440085,53.74074218390497,0.9342519185539878,1116431200,79.0147946067692,33.96915272161661
2019-10-28 00:00:00-04:00,59.57635207933633,60.01699889123348,59.40779955750476,59.968841552734375,96572800,54.141688839203965,49.14470885393217,78.49654756015063,1.6976222375939969,60.30702960442793,53.91878063727129,0.9134415521703242,1213004000,87.3450862502861,35.70165916506827
2019-10-29 00:00:00-04:00,59.94958137919984,60.13739758221975,58.40852441232632,58.58189010620117,142839600,54.31581437908621,49.23861115494978,65.59333809856943,1.6385043326430235,60.223471729681926,54.60880925583239,0.9716866677219743,1070164400,77.04210153740134,35.83647727938957
2019-10-30 00:00:00-04:00,58.935846792440884,59.06587564349659,58.08104395955555,58.57466125488281,124522000,54.48282798205863,49.331507175844635,65.53287378559834,1.5729378111928582,60.1162582068021,55.23709313190233,0.9726255974519075,945642400,67.95115282198495,35.52921939295184
2019-10-31 00:00:00-04:00,59.533007204842754,59.997730814775515,57.12991687660738,59.89900588989258,139162000,54.69522711569918,49.436656416780444,70.83673282818077,1.6092885380780686,60.32824322905047,55.62451505138573,1.107996193217352,1084804400,67.42964776047916,34.10726161541239
2019-11-01 00:00:00-04:00,60.08682455950664,61.62547480632661,59.99532672153504,61.59899139404297,151125200,54.96596296975188,49.55767467526067,75.9522566587548,1.75504036103343,61.17425899762871,55.40808607479967,1.1521728163042577,1235929600,68.9529540107505,33.88570496702473
2019-11-04 00:00:00-05:00,61.962571932415216,62.08778760603548,61.4930352013522,62.003509521484375,103272000,55.24194518746688,49.68151382795942,76.9867081594298,1.8815021770931182,61.94115282920334,55.335630414611764,1.1123570726170449,1339201600,75.58618980616237,33.940279190022466
2019-11-05 00:00:00-05:00,61.895176620402594,62.1696812357139,61.719404310780405,61.91444396972656,79897600,55.50361180637903,49.803234525887454,76.20938657066422,1.9520353829587052,62.48694897825178,55.490053992125816,1.0650656334967914,1259304000,80.88448659063936,34.037520355964475
2019-11-06 00:00:00-05:00,61.82773476760937,62.001104111421654,61.49062975140166,61.9409065246582,75864400,55.75605473650762,49.92400738159662,76.28599852044138,1.9871619972586672,62.86053513202397,55.85071720765703,1.0254519711055914,1335168400,75.44325744243955,33.84622605949451
2019-11-07 00:00:00-05:00,62.48914366890488,62.877983882065635,62.336989123337645,62.65578842163086,94940400,56.02663252808109,50.05069177005467,78.31737296649906,2.0490647438646263,63.305526068405506,56.206078240676526,1.01913949869858,1430108800,75.56274053547179,34.194962852506265
2019-11-08 00:00:00-05:00,62.47706191046912,62.89971008902826,62.0326784243177,62.8272590637207,69986400,56.293323764772836,50.17782179287722,78.78676128723822,2.0878914513281472,63.66500941819349,56.63352929844062,1.0082746534137212,1500095200,70.08594320429806,34.13653716937767
2019-11-11 00:00:00-05:00,62.38289069307961,63.390004530264655,62.378063079785434,63.324798583984375,81821200,56.569067875330155,50.30863748234097,80.13083326414505,2.1342073639051904,64.14251848061922,56.87766228516855,1.0085365674898283,1581916400,70.22594953893392,34.38082052817319
2019-11-12 00:00:00-05:00,63.1678014762245,63.46728298393451,63.01565428641184,63.266822814941406,87388800,56.8317249317855,50.437574649829536,79.49874252847295,2.1415484606854136,64.43935743548033,57.31239173037254,0.9687574339207458,1494527600,70.61362878235957,34.65464940493012
2019-11-13 00:00:00-05:00,63.06634783446359,63.947869606627066,63.05185763100655,63.87300109863281,102734400,57.10785340891677,50.57126048514102,81.17115000562845,2.171251023976531,64.85739257405692,57.60337148437408,0.9635613297564437,1597262000,71.45143946759731,35.19981027160218
2019-11-14 00:00:00-05:00,63.699121710448345,63.97203287087934,63.30062630937287,63.43104553222656,89182800,57.35582172747794,50.69921854531103,76.28503306004626,2.1345229469103586,65.05148430873835,58.046523402036385,0.9426931320243025,1508079200,65.45252251910708,35.72069125517874
2019-11-15 00:00:00-05:00,63.68220343379087,64.18938266471842,63.5203937054578,64.18455505371094,100206400,57.62361519125178,50.83340099813093,78.64524778039532,2.1415313617842173,65.39771576074438,58.34168701025172,0.9295248463434138,1608285600,65.6994450979582,36.34116173894639
2019-11-18 00:00:00-05:00,64.19422230583804,64.5878901034768,63.815052084735555,64.50819396972656,86703200,57.8935986727606,50.9694685898881,79.58504487381742,2.1484347187403827,65.77419404997258,58.57045570995581,0.9183329300861157,1694988800,74.36976891377286,37.1623129004638
2019-11-19 00:00:00-05:00,64.70141683000237,64.72556963603644,64.09522340983646,64.31258392333984,76167200,58.14532358454802,51.10223590663887,77.36878621202938,2.113755524977286,65.74396159892218,59.36478066995802,0.8977624512371057,1618821600,82.36419025477194,38.008422505736895
2019-11-20 00:00:00-05:00,64.1314193601943,64.2618311859174,62.890037932428314,63.56386184692383,106234400,58.357815281111776,51.22623218465166,69.40213214532372,2.0027697172154433,65.29098580665,60.482983207835666,0.9352469897852789,1512587200,73.82640571428865,36.93566200074347
2019-11-21 00:00:00-05:00,63.68464454827351,63.76193057545326,63.07844378883424,63.27890396118164,121395200,58.55079915091844,51.34615926700519,66.59168821398234,1.870259754810455,64.91128018254514,61.31334190811241,0.9172641181305462,1391192000,63.77971622106155,35.939527246106714
2019-11-22 00:00:00-05:00,63.41897570562695,63.56146766625346,62.99632743633783,63.223350524902344,65325200,58.734036459702125,51.46434027454646,66.03030381513369,1.740696293567055,64.8274518148707,61.61375149323478,0.8921124118294811,1325866800,57.460042077744724,34.89498089900361
2019-11-25 00:00:00-05:00,63.44795439446141,64.34880162010587,63.40206627969878,64.33189392089844,84020400,58.95356028170983,51.592375634211656,71.24043929987363,1.7077802766772763,64.93142879034059,61.82022577102009,0.9087794606419132,1409887200,57.692967317400104,34.61755416426518
2019-11-26 00:00:00-05:00,64.4695720222863,64.52270525227578,63.39725219551849,63.82956314086914,105207600,59.14477608010823,51.71413869397939,66.27955909995698,1.6224575200042892,64.86000063680217,62.14700314737751,0.9242561460787261,1304679600,56.23952826778629,34.50025950332561
2019-11-27 00:00:00-05:00,64.14109019477613,64.72072793178671,64.07588426604244,64.6869125366211,65235600,59.36211476467736,51.84322102077185,70.10579621911221,1.6055122063745628,64.88171317622913,62.49142474287895,0.9218924778529293,1369915200,55.27730685678063,34.552870428006536
2019-11-29 00:00:00-05:00,64.38743619101386,64.72555327883829,64.21837396190178,64.54441833496094,46617600,59.565342355668875,51.969601093549855,68.71031308064642,1.5625724692800915,64.94290391645292,62.68205132443249,0.8922701092160426,1323297600,60.12554562472161,34.6058156055978
2019-12-02 00:00:00-05:00,64.54924801440131,64.7859336686597,63.62667293887163,63.79814529418945,94487200,59.73133462776772,52.08729805077015,61.77496275881599,1.451591378910578,64.87836229932323,62.876044438958026,0.91134086782833,1228810400,52.87578085499499,33.64414294951465
2019-12-03 00:00:00-05:00,62.38529677192378,62.67994327780828,61.89744258399069,62.66062545776367,114430400,59.846208777963646,52.192505288650686,52.994399772366116,1.2573557071522359,64.97651009530628,62.68934022614554,0.9820095708547897,1114380000,44.918077477350224,31.873914398065654
2019-12-04 00:00:00-05:00,63.05188192035558,63.592869378884906,62.9576881912002,63.21369171142578,67181600,59.97826693221706,52.30216883514596,56.25041671244167,1.134967167381248,64.98026557629994,62.67850059801647,0.9784548815881072,1181561600,43.30109050680425,29.924059595222378
2019-12-05 00:00:00-05:00,63.70879452854286,64.21597392512254,63.4527910239609,64.14109802246094,74424400,60.141515210265844,52.41996912556701,61.11451302303751,1.1001257417471635,65.00857286227712,62.6859395685497,0.9801568338815824,1255986000,49.99394170021662,28.68043751174871
2019-12-06 00:00:00-05:00,64.5999751073708,65.45009920383288,64.55649711525137,65.38005828857422,106075600,60.34694827216029,52.54892523664171,66.47675396489154,1.159125720193913,65.34154312087794,62.6128376774619,1.0036457158451795,1362061600,50.31590318544034,28.467287500116406
2019-12-09 00:00:00-05:00,65.208571549437,65.40177918364618,63.979270103563984,64.46471405029297,128042400,60.50842928306746,52.667490299464106,59.90428658323118,1.1191224510207078,65.37861039085661,62.61312494036083,1.0335645275763954,1234019200,41.66989767277305,27.63597915465146
2019-12-10 00:00:00-05:00,64.87046448237331,65.22548927689962,64.20871312410253,64.84148406982422,90420400,60.67835300019517,52.78862456583585,61.58775470501778,1.1050830542120522,65.4431108688989,62.59306314233155,1.0323653579493024,1324439600,42.35429871630353,26.86404997671972
2019-12-11 00:00:00-05:00,64.92118255574232,65.47425001658583,64.84631403047881,65.39454650878906,78756800,60.86330176523807,52.914056624969724,63.97859264334018,1.125608928718563,65.66882214391045,62.511613545379916,1.0038225428644671,1403196400,49.67572619889089,26.34959377991592
2019-12-12 00:00:00-05:00,64.67242823883937,65.8268614655368,64.56133418960256,65.56119537353516,137310400,61.04753288713208,53.03989880157237,64.6917244881321,1.142156928682411,65.93340159408417,62.5133452320877,1.0225157380837362,1540506800,59.99156694416234,26.155486573297676
2019-12-13 00:00:00-05:00,65.56118520208942,66.48859520359403,65.43318347358382,66.4523696899414,133587600,61.259487271555976,53.17335622334719,68.30532726200838,1.2131966812029304,66.39253809233972,62.47733749766678,1.0248654517927698,1674094400,67.02467805162752,26.470606605128783
2019-12-16 00:00:00-05:00,66.89918032393605,67.81451774298293,66.8943527115529,67.58990478515625,128186000,61.507738938755985,53.3168044677433,72.21437441780512,1.3457725441212887,67.12523567826098,62.326847146446035,1.0489570661676806,1802280400,68.23736230231884,27.575826313803493
2019-12-17 00:00:00-05:00,67.51985468817774,68.05117936570748,67.33388478620337,67.72272491455078,114158400,61.75146387898323,53.46014695975134,72.63870570326137,1.4449014208993844,67.7636796796647,62.14051394419596,1.0252668885488543,1916438800,76.08369051539381,28.728719088780327
2019-12-18 00:00:00-05:00,67.57542618415992,68.08260564672447,67.41119889011864,67.5609359741211,116028400,61.97928631408668,53.600453318103284,71.21208606841597,1.4931941419773125,68.22350256948513,62.178207432142464,0.9999911648386385,1800410400,68.61011588325695,29.8167400598473
2019-12-19 00:00:00-05:00,67.50294056744475,67.90868098156642,67.37011125330669,67.62852478027344,98369200,62.200825077466554,53.74003611872189,71.46422528289355,1.5194055616376545,68.6348245456523,62.15910042179561,0.9670324907972879,1898779600,62.93469557130796,30.76448494840354
2019-12-20 00:00:00-05:00,68.16228839852033,68.26371983787888,67.27593151247044,67.48846435546875,275978000,62.408183480525466,53.87683639968455,70.09417200200176,1.5114534997160547,68.95512797995788,62.231336456891064,0.9685150504123705,1622801600,72.7197795095685,31.86236092807982
2019-12-23 00:00:00-05:00,67.75172366546943,68.65015340858781,67.71308065421263,68.58977508544922,98572000,62.650598837581306,54.02323379954291,74.27103472952032,1.5758525578703058,69.43820285589561,62.38714555312132,0.9823131934628485,1721373600,79.1536387170251,33.109182960309774
2019-12-24 00:00:00-05:00,68.75642235004993,68.8047279584797,68.32894646001048,68.65498352050781,48478800,62.88606490357843,54.168823349005244,74.49814912555416,1.613551039188195,69.62526338477251,62.999332765943635,0.9461323581061606,1769852400,78.975848459776,34.35681363730582
2019-12-26 00:00:00-05:00,68.78781107661511,70.03402042966727,68.758830663586,70.0171127319336,93121200,63.165713838023734,54.32651777072593,78.72316691420355,1.7333587204576872,70.12036064576206,63.411358307688445,0.9770541117528243,1862973600,79.30495682468252,36.13429389818156
2019-12-27 00:00:00-05:00,70.30935415003394,70.99766856272544,69.5848142146537,69.99055480957031,146266000,63.433354660437324,54.482378835789056,78.45026177710558,1.805353180973654,70.55879270438861,63.75285382067649,1.0081827000613177,1716707600,79.91759335967868,38.16017070622105
2019-12-30 00:00:00-05:00,69.90844323563087,70.68853390914015,68.88442912186885,70.40596008300781,144114400,63.706790167204794,54.64082243028875,79.63921886799642,1.8743230145185237,71.11126357162068,63.87050319270223,1.0650342777191735,1860822000,78.66002454522301,38.96429361820833
2019-12-31 00:00:00-05:00,70.02192726243074,70.92760185239203,69.92290595614713,70.92035675048828,100805600,63.98967513125513,54.80280784641014,81.03461247187445,1.9480338944507736,71.5351975656988,64.30732155865017,1.0607243933281538,1961627600,78.89088517452466,39.828753795791485
2020-01-02 00:00:00-05:00,71.54588979671196,72.59889150198023,71.29230380764884,72.53851318359375,135480400,64.32492368232724,54.979282526382114,84.60816207830324,2.1126684714607933,72.32837142858116,64.5404182442704,1.104853704625568,2097108000,79.69870952542895,41.32021515207256
2020-01-03 00:00:00-05:00,71.76568192376371,72.594070846621,71.6086997390569,71.83330535888672,146322800,64.61937002258448,55.14698424610853,77.73384521160014,2.161323786845742,72.74211678253116,64.98517407033341,1.0963192334068912,1950785200,71.3713801177502,42.70514355433357
2020-01-06 00:00:00-05:00,70.95418053006813,72.4443131708714,70.70300468370534,72.40567016601562,118387200,64.92471512624844,55.318712464217064,79.21025505006783,2.220472308734884,73.14708073620025,65.49280675566172,1.1423898943896884,2069172400,64.34441389206306,42.726150733513215
2020-01-07 00:00:00-05:00,72.41532188246822,72.67132530208438,71.84535422985819,72.06513214111328,108872000,65.20473147977256,55.485343505778225,75.98212861405689,2.214343789040612,73.42290026566623,65.96535555301865,1.1197885499494389,1960300400,64.11451270148217,42.863269291003995
2020-01-08 00:00:00-05:00,71.76810120120939,73.52631792855652,71.76810120120939,73.22442626953125,132079200,65.51922931466505,55.66185179198473,79.10418752518447,2.2767868589084657,74.00448898372865,66.13503636620625,1.1653905626207026,2092379600,64.66424302267788,43.405262992215576
2020-01-09 00:00:00-05:00,74.20253438813242,74.97296230565743,73.9513658951312,74.77975463867188,170108400,65.88238717050847,55.852079681006494,82.40812519204454,2.4238349817402565,74.90411624480497,66.1763464016794,1.207043810728237,2262488000,72.11459000815105,44.47637521345853
2020-01-10 00:00:00-05:00,75.01402769601006,75.51396196419593,74.44647000292952,74.94881439208984,140644800,66.23793333606068,56.04209694181329,82.7278105872454,2.5249078220464725,75.60320600905729,66.46230709315626,1.1970758214809638,2403132800,77.96740118036944,45.65132216421687
2020-01-13 00:00:00-05:00,75.2651887494365,76.5766038580251,75.14684225138329,76.55003356933594,121532000,66.6423294236401,56.24615601273392,85.4286863725366,2.7030546504194604,76.57738202130528,66.6776655861166,1.2278410817991272,2524664800,76.27534694949874,47.059902330884675
2020-01-14 00:00:00-05:00,76.48726853727727,76.69738393857047,75.39321353332888,75.5163803100586,161954400,66.99033141918594,56.43789953808044,77.05238866054658,2.729367664496735,76.9397188657087,67.3857175356585,1.2332931763307318,2362710400,67.72769829420012,48.40184403862808
2020-01-15 00:00:00-05:00,75.31590787968373,76.19742976100052,74.76042298692015,75.19273376464844,121923600,67.3119942562629,56.624514804016435,74.58641248874225,2.693061410769616,77.19515455611668,68.01067633581042,1.2478441475985633,2240786800,62.28962405868786,48.7958967495273
2020-01-16 00:00:00-05:00,75.73614811924845,76.24574496948411,75.3738782015038,76.1346435546875,108829200,67.65798050325995,56.818645438351474,76.90315829542632,2.7090642845674893,77.49062843072933,68.71249046575504,1.2339275088297852,2349616000,62.783400093445735,49.18115473849634
2020-01-17 00:00:00-05:00,76.3833883085302,76.97992629479913,76.07666915290817,76.9775161743164,137816400,68.0234524903602,57.01923121681879,78.76838947474945,2.7579673230454347,78.02336274346325,69.10780994533883,1.2103081969055833,2487432400,62.865578579472356,49.8260862585248
2020-01-21 00:00:00-05:00,76.60559336877427,77.04755940221253,76.31819199284013,76.45585632324219,110843200,68.35413499361047,57.212630471609074,74.7451732700991,2.7232379511342515,78.23312307275836,69.76008981786663,1.175955283510356,2376589200,63.61032132937617,50.45071761215008
2020-01-22 00:00:00-05:00,76.94129287751667,77.28182746630861,76.63457368368562,76.72876739501953,101832400,68.68255195052848,57.406820888757444,75.45159351553573,2.686764962329846,78.3917749155281,70.44447895003178,1.1509564163357895,2478421600,63.80198299391105,51.12304545435556
2020-01-23 00:00:00-05:00,76.78190007438859,77.17797799443389,76.23366024847726,77.09828186035156,104472000,69.0125805744431,57.60275582379819,76.41359441698565,2.657047792126903,78.5400264215148,71.11995079202688,1.1361965113087062,2582893600,57.32297984467649,51.12655006903942
2020-01-24 00:00:00-05:00,77.34463502870749,78.08849275649891,76.68530106036428,76.8760986328125,146537600,69.32095383163407,57.79453037911177,74.52253870103411,2.5857613438493843,78.74491418794474,71.49340775215941,1.1552675959391292,2436356000,65.40806536158621,51.539134379538396
2020-01-27 00:00:00-05:00,74.8836004716033,75.29658608064733,73.63256355928529,74.61552429199219,161940000,69.52858404576577,57.96190345287177,58.625608568346244,2.320112055545451,78.49790920368854,72.11137526082969,1.3044295586239922,2274416000,63.72032628790035,48.586554006919734
2020-01-28 00:00:00-05:00,75.49704725649863,76.89782122944564,75.39802593452413,76.72634887695312,162234000,69.8108493332633,58.14861435261388,65.93321026141777,2.2539271150130844,78.44978330537631,72.73559165393357,1.3742772285403824,2436650000,64.87224783129562,46.76803501931171
2020-01-29 00:00:00-05:00,78.35899827586796,79.1801420756795,77.61755062731045,78.33242797851562,216229200,70.14502888797908,58.34944831904077,70.24019038936578,2.304507307996829,78.49003235115764,73.53098205313923,1.451385512125096,2652879200,66.58981805798072,46.07299498242135
2020-01-30 00:00:00-05:00,77.41467418230894,78.27204343737134,76.98236331753509,78.21891021728516,126743200,70.46165168520677,58.54715440758052,69.57069197808384,2.3088179248745746,78.565002254054,74.12194334327673,1.4441483084719131,2526136000,59.239937754200966,44.9240480041943
2020-01-31 00:00:00-05:00,77.50885574859744,77.93150399168975,74.4561316996704,74.75077819824219,199588400,70.62985272493366,58.70838449504979,52.961729134278535,2.0092237693437482,78.5685497822522,74.1145322896879,1.6097647519821165,2326547600,50.49956904697558,42.1807449609402
2020-02-03 00:00:00-05:00,73.49248476536589,75.71199229580401,72.99014040911702,74.54548645019531,173788400,70.78340698866941,58.865967599081095,52.16780445050788,1.7352253169401592,78.61674775564474,74.01255725737609,1.689199547318179,2152759200,43.345637186747915,39.47373969599692
2020-02-04 00:00:00-05:00,76.151548831137,77.19730542119127,75.74580830506335,77.00650787353516,136616400,71.02745016062494,59.04647048738412,59.923720964106124,1.6971003145890649,78.67076841959693,74.01939983398381,1.7579580775808776,2289375600,50.682070880810365,37.09028335425405
2020-02-05 00:00:00-05:00,78.13436438960977,78.4338458330259,77.03065443292134,77.63443756103516,118826800,71.28654770573907,59.231425383639355,61.63314315211084,1.6979813810993107,78.85044430363118,74.12213158341308,1.7343423548601538,2408202400,56.68297894634907,35.42694053891387
2020-02-06 00:00:00-05:00,77.90495019793212,78.54495899553537,77.34705504130429,78.54254150390625,105425600,71.57109648213778,59.42357579279624,64.02312504209789,1.7517628003765395,79.17355910046419,74.24565781848113,1.6960253262437914,2513628000,56.67630783708312,33.930871569498755
2020-02-07 00:00:00-05:00,78.04141124169928,78.29076000098544,76.98349458931148,77.47492980957031,117684000,71.80261935772337,59.60319125564972,59.34287140622127,1.688770525898832,79.270226256279,74.32769549665069,1.6862411539831472,2395944000,50.261721879347235,32.32097726765925
2020-02-10 00:00:00-05:00,76.05871954270658,77.8428955078125,75.97883426440146,77.8428955078125,109348800,72.03949293223667,59.784680850198605,60.41691246509444,1.6495257451746568,79.38171728055976,74.33158838350273,1.6989425889422827,2505292800,50.277364470416565,30.234550883453625
2020-02-11 00:00:00-05:00,78.33919062909048,78.4118136218486,77.15538413187909,77.37326049804688,94323200,72.24866028775864,59.95969159296327,58.30005809936313,1.5625166341966263,79.44552360031675,74.39010262038637,1.6673345104442272,2410969600,50.11156161398752,28.597313256151494
2020-02-12 00:00:00-05:00,77.8235202802382,79.21551716925477,77.8235202802382,79.21067810058594,113730400,72.52168059414403,60.151243697516726,63.66418937785947,1.6231152689982054,79.85314910732842,74.31339854078357,1.6798289504987747,2524700000,55.68219024263989,27.486823157389814
2020-02-13 00:00:00-05:00,78.48200469564426,78.97343988034811,78.27865296968668,78.64662170410156,94747600,72.76187436316198,60.335277309522546,61.067193566309044,1.6070998399180922,80.06421741510853,74.30877554550345,1.6264143919559524,2429952400,49.51402694706925,26.455653779968255
2020-02-14 00:00:00-05:00,78.61514926442095,78.91534147799902,78.15760972810558,78.6659927368164,80113600,72.99340841703078,60.51767248790358,61.12584139894135,1.5777828785486037,80.2693239546476,74.34232155316491,1.56436563180863,2510066000,51.51550498242599,25.411767491759637
2020-02-18 00:00:00-05:00,76.34438007526671,77.40714314738784,76.16281523598434,77.22557830810547,152531200,73.1593758637396,60.68392030701007,54.545957938336606,1.421928462894158,80.07460815362099,74.88504455633996,1.6314236224531613,2357534800,43.03755696219667,24.02539275118381
2020-02-19 00:00:00-05:00,77.46765770370357,78.57399446337855,77.46765770370357,78.34400939941406,93984000,73.3626948259229,60.859642586536474,58.299498245405225,1.3728355637491347,80.1826900388697,74.9926507407527,1.61120880336887,2451518800,38.90940732279094,22.57202685838866
2020-02-20 00:00:00-05:00,78.10436411115981,78.59337615293093,77.03433859303921,77.54029846191406,100566000,73.52652241949119,61.02561926191336,54.79758544815692,1.254613923379111,80.0991667360262,74.97055677471599,1.607482285977645,2350952800,39.51996138632155,20.961525848719344
2020-02-21 00:00:00-05:00,77.13359500928858,77.57661741601534,75.16785392447004,75.78517150878906,129554000,73.6150968935813,61.172480478300194,48.014787749656456,1.0076824091831753,80.0487961846505,74.69642883162554,1.664716657803906,2221398800,41.17425134842711,20.466237058279034
2020-02-24 00:00:00-05:00,71.96262546916086,73.63785968182607,70.01867143670297,72.18534088134766,222195200,73.55902803035644,61.28206117882803,37.705841140119375,0.5155680114368124,80.72114217908248,73.6820245282743,1.9577011873954906,1999203600,40.19418236121912,21.814687436761595
2020-02-25 00:00:00-05:00,72.8559159017165,73.23840922009403,69.26819314550896,69.7402572631836,230673600,73.40927231399674,61.366222333896246,32.58793364344682,-0.07091652626857581,81.87535238729306,71.8871170951288,2.1014522507661746,1768530000,30.635302667530553,23.258226404650458
2020-02-26 00:00:00-05:00,69.36503539122887,72.11271828103145,69.35777309270347,70.84660339355469,198054800,73.30877549358725,61.4605544837436,36.7699823829078,-0.441349261634727,82.29926201161503,70.64188687347611,2.148130317734875,1966584800,33.02395150385253,24.598655446261546
2020-02-27 00:00:00-05:00,68.0505119290574,69.23673421957639,66.07992440892687,66.21549224853516,320605600,73.03060752319304,61.507867297323614,28.734181784533448,-1.095978085679448,83.41247627884898,68.0061465645755,2.335169508227228,1645979200,24.72671629275264,26.60060393771687
2020-02-28 00:00:00-05:00,62.279149784822394,67.39927568012675,62.063689342092786,66.1767349243164,426510000,72.76182820559004,61.55432369162205,28.677696767586397,-1.599465890088851,83.75688642257695,66.01296221023556,2.5494849960705657,1219469200,22.02355430664589,29.117338783780973
2020-03-02 00:00:00-05:00,68.33617091013136,72.9745487284491,67.2322571583197,72.33786010742188,341397200,72.74520200566188,61.66162256143101,46.636260932271114,-1.4842230910155934,83.38461001234374,65.70029599351564,2.852937053789289,1560866400,33.12460808086436,28.851435841776315
2020-03-03 00:00:00-05:00,73.51440897960677,73.5942942720579,69.18831712034967,70.04046630859375,319475600,72.6391339391102,61.744994141004774,42.35375237716947,-1.5602868068502858,82.94425592031362,65.10032619231657,2.9638684893549274,1241390800,38.203418270460965,28.369432712525814
2020-03-04 00:00:00-05:00,71.76411894811032,73.44903883256075,70.962813265488,73.28926086425781,219178400,72.6646291126454,61.859862466609286,49.42622643360566,-1.342936741518514,82.49381251876687,65.00623630935812,2.9956330632557893,1460569200,40.25863985969496,27.921858378221778
2020-03-05 00:00:00-05:00,71.54138326049582,72.51699133415363,70.54641152199336,70.9119644165039,187572800,72.59589716377711,61.949933132777396,45.068872940507134,-1.346985988255824,81.52898689306892,64.86456677717848,2.977577083184979,1272996400,39.147870709825185,27.61777421907033
2020-03-06 00:00:00-05:00,68.26839282499563,70.40359752261656,68.08198888011519,69.97026062011719,226176800,72.49293102481006,62.02973738638277,43.435353298724685,-1.4099298777104252,80.5520353607541,64.68467016496203,2.967034115556675,1046819600,37.503563343910685,27.95305336235555
2020-03-09 00:00:00-04:00,63.850297174318,67.32181576257562,63.66873234822989,64.43614959716797,286744800,72.17697881196136,62.05368178649009,35.33094751866531,-1.8846448598521732,79.88208911931808,63.457303987778275,3.205212269580291,760074800,36.37720724817493,29.131233463638097
2020-03-10 00:00:00-04:00,67.09186034094932,69.34326197621986,65.2108433903716,69.07696533203125,285290000,72.05540965588568,62.12356520485368,44.65651857132421,-1.8648875951040225,78.86106177209537,63.39184960485777,3.326776563113977,1045364800,39.52148583734155,29.38691111414588
2020-03-11 00:00:00-04:00,67.15237416724361,68.07956216167183,65.81362880191305,66.6778793334961,255598800,71.8445261138312,62.16888176334764,41.337856262332,-2.0195360559952604,77.33372626613043,63.36370110203363,3.322245132185707,789766000,38.0703313911996,29.62432607533168
2020-03-12 00:00:00-04:00,61.95960486263178,65.36333966293708,60.03743791262368,60.093116760253906,418474000,71.38368653133797,62.14822738520741,33.892847045686125,-2.642964929419449,76.77729653564907,61.593839938960315,3.559259152806186,371292000,35.80116156934611,30.864438473291703
2020-03-13 00:00:00-04:00,64.12629743078345,67.76485728131117,61.23578029525555,67.29278564453125,370732000,71.22325904558085,62.19941701962855,45.45918766185812,-2.52695453544284,75.37906579836768,61.859752561007305,3.8530078219669766,742024000,43.49479395569497,31.105212881845322
2020-03-16 00:00:00-04:00,58.572812608634756,62.71975075656297,58.10074479595678,58.63575744628906,322423600,70.72963153188314,62.16395772039134,37.062259960843484,-3.097855142466898,75.8165827794393,59.615624455261205,4.234367323867512,419600400,43.03351768200942,31.83939611883662
2020-03-17 00:00:00-04:00,59.9188176066588,62.363888604538765,57.71340983694092,61.21398162841797,324056000,70.35646879057079,62.154505221963745,40.58232682027127,-3.3041684452080347,75.77941756050595,58.515952922892495,4.264089569848251,743656400,44.14475614084225,32.58082808738132
2020-03-18 00:00:00-04:00,58.04507418797264,60.521617752082875,57.403542823432716,59.71546936035156,300233600,69.93917469526806,62.13023620841537,39.20968437775587,-3.547695020646316,75.53718423915642,57.274035039814926,4.231685943786608,443422800,44.73416557929375,33.319377815254924
2020-03-19 00:00:00-04:00,59.88977278720958,61.20914333463061,58.73259973445275,59.25792694091797,271857200,69.52030223431316,62.101656016698975,38.778397659433494,-3.734561732632301,75.74683523405814,56.13670867056426,4.10631863352884,171565600,52.66630991990101,33.71754091874869
2020-03-20 00:00:00-04:00,59.8389270162078,60.96463122654848,55.195710672226056,55.49589920043945,401693200,68.9703256447495,62.0359270931541,35.33669044412021,-4.138512945165118,76.32900086513519,54.13043160963696,4.225075913585525,-230127600,43.90370947729127,34.67658782787535
2020-03-23 00:00:00-04:00,55.215078862447456,55.31675472983707,51.470001124172114,54.31693649291992,336752800,68.39568293291305,61.959121216534854,34.309017089623396,-4.501884704357167,75.6775359389526,52.3791067205526,4.210848925205655,-566880400,36.087028828008314,36.06859588991932
2020-03-24 00:00:00-04:00,57.21955352533474,59.962393449772364,56.720856028881734,59.76630401611328,287531200,68.05727591656796,61.93730213991375,42.61612430913615,-4.3005667679211825,74.7026310343377,51.98412331950345,4.3133209274661395,-279349200,36.3295603908485,35.69440463763346
2020-03-25 00:00:00-04:00,60.703176199981115,62.51882454095762,59.14171936553053,59.43706512451172,303602000,67.71922843452654,61.91242415966099,42.268340810972596,-4.120093803172658,72.58413385437036,52.25566106750463,4.246448373749065,-582951200,42.447613690084,34.57769708068166
2020-03-26 00:00:00-04:00,59.6791494517103,62.62291771666115,59.64041473526395,62.5648193359375,252087200,67.51709474438579,61.918915653952304,46.71700684519486,-3.682237511325198,70.96550429653858,52.76133794792756,4.1706915322062335,-330864000,48.22912793735048,33.5099107266568
2020-03-27 00:00:00-04:00,61.18734664760273,61.942655145225594,59.80745470235101,59.97449493408203,204216800,67.22130651653073,61.899568184102854,43.712794937980604,-3.5038604541987084,69.22807430684544,53.165999179482675,4.069739610876252,-535080800,49.38305237229781,32.518394826490855
2020-03-30 00:00:00-04:00,60.700756687792804,61.85792960202071,60.376358043352745,61.6860466003418,167976400,67.0042375002096,61.89744359122961,46.17573694440797,-3.1876422798914277,68.86411377961302,53.16327930713828,3.9135749720949966,-367104400,47.580634937366796,31.597701490622477
2020-03-31 00:00:00-04:00,61.87731327959148,63.54528548763572,61.00580036818153,61.560176849365234,197002000,66.79074492566667,61.89408770325086,46.0162695300942,-2.9136074820944984,67.0979038347177,53.927250787678126,3.815425696906367,-564106400,53.40142738598235,30.162791344015382
2020-04-01 00:00:00-04:00,59.67431503612997,60.211747296676954,57.890138928877285,58.32105255126953,176218400,66.4586001266707,61.858535114673934,41.99682955799027,-2.9240960320208416,65.7234252856808,54.18748576575149,3.805040855733623,-740324800,56.93784160910554,29.582035141544363
2020-04-02 00:00:00-04:00,58.18306300120028,59.34749836465027,57.35028492920916,59.29423904418945,165934000,66.17764479010282,61.83301973088802,43.59107471569004,-2.8213574146416462,65.67884520668375,54.12554881593996,3.6759103257127292,-574390800,49.66090818520416,29.163658835060648
2020-04-03 00:00:00-04:00,58.77858908876302,59.4806382957601,57.85139756896397,58.44208908081055,129880000,65.87428966424822,61.79927912740467,42.48980733392191,-2.7766897495042215,63.55243465996196,55.07186648749898,3.5297196400758293,-704270800,52.448406015997456,28.724505063962248
2020-04-06 00:00:00-04:00,60.73948627952092,63.69535964141811,60.37151755059765,63.540428161621094,201820400,65.78276568375304,61.81660399341677,50.540644174144596,-2.3033454156765742,64.35059373783919,54.92766350499934,3.6528304201138098,-502450400,50.8020044407413,26.880232510219408
2020-04-07 00:00:00-04:00,65.55701501166601,65.77489875126452,62.70039753843135,62.80449295043945,202887200,65.66597067460349,61.82643373428267,49.464221273739085,-1.9649497246445975,64.66079381074512,54.82953160836296,3.6115211910223346,-705337600,58.647756495731095,25.340205333030777
2020-04-08 00:00:00-04:00,63.6058121393102,64.72667394842254,63.24026650501276,64.4119644165039,168895200,65.61679395859959,61.852160407737614,51.87523218760957,-1.549200964011618,65.49690300997649,54.61962174995189,3.4908540343766745,-536442400,57.47575593255741,23.910180097069905
2020-04-09 00:00:00-04:00,65.04864148440106,65.38029878683781,64.080295544256,64.87675476074219,161834800,65.58777281358557,61.882255873936664,52.5797029801445,-1.1687398737871533,66.35215555049611,54.513546252075514,3.3343646921056127,-374607600,67.38394126879776,22.773754252932196
2020-04-13 00:00:00-04:00,64.95420093873426,66.25905017179674,64.35382401129216,66.15010833740234,131022800,65.60982518706858,61.92472206760299,54.54293805989447,-0.7557607870254373,67.07921755150106,55.20704546933227,3.2322833684198247,-243584800,76.2617814495159,21.97724574065681
2020-04-14 00:00:00-04:00,67.78419941029469,69.78141242863373,67.31212792353071,69.49090576171875,194994800,65.76202442529016,62.00000747749469,59.30342825269299,-0.15708665628916663,68.2621594915258,56.04729943181406,3.2607848486206508,-48590000,75.76160574216776,22.154703355771467
2020-04-15 00:00:00-04:00,68.36522365380796,69.31662179135925,67.93673322392213,68.85665893554688,131154400,65.88338264137867,62.068232865137006,58.060281797842606,0.263155000248787,69.56428050766881,55.957225738262174,3.138883969276077,-179744400,68.53939006805662,22.319485426949367
2020-04-16 00:00:00-04:00,69.5707724627743,69.76928503150467,68.35307848749167,69.40373229980469,157125200,66.02143556916009,62.14122290926306,58.861340934982884,0.6330464240270146,70.728893774986,56.12150142765071,3.0158355817572855,-22619200,67.57049322067303,22.586847752270216
2020-04-17 00:00:00-04:00,68.91958300953867,69.46670067896375,67.02404221723192,68.4620361328125,215250000,66.11714539518567,62.20411657317897,56.848506535960446,0.8405121310558599,71.51857794950321,56.11811282605018,2.9748943588983243,-237869200,66.54401505992166,22.26961119109131
2020-04-20 00:00:00-04:00,67.28793327913718,68.19091103013936,67.02163670043845,67.04100036621094,130015200,66.15337500189256,62.25224477012456,53.85563592104312,0.8801190240583168,71.85484446025818,56.72404703957905,2.8652875784323046,-367884400,60.44685783965298,21.974001460909445
2020-04-21 00:00:00-04:00,66.8836471640781,67.11847132681476,64.25700758407963,64.96874237060547,180991600,66.10691882027345,62.27927459699502,49.742964223796555,0.7358118890226848,71.94867862706496,57.06790564214077,2.865014447311078,-548876000,52.545301287036686,20.589394486522174
2020-04-22 00:00:00-04:00,66.23726476615465,67.2758176226008,65.89592940016834,66.8400650024414,116862400,66.13566965094671,62.3246555960542,53.2172695268975,0.7636447209329873,72.20847931448712,57.51209004179541,2.8251616476456674,-432013600,58.67206073451082,19.359345655997743
2020-04-23 00:00:00-04:00,66.78439882318551,68.20786856663918,66.54231233315308,66.58104705810547,124814400,66.1531354316196,62.367007749905454,52.67447285863894,0.7560861666600402,71.90475997472875,58.91714198246525,2.7423326894914126,-556828000,64.87572965354659,18.552269521915523
2020-04-24 00:00:00-04:00,67.10636816246496,68.51288987249583,67.05794791639367,68.50320434570312,126161200,66.24529499687777,62.428064432450704,56.241381160755424,0.8948823403381994,71.7898342408737,60.25992975652214,2.6844405555556237,-430666800,70.2179969382447,17.91332134193921
2020-04-27 00:00:00-04:00,68.21994066971816,68.88326239161039,67.77208676560159,68.55160522460938,117087600,66.33573853522019,62.488995186601535,56.33063406968276,0.9972887306787044,70.91634102995427,62.4813584532814,2.5720644891594224,-313579200,69.26565649877605,17.4589937606245
2020-04-28 00:00:00-04:00,69.01401479433288,69.1955796657155,67.34846591334697,67.4404525756836,112004800,66.37906065445405,62.53826341932872,53.62641008770122,0.977517586094649,70.83226357959944,63.085439158844565,2.5202822936743585,-425584000,62.60581658904713,16.831310910109632
2020-04-29 00:00:00-04:00,68.92927352946674,70.125181113428,68.7259218099285,69.65553283691406,137280800,66.50754975964855,62.609082020498725,57.95921614282494,1.1275891308509642,70.80760696194587,64.02356776136143,2.532028453965076,-288303200,62.25547733277541,16.62374612814017
2020-04-30 00:00:00-04:00,70.19538886698345,71.30172577794379,69.80563320705274,71.125,183064000,66.68862623966234,62.693817522782325,60.58985747794372,1.3495389851272819,71.3226184771092,64.40362765733092,2.4687544887554083,-105239200,62.92024181048158,16.878040724594918
2020-05-01 00:00:00-04:00,69.29725665776628,72.3838593560598,69.20042354088866,69.97994232177734,240616800,66.81769745856882,62.76631627700118,57.567007129152906,1.4167083269940548,71.41609209145757,64.99057905112055,2.5198031549279603,-345856000,53.582210745548366,17.497181341311435
2020-05-04 00:00:00-04:00,70.00414724151751,71.09837541785019,69.31419932975179,70.9700698852539,133568000,66.98053559294863,62.847945666138024,59.45085939295461,1.5321735904776261,71.8149365003603,65.23439618193136,2.4672583644401347,-212288000,45.77592982143601,18.07209762826249
2020-05-05 00:00:00-04:00,71.43003920663523,72.86803354943969,71.28478583493806,72.0352554321289,147751200,67.17875990036747,62.939361683710075,61.434491098602486,1.6901492269692824,72.4021579559506,64.98642134906243,2.4265944572791094,-64536800,52.551823989400816,19.206984995295386
2020-05-06 00:00:00-04:00,72.7372996904726,73.41029979065098,72.35238308451844,72.77845764160156,142333600,67.39835589021978,63.037263136027406,62.80180328409904,1.8539451386290153,73.18846542633077,64.72302037282287,2.3514837359393215,77796800,52.38866092965191,20.430407548035426
2020-05-07 00:00:00-04:00,73.40545163246576,73.87752315205448,73.10284357834273,73.53133392333984,115215200,67.63886483269506,63.141681750826535,64.18699746345608,2.0212061957246874,74.04157970016229,64.42025298212937,2.262025291261721,193012000,60.81112354868716,21.713255746493804
2020-05-08 00:00:00-04:00,74.19160117798899,75.33491288731747,73.86389829348582,75.28150939941406,133838400,67.93857638433111,63.26247605578761,67.24095288731004,2.26883263233006,75.33538468516991,64.03571109933529,2.229279125027143,326850400,67.39399347885092,23.335030482197006
2020-05-11 00:00:00-04:00,74.78874828363153,76.96128289724894,74.57998648849065,76.46609497070312,145946400,68.27298887791433,63.39385534847334,69.15800513133175,2.531483160914817,76.69641546875985,63.93135959634432,2.2401375024365104,472796800,75.6892544410505,25.25866511641945
2020-05-12 00:00:00-04:00,77.15062231412254,77.60212591001033,75.47085322222706,75.59222412109375,162301200,68.56001771098019,63.51523215218101,66.08562338386969,2.6387041835019716,77.23026172418403,64.81397757431859,2.232361444246993,310495600,76.46016583338047,27.196719129637664
2020-05-13 00:00:00-04:00,75.77182688246066,76.69424986886771,73.60171529968213,74.67948913574219,200622400,68.79999698253948,63.6263192863458,62.94044931687448,2.6198277871703795,77.57397719252491,65.51551865708446,2.293802381742607,109873200,67.54127300003239,27.708061429660443
2020-05-14 00:00:00-04:00,73.9172920793361,75.1989682128997,73.1939190032077,75.1382827758789,158929200,69.04855720972927,63.74086618673917,63.87123184844866,2.6117819233070207,77.76529072061479,66.46516989136438,2.273177155167564,268802400,60.554523380124756,27.92323440191929
2020-05-15 00:00:00-04:00,72.90749301488646,74.74019043820076,72.87350561087283,74.6940689086914,166348400,69.26994982537485,63.849853278499886,62.24123895900969,2.540278423201883,77.96266997998889,67.09323924038871,2.2725771558703154,102454000,53.858818135759186,27.914065086933388
2020-05-18 00:00:00-04:00,76.01943893594208,76.82776572341807,75.32762345021945,76.45394134521484,135178400,69.55167498301563,63.97526709010899,65.94878683487653,2.5956968049709417,78.3764153994918,67.73313863696652,2.2626571315029116,237632400,59.34676322397538,28.605529213805735
2020-05-19 00:00:00-04:00,76.47092399623682,77.31809023118156,75.98058838713202,76.01214599609375,101729600,69.80502678745007,64.09503702947202,64.2434027646789,2.5742922408433486,78.20229177519118,69.05015471732185,2.196574610970528,135902800,58.89703093672159,29.395550041851916
2020-05-20 00:00:00-04:00,76.87147482429302,77.56086067764168,76.83263524563915,77.49047088623047,111504800,70.10641675210813,64.22832492854425,67.29137567409336,2.6461146705452308,78.57875552924581,69.71834936984273,2.150298901726057,247407600,57.750139485403075,30.20408282797606
2020-05-21 00:00:00-04:00,77.3520893444608,77.89340613060031,76.67483776673394,76.91272735595703,102688800,70.37333089343554,64.354537888021,64.96083646648239,2.626142849001596,78.8507490912597,70.21805278862311,2.0837467204503652,144718800,61.32287248189135,31.060775562786727
2020-05-22 00:00:00-04:00,76.65055279391973,77.49044450659204,76.54860541656436,77.40791320800781,81803200,70.64919686655603,64.48442221956316,66.04626778025995,2.620069861927277,78.81382565879905,71.24537233924782,2.0021818897058883,226522000,62.651382277607595,31.753478840026762
2020-05-26 00:00:00-04:00,78.5269651260588,78.70659167112338,76.82777268129091,76.88360595703125,125522000,70.89368349755505,64.60779718212504,63.792944096543025,2.5436283977663408,78.62081792816174,72.22685154612212,1.993370254000644,101000000,62.408975476042514,32.79881674695557
2020-05-27 00:00:00-04:00,76.74040313452282,77.36424398683408,76.00003613296077,77.21859741210938,112945200,71.1417193373415,64.73327778142837,64.62341375759269,2.4814741086121046,78.51530654939017,73.02347518889107,1.9484300825629772,213945200,55.778597031501825,33.08859736319202
2020-05-28 00:00:00-04:00,76.89330301256463,78.51239377679266,76.61658126415462,77.2525634765625,133560800,71.38136028397763,64.85784778834513,64.71179423017264,2.407208364603065,78.38828575381642,73.7470434291263,1.9446716847111962,347506000,56.36157311227646,33.75751498785994
2020-05-29 00:00:00-04:00,77.49531352794295,77.9565214299296,76.82049167356892,77.17732238769531,153532400,71.60865291549598,64.98042962515458,64.32840693271253,2.3155882405313406,78.2502810473097,74.3711799308804,1.8869115469718731,193973600,48.69263824820094,34.378652782194436
2020-06-01 00:00:00-04:00,77.13121425847407,78.24782812585582,77.00013159984378,78.12645721435547,80791200,71.86425308407871,65.11123586982326,66.9855552486778,2.293132081171322,78.55335556941141,74.44743178410421,1.8412533311890276,274764800,46.923503575546164,35.05992081920395
2020-06-02 00:00:00-04:00,77.85945102643129,78.51242721769442,77.41765906656299,78.48815155029297,87642800,72.12401380824397,65.2443395084349,67.96486117717406,2.2782587742128015,78.91451729500461,74.35587760245632,1.7879329611849137,362407600,44.73442446475965,35.78972903794194
2020-06-03 00:00:00-04:00,78.80855263967156,79.182377080961,78.23567814710795,78.92021179199219,104491200,72.3905313762341,65.38041783961458,69.14237016525304,2.2751091795037723,79.3270161403472,74.38711044656687,1.7278448163754956,466898800,53.610019667333184,36.70997065175813
2020-06-04 00:00:00-04:00,78.74300918140095,79.04157682827717,77.86670750782196,78.24053192138672,87560400,72.6199431623185,65.50837917376157,65.08923071286401,2.1924949013272794,79.35745861978455,74.83147367188212,1.6883465666669042,379338400,55.79583975502278,37.187495025699135
2020-06-05 00:00:00-04:00,78.49058082603905,80.52961094023415,78.46145298850524,80.46892547607422,137250400,72.92774639030893,65.65724033099852,71.07583192145556,2.280546506533554,80.02511939671862,74.87456525497407,1.7312560275369417,516588800,65.50346048284774,38.17101440064851
2020-06-08 00:00:00-04:00,80.16546503775984,80.97865140314263,79.45423346951993,80.94466400146484,95654400,73.24213531623661,65.80935399936136,72.17293983793874,2.3614943245293603,80.544110929109,75.18898640162018,1.7164818779716389,612243200,64.74282674433677,39.230031338834
2020-06-09 00:00:00-04:00,80.62426333660154,83.89398820325025,80.59270571799298,83.50074768066406,147712400,73.64443384033181,65.98538776733453,77.18106592695534,2.601907474581509,82.10721590819155,74.5654556005975,1.8296819213491833,759955600,66.01841829457129,40.96996745968319
2020-06-10 00:00:00-04:00,84.44985718304342,86.11749189610212,84.01049518819849,85.64900207519531,166651600,74.11520122209117,66.1810456211441,80.37744834716447,2.931984709376067,84.01744948861067,73.94013616405861,1.885900656641246,926607200,67.50061236763028,42.991818103125205
2020-06-11 00:00:00-04:00,84.79214058891952,85.21693875406713,81.43502463468259,81.53697204589844,201662400,74.40625105831892,66.3338409089526,62.368642265145596,2.829154110831027,84.37217277145054,74.12494636917445,2.0521918554892085,724944800,63.181864304251064,42.89773640585097
2020-06-12 00:00:00-04:00,83.6779557734375,84.42559727745287,81.12916680700161,82.24092102050781,200146000,74.71349301762044,66.49212031304768,63.86140754907041,2.7725032283405824,84.76899639031058,74.43854857225452,2.141066042272212,925090800,58.79296374595795,42.60365537455029
2020-06-15 00:00:00-04:00,80.893685772192,83.91096385670902,80.73104554507634,83.25798797607422,138808800,75.0485712512853,66.65894486690864,65.96225931886985,2.7776567017241405,85.31789121939755,74.66966371224308,2.2152697757979594,1063899600,59.27613641457701,42.05462590982801
2020-06-16 00:00:00-04:00,85.3140322118676,85.73640798746258,83.67795482626669,85.46453094482422,165428800,75.45704025887507,66.84606512639039,70.03251756651102,2.9260606376175105,86.261342874094,74.87033538925235,2.234066221197274,1229328400,66.32253601601882,42.10660568104776
2020-06-17 00:00:00-04:00,86.20974119392952,86.27042663858354,85.22421016537945,85.3455810546875,114406400,75.84482617243634,67.03013991174657,69.54968920482935,2.9994972270658877,86.97015344320054,75.24512263915624,2.149219810626333,1114922000,66.20181630910002,42.30476695010003
2020-06-18 00:00:00-04:00,85.30189085886494,85.7970861704287,84.77028576142695,85.37957000732422,96820400,76.21873769537312,67.21272130573242,69.61415402660575,3.025562081378908,87.4888143060827,75.81006264704229,2.069046996224577,1211742400,67.79431490949378,42.152621098707435
2020-06-19 00:00:00-04:00,86.08594777647562,86.55200784219969,83.7823232639959,84.89165496826172,264476000,76.5588520982315,67.38863109341928,67.40801094872914,2.972581926156167,87.68733514871404,76.64011948181981,2.1190925377945202,947266400,57.40520678108792,41.30295768979603
2020-06-22 00:00:00-04:00,85.28487935589797,87.25594103734062,85.23875783411975,87.11272430419922,135445200,76.97272943964201,67.58489072735739,71.79061589381382,3.0743770002740263,88.35382603972691,77.17179753611946,2.1366063614576905,1082711600,58.61762021674305,40.77050066241571
2020-06-23 00:00:00-04:00,88.35800866828109,90.3921859871706,87.93806271848383,88.9721450805664,212155600,77.44329475889396,67.79769922838435,74.84075288819395,3.2674252028939605,89.35362369149635,77.56986568838647,2.2182388844229544,1294867200,61.04601105862106,41.21219371251989
2020-06-24 00:00:00-04:00,88.60076413876878,89.52075770910452,87.02779448118991,87.40161895751953,192623200,77.83381727648712,67.99276310628619,68.13920715002064,3.2561540446705806,89.69061868773646,78.36372498088333,2.2378620518152146,1102244000,57.8386570828591,41.01023573996661
2020-06-25 00:00:00-04:00,87.5569955634562,88.60078264238699,86.7972123243009,88.56194305419922,137522400,78.25452809129938,68.19743156347936,70.25817005796765,3.3027776629524226,89.88586768433365,79.54466413532782,2.2068412136917055,1239766400,58.08863639055635,40.66792275667135
2020-06-26 00:00:00-04:00,88.45753841975109,88.67843434218518,85.6927058184488,85.84078216552734,205256800,78.55202825107303,68.37298729086292,60.15419456976684,3.084594983444944,89.73724504158326,80.40953433667195,2.2624760215520396,1034509600,51.41143977568696,39.62286105155794
2020-06-29 00:00:00-04:00,85.74856499139969,87.91382571647326,85.27036321445249,87.81915283203125,130646000,78.91544490130669,68.56648147535216,64.18672467818959,3.0363208007206737,89.81843025939713,81.24494762960026,2.2896893415855204,1165155600,51.20879095277039,38.383643441178165
2020-06-30 00:00:00-04:00,87.4064663250919,88.83864890811773,87.3870502400666,88.55220794677734,140223200,79.29335717759965,68.76534442531658,65.57686634119986,3.022374532233016,90.25656506045885,81.48034086402032,2.22982572204735,1305378800,50.76287457962407,37.598141802114114
2020-07-01 00:00:00-04:00,88.6298685038104,89.17360766512026,88.33615305412683,88.38469696044922,110737200,79.64988030633884,68.96056186347711,64.95638572173749,2.96364225422667,90.61131853881317,81.49034670369984,2.130370642686356,1194641600,57.63191644167204,36.99849392170637
2020-07-02 00:00:00-04:00,89.29255616257464,89.92853837615466,88.27061544704088,88.38469696044922,114041600,79.99242213591181,69.15383683956638,64.95638572173749,2.88385323579746,90.50529761109499,82.5093976200248,2.096624377431172,1308683200,65.0131448775131,36.731141984508064
2020-07-06 00:00:00-04:00,89.81445092400466,91.21749799617754,89.78289331003914,90.74900817871094,118655600,80.414249039551,69.36871416632405,69.65617700556245,2.9770820708404955,90.90084728465085,83.2482595675627,2.149208424452397,1427338800,64.87771064501067,36.93688177323919
2020-07-07 00:00:00-04:00,91.12768802006694,91.90688702119085,90.3557709756679,90.4674301147461,112424400,80.80849143465669,69.57865163844765,68.47829582523333,2.9937356764315552,91.14711228469267,83.9632535193438,2.1064875402431515,1314914400,64.14057217944665,37.352215697420625
2020-07-08 00:00:00-04:00,91.44569210278156,92.60599762201831,91.3583012018077,92.5744400024414,117092000,81.26990118241295,69.80746545301476,72.25856870541668,3.1407472880762413,92.21914581393241,83.83920786445302,2.1087789664595133,1432006400,64.33554996203776,37.957617150455675
2020-07-09 00:00:00-04:00,93.46771442129742,93.52111790635368,91.92388033894679,92.97252655029297,125642800,81.72882766742785,70.03796357338568,72.91936547267763,3.251891525654088,93.13304047796613,83.94223926650001,2.072240295098612,1557649200,69.39886429363759,38.79224402197131
2020-07-10 00:00:00-04:00,92.56715507244024,93.19343305098592,91.95544841683225,93.13516998291016,90257200,82.17613520921148,70.26778652273418,73.20024083739746,3.314886156265402,93.85316081565674,84.2561989255542,2.0126506050311157,1647906400,75.06757421005076,39.567254688378675
2020-07-13 00:00:00-04:00,94.44111522553601,97.0530191182004,92.49189905133328,92.70551300048828,191649200,82.58905198533998,70.49104748271183,71.10222843446968,3.2921898123486955,94.14427104979367,85.00693642904747,2.1946841380194018,1456257200,75.94516894121452,41.20841523063355
2020-07-14 00:00:00-04:00,92.08651357687286,94.43139994531549,91.15196369614016,94.23963928222656,170989200,83.04593776168846,70.72735187872692,73.9708868159916,3.3592703880244414,94.96530732208225,85.13615548716254,2.272166431673397,1627246400,66.4965329687328,41.71748878484631
2020-07-15 00:00:00-04:00,96.11604456670572,96.3660683335281,93.68862647798679,94.88777160644531,153198000,83.51032340265932,70.96775406507238,75.09568928245956,3.4252469744542395,95.87280326340114,85.01740974929417,2.301114676235391,1780444400,75.77931164824555,42.631760908810854
2020-07-16 00:00:00-04:00,93.7590086395202,94.57704721895716,93.12059659931413,93.72016906738281,110577600,83.91070950715829,71.1941462541501,69.28691938655858,3.344761795755147,96.26452086323809,85.468165497439,2.2629761284422334,1669866800,69.51239249228333,43.07838458005789
2020-07-17 00:00:00-04:00,94.17166452732319,94.3270153946456,93.057473380001,93.53082275390625,92186800,84.28796885016801,71.41640174170986,68.36341403862976,3.2284821145511273,96.5993155230272,85.79588813094415,2.1920165488852597,1577680000,73.42298260779536,43.446913023021885
2020-07-20 00:00:00-04:00,93.61822848479565,95.64026431606665,93.2735318869254,95.50189971923828,90318000,84.72773084503352,71.65605843800368,72.4761329315854,3.2578248901636186,96.8223964838489,86.8609561772839,2.2044962546178306,1667998000,72.95789950597495,44.11702743400723
2020-07-21 00:00:00-04:00,96.29322616043909,96.36847551090202,93.93377603549384,94.18379974365234,103433200,85.09855707635191,71.88021506791064,66.27176681735963,3.138540458301449,96.87417201314571,87.65780023620326,2.2209393418171413,1564564800,72.51747974983404,44.908750453140804
2020-07-22 00:00:00-04:00,93.88524725666684,95.1305139281555,93.7978637607901,94.44841003417969,89001600,85.46521797665889,72.10477422180386,66.88464599611198,3.0304256649666,96.92633112599216,88.3918014016771,2.1574901150705883,1653566400,66.889124857429,45.532969671606615
2020-07-23 00:00:00-04:00,94.18138204100602,94.25906118948085,89.33868791358677,90.14944458007812,197004400,85.6489131375773,72.28432318059266,50.750005918965535,2.5682481619985253,96.64474423467637,88.90868797561008,2.3683638297507548,1456562000,57.516124668293344,43.24546936748501
2020-07-24 00:00:00-04:00,88.34588799765626,90.27082884463798,86.55687456880528,89.92613220214844,185438800,85.81664721854088,72.45986356886687,50.07426386603525,2.1590614026074917,96.33524661635151,89.42371029282818,2.464477433042322,1271123200,49.24295559972481,40.402191077592896
2020-07-27 00:00:00-04:00,90.98932597811024,92.14963136535167,90.76600769371073,92.05738830566406,121214000,86.06138216313394,72.65486381500415,56.08424039611749,1.9838835292612629,96.26545328337738,89.66795430939607,2.447264699482387,1392337200,49.507476921984576,37.99441065443828
2020-07-28 00:00:00-04:00,91.62773114046318,91.80493528958375,90.54024540428786,90.54510498046875,103625600,86.2372144304804,72.83287616490927,51.359765577125685,1.7033895623304147,96.25512951041432,89.68863473112214,2.380827428189088,1288711600,43.53366480902831,35.66321691684987
2020-07-29 00:00:00-04:00,91.02816746906157,92.4652020656453,90.9917576836522,92.28071594238281,90329200,86.4742144897707,73.02638700846622,55.94643710059271,1.6026707810719927,96.24827479625785,89.6563262372708,2.347918117973907,1379040800,42.39134615142258,33.75495299237594
2020-07-30 00:00:00-04:00,91.45298211740241,93.50172370292267,91.04517763130927,93.39734649658203,158130000,86.74570986258684,73.22908312277583,58.6481472748297,1.594571942175179,96.28409676675857,89.67714692627528,2.3556772575195852,1537170800,49.350886050133866,32.374918009312246
2020-07-31 00:00:00-04:00,99.897958367961,103.32547125877302,97.89776098025088,103.17497253417969,374336800,87.38999467323754,73.52705217164554,73.8000413333582,2.3500365022532748,99.71854115254386,87.58134288065925,2.896566364996114,1911507600,54.60801138007567,33.421025558295966
2020-08-03 00:00:00-04:00,105.05862810128014,108.39632721665906,104.76006048509976,105.77471923828125,308151200,88.11096426402356,73.8479244807663,76.28789254722568,3.122530849054712,103.05094991674528,85.99149494816356,3.0626226733877755,2219658800,65.88848592376688,35.05357000581882
2020-08-04 00:00:00-04:00,105.96407603717955,107.57345533183008,105.24070281740102,106.48111724853516,173071600,88.83136242027892,74.17263286651524,76.92894614933277,3.7485279039301815,105.73995503817974,84.9346868889036,3.01048909060501,2392730400,66.50846019603341,36.56950413566147
2020-08-05 00:00:00-04:00,106.20194776111252,107.18747869527104,105.73588033133619,106.86705780029297,121776800,89.53864459204418,74.49795052754786,77.29018415220153,4.227050450722928,108.01276716405991,84.25911292220312,2.8991397529857124,2514507200,71.7269876004436,37.97715725622964
2020-08-06 00:00:00-04:00,107.19961845957583,111.09076870650271,106.60975774089576,110.59557342529297,202428800,90.36440650707354,74.85713085488861,80.47142651690696,4.851221208743198,111.05208585800221,83.46984814264883,3.0121305538872294,2716936000,77.1650647457198,39.733405136911635
2020-08-07 00:00:00-04:00,110.11651887547455,110.57369742283494,107.2834798046482,108.08110809326172,198045600,91.05917911829661,75.18771769308138,73.04052665380891,5.084375181175474,112.85770605771475,83.6042659881837,3.0335564872270537,2518890400,69.49558987529021,41.364206740402054
2020-08-10 00:00:00-04:00,109.52802230986417,110.67096868829299,106.99895752533313,109.65204620361328,212403600,91.78831116085806,75.53064633497722,74.61752686257415,5.334421075147034,114.7685398572606,83.58011838655449,3.0791603926365396,2731294000,71.09235764291961,42.73904560057578
2020-08-11 00:00:00-04:00,108.91521808960395,109.41373301574056,106.13081029496767,106.3910140991211,187902400,92.36096617804485,75.83771467093885,65.98836883934311,5.2093955412889414,115.72907548816342,84.24721133638086,3.1107372152086157,2543391600,67.96309722956735,43.58006550495288
2020-08-12 00:00:00-04:00,107.48289124635573,110.18461900895711,107.2883506394418,109.92684936523438,165598000,93.04982434224836,76.17691004103135,70.03475261868554,5.3341356651494465,117.1964058817749,84.84367285357666,3.159513479110573,2708989600,74.7022571773015,44.47485436594536
2020-08-13 00:00:00-04:00,111.30811338263783,112.8766240182774,110.81932024645036,111.8722915649414,210082000,93.78796031176573,76.53208796664241,72.00801272088829,5.5262706309410135,118.37984645134381,86.55661188198951,3.1445321343914623,2919071600,81.36215754502848,45.670755938661365
2020-08-14 00:00:00-04:00,111.69717509170043,111.86253531933406,109.96087043780608,111.7725601196289,165565200,94.4932387356035,76.88273943085123,71.74717539472232,5.605870495898742,118.95238304614799,88.8969323428494,3.05645277673031,2753506400,75.30558943350934,46.33850569187265
2020-08-17 00:00:00-04:00,112.89604173415177,112.92036115953931,110.85333616279125,111.4807357788086,119561600,95.159415090239,77.22699810098015,70.93744850545288,5.581071063809887,119.24792945030526,91.19116560177807,2.985779363874435,2633944800,78.94824939785474,47.114523911228666
2020-08-18 00:00:00-04:00,111.2327184122214,112.83527017348905,110.89712956784018,112.40970611572266,105633600,95.83589709123837,77.57707479764426,72.01999500004158,5.5721452557014,118.70461759006581,94.64975761338472,2.91094802400118,2739578400,79.20566439709928,47.83511225777355
2020-08-19 00:00:00-04:00,112.81824963342837,113.96605702763473,112.4559145982573,112.55075073242188,145538000,96.49138154775537,77.92507157311468,72.18937530646289,5.512903292781004,117.58286254620006,98.474183962589,2.8141910874233873,2885116400,79.33396172324538,48.6777588045881
2020-08-20 00:00:00-04:00,112.592066116774,115.1624742452907,112.57504177708266,115.04817962646484,126907200,97.21909911946946,78.29445573284951,75.06745632556814,5.602888637678333,115.71742076592487,103.22640349351524,2.799729117812347,3012023600,77.51844064613668,49.63538591131527
2020-08-21 00:00:00-04:00,116.00875904693801,121.46084583474001,115.99660304237206,120.97692108154297,338054800,98.1507784120998,78.71915688059771,80.28383184103072,6.082487429810087,118.2807890666155,103.03662833247306,3.0577960528454056,3350078400,78.14241472399806,51.21841490480073
2020-08-24 00:00:00-04:00,125.18633529954178,125.27145700681216,120.55620422636002,122.42382049560547,345937600,99.10266241537452,79.1540291553739,81.31146482192031,6.504347548644105,120.91844523835253,102.61885232837925,3.1761858191030288,3696016000,79.90025623113107,52.97651779031862
2020-08-25 00:00:00-04:00,121.29548577928259,121.76482035926398,119.69536076539771,121.41950225830078,211495600,99.9778326052932,79.57458112654732,78.26226676271953,6.680624562433977,122.62015700310553,102.90892523159499,3.144205384181938,3484520400,72.50233179293156,54.18667766862859
2020-08-26 00:00:00-04:00,122.73751646542577,123.52784957595809,121.66995525546206,123.07067108154297,163022400,100.88343411416575,80.0073780415224,79.61569306996043,6.874318031360659,124.4048522883195,103.28471171721436,3.0702155222873215,3647542800,72.31214161431518,55.45876263975318
2020-08-27 00:00:00-04:00,123.67376948239601,124.00692412752836,120.45406865293813,121.59944915771484,155552400,101.69582686097161,80.42122949541488,75.12731318090114,6.830369934386866,125.65010012218801,103.50664731433542,3.104689804594672,3491990400,72.90977555355875,56.04067359717366
2020-08-28 00:00:00-04:00,122.57459270019099,122.9928616302125,121.1787451014989,121.40247344970703,187630000,102.46863653111811,80.82900306709938,74.52156508109233,6.70238552917445,126.44778236069958,104.4851471233499,3.012505999174595,3304360400,65.42454162324594,56.581019486206955
2020-08-31 00:00:00-04:00,124.09935611576553,127.42604967738845,122.56245999504539,125.51951599121094,225702700,103.37259258837665,81.27368478773731,78.43532734206366,6.854157431202935,128.10222083080322,104.9463712915926,3.2275824440679393,3530063100,72.72118353581516,57.52731289391808
2020-09-01 00:00:00-04:00,129.13798411269457,131.12233634201255,126.9688280058111,130.5192413330078,151948100,104.43716704895041,81.76369032550119,82.04281896548244,7.293795473662598,130.32076149899103,105.94492758792302,3.397242294548916,3682011200,72.86009809862438,58.6928710398022
2020-09-02 00:00:00-04:00,133.8362665892153,134.21562601702166,123.53518649051318,127.81513977050781,200119000,105.35395029293306,82.22191370306345,74.75856692735047,7.339409251530853,131.56871600313835,107.08207847114551,3.9174706682603135,3481892200,64.97407324166906,58.31594978275114
2020-09-03 00:00:00-04:00,123.44761726135523,125.32495545599747,117.21249271726687,117.58212280273438,257599600,105.83348646978803,82.5737565796771,54.89549302644563,6.475197504550749,131.33862127080397,108.07348403518559,4.394983267187501,3224292600,62.51817968029556,55.89491789881854
2020-09-04 00:00:00-04:00,116.79421681694939,120.32517948321234,107.86466781430556,117.6599349975586,332607200,106.29726876499471,82.9228727828401,54.993417260767444,5.730524345056011,131.008759654132,109.18832896891487,4.971092438738879,3556899800,54.377598064826955,52.213720583727294
2020-09-08 00:00:00-04:00,110.84118807317701,115.74368657539894,109.60583975780702,109.74201965332031,231366600,106.43235703512514,83.18972996563096,44.42430012921038,4.450157262776955,131.28646326382216,108.67879654249295,5.1913069245255,3325533200,49.12014415390087,48.7954659339997
2020-09-09 00:00:00-04:00,114.06090199664179,115.88960896039349,112.11546621430013,114.1192626953125,176940500,106.7338043159168,83.49748651020491,50.13038832951415,3.7454883980987006,131.12380904066845,109.0693916429253,5.25961280899319,3502473700,49.628496843107634,45.59028707847843
2020-09-10 00:00:00-04:00,117.07631155381702,117.2124914481067,109.43074927727804,110.39373779296875,182274400,106.87733111893844,83.76511090107819,45.81851456266853,2.853520909082917,131.4174466907705,108.48815226756285,5.439764906267152,3320199300,45.028440372453325,43.13780721664524
2020-09-11 00:00:00-04:00,111.444265890273,112.0862631304283,106.99894632611955,108.94438171386719,180860300,106.9583919265827,84.01565090916564,44.22482615803139,2.0065490762324316,132.06295295062688,107.02880628602676,5.414590041841552,3139339000,36.36567185914788,41.29972338493686
2020-09-14 00:00:00-04:00,111.59019917203862,112.76718694572703,109.72258257682635,112.21273803710938,140150100,107.16444471523081,84.29621894028946,48.56917677688096,1.5808240811098528,131.96565731415967,105.95754418323618,5.300891126842858,3279489100,31.227778958977396,39.42129884738263
2020-09-15 00:00:00-04:00,115.10168535351536,115.58804419561972,110.51045669665075,112.38780212402344,184642000,107.36928226067367,84.57573718092364,48.79922180209622,1.2432289940740873,131.54554420787238,105.03952150664585,5.284940867709009,3464131100,38.04142382377349,36.98975989560073
2020-09-16 00:00:00-04:00,112.08627773862457,112.83526719517445,108.98330551595791,109.07084655761719,154679000,107.43601027231853,84.81946961253253,44.71792406458782,0.6999631229330561,131.36177410875965,103.57680417900077,5.182585211388118,3309452100,32.221643526870224,35.046256274474175
2020-09-17 00:00:00-04:00,106.72660109375049,109.13893714718215,105.74415401119464,107.32968139648438,178011000,107.43184051248188,85.04345181933803,42.69914159564606,0.12745431504917804,130.82981096277499,102.00996870031096,5.054885063145217,3131441100,32.207888637398355,33.86047081051636
2020-09-18 00:00:00-04:00,107.38805146978207,107.85495187903756,103.19563251538361,103.9251708984375,287104900,107.29432405702917,85.23132962112012,38.99243945158736,-0.5941298256162781,130.6224297060064,99.86077952250922,5.026630370324412,2844336200,31.501667973600334,33.1977468154942
2020-09-21 00:00:00-04:00,101.68790998043804,107.18376650924331,100.28719410755745,107.07676696777344,195713800,107.28579240647012,85.44869715690773,43.85165393261219,-0.9012934422519834,129.79709777218818,98.77601725873627,5.160197658278801,3040050000,23.540145631518556,33.03839536446755
2020-09-22 00:00:00-04:00,109.60585742567011,109.78094695116036,106.18189355316511,108.75959014892578,183055400,107.34358839637034,85.68064634090791,46.31067891259057,-0.997435242062636,127.66341087969458,98.67504737225853,5.048687353972833,3223105400,23.571068668637068,32.18618260762377
2020-09-23 00:00:00-04:00,108.57476272214053,109.05139236274285,103.85707548927341,104.1975326538086,150718700,107.22021366136792,85.8648939659119,41.06068162573017,-1.4253180450340324,123.20240266423141,99.62649443049514,5.059089462508305,3072386700,24.304456546814563,31.776121611744177
2020-09-24 00:00:00-04:00,102.300732370106,107.24214072616157,102.13537212015387,105.26752471923828,167743300,107.14363762442167,86.05795496843257,42.70137203770616,-1.6589554262447876,118.17353358089787,101.64901484032609,5.062495115615404,3240130000,25.379750760252023,31.66434709064099
2020-09-25 00:00:00-04:00,105.471789131678,109.37238950555708,104.7325215412831,109.21675109863281,149981400,107.22493619203779,86.28839075082263,48.409662403721136,-1.508061179820075,116.52702703379292,102.18013849355084,5.032307461948158,3390111400,33.18843046651649,30.96656500148865
2020-09-28 00:00:00-04:00,111.87227014246227,112.17381026918468,109.70310630165157,111.8236312866211,137672400,107.4052771761391,86.5424727462037,51.821650278033005,-1.1646970551769442,114.80238263585676,103.126609063362,4.884075441134137,3527783800,40.1917674537606,29.596441590576337
2020-09-29 00:00:00-04:00,111.4248279384537,112.16408812965686,110.4715612207209,110.97737121582031,99382200,107.5453592953423,86.78560606430933,50.65055882228855,-0.9499146035668105,114.960652129905,103.13305311098041,4.656107688834268,3428401600,33.827806364878185,28.324184137586332
2020-09-30 00:00:00-04:00,110.68556487153249,114.06089699323232,110.52020461838681,112.65045166015625,142675200,107.74555899592323,87.04296771202921,52.915989003638956,-0.6373474096965595,114.56466211112534,103.33320165840591,4.576435166406499,3571076800,40.70636700955449,26.654539620798623
2020-10-01 00:00:00-04:00,114.430522644009,114.50834184995564,112.66990578164197,113.60371398925781,116120400,107.9752905642893,87.30725374463846,54.20589571697864,-0.3091516456853043,115.21061194562502,103.1152486500781,4.382253382363134,3687197200,47.09548602886384,24.989483938289514
2020-10-02 00:00:00-04:00,109.81011094316419,112.22245433262894,109.15839180363562,109.93656158447266,144712000,108.0522031533161,87.53242098682585,48.68075472327715,-0.3410314908367269,115.287443141892,103.1707081032252,4.386758296881639,3542485200,40.74427332647769,24.233753367289527
2020-10-05 00:00:00-04:00,110.80226681324505,113.46751099381477,110.45208787901002,113.32160186767578,106243800,108.25884624015373,87.78902975180944,53.402267695601054,-0.09209047523447111,115.52990647168157,103.07609328417782,4.325629090628816,3648729000,38.54819718155088,23.189731052314873
2020-10-06 00:00:00-04:00,112.54343507820363,112.95198215292027,109.18756197702983,110.07273864746094,161498200,108.3299792757344,88.01075819853233,48.765007240055816,-0.15517032986254264,115.17356758108649,103.12375704456456,4.311944147772897,3487230800,38.41633191810683,22.503072967270207
2020-10-07 00:00:00-04:00,111.49290414731489,112.39753189463039,111.01626713656741,111.94035339355469,96849000,108.47156257447246,88.24886362335842,51.378782079564296,-0.05384003303247198,115.52298487593283,103.15694066117653,4.170004797729794,3584079800,44.445716403560006,21.865461888300157
2020-10-08 00:00:00-04:00,113.0784517020909,113.22436086595617,111.46373648547903,111.8333740234375,83477200,108.60339831756913,88.48353536863284,51.21759948619315,0.017629395449333174,115.84096719693325,103.43945069043654,3.9979061964974614,3500602600,53.23503779766719,21.012577756676382
2020-10-09 00:00:00-04:00,112.13492056450798,113.80799657332764,111.78474151981321,113.77881622314453,100506900,108.80635588249366,88.73522970549367,54.04121679129646,0.22861502747925044,116.00509471716383,104.58914254683357,3.856859686284388,3601109500,61.25669426178612,20.03330073524524
2020-10-12 00:00:00-04:00,116.78447468264919,121.76479155165035,116.0257561290457,121.00607299804688,240226800,109.28477616153498,89.05633262382753,62.68277152445457,0.9678451653583835,118.77212390299388,103.67935416503997,4.151796517871633,3841336300,62.89100973676825,20.068875733710723
2020-10-13 00:00:00-04:00,121.8523509831308,121.96907978641414,116.38568190119372,117.7961196899414,262330500,109.61855433911954,89.34230065433613,57.51050978443825,1.2799198509092946,119.91435686327252,103.74199181023009,4.254053758396546,3579005800,58.66899021807294,20.142331835312092
2020-10-14 00:00:00-04:00,117.69886347897865,119.67347958796176,116.35651547623975,117.88368225097656,150712000,109.94267700232963,89.62629450106887,57.6132562240478,1.5168218760712762,120.24443058879731,105.23673803099436,4.187118783634079,3729717800,58.620747110120966,20.201080717434426
2020-10-15 00:00:00-04:00,115.48105698538242,117.89339294386203,114.92660814304054,117.41676330566406,112559200,110.2357784259898,89.90281657872653,56.82416708903268,1.6478960611040492,120.23052701149207,106.8705400864897,4.099952070576037,3617158600,52.188875499650905,19.783938771576526
2020-10-16 00:00:00-04:00,117.97120175123152,118.23383968675911,115.56858783907589,115.77285766601562,115393800,110.45291878834377,90.16022992287867,54.01892926254697,1.600672296800468,120.32532982178539,107.64988481851408,3.9974734832265497,3501764800,45.72659985504501,19.481035328907975
2020-10-19 00:00:00-04:00,116.68723164895509,117.13468096654279,112.50454937346234,112.8158187866211,120639300,110.54558153337425,90.38565866779153,49.30391662880419,1.3095431999522162,120.32006289002675,107.7874434169394,4.042663348216114,3381125500,45.17296775339996,18.22583361191656
2020-10-20 00:00:00-04:00,113.02978907969988,115.73395040729928,112.47534031056462,114.3040542602539,124423700,110.69297262070286,90.62365265378618,51.593919912321184,1.1852466723984918,120.3222529690153,108.22881107720866,3.986659544538867,3505549200,44.72195144669175,17.051481179877694
2020-10-21 00:00:00-04:00,113.48697056487583,115.47131553347286,113.2729714867065,113.6815185546875,89946000,110.81017050046697,90.8530841552877,50.564982741193,1.0246953005388661,120.33874996130253,108.34978967085893,3.8589227232694023,3415603200,39.317011350102895,15.961011064413029
2020-10-22 00:00:00-04:00,114.24571958756312,114.81962703373966,111.46374567321323,112.59210205078125,101988000,110.88005016910674,91.06939279106376,48.733380208765986,0.8003247291060376,120.32563420961293,108.22802383075165,3.822991197359191,3313615200,40.131394175183104,15.274873907713987
2020-10-23 00:00:00-04:00,113.2146263110706,113.37026472424279,111.16219112016253,111.90145874023438,82572600,110.92010540719018,91.27667702936397,47.55728371236558,0.5603212568673968,120.15243680886184,108.66320751893764,3.7076399406964096,3231042600,35.022774363295966,14.732406127524538
2020-10-26 00:00:00-04:00,110.89955125203169,113.37025519408711,109.80037545983436,111.91117858886719,111850700,110.9589710221579,91.48199545284162,47.57645861430464,0.3666742935301386,120.17150624829988,108.45608164232512,3.697799925950434,3342893300,35.933467003221395,14.653310716278302
2020-10-27 00:00:00-04:00,112.33918213169002,114.08034796929371,111.41510314504899,113.41889953613281,92276800,111.05543880701966,91.70027310541168,50.594134783228526,0.33105199846339417,119.971103781946,109.10263889383526,3.6240459901143116,3435170100,35.80912303091611,14.296634470223816
2020-10-28 00:00:00-04:00,111.9111833730848,112.28081345722651,108.06894369566764,108.16621398925781,143937800,110.94213587298978,91.86411331321115,41.60807985451502,-0.11964752988338034,120.47416759165122,108.09635649689045,3.747325265139373,3291232300,30.345333260672305,14.936282194355973
2020-10-29 00:00:00-04:00,109.30429098085882,113.73988133267714,109.13892333116605,112.1738052368164,146129200,110.99043663235554,92.0661998000132,49.04424216947444,-0.15170230265884754,120.46313605400131,108.15277886299087,3.8777782707307984,3437361500,31.925214880457006,14.949303861919663
2020-10-30 00:00:00-04:00,108.03004440237355,108.93467231945372,104.78117027471363,105.89006805419922,190272600,110.7904221783102,92.20375072791555,40.36436622195268,-0.676354423501877,121.23867798758464,106.32540384021483,4.128839462971654,3247088900,19.51844599175054,16.022920700652616
2020-11-02 00:00:00-05:00,106.1332257311281,107.66039217853414,104.39206020859244,105.80249786376953,122866900,110.59481730323017,92.33906164469022,40.257437449282236,-1.086684568430229,120.15461737822183,105.38232109834068,4.067374642040943,3124222000,21.36410375892619,17.102660818817807
2020-11-03 00:00:00-05:00,106.66823748036964,108.44830541372347,105.7636096297727,107.42695617675781,107624400,110.47058745513321,92.4891899484919,43.26020140594618,-1.2661980123558862,119.39235334834339,104.76202999312795,3.968611866463074,3231846400,28.305523663168287,17.778853801961716
2020-11-04 00:00:00-05:00,111.02601994719268,112.4364579265143,109.28485402450514,111.81391906738281,138235500,110.52326712620183,92.68147581037141,50.496454163913214,-1.042455687833467,118.29706710916535,105.04801447449351,4.0429611438411746,3370081900,36.15890441995872,16.963557838652257
2020-11-05 00:00:00-05:00,114.73205582071998,116.35650010587017,113.68152628924997,115.7825927734375,126387100,110.7295151907993,92.91133767070042,55.96744448010589,-0.5386898024644324,117.85188593171209,105.27530624764988,4.078648279173044,3496469000,43.66097238830546,16.395475067016093
2020-11-06 00:00:00-05:00,115.2905480316919,116.1480139366498,113.15661816090342,115.65107727050781,114457900,110.92251762529767,93.13760373637014,55.74757151589804,-0.14835378079973793,117.82228604652471,105.28866874676956,4.00098738607114,3382011100,43.8025524202297,15.70897661479808
2020-11-09 00:00:00-05:00,117.41471908421029,118.86656705608227,113.07865981779163,113.34174346923828,154515300,111.01738922702083,93.33863995261758,51.892475585707516,-0.025064679245758725,117.8909556681927,105.29012241611719,4.128624518372533,3227495800,44.85127135231355,15.752276894751274
2020-11-10 00:00:00-05:00,112.59145738080137,114.57921861893705,111.20780945261693,113.00070190429688,138023400,111.09516619475714,93.534282360097,51.32796953122089,0.04460938863449826,117.68683753818789,105.32046023199442,4.074537707511646,3089472400,43.64047574265245,15.207277945320323
2020-11-11 00:00:00-05:00,114.18945875403799,116.56697971266742,113.45866182357159,116.4305648803711,112295000,111.30439751576162,93.76210606676639,56.45807169517084,0.3722962673883643,118.2676359278751,105.10620135239834,4.038233429001568,3201767400,49.85453785330216,15.190681316433997
2020-11-12 00:00:00-05:00,116.5572589421894,117.44395548780155,115.53414010935421,116.15775299072266,103162300,111.49472518144637,93.9849483247162,55.95289844567526,0.6030255371251343,118.8666420851812,104.98261532041776,3.886203568247694,3098605100,55.13942638288743,15.383120533018555
2020-11-13 00:00:00-05:00,116.38184296677532,116.60594984971524,114.85204177616873,116.20645141601562,81581900,111.67949875927262,94.20605780821172,56.02853322861471,0.7808090212770225,119.47461657760442,104.94863985143203,3.7338967471976092,3180187000,55.98464716764294,15.32715836866216
2020-11-16 00:00:00-05:00,115.8751546907103,117.8921538375377,115.12487314428873,117.2198257446289,91183000,111.89676648418855,94.43505052399698,57.65789071884618,0.9920389450885239,120.24111383519792,104.88996221460675,3.6648527433441354,3271370000,56.033568187229285,15.601911785547484
2020-11-17 00:00:00-05:00,116.48905971934391,117.58037862156883,115.9141621398769,116.3331527709961,74271000,112.07074241700454,94.65294208864374,55.712632041787614,1.0754954408323556,120.656314358558,104.86332878922846,3.522093010368978,3197099000,58.11303064881083,15.85703995836957
2020-11-18 00:00:00-05:00,115.57310124972858,116.75211942679815,114.97871914080206,115.00794982910156,76322100,112.1859270214005,94.85547947909606,52.84310361698202,1.0229110311263128,120.78186037910706,105.65001421399191,3.397186387199486,3120776900,51.60653072944606,15.726001152338997
2020-11-19 00:00:00-05:00,114.579214364051,116.01157757714591,113.81918672462538,115.60233306884766,74113000,112.31990372914353,95.06191583322295,53.987821577129544,1.017470500981645,121.07754212768394,105.81146950968586,3.3111295632938464,3194889900,55.12571890076922,15.160019665884864
2020-11-20 00:00:00-05:00,115.6023270585875,115.72899584722249,114.28689410227584,114.33560943603516,73604300,112.39895101176674,95.2536938790221,51.13874980040984,0.9005636932538579,120.487388687972,107.52769513364258,3.177627576269047,3121285600,56.62911890603341,14.63446542846317
2020-11-23 00:00:00-05:00,114.17972274018632,114.60845935593927,110.83754418732941,110.93498229980469,127959300,112.34154047404273,95.4097265996269,44.369318690066095,0.5274321071780292,119.45704261645874,109.24237246329388,3.220005261436248,2993326300,48.92205269462501,14.251525549421043
2020-11-24 00:00:00-05:00,110.99345018861624,112.88377334383199,109.70724035208704,112.22118377685547,113874200,112.3368206035648,95.57700478049483,47.215379289110665,0.3316848899639382,118.42492608349129,110.91371934294101,3.216900099315441,3107200500,40.53335124951951,14.239002658688335
2020-11-25 00:00:00-05:00,112.59143724720404,113.76070922925952,112.22116208678149,113.05914306640625,76499200,112.36514697465664,95.75095640523027,49.044406748658076,0.24138755609982354,118.30116144629042,111.20351384667833,3.0970891738270545,3183699700,38.35585092156949,13.88223361998766
2020-11-27 00:00:00-05:00,113.58533560344574,114.48177809334693,113.24429850772803,113.60482025146484,46691300,112.41376161296284,95.92860679175998,50.25326386706005,0.2114207303010005,118.15369121259455,111.06061441077783,2.977485306192314,3230391000,43.76294307652856,13.268848956875349
2020-11-30 00:00:00-05:00,113.97509336124737,117.87267708944432,113.81918644377502,116.00183868408203,169410200,112.55447051771263,96.12834044242986,55.272919479338285,0.37674824055000045,118.20878314407616,111.05229066777278,3.0696547013199686,3399801200,44.43091486716414,13.106774100197798
2020-12-01 00:00:00-05:00,117.91164950975933,120.30866252291607,116.93725361331916,119.57786560058594,127728200,112.82989777586452,96.36166905096873,61.512348273187335,0.7872520183801583,119.31201414759613,110.7805426150992,3.158023925428116,3527529400,54.32127168898712,13.636002577014935
2020-12-02 00:00:00-05:00,118.89579275045067,120.21123325455888,117.79472798281287,119.92865753173828,89004200,113.108280511389,96.59616644878733,62.071301821917956,1.127883656277703,120.26041460922531,110.75586957046218,3.105058307307965,3616533600,53.62004397464244,14.127429019773706
2020-12-03 00:00:00-05:00,120.35738030969706,120.61072532946784,119.08092403824773,119.792236328125,78967600,113.3703964257708,96.82697311425338,61.696045002336454,1.3710243175185752,120.93326786979678,110.53123916959125,2.992539949015975,3537566000,52.83617983039266,14.696910877523718
2020-12-04 00:00:00-05:00,119.46093300511777,119.71427801461196,118.40858367403467,119.1198959350586,78260400,113.59586699476249,97.04879324182359,59.77794720396135,1.4922609373627296,121.39842077510437,110.46103865686177,2.877619427949857,3459305600,52.88364056798052,14.921645890640168
2020-12-07 00:00:00-05:00,119.17835712372279,121.38049388333657,119.11989575010358,120.58148956298828,86712000,113.86981297783016,97.28294942412374,62.506846519946464,1.6868354339146663,122.16414605666719,110.2786517948953,2.8335464783272237,3546017600,52.81820955799641,15.629888032841786
2020-12-08 00:00:00-05:00,121.18561204118978,121.77999409215413,119.93837913431284,121.19535064697266,82225500,114.15708896485536,97.52088376464961,63.623135624770995,1.8690256195775845,122.91813870886303,110.05472912967865,2.7626942268639425,3628243100,58.93827212984976,16.403013119100702
2020-12-09 00:00:00-05:00,121.34150707445563,122.7251473181865,117.90189111003242,118.66191864013672,115089200,114.3337489521213,97.7312423206246,56.18795117060379,1.7883706406248479,123.16289743446218,110.1204725199649,2.9098772255275236,3513153900,57.06821523513278,16.16705988644739
2020-12-10 00:00:00-05:00,117.4147062587099,120.69842312660181,117.07366917962338,120.08454895019531,81312200,114.55927052067322,97.95366328211287,59.07983934731058,1.8182853041779197,123.6522438737014,110.30800596353819,2.9609398484883025,3594466100,56.64599922625794,15.590830950788648
2020-12-11 00:00:00-05:00,119.29529488946088,119.61684733291102,117.46343320377245,119.27581024169922,86939800,114.74423286267425,98.16582394837741,56.78515169309853,1.7564867498260526,123.94636501521421,110.50368177840559,2.936666698340771,3507526300,55.97855229346227,15.055761224819815
2020-12-14 00:00:00-05:00,119.4609228940989,120.19171973982225,118.42806573103923,118.66191864013672,79184500,114.89786759904533,98.36976518909142,55.03767068714526,1.6390807262083484,124.08367551248976,110.94321250834356,2.852880077658075,3428341800,63.86307733165977,14.784484370312095
2020-12-15 00:00:00-05:00,121.15639591100933,124.62525075019607,120.95177364167792,124.60575866699219,157243700,115.27856920955305,98.63081985056309,65.96022966750955,2.0025694480096377,124.88383231485719,111.9658258882678,3.0750552228295946,3585585500,73.24690193549446,15.940006989208822
2020-12-16 00:00:00-05:00,124.14779181691584,125.0832036047306,123.31954931044656,124.53754425048828,98208600,115.6416662699819,98.88859820280115,65.76278313069898,2.2590911489817245,125.46872584565705,113.02311375395232,2.9813837279334834,3487376900,73.82542502237051,17.131854432860923
2020-12-17 00:00:00-05:00,125.59963085326014,126.2622278245828,124.76164974923869,125.40475463867188,94359800,116.02453248051877,99.15244055539688,67.1106757592749,2.5035042374163226,126.06243547024931,114.07548567232882,2.8916194312307,3581736700,74.82280925796522,18.540036301147307
2020-12-18 00:00:00-05:00,125.6581058023967,125.79452063801119,122.89081749267945,123.4169921875,192541500,116.31443286118471,99.39387888009443,61.16645600231783,2.5078980657269767,125.827669456509,115.61854127754049,2.8924825536664893,3389195200,61.82806680505948,18.90246308111221
2020-12-21 00:00:00-05:00,121.8189749541549,125.02473843111304,120.28917365326492,124.94678497314453,121251600,116.65295647341844,99.64813665216458,63.82226835918972,2.6047952409992376,126.1616695144723,116.47720072478552,3.0241312839651764,3510446800,53.24298152497978,18.12211761443003
2020-12-22 00:00:00-05:00,128.24026583476893,130.9685777717825,126.33044301842824,128.50335693359375,168904800,117.11767806009199,99.9352532718803,69.11127401888594,2.9347426972056496,127.82923664025444,115.99969911007108,3.238249963584661,3679351600,56.027471794463956,18.957642520997915
2020-12-23 00:00:00-05:00,128.776152171418,129.03922833172223,127.43148121301886,127.60688018798828,88223700,117.5290193200095,100.21059284318487,66.47329102614918,3.0882903632768404,128.87039802600103,115.98230074515784,3.121785474664569,3591127900,50.455763617635746,19.73348707709666
2020-12-24 00:00:00-05:00,127.95768251910687,130.04288924480903,127.74331422195132,128.59103393554688,54930100,117.96282381473645,100.4929852918651,67.92090831271315,3.251905040336993,129.97234465777913,116.05352712770264,3.0728014448185816,3646058000,54.86791991570242,20.676574037888077
2020-12-28 00:00:00-05:00,130.55933439782117,133.82355230210814,130.09161358052606,133.19020080566406,124486200,118.55997585359637,100.81833071986311,73.6473845253134,3.70991953718449,132.2269917884701,115.67492064642573,3.227066939228773,3770544200,56.28761263048515,22.283648350261
2020-12-29 00:00:00-05:00,134.51533421618103,135.23637754463604,130.90031949667383,131.416748046875,121047300,119.06416299843083,101.12279258381349,68.56472218157586,3.8850125036751706,133.51873128626968,115.82788227981104,3.3062805898525904,3649496900,57.63197675825934,24.01088622829365
2020-12-30 00:00:00-05:00,132.10859581206566,132.5081016930773,129.9844050523243,130.2962188720703,96452100,119.50463577778925,101.41307543245286,65.48938275557033,3.888533013292573,134.33401750649534,116.2260451562651,3.250381736345477,3553044800,57.969879532237506,25.208373957315384
2020-12-31 00:00:00-05:00,130.64699691249126,131.29010173967114,128.34742211950626,129.29258728027344,99116600,119.88847701318079,101.69048351054063,62.77353896351434,3.766915701387461,134.50808701657394,117.46939813153806,3.228403013761149,3453928200,57.057382115007144,25.620835137675787
2021-01-04 00:00:00-05:00,130.1013562325265,130.18904830293448,123.51443728468345,126.09658813476562,143301900,120.13193235128216,101.93333032272197,54.95763932938415,3.3737521696106114,134.30433469790088,118.47475567482046,3.474560728367569,3310626300,54.9132299671259,24.309314581313252
2021-01-05 00:00:00-05:00,125.58989445727471,128.36692888537684,125.14166577453908,127.65560913085938,97664900,120.42697849950088,102.18927339543976,57.72290875962835,3.1516370926121624,133.90004980350605,119.99634708777002,3.456753755686868,3408291200,55.54984813428559,23.091474064690896
2021-01-06 00:00:00-05:00,124.44985429829092,127.69459465788168,123.14415983466812,123.35852813720703,155088000,120.54194123039132,102.3999127461041,48.82540080916336,2.598912128602805,133.01128886593733,121.51132262494811,3.534873831938775,3253203200,46.36423041812581,21.53554776949263
2021-01-07 00:00:00-05:00,125.0734581195904,128.25973687058584,124.58626017036609,127.56790924072266,109578200,120.81746938765922,102.6503405719212,55.98303731459762,2.4720393573248884,133.03111330330364,121.88645159741249,3.6324691820416346,3362781400,46.78974783174718,20.075768795377705
2021-01-08 00:00:00-05:00,129.03923614525579,129.23412721104498,126.8955682344821,128.66897583007812,105158200,121.12537160108741,102.90923246503719,57.65156189016928,2.432300596559145,133.1065797136529,122.36184273100855,3.540047024507438,3467939600,47.19919190697719,19.018757726207106
2021-01-11 00:00:00-05:00,125.88220383076441,126.83710761276025,125.20986830687416,125.67757415771484,100384500,121.30388934840613,103.13578312864593,51.89594603403672,2.134817381678843,133.09486336658864,122.40993501394523,3.53426563155719,3367555100,49.81354021118164,17.83208150453584
2021-01-12 00:00:00-05:00,125.2098831281038,126.36941672040446,123.6118743194809,125.50220489501953,91951100,121.46852917376353,103.35833458900785,51.570897032975815,1.86342851280628,132.87163985513135,122.91118688640513,3.4787854007976446,3275604000,50.67646111643146,17.213515836343515
2021-01-13 00:00:00-05:00,125.46319795799657,128.08432504103422,125.2001217968136,127.53866577148438,88636800,121.70657374622317,103.59893489928126,55.08875105095577,1.792018973062227,132.79751145528792,123.33089939269388,3.436315246756428,3364240800,47.944835193923204,16.06061300728255
2021-01-14 00:00:00-05:00,127.451013562091,127.64588980955337,125.46323718090288,125.60940551757812,90221800,121.85962597255082,103.81794455717477,51.287860201368616,1.5617483564490016,132.75090798405412,122.99164267512558,3.346767916891718,3274019000,47.92084483193334,14.99006038029737
2021-01-15 00:00:00-05:00,125.48271340602645,126.88584599937765,123.74828974705143,123.88470458984375,111598500,121.9390408202878,104.01761381123119,48.09327491990082,1.2259562226285112,132.89417718685007,122.352083392577,3.3318242265656113,3162420500,42.63470259955259,14.555803690000749
2021-01-19 00:00:00-05:00,124.50831458189415,125.4145105561259,123.68982554382202,124.55703735351562,90757300,122.04170735100261,104.22198618478626,49.41599598943107,1.0025335892714224,132.80871142272846,121.89968294576114,3.2170285684040594,3253177800,35.155426063254524,14.171435258969302
2021-01-20 00:00:00-05:00,125.36579577837638,129.09773432738962,125.25861162121556,128.64950561523438,104319500,122.30083669469799,104.4650460796166,56.65629357169575,1.1425271869860723,131.60672522797896,122.49624311512,3.311576311651912,3357497300,34.21685445634331,13.786001402570038
2021-01-21 00:00:00-05:00,130.37421204055514,136.09391286738688,130.16958230050147,133.3656005859375,120150900,122.73474900415837,104.75261378614717,63.1942342590842,1.6154012320096314,132.30319550533045,122.05961984297684,3.6067785216876684,3477648200,41.972252425276345,15.068053900958276
2021-01-22 00:00:00-05:00,132.7906739013892,136.26927444924834,131.56294040290453,135.50924682617188,114459400,123.23570970306086,105.05864993579917,65.72497669075773,2.1384805829498106,133.98312622041587,121.07475952177161,3.6853182020202504,3592107600,49.35467669666591,16.291434366039763
2021-01-25 00:00:00-05:00,139.40681893054085,141.3750878076961,133.04400046392547,139.26065063476562,157611700,123.86413875920614,105.39896835071426,69.65699923309343,2.823187722030653,136.89765847665072,119.48930237946908,4.01715885500242,3749719300,59.455995475807754,18.273213423559405
2021-01-26 00:00:00-05:00,139.92325867417892,140.60533283780688,137.7503450890547,139.49452209472656,98390600,124.47709496844224,105.73822759194822,69.88891630616081,3.346122517580568,139.35585051953024,118.81750153125103,3.934146633127404,3848109900,59.72004502738438,20.113436834113354
2021-01-27 00:00:00-05:00,139.7576013848175,140.60533595593498,136.81493637532154,138.4226837158203,140843800,125.02398080167275,106.06344606084247,67.3483083991573,3.6321940392230943,141.03354115941696,118.57542083602576,3.9238789865192634,3707266100,59.66650959428815,21.45412507046994
2021-01-28 00:00:00-05:00,135.947746278508,138.35450580385896,133.19994217532178,133.5799560546875,142621100,125.35950924296745,106.33724218018422,57.2262259500916,3.428617166810227,141.30050400374282,119.67131504736396,4.016654883232069,3564645000,51.30430362801621,21.413349502311178
2021-01-29 00:00:00-05:00,132.35222218300783,133.2389261898638,126.8761209359315,128.58131408691406,177523800,125.48585453096536,106.5585762290074,49.03423844448898,2.8312949910881855,141.30679173714847,119.80014796011713,4.208596328626635,3387121200,42.71918580207953,20.08664454022101
2021-02-01 00:00:00-05:00,130.32546101984542,131.91373120913244,127.5776572470742,130.70547485351562,106239800,125.69054552400655,106.79884387701246,52.16777519735801,2.5004907836150494,141.3952788924383,119.98319400795232,4.217701873871749,3493361000,48.90800334343431,18.854704218280137
2021-02-02 00:00:00-05:00,132.2547501087198,132.8199015096137,131.16343146870483,131.53370666503906,83305400,125.9196890981647,107.04496191470427,53.37158029826984,2.2788878506608796,141.44796405552665,120.7113265125072,4.0674679297450576,3576666400,54.145376762889185,17.537121989320383
2021-02-03 00:00:00-05:00,132.28398241128824,132.2937358859012,130.189037167514,130.51058959960938,89880900,126.09972441194684,107.2784507473899,51.64255470916046,1.997680911068045,141.3557217973336,121.47135339797889,3.927270128933784,3486785500,48.783823513674086,16.508341709538904
2021-02-04 00:00:00-05:00,132.81016544490666,133.88199202454763,131.1439418976162,133.87225341796875,84183100,126.40452947100653,107.54306569933597,56.61576616464582,2.0227634036087068,141.6205637819596,122.0509897662175,3.887565292934103,3570968600,54.03607515281706,15.53495521310759
2021-02-05 00:00:00-05:00,134.033283551068,134.1015854508509,132.57925865202728,133.45751953125,75693800,126.68111731650627,107.80092096134507,55.85260383319067,1.9862793096090456,141.57909096298823,123.1388777870118,3.7186196862119263,3495274800,59.80044934923965,14.69082006497809
2021-02-08 00:00:00-05:00,132.74515775495385,133.65270793576502,131.6619613464302,133.60391235351562,71297200,126.95259947482037,108.05766714435174,56.07766465779033,1.9467373037261382,141.04397521294413,124.96988790554546,3.595200179292134,3566572000,60.32152498523542,13.652197899664445
2021-02-09 00:00:00-05:00,133.3209020588762,134.5504851694013,132.56950670280034,132.7256317138672,76774200,127.17899289595947,108.30311952812802,54.28949459406653,1.823509785940189,140.21399228058755,126.88901675261558,3.4798986283856217,3489797800,59.72773165217958,12.936820000186453
2021-02-10 00:00:00-05:00,133.18426522390598,133.68195923048688,131.15449145334966,132.12059020996094,73046600,127.3727810259203,108.54010928615621,53.034861100507044,1.6579178524807503,139.97263241157538,127.59318790092465,3.41186785329645,3416751200,53.61395050649397,12.199453028009572
2021-02-11 00:00:00-05:00,132.61826227921486,133.09643505279266,130.53970793560018,131.8668670654297,64280000,127.54901969413636,108.77221632873605,52.48707244961348,1.4890469090102556,139.94440674054803,127.42158243588423,3.3507863721461666,3352471200,47.559392505444166,11.705668483156794
2021-02-12 00:00:00-05:00,131.10573109073752,132.25722938185646,130.4616651531689,132.10108947753906,60145100,127.72753223466196,109.00434441976891,52.969997400835055,1.358455827667342,139.6828789901878,127.22868920642682,3.239699076184838,3412616300,39.09486720652008,11.272442537090786
2021-02-16 00:00:00-05:00,132.21820236374853,132.7256347192669,129.58338986171597,129.97373962402344,80576300,127.81561879895065,109.21299511831872,48.18005493754932,1.0709567775863889,138.4483360092138,127.22497738596849,3.2327380605681304,3332040000,32.010230324877696,11.162262659173305
2021-02-17 00:00:00-05:00,128.08058387844284,129.02716157528442,126.3435683892599,127.68048095703125,97918500,127.81031927573812,109.39675119631585,43.60271957984971,0.6505655851123606,136.9763993670367,127.1217085431196,3.2611261444392308,3234121500,33.34048125002205,12.007012149054537
2021-02-18 00:00:00-05:00,126.08009517884663,126.86077987924489,124.33332637686648,126.57778930664062,96856700,127.76198476714606,109.56770679940367,41.55821515708521,0.22582140710167664,135.61074334941645,126.9080453061825,3.2672710327053407,3137264800,34.795392000702805,13.283053478376669
2021-02-19 00:00:00-05:00,127.094962062069,127.55361366522426,125.68973288562044,126.73388671875,87668800,127.72166719662073,109.73851455979518,41.97300760257072,-0.09707661865979844,135.5068612556859,126.09911815512139,3.1670288717695176,3224933600,44.95965986614872,14.17010290995846
2021-02-22 00:00:00-05:00,124.91880883902334,126.58752230648321,122.5670093965397,122.95735168457031,103916400,127.53483129418738,109.87004527745464,35.422574857463175,-0.650215170132185,136.48299900781856,124.37311874934294,3.2384466182295735,3121017200,35.968602582445556,15.709350968671613
2021-02-23 00:00:00-05:00,120.77144442573531,123.65020481957035,115.53111655663116,122.82073211669922,158273000,127.34996465977608,109.99890783306901,35.208506940308794,-1.0870743976956163,137.0416618823896,122.76315684319634,3.5870638785659743,2962744200,27.12285895550137,18.270509714775365
2021-02-24 00:00:00-05:00,121.92294077973033,122.52796420280912,119.27838298052396,122.32303619384766,111039900,127.15283021013182,110.12153597596235,34.393092233466504,-1.4566569499149864,137.29275475843667,121.28397457099044,3.583869968395209,2851704300,35.315840253906046,20.648728550443135
2021-02-25 00:00:00-05:00,121.66921718039119,123.40623239958438,117.62919084390654,118.06832122802734,148199500,126.79657495593166,110.20060846603265,28.348671184046793,-2.0690233120336075,138.17948844620577,118.73827176701035,3.7405250817725397,2703504800,27.15103586155854,23.074353972726588
2021-02-26 00:00:00-05:00,119.62970286388716,121.83513064841705,118.2732690688628,118.33182525634766,164560400,126.46462398732054,110.28151609578703,29.178805191570973,-2.5041986497587345,137.8981005048198,116.9476026201802,3.742402534530909,2868065200,19.896744395885833,25.326720436275508
2021-03-01 00:00:00-05:00,120.76168897682948,124.84075076896436,119.82487191939815,124.70413208007812,116307900,126.39558508899731,110.42502471254615,45.59454635519683,-2.3082779438069565,136.87066651814013,116.80791828003696,3.940011318679894,2984373100,27.325115036097984,26.12402524487379
2021-03-02 00:00:00-05:00,125.30916402931615,125.61167577926304,121.99126560430425,122.0986099243164,102260900,126.22707625900983,110.54117978928018,41.37189314664944,-2.3363215747168056,135.6673534555261,116.47719101875775,3.9171826655569584,2882112200,28.27028970025539,26.55868479690144
2021-03-03 00:00:00-05:00,121.79608068156783,122.67434893414126,118.89779917065528,119.11248779296875,112966300,125.94807278975333,110.62646643608306,37.12793764216366,-2.5698775059962315,134.64541610757172,115.68404251059235,3.907137458266175,2769145900,27.675370958952797,27.54011664011876
2021-03-04 00:00:00-05:00,118.80999380846009,120.61531871405342,115.75557939943269,117.22911071777344,178155000,125.60615270849921,110.69216438913472,34.709534940775626,-2.873817475179507,133.64992624625916,114.69400177294655,3.9751804480057857,2590990900,25.93030475614904,28.943822669997733
2021-03-05 00:00:00-05:00,118.05858335014369,118.99540041730722,114.73092431231343,118.48795318603516,153766600,125.3270076291869,110.76973442691482,37.63366577591449,-2.9787765421691006,132.19493113248149,114.36514170280498,3.9958444235049293,2744757500,24.671133606516932,30.394250402263946
2021-03-08 00:00:00-05:00,118.0097916939266,118.0781010413507,113.40376871001352,113.5501480102539,154376600,124.86516999707187,110.79740023371423,31.646515201825878,-3.420962246372355,130.86675771295867,113.21985626002309,4.073582998684694,2590380900,23.846549180312152,31.927953816038194
2021-03-09 00:00:00-05:00,116.15567868178947,119.11250946582403,115.92147625354262,118.16593170166016,129525800,124.60245476980083,110.87071895478833,41.08244224491131,-3.360208047828266,129.16893020339046,113.34330937994287,4.179924317033653,2719906700,30.51899217700634,32.90218410665533
2021-03-10 00:00:00-05:00,118.7514470176131,119.21985186652402,116.56553290549272,117.0827407836914,111943300,124.30756402524752,110.93253011726499,39.69750106832824,-3.3607240276350723,127.91536846341785,113.1838390968035,4.070952505890629,2607963400,30.38417743566309,33.758853588735384
2021-03-11 00:00:00-05:00,119.58090377809478,120.23472282472085,118.33181442180619,119.01490783691406,103026500,124.10000888060699,111.01295178611723,43.36511364641528,-3.168696451698011,126.69186358687223,113.39895977738557,4.005311758400544,2710989900,30.75485599478779,34.089950871978594
2021-03-12 00:00:00-05:00,117.4925843785623,118.24398715605516,116.28252996168703,118.10736846923828,88105100,123.8650033742788,111.08354299689456,42.070814837255654,-3.054533298152265,125.12048221501809,113.8201387159715,3.9143879096024357,2622884800,31.111679307646128,34.78858546922279
2021-03-15 00:00:00-04:00,118.47820271779908,121.00565599103153,117.51210381348422,120.99589538574219,92403800,123.75248933551266,111.1821733689229,47.447145845612,-2.6998559361015566,124.74640947468117,113.93268394979799,3.8843282144556417,2715288600,37.563956753925254,34.262989148276894
2021-03-16 00:00:00-04:00,122.6646007020175,124.1478999993401,121.7082698545493,122.5377426147461,115227900,123.70485220920808,111.29516410768731,50.10886117704671,-2.268210862823892,124.68059579040577,113.96076570047966,3.8320193858229463,2830516500,37.7628527299726,32.65696870673495
2021-03-17 00:00:00-04:00,121.05442998675579,122.8207195259956,119.38571670236878,121.74728393554688,111932600,123.62808482592726,111.39916530000434,48.74577049487528,-1.9672353768265225,124.5633262082849,114.00126831482709,3.803661059951794,2718583900,38.52243376487413,31.72687977267953
2021-03-18 00:00:00-04:00,119.91268883951182,120.20544741210641,117.41451014863442,117.61943817138672,121229700,123.39245162378842,111.46105856240615,42.27801262406791,-2.0382965769401977,124.56556736644124,113.939176082452,3.8414548261632695,2597354200,39.53681497520882,31.295324907301836
2021-03-19 00:00:00-04:00,117.00467565843506,118.49772827437513,116.78998699166908,117.09249877929688,185549500,123.14539464949463,111.51709279341999,41.52065175300842,-2.112777906575573,124.57537492437633,113.76412499424346,3.6890467159163256,2411804700,31.270917108199853,31.027513464156787
2021-03-22 00:00:00-04:00,117.42427276940472,120.87878973760397,117.35596342731434,120.4103775024414,111912300,123.03813907510039,111.60558318853464,47.85478619069929,-1.8823808973886287,123.48084997564064,114.28614933262759,3.6959927332299514,2523717000,31.525467269148052,29.929493964714435
2021-03-23 00:00:00-04:00,120.35184141166212,121.23986295215124,119.19057502893875,119.58091735839844,95467100,122.90256175287678,111.68493974743875,46.49882751582118,-1.7465865467254815,123.00472439311552,114.4265825730303,3.5783709610858465,2428249900,37.365386286971074,28.78601735267112
2021-03-24 00:00:00-04:00,119.8541271151827,119.9321970521026,117.17053445612295,117.19004821777344,88530500,122.67854161424528,111.73971694614855,42.73961684146333,-1.8110154450680227,122.93594938527117,114.23903230418195,3.5200346492925463,2339719400,39.36410004995402,28.233714540219328
2021-03-25 00:00:00-04:00,116.65336116382848,118.72217030027896,116.12640013534126,117.6780014038086,98844700,122.48244199814972,111.79880435368746,43.739310072643654,-1.8019305335436542,122.9341327639405,114.30070101698398,3.454015757552915,2438564100,40.693220697352906,27.969502191403734
2021-03-26 00:00:00-04:00,117.44377912870549,118.54649658241553,116.04831056099164,118.28301239013672,94071200,122.31775848411,111.8633238366372,45.020988905965254,-1.7260149198098418,122.92331897031727,114.2841893711541,3.3857422049722707,2532635300,48.18738012718152,27.743237346611757
2021-03-29 00:00:00-04:00,118.7124028156756,119.61994551573255,117.81462072071783,118.45867919921875,80819200,122.16642204156526,111.92894926313056,45.40985452291892,-1.6328538824584626,122.3111578832822,115.55082128338445,3.272855247118161,2613454500,46.54222957854716,27.089382313231457
2021-03-30 00:00:00-04:00,117.2095819531143,117.49257992082933,115.98976697770112,117.00465393066406,85671900,121.96399976270638,111.97945378718563,42.716665184631545,-1.6572470639914343,122.35143012818959,115.35571200234428,3.2154307452895514,2527782600,47.38139678240848,26.9679160244967
2021-03-31 00:00:00-04:00,118.7123990051535,120.53723750663126,118.22447299809998,119.20032501220703,118323800,121.85562036072602,112.05130325211123,47.75557664566867,-1.4823192759070878,122.36388851297998,115.62559818135595,3.2380845189093828,2646106400,47.927919258748844,25.68642783949594
2021-04-01 00:00:00-04:00,120.6738663324064,121.18130611520114,119.53211379208796,120.02980041503906,75089100,121.78401957854223,112.13069128358315,49.56066594564188,-1.262206084721555,122.47098188001063,115.65382382474199,3.1482914177725774,2721195500,53.42994632248724,24.27165497635105
2021-04-05 00:00:00-04:00,120.87880081066227,123.1135029854138,120.09811616226364,122.85977935791016,88651200,121.82620623655666,112.23744837885009,55.242504668574405,-0.8496153088944993,123.22877826708527,115.52968222282358,3.1436779286727314,2809846700,53.36200227911,22.763185962257662
2021-04-06 00:00:00-04:00,123.44528283557895,124.06006693940361,122.61581009211896,123.16228485107422,80171300,121.87860147634167,112.34615321936974,55.815465048029175,-0.49254670947394175,123.74917670562238,115.29813571299741,3.0222907085735824,2890018000,52.199419723334294,21.660403181114777
2021-04-07 00:00:00-04:00,122.79144922016141,124.83097616492763,122.11810901104752,124.81146240234375,83466700,121.99361563030254,112.4701861465635,58.90416325675571,-0.07562071769591228,124.44983313505628,114.90064192190985,3.000189026095477,2973484700,59.3654843517926,20.877348774896728
2021-04-08 00:00:00-04:00,125.83609667016256,127.2413257567115,125.41648751004146,127.21205139160156,88844600,122.19826016996134,112.6168713728823,62.96278509652662,0.44339245127548566,126.06189458756243,114.017216130211,2.9594514781149255,3062329300,67.31027073566457,20.84667454988414
2021-04-09 00:00:00-04:00,126.66559142580684,129.82734234724018,126.34355848189794,129.78831481933594,106686700,122.49590937189761,112.78773150667786,66.75712692862143,1.0504876867130974,128.42826062954478,113.2733669746219,2.9969037914883043,3169016000,79.53275054398297,21.45471806536585
2021-04-12 00:00:00-04:00,129.31990535224077,129.6419382844939,127.47554575138676,128.07081604003906,91420000,122.71453316280513,112.93980199954713,62.18346654043931,1.3771522826623084,129.67030497989134,113.49509825904097,2.9480370255212236,3077596000,71.74790146878355,22.019329901170295
2021-04-13 00:00:00-04:00,129.2418559434714,131.40824882078488,128.74416183713194,131.1837921142578,91266500,123.04666096482288,113.1213342394945,66.64415825798818,1.8657206155212975,131.65833361726516,112.94352490324266,2.975851008037266,3168862500,71.82943433066315,22.954859384044532
2021-04-14 00:00:00-04:00,131.68149986798167,131.7400486182492,128.48070580389006,128.84176635742188,87222800,123.27391999982676,113.27775644962313,60.830586158051545,2.040412033990634,132.68930128496325,113.14733710208101,2.996100422774543,3081639700,71.43608448340393,23.898740052723348
2021-04-15 00:00:00-04:00,130.5885182593821,131.7400164409198,130.41285716116144,131.25209045410156,89347100,123.58678942940617,113.45660554419506,64.28373625571334,2.346302537267377,133.9417691896697,113.76980816221831,2.9891111128262122,3170986800,78.87636485640692,24.775200673639393
2021-04-16 00:00:00-04:00,131.05693729907884,131.41799780371278,130.06156400836352,130.92031860351562,84922400,123.87437880878302,113.63037383334253,63.454497542060345,2.5327557179956557,134.82527680860775,114.65194283657455,2.8724913044350013,3086064400,71.78641787032426,25.399117150176142
2021-04-19 00:00:00-04:00,130.28600775000282,132.1986844065799,130.1201146808097,131.58389282226562,94264200,124.17671269166469,113.80901581333183,64.44246968701532,2.7029086523355232,135.62423010958315,115.626440259883,2.815782620244658,3180328600,72.28032968728962,26.190522721798764
2021-04-20 00:00:00-04:00,131.75955677302224,132.2572359912941,128.6270649312646,129.8956756591797,94812300,124.4009857492143,113.9690820804547,59.99846610296994,2.670744383867472,135.81219051269073,116.96341271810354,2.8739532230864313,3085516300,71.23359951205066,26.104420540940506
2021-04-21 00:00:00-04:00,129.1637441492029,130.52017754829777,128.12934362921473,130.27621459960938,68847100,124.63138688060235,114.13134210552091,60.65707015721322,2.6454650077075,135.41146094395117,119.13368370936914,2.839444701371903,3154363400,64.57508206273616,25.762477833509458
2021-04-22 00:00:00-04:00,129.8273190546684,130.91051516608923,128.23669071993334,128.75389099121094,84566500,124.79305370846936,114.27684010438351,56.63953232809075,2.4740725589611117,134.82523794734655,120.99371550317427,2.827614683142188,3069796900,58.09751388525219,25.58088896736132
2021-04-23 00:00:00-04:00,128.9686026596944,131.85711621347775,128.9686026596944,131.07644653320312,78657500,125.03946127022363,114.44400036735684,60.89506494764694,2.49687125279209,134.2829224970616,123.00891710254776,2.8473011502225183,3148454400,57.95357507358622,25.73810082110882
2021-04-26 00:00:00-04:00,131.57414120224303,131.79858301727063,130.33480485867753,131.466796875,66905100,125.29151364688153,114.61338142713439,61.57758862556274,2.5174181626572505,134.0831479442931,124.35629399092825,2.7484780793918455,3215359500,57.65701102682529,25.884083256731497
2021-04-27 00:00:00-04:00,131.74976832594788,132.14011804581892,130.87150751429678,131.14474487304688,66015800,125.521052126339,114.7778726057007,60.63725533570871,2.4791368849011377,133.45642863704015,126.04734130111089,2.64277325454401,3149343700,57.20108553114438,26.14476899822642
2021-04-28 00:00:00-04:00,131.06667685708592,131.7595383135996,129.86638309275443,130.35430908203125,107760100,125.71059161479752,114.93286202337563,58.28470453793937,2.3578374516504965,132.72246396532728,127.52035219678208,2.589229109279806,3041583600,49.051140164374814,25.72629017744776
2021-04-29 00:00:00-04:00,133.17451655261294,133.76003367761894,129.25158755183847,130.2567138671875,151101000,125.88887091881281,115.08533816112501,57.98557037234571,2.2281469674164356,132.409670356831,128.2391008020232,2.7263160390298533,2890482600,50.940870075340094,26.093349357479212
2021-04-30 00:00:00-04:00,128.59777209122348,130.33478741572688,127.90492552746106,128.28550720214844,109839500,125.98285665541421,115.21668312670734,52.16242646615432,1.9438983701083998,132.53507924072343,127.91331756917239,2.7051407425467078,2780643100,50.20185587548194,25.6137996077042
2021-05-03 00:00:00-04:00,128.85147530654447,130.83246831624223,128.64655475092198,129.3394012451172,75135100,126.1144858550104,115.35720768509948,54.777259373579255,1.7831151093191693,132.3784993374254,128.23904216648083,2.6938421976572138,2855778200,49.54466596771947,25.362863594868667
2021-05-04 00:00:00-04:00,128.02202969252124,128.31478827842903,123.64044873461123,124.76268005371094,137564700,126.06147386280259,115.45079447483691,43.625213348233814,1.2717303500208885,133.27908482894105,126.48230840022562,2.908492934289267,2718213500,47.80885761627236,24.307605347521527
2021-05-05 00:00:00-04:00,126.08006575676235,127.29988066325254,124.87977205806523,125.00663757324219,84000900,126.02010773380022,115.54587749074145,44.27644797057246,0.8760411202196536,133.7885274856864,125.46151523892298,2.881972053950148,2802214400,47.45217849257709,23.32772268927061
2021-05-06 00:00:00-04:00,124.80171581873422,126.61680119447594,124.06006618952057,126.60704803466797,78128300,126.04312500050092,115.65593888918849,48.48101897272062,0.6837128872957408,133.63670407537433,124.99399965997723,2.858740836164807,2880342700,53.67205209078844,22.72682394671319
2021-05-07 00:00:00-04:00,127.9071148377746,128.30788236807308,126.56791677652002,127.28150939941406,78973300,126.09168909457595,115.7716162076982,50.18685483687314,0.5790399602576457,133.41498173291606,124.7305474418886,2.7788283186925393,2959316000,53.02323755986489,21.372163511541583
2021-05-10 00:00:00-04:00,126.49950732025513,126.62657341198205,123.95797666716017,123.99707794189453,88071200,126.00954748074533,115.85346159808822,42.76159462369184,0.22842658251674663,133.36489867593073,123.76905518149115,2.8177357768040645,2871244800,53.46066413212815,21.069159990858232
2021-05-11 00:00:00-04:00,120.72242271776828,123.43012073939632,120.0088375044798,123.0782241821289,126142800,125.89459362589763,115.92534978300405,40.93683027433152,-0.12217253566629438,133.56745112837652,122.65750919877193,2.9013432525619693,2745102000,51.4278686484417,21.880356577969135
2021-05-12 00:00:00-04:00,120.62468591755979,121.83679573122357,119.50054838799285,120.00885009765625,112172300,125.66378015420189,115.96598162693095,35.48887823175349,-0.6403165291788468,134.0722210035263,120.7837573900284,2.9496527198172613,2632929700,50.66257973904502,22.754016896890374
2021-05-13 00:00:00-04:00,121.77815750326876,123.3128473997713,121.46535470454872,122.15938568115234,105861300,125.52635291996465,116.02760753791824,41.37566724497796,-0.8674200498664391,134.08103364739904,119.89567737148116,2.974963047124246,2738791000,51.41261865098238,22.872028214216886
2021-05-14 00:00:00-04:00,123.4105791838984,125.013694229742,123.01957387710111,124.58358764648438,81918000,125.48938173276935,116.11274166835173,47.22224389945288,-0.8420813973317536,133.38499800823192,119.72599849241912,2.96634486865749,2820709000,51.79556295507996,22.249355730670562
2021-05-17 00:00:00-04:00,123.96777091361953,124.07529756948797,122.35487853339957,123.43013763427734,74244600,125.40862706224026,116.18555157846045,44.926411761987,-0.9046459138714482,132.47467082823042,119.56477110699093,2.913656600402298,2746464400,46.774532787735126,21.876688665131123
2021-05-18 00:00:00-04:00,123.71362442115952,124.13395388767103,121.9736583600026,122.04208374023438,63342900,125.27660575549493,116.2438255303189,42.26353213409613,-1.054082288304869,131.5291011802833,119.29665260389639,2.8598450952070213,2683121500,48.49574628325775,21.650840836779643
2021-05-19 00:00:00-04:00,120.3900925748675,122.11050419640777,120.09683669552412,121.88568115234375,92612000,125.14362832007724,116.29996339720473,41.961727812924416,-1.1716262947917926,130.58759151856634,119.10901187498834,2.799403838469638,2590509500,38.8822275216395,22.00486624157623
2021-05-20 00:00:00-04:00,122.41353999757484,124.84753700244316,122.28645896670807,124.4467544555664,76857100,125.11629993323368,116.38102599480038,48.452946847089464,-1.0460651669128822,129.41900485910685,119.50293727956505,2.8110075535860504,2667366600,46.038771305834366,21.13705160179546
2021-05-21 00:00:00-04:00,124.94527906751188,125.12123109705438,122.39397836804899,122.6090316772461,79295400,125.01797568790083,116.44299620059586,44.598396636981725,-1.0823690613818684,128.66765488248026,119.49742385287131,2.805025066116003,2588071200,39.871415518139706,20.220988412936748
2021-05-24 00:00:00-04:00,123.17598087438682,125.06257461018313,123.10755550398203,124.24146270751953,63092900,124.98752419847412,116.52059288225679,48.51637603407021,-0.9682551750165942,127.37568757584063,120.10966602116457,2.779919199460363,2651164100,47.6655759646338,19.37035830899652
2021-05-25 00:00:00-04:00,124.94526644040783,125.4340286577924,123.47900216167147,124.04595947265625,72009500,124.9506000915793,116.59547215181301,48.077856743454994,-0.8834111611295867,127.29166083451796,120.09813001834664,2.720998292078974,2579154600,47.093401163618026,18.413114001665484
2021-05-26 00:00:00-04:00,124.10460458296265,124.52493396410016,123.57674856075704,123.99707794189453,56575900,124.91320706610148,116.6691199706198,47.96113136198986,-0.8107699485879323,127.16087716223498,120.09430573978324,2.594368800026413,2522578700,41.203755126189904,17.524244287715234
2021-05-27 00:00:00-04:00,123.5963093673209,124.76931783925218,122.26689578830224,122.46239471435547,94625600,124.81709677779772,116.7267644954331,44.32277078540172,-0.8670426469576853,126.5408775056394,120.16168495367049,2.5878011750923795,2427953100,33.861606289742724,17.24481013095266
2021-05-28 00:00:00-04:00,122.74586517662357,122.97069563858864,121.74880878787852,121.80745697021484,71311100,124.69907168730427,116.77731864941104,42.82954415569483,-0.9534958614869993,125.46772751313301,120.50496128895031,2.4902358662079322,2356642000,34.39990707464557,17.191832013560006
2021-06-01 00:00:00-04:00,122.26691983121887,122.53084417907016,121.15255932641132,121.48490905761719,67637100,124.57302609398322,116.82416034501509,42.077696787886836,-1.0360941295848676,125.34350379723043,120.29422915361593,2.410810793811568,2289004900,36.20885078597127,17.380153002373163
2021-06-02 00:00:00-04:00,121.4848962778378,122.42330463275813,121.26007323809793,122.24735260009766,59278900,124.48182321187005,116.87812245700597,44.5553690932247,-1.0281788247960435,125.29935434722225,120.22759572601993,2.3216979795864705,2348283800,43.50756859427951,17.55502249198538
2021-06-03 00:00:00-04:00,121.87589598051592,122.04207082094376,120.36075313288092,120.76153564453125,76229200,124.33592958177833,116.91676338424503,40.88504180395153,-1.12878694627679,125.15157898102619,120.47572916513268,2.290619514417204,2272054600,34.551669199860186,18.090350948250222
2021-06-04 00:00:00-04:00,121.27961057589917,123.32260943039987,121.06455727986688,123.05867767333984,75169300,124.28584127164349,116.97787695926091,48.0150437877891,-1.0114995070046007,125.1873428209342,120.55987092418299,2.309937676663733,2347223900,34.04710981748673,17.776415873027837
2021-06-07 00:00:00-04:00,123.33239051007368,123.47901844884905,122.02253116137574,123.06846618652344,71057600,124.23810107222702,117.03847983714412,48.04380076300166,-0.9072997286655351,124.90401764628807,120.64117990416766,2.2489769345787027,2418281500,41.139978429623966,17.389054726045906
2021-06-08 00:00:00-04:00,123.75272138786391,125.57089740877028,123.37149321732436,123.88957214355469,74403800,124.22443327110263,117.10664990984473,50.51661817215867,-0.7498207977402416,124.9841907814482,120.62226470357783,2.267080812269284,2492685300,47.965772824723366,16.43063030526242
2021-06-09 00:00:00-04:00,124.34899265629532,124.87684872392028,123.6745086602513,124.27079010009766,56877900,124.22625118596517,117.17793488686218,51.666780736852765,-0.5874843533567002,125.20749763152638,120.69611870148144,2.1910279016549756,2549563200,49.60023033011559,15.540664771677752
2021-06-10 00:00:00-04:00,124.16324952672848,125.30694127390441,123.10754496766629,123.27371978759766,71186400,124.18889701348017,117.2385894629889,48.492045728132304,-0.5331410745279186,125.23030308546953,120.85838506557215,2.1916256448394864,2478376800,42.06424730952125,14.47132893524743
2021-06-11 00:00:00-04:00,123.68429747068124,124.57383485098319,123.26396801386512,124.48585510253906,53522400,124.20054242873739,117.31070155890482,52.327150168430364,-0.3877941947718426,125.23967573948451,120.85422583115351,2.128642872859385,2531899200,48.78034197532769,13.4783742299907
2021-06-14 00:00:00-04:00,124.94525422632002,127.6040735939575,124.21212215861955,127.54542541503906,96906500,124.33171431055315,117.41253960722457,60.35171235120118,-0.02543084017922581,126.49374066559402,120.25834673674974,2.2188791987507104,2628805700,50.62181350043293,14.00538820250236
2021-06-15 00:00:00-04:00,127.01761349970843,127.66277348498704,126.47998017864292,126.72435760498047,62746300,124.42554345935422,117.50519451267488,57.55199686019243,0.1932635962653677,127.06298642178534,120.02015363355319,2.144873063578811,2566059400,50.222695181048756,14.519772691940295
2021-06-16 00:00:00-04:00,127.43787732691517,127.94618631798157,125.57084597802718,127.22282409667969,91815000,124.53524073924933,117.60188734435653,58.8015278749313,0.40216666579463833,127.7241138071403,119.78260819806803,2.1613350118913526,2657874400,48.3845292356187,14.402367287771456
2021-06-17 00:00:00-04:00,126.8807541337841,129.56890564121335,126.73411873855628,128.82598876953125,96721700,124.70350536788784,117.71356994560205,62.61335437865509,0.6891418461285781,128.7867888667144,119.36378791551215,2.209438718374618,2754596100,57.840813098848024,15.01957425235713
2021-06-18 00:00:00-04:00,127.7702868246808,128.55228257491908,127.31085611782875,127.52590942382812,108953300,124.81418787988551,117.81120516429087,57.93224507209214,0.8024164487713961,129.3346299325764,119.49108214424653,2.159845427898038,2645642800,55.56792077627916,15.592695005186682
2021-06-21 00:00:00-04:00,127.36945962838168,129.43200476469517,126.30397811416485,129.32447814941406,79663300,124.99106200810232,117.92576509449111,62.14832447974652,1.0254955776833725,130.19056430464582,119.63741726273699,2.2290012295146293,2725306100,62.34157834994953,15.443991901827783
2021-06-22 00:00:00-04:00,129.15833692853147,131.0644774987528,128.65979753012715,130.9667205810547,74783600,125.22540155998281,118.0555258456012,65.54395044036411,1.3195912079568615,131.2800256772869,119.81219742655426,2.2415497108797027,2800089700,63.03049316120077,16.042004872620996
2021-06-23 00:00:00-04:00,130.76145650954527,131.29908974446735,130.23359300049012,130.69302368164062,60214200,125.43981811377333,118.18127209272596,64.50535173650943,1.5131365649648103,132.09013157726935,120.12818100411087,2.1575459275295263,2739875500,69.45842201282072,16.695837093140305
2021-06-24 00:00:00-04:00,131.4261492149737,131.6118784063628,129.94033059947196,130.4095458984375,68711000,125.63470939944644,118.30294645895195,63.38504790961049,1.6249173313113374,132.35797183993614,121.14674210863156,2.122831776055334,2671164500,62.78303937403226,17.438358300091227
2021-06-25 00:00:00-04:00,130.45845211286021,130.87877412754855,129.8230618536797,130.11631774902344,70783700,125.81045874648868,118.42049244193775,62.182018614029744,1.6705858590505613,132.69249694823148,121.75323567709404,2.046608954470586,2600380800,56.13846855853883,18.03590862252545
2021-06-28 00:00:00-04:00,130.40956533844553,132.20817950576375,130.35091714623502,131.74874877929688,62111300,126.04333286542234,118.55311190798113,66.04567381308243,1.8175504474828585,133.22716122372282,122.3759424139725,2.0498412974898526,2662492100,55.78643747230522,19.173917469117775
2021-06-29 00:00:00-04:00,131.76828191642397,133.4202753370262,131.3284056301101,133.2638702392578,64556100,126.32649119380805,118.69948761276997,69.19171781935601,2.032845207904103,134.06126571691263,122.79174433354311,2.0528433267345845,2727048200,61.45196352559418,20.690532275127605
2021-06-30 00:00:00-04:00,133.1074740660687,134.319591281627,132.81421821699357,133.8797149658203,63261400,126.62269604761246,118.85053465110877,70.39254156101532,2.227484326502349,134.84929298379205,123.28490704876003,2.0137383080130737,2790309600,67.83046855141313,22.40648264836753
2021-07-01 00:00:00-04:00,133.52784002194588,134.241417974861,132.70672048251464,134.18276977539062,52485800,126.91916952713318,119.00309420458422,70.9917365200397,2.3787702381162035,135.211616081143,124.3771239497815,1.9795211068940233,2842795400,67.91895830500546,23.904576891057474
2021-07-02 00:00:00-04:00,134.7985434022486,136.8513191558301,134.65192295511142,136.81222534179688,78852600,127.30713250025724,119.18029948953162,75.60490106341953,2.679947732705159,136.29627474922327,124.93598131360224,2.0287374121472705,2921648000,67.55709448694925,26.081132698769288
2021-07-06 00:00:00-04:00,136.91977180863466,139.9304881404482,136.91977180863466,138.82591247558594,108181800,127.75884936203485,119.37577822571127,78.43347899618001,3.0460083020135187,138.1106289673227,124.6256920369091,2.106560654040418,3029829800,69.16230427183102,28.747217063810044
2021-07-07 00:00:00-04:00,140.31175466669774,141.63139890562033,139.4515561574984,141.318603515625,104911600,128.29060442688152,119.59411479576018,81.32074188801614,3.4969426965230355,140.23583837771494,124.44638208126942,2.1564839237542732,3134741400,77.85758419187547,31.498204246689024
2021-07-08 00:00:00-04:00,138.3958239838689,140.82004384366806,137.5062865843974,140.01849365234375,105575500,128.75052165140946,119.79734244607445,75.6333170781545,3.7066752080106653,141.44934043676741,124.93896929630547,2.274757710002368,3029165900,68.21442808472672,32.680677719774465
2021-07-09 00:00:00-04:00,139.53951201949036,142.37428423087343,139.44175508160217,141.846435546875,99890800,129.26408690221203,120.01673640727645,77.96657799016769,3.9745729654862316,143.0069676123183,125.11740169106713,2.3217413842358607,3129056700,77.68985460761073,34.11236484377486
2021-07-12 00:00:00-04:00,142.92170074885988,143.0292274131984,140.76139773464533,141.25015258789062,76299700,129.73412869380726,120.2280141802179,75.42922305235007,4.091603360335995,143.8678976797386,126.08637071218847,2.3178905481156624,3052757000,77.777968461007,35.574192270119525
2021-07-13 00:00:00-04:00,140.79071085179643,144.1435766396761,140.39971296594135,142.364501953125,100827100,130.22943744907462,120.44827774014733,76.93962576199371,4.2255598485664905,144.90488423015717,126.78805400226469,2.4197457713741692,3153584100,78.44844726534863,37.14907349037303
2021-07-14 00:00:00-04:00,144.76917436169552,146.20611463354894,144.35860721349817,145.79554748535156,127050800,130.83987313677176,120.7004893794031,80.84412734111953,4.556058622844176,146.74422402491143,126.92589112808339,2.5213076934491525,3280634900,79.84784140625077,38.96821887754887
2021-07-15 00:00:00-04:00,145.88352652438826,146.626428391954,143.7818721014033,145.14060974121094,106820300,131.40068633694585,120.94367465663503,78.12489135098886,4.71082976700103,147.93805935552933,127.6584006054082,2.544396878956405,3173814600,76.77827671505071,40.25930463568669
2021-07-16 00:00:00-04:00,145.12107770714312,146.39182821899888,142.5991012200298,143.09762573242188,93251400,131.85938984265078,121.1641119807722,70.19357266269249,4.615431457397108,148.28179153525835,129.00641240354375,2.6335633161001666,3080563200,74.92178970967271,40.6687888942237
2021-07-19 00:00:00-04:00,140.51698106699695,140.82979124521293,138.48375965542388,139.2462158203125,121434600,132.14906929275517,121.34403341201143,58.19840056061854,4.1808567038081605,147.74434842870636,130.76117525293427,2.775013513307154,2959128600,66.86139235666877,38.873081367480836
2021-07-20 00:00:00-04:00,140.23353355980825,143.79166790162552,139.74477876057173,142.86302185058594,96350000,132.56922429502305,121.55815269995745,64.35810749437587,4.081252956786699,147.63378384990918,132.35364290790332,2.9014734110218585,3055478600,67.76556765510617,38.04561449123878
2021-07-21 00:00:00-04:00,142.25697909961474,142.8434908596877,141.3772263751189,142.12989807128906,74993500,132.94415267840603,121.7628466837518,62.3524469835778,3.898223019241499,147.3754049337223,133.79415886836105,2.800353558482228,2980485100,62.53554751099595,37.27725239187116
2021-07-22 00:00:00-04:00,142.6577390590944,144.86690516323114,142.5306580508827,143.49839782714844,77338200,133.35804464502337,121.97912082448212,64.57193927362792,3.8195673732647606,147.12032754692032,135.3317273033401,2.7958288108722167,3057823300,63.324225854524734,37.07972426791479
2021-07-23 00:00:00-04:00,144.23150148538562,145.37518558672,143.61566584789466,145.21878051757812,71447400,133.8231715419863,122.2103612194383,67.19060538293428,3.8516532513142465,146.81975645977752,137.10376648944123,2.7301830214935983,3129270700,63.250236552273606,37.018725819971664
2021-07-26 00:00:00-04:00,144.9353520535012,146.46026463758602,144.37816442398642,145.63916015625,72434100,134.28654364450645,122.44348359691902,67.81659344400143,3.866432833482804,146.8803247156402,138.22012287550564,2.683891392358313,3201704800,62.386892676449506,37.22061094302388
2021-07-27 00:00:00-04:00,145.76623976746671,145.8542269751725,142.2765379406364,143.46910095214844,104818600,134.64664393108066,122.65269371985663,61.31324899900523,3.6608402296297697,146.7188961198389,139.00064326818196,2.7477340810852993,3096886200,54.501557744962795,36.35077690164061
2021-07-28 00:00:00-04:00,141.55313976010396,143.66456373234172,139.3341891527353,141.7193145751953,118931200,134.92400356418318,122.84241134030776,56.600050440371305,3.3184603278269265,146.70793036524566,139.0650371640512,2.8607798309796655,2977955000,53.90080198645188,34.31385570579774
2021-07-29 00:00:00-04:00,141.43587078750923,143.25403929640055,141.32834413155712,142.364501953125,56699500,135.2157878147299,123.03666099814676,57.88556758475833,3.063864693282568,146.56209383856938,139.52367479749833,2.7939880691127916,3034654500,52.40321997574486,32.42242888108651
2021-07-30 00:00:00-04:00,141.13284920856503,143.038990058725,140.8689174245079,142.57955932617188,70440600,135.5045631681198,123.2311176979281,58.32864481271101,2.846634915996219,146.56318479229614,139.62033368101115,2.7494226809059557,3105095100,46.786948123542146,30.478809257324013
2021-08-02 00:00:00-04:00,143.0683121632204,143.6450392737184,141.98327586121925,142.24720764160156,62880000,135.76898059845243,123.42033252323829,57.32490749320612,2.617487977005652,146.52259025454802,139.79386889258737,2.6717327331626115,3042215100,45.193649905827066,28.900094368045046
2021-08-03 00:00:00-04:00,142.53066410966022,144.710506214658,141.91482832443904,144.04580688476562,64786600,136.0935620214451,123.6255611238505,61.21470089868114,2.5516059789377152,146.63346184285405,139.9071712951668,2.680585958666637,3107001700,42.24283423803247,27.823277232498665
2021-08-04 00:00:00-04:00,143.95787561003937,144.46616997805114,142.99013551698894,143.6450653076172,56368300,136.38969940521656,123.82476017045515,59.90453454346092,2.4389429090101373,146.21976592614018,140.03413625484941,2.5945465659806053,3050633400,49.12866563541128,26.823375606634166
2021-08-05 00:00:00-04:00,143.67436091646556,144.51501979299104,142.88258050445233,143.7525634765625,46397700,136.67843917272032,124.02304677051592,60.15091734331618,2.331455253352999,145.95919447746817,140.10963486823496,2.525824617591898,3097031100,55.5197746404347,25.838690438944063
2021-08-06 00:00:00-04:00,143.2728671370131,144.01688208379585,142.56800458197282,143.06727600097656,54126800,136.92898179343624,124.21254158872945,57.71608854954248,2.166005180317285,145.95703543684323,140.10774727800055,2.4488998236084076,3042904300,58.98788581811435,24.752276966628404
2021-08-09 00:00:00-04:00,143.1260440970898,143.6155312622221,142.46034872273202,143.0183563232422,48908700,137.1677807946051,124.39966412340122,57.53704067456941,2.0077928105661442,145.39998049883755,141.1677542830635,2.356491446171385,2993995600,52.05001852489394,23.681885599073958
2021-08-10 00:00:00-04:00,143.3610006082751,144.60430216687507,142.24497049035554,142.53866577148438,69023100,137.3784037348749,124.58015170198912,55.71195629098604,1.8226905075090087,145.40161775170913,141.1228695529784,2.356694319767681,2924972500,59.41438395550731,23.149188347106463
2021-08-11 00:00:00-04:00,142.97918986758629,143.63510081183063,142.4701190832618,142.79318237304688,48493500,137.5907479951954,124.7613758877708,56.50038151600805,1.6771992524463712,145.37669209355775,141.2362331180308,2.271571991824905,2973466000,53.046135295761815,22.654540898850932
2021-08-12 00:00:00-04:00,143.1162332344722,145.91609989817144,142.77358630713317,145.75946044921875,72282600,137.91108966005905,124.97031205256133,64.44473205858847,1.7807231669215753,145.86338494142854,141.05101528643604,2.333782106054431,3045748600,53.08999061550292,23.156827708943098
2021-08-13 00:00:00-04:00,145.83780119397264,146.29792030536527,145.1525221784822,145.96507263183594,59375000,138.2269321295405,125.17921514290238,64.92294110523767,1.8579406168539947,146.0817331327434,140.93217271035553,2.248897536113619,3105123600,52.429977791398244,23.764631088147475
2021-08-16 00:00:00-04:00,145.41682586535111,148.01111654322713,143.3903569726172,147.9425811767578,103296000,138.60793797452942,125.4057162974681,69.21189172497084,2.0550154758904853,146.91158073366785,140.4094479121655,2.418316252863355,3208419600,63.719934719507314,23.174601559991885
2021-08-17 00:00:00-04:00,147.0712416158462,148.49075075238326,145.95521199163602,147.03208923339844,92229700,138.93829684742627,125.62090408787537,65.25560192848545,2.113368039757745,147.55390703372862,140.2421867162714,2.426689289140776,3116189900,75.71404723809604,22.836331372858854
2021-08-18 00:00:00-04:00,146.65031157772893,147.55096588599457,143.07704743235058,143.2826385498047,86326000,139.10866318869603,125.79664273923785,52.058580545403046,1.8359004151533043,147.48896113636678,140.51557581024778,2.572919943748148,3029863900,67.25483813441897,21.438821457410707
2021-08-19 00:00:00-04:00,141.9805937770935,144.88814766514,141.46173876765357,143.615478515625,86960300,139.28540104465404,125.97394458775914,52.967876408376014,1.6241406448288842,147.47001694317476,140.70131687843985,2.6338834404437392,3116824200,66.05569681370645,20.830241855934933
2021-08-20 00:00:00-04:00,144.33994240518913,145.37765255184942,143.6938159198485,145.0741729736328,60549600,139.51241170853555,126.16399661149917,56.83215348020199,1.5560863582354045,147.56842863033899,140.9355203442704,2.571618482999502,3177373800,66.00476172765306,20.010875335271297
2021-08-23 00:00:00-04:00,145.191637464402,147.03211343952145,144.78047016020776,146.5622100830078,60131800,139.7888743898874,126.36696390972315,60.40600953460366,1.6037381098489618,147.8591822746121,141.22010035885145,2.5487631113076588,3237505600,65.8769372046434,18.717048628887966
2021-08-24 00:00:00-04:00,146.30769726540868,147.68805452972137,146.01400200564578,146.47412109375,48606400,140.0510409272938,126.56703512548462,60.08886064876996,1.6157688436242097,148.1435359502093,141.25952191111884,2.486283783648225,3188899200,65.63340349809434,17.81063139732633
2021-08-25 00:00:00-04:00,146.66012547582167,147.15941188820682,144.6923926717211,145.24061584472656,58991300,140.2545536691539,126.75284189881042,55.680376676552356,1.5083820329149091,148.21113572994904,141.40466220299368,2.484907743136617,3129907900,59.868741320886016,16.741812341675388
2021-08-26 00:00:00-04:00,145.23083262430814,145.98463202414845,144.40848292036043,144.43785095214844,48597200,140.4186045429968,126.92881213814711,52.95733987303259,1.343019303373893,148.21709373437,141.49007586198417,2.4199964117545747,3081310700,60.178377555632,15.881157289438281
2021-08-27 00:00:00-04:00,144.379124571356,145.62242610628783,143.7427972559924,145.4755859375,55802400,140.6169175388597,127.113357151076,55.9559587967081,1.2809388240364967,148.24869363727657,141.77958395061404,2.3813987287932075,3137113100,65.56315842539705,15.393563821686515
2021-08-30 00:00:00-04:00,145.86712924689024,150.2627279823977,145.48532997591,149.90049743652344,90956700,140.98097949563083,127.34009486535906,65.92881324168121,1.5706870714972467,149.3362647699775,141.60963163301727,2.553237537086386,3228069800,66.44637108854121,15.639258469236252
2021-08-31 00:00:00-04:00,149.45018454491938,149.5872403166816,148.1089799162903,148.63763427734375,86453100,141.28124046746274,127.5520106804037,61.63913014129659,1.6790570182456293,149.70559550727177,142.05349669650428,2.49882896445401,3141616700,72.49319233236321,15.867403499103863
2021-09-01 00:00:00-04:00,149.61660833919711,151.72139660647437,149.13690566906416,149.30332946777344,80313700,141.5958321929651,127.76844171311386,63.00556872174243,1.7979315840998993,150.1176286900789,142.50948312632732,2.5406099190737677,3221930400,72.78528017221582,16.775143795333708
2021-09-02 00:00:00-04:00,150.63477862845787,151.4669128021049,149.19568513725747,150.41940307617188,71115500,141.94185458054184,127.99382441324379,65.24104701789923,1.959609191816952,150.92520854791803,142.323228952082,2.521368329486172,3293045900,73.15176473770516,17.618045498975707
2021-09-03 00:00:00-04:00,150.5270554483364,151.37877309131167,149.87114457990415,151.0557098388672,57808700,142.29926066910363,128.22329591001616,66.48452435222711,2.114707467345113,151.7759515795811,142.15123754802306,2.448958342480554,3350854600,71.96262438022708,18.400739938071855
2021-09-07 00:00:00-04:00,151.71164039348162,153.95348484848995,151.14383353713905,153.39547729492188,82278300,142.73440641913572,128.47376537653264,70.64333162538148,2.3987720960357137,153.10694459338544,141.54729734997392,2.4810166758478545,3433132900,71.76803378745186,19.90891478274505
2021-09-08 00:00:00-04:00,153.67935544010308,153.73809149809526,150.7424330368148,151.8486785888672,74420200,143.09182885716442,128.7063515776504,64.90910544920864,2.4706020696432347,153.8468215681851,141.44963228923675,2.5177768033787555,3358712700,72.35480332582382,21.059530005146225
2021-09-09 00:00:00-04:00,152.22066181852307,152.82762087523673,150.71303360042197,150.8305206298828,57305700,143.39530696589847,128.92649256324475,61.377448430827954,2.417503527227069,154.0698705432809,142.23296759148474,2.4889775513384707,3301407000,74.32710375375908,22.108784512357182
2021-09-10 00:00:00-04:00,151.74096513145994,152.21086845375513,145.57342614175107,145.83775329589844,140893200,143.49108917491807,129.09476381431594,47.67803199231143,1.9500687733099369,153.85665181065082,142.74248962815125,2.785296462814584,3160513800,62.573223844884026,20.60281354210166
2021-09-13 00:00:00-04:00,147.46288779538614,148.23627083685082,145.62241152835927,146.4055938720703,102404300,143.6053834767672,129.26701087956724,49.07033523001521,1.606919781037476,153.77646951154944,143.00019471371095,2.773050951791511,3262918100,54.49562873160301,19.20441192686439
2021-09-14 00:00:00-04:00,147.1887688532645,147.8936314335505,143.8210954003336,145.00564575195312,109296300,143.6602957228529,129.4236142116308,45.832230033956016,1.2080816062159272,153.86587310672323,142.7032492077299,2.865871314750467,3153621800,47.31343109179422,18.60713550154821
2021-09-15 00:00:00-04:00,145.43639585173057,146.2978978750979,143.29244009500678,145.89651489257812,83281300,143.7479905922539,129.58752367114272,48.175868504543274,0.9529007271182479,153.88447563763023,142.60763251666665,2.8758417765605135,3236903100,46.337456453877735,18.246101717851438
2021-09-16 00:00:00-04:00,145.31889761636606,145.83775262228568,144.1245481851662,145.66152954101562,68034100,143.8230313353426,129.7474640280569,47.59096299429851,0.7233681501835179,153.85633768345656,142.6918922970122,2.796993557335615,3168869000,51.310403476737406,17.91085606156158
2021-09-17 00:00:00-04:00,145.6909306748569,145.6909306748569,142.69525742327428,142.98895263671875,129868800,143.79032236676912,129.87922013361575,41.43004202256285,0.32209440494676755,154.06379062285927,142.29125291555218,2.8111849640675435,3039000200,43.91534316120462,18.13687771610975
2021-09-20 00:00:00-04:00,140.77645799540764,141.79458433792297,138.29965507938874,139.93453979492188,123478900,143.63911520708882,129.97927306556906,35.736128627558315,-0.2396213133729077,154.89858212715964,140.71765525890808,2.945335863586291,2915521300,35.78562126518965,19.607988493158043
2021-09-21 00:00:00-04:00,140.90373264714654,141.5596584283987,139.77791842647125,140.41424560546875,75834000,143.51264973251548,130.0831036381054,37.19600039885511,-0.6387141184700909,155.05516152068682,139.29624228790695,2.862221873467803,2991355300,35.01905996313958,20.9740199289886
2021-09-22 00:00:00-04:00,141.41282856542696,143.35119341343096,140.67859787200524,142.7834014892578,76404300,143.48405176219165,130.20947476100244,43.96619680724448,-0.755122381096129,154.91261387675738,138.6582255600916,2.8675594402174034,3067759600,34.60010852696553,21.29476095379774
2021-09-23 00:00:00-04:00,143.56657471032472,143.9875414258644,142.57781604781135,143.7427978515625,64838200,143.49419866765717,130.3441346922518,46.48214546574468,-0.761187009452982,154.55594922685026,138.27348599450391,2.763428435777093,3132597800,34.0991245867079,21.27631248307612
2021-09-24 00:00:00-04:00,142.5973847336097,144.369325635303,142.49948133899076,143.8308868408203,53477900,143.50740212542829,130.47833123104354,46.71870187219094,-0.7502369611940196,153.91346729754068,138.0374990924333,2.6996009972438886,3186075700,33.72071606065019,21.06643689366712
2021-09-27 00:00:00-04:00,142.41136468969736,142.8910673802959,140.7960633866369,142.31346130371094,74150700,143.4605809167335,130.5960937193288,43.17815351357159,-0.8541563455902121,153.0311663535196,137.75416689843354,2.7235454584538554,3111925000,27.071464008969798,21.435941157197284
2021-09-28 00:00:00-04:00,140.2380147112744,141.70647559830343,138.71081777883722,138.9261932373047,108972300,143.28276179205002,130.6789802816967,36.52410181307504,-1.1960501096528162,151.40635688043997,137.4497384971642,2.786338177483845,3002952700,26.491624695625106,22.37507704223685
2021-09-29 00:00:00-04:00,139.47444250254287,141.41280705571026,139.04369150451467,139.82687377929688,74602000,143.14723677194206,130.77000409759324,39.20686619748642,-1.3784362335924527,149.71665404332367,137.5365340263378,2.7649292946925397,3077554700,31.9040394066607,23.247131792630732
2021-09-30 00:00:00-04:00,140.63941355200004,141.34427605273183,138.30945056691672,138.5248260498047,89056700,142.9659657632308,130.84716650507795,36.78638561105192,-1.6094897252586122,148.05011250893332,137.56231628338438,2.784207594058437,2988498000,33.4304146978552,24.263226978288635
2021-10-01 00:00:00-04:00,138.91643462464168,139.91499250291432,136.1851031474959,139.65066528320312,94639600,142.8359539797003,130.9347635078454,40.22282746552263,-1.6823622402785645,147.59206238682057,137.1954213371378,2.851756291298435,3083137600,33.79772758316031,25.746920622046225
2021-10-04 00:00:00-04:00,138.77936976647533,139.219920083201,135.36275955212915,136.21446228027344,98322000,142.5762876385463,130.98729782398894,34.125202236299174,-1.9943969318779864,147.28805970457023,136.14060647381518,2.954338394139545,2984815600,34.27958678117129,27.31308808888781
2021-10-05 00:00:00-04:00,136.55711770997038,139.2492967831214,136.42984628272845,138.14305114746094,80861100,142.40243522713118,131.05849934959565,39.654599951939225,-2.0622928412257977,146.80133137171495,135.71232219273818,2.960088116190146,3065676700,41.00129648652002,28.74794409410565
2021-10-06 00:00:00-04:00,136.53752462157624,139.16116814887556,135.46064709144002,139.0143280029297,83221100,142.2695682771625,131.13766182375818,42.02226877754937,-2.022482162458317,145.84777217076794,135.74825647506538,3.0129761834219595,3148897800,34.88820393030892,30.311234657824716
2021-10-07 00:00:00-04:00,140.05204653772714,141.18766019383065,139.7191988951329,140.27720642089844,61732700,142.19143643966197,131.2286025660183,45.368166117015214,-1.8675007920480482,144.76910749325955,136.1090114032248,2.953001612527603,3210630500,42.37949444401763,30.45477274252372
2021-10-08 00:00:00-04:00,141.00164657806616,141.14848672637,139.5625533728477,139.89540100097656,58773200,142.10139583422333,131.3148393663662,44.53143992413625,-1.7552519935488817,144.3467191350175,136.1189262100346,2.8553538797415103,3151857300,44.88163603755439,30.63649254088665
2021-10-11 00:00:00-04:00,139.27865728167708,141.76524506387435,138.82832259745734,139.8072967529297,64452200,142.0114311643687,131.39934142991407,44.328273284412106,-1.654333165582642,144.34118521793553,136.10749438818428,2.8611802073611883,3087405100,38.33250796848337,31.035617117480587
2021-10-12 00:00:00-04:00,140.21847431623635,140.2380579834007,138.0745183695577,138.53463745117188,73035900,141.8750863128708,131.47033940027487,41.390701823506,-1.65793558750903,144.29871708909377,135.89934809645308,2.8113487363956033,3014369200,31.31231967330845,31.636438959666823
2021-10-13 00:00:00-04:00,138.2703289211617,138.42695344884726,136.27321307906425,137.947265625,78762700,141.72105412903272,131.53478642738656,40.0708598781635,-1.6887200171743757,143.84291136599367,135.71033570431885,2.772068424660748,2935606500,24.89615861736698,32.69209661824402
2021-10-14 00:00:00-04:00,139.12201855652793,140.85480700337075,138.53462808500012,140.73731994628906,69907100,141.68247631794475,131.62635392508707,48.47546723593397,-1.471025763878572,143.1012290150401,136.05128766790259,2.7817450642114627,3005513600,25.92267052625256,32.175429558196576
2021-10-15 00:00:00-04:00,140.74712209396571,141.85335275996707,140.49257924677562,141.79461669921875,67940300,141.6868739799555,131.7275306691083,51.26474368628621,-1.1993610009330382,142.41318893776204,136.46782505963378,2.6802470962814615,3073453900,32.331248726587006,31.16141431265947
2021-10-18 00:00:00-04:00,140.43384767473086,143.75256965473264,140.1499517260529,143.4686737060547,85589200,141.75674847901823,131.84435796300826,55.383195493455375,-0.8393072972146456,142.82494452803402,136.21009778967434,2.7461307271670523,3159043100,41.08097416611371,29.302751753820022
2021-10-19 00:00:00-04:00,143.9189519954769,146.03353926826753,143.46863235317096,145.6321563720703,76378900,141.90872525913792,131.98154998697902,60.078516272996026,-0.3750636722577667,144.43858533838878,135.4905853972883,2.733186169162018,3235422000,41.325300006749046,27.769176237162664
2021-10-20 00:00:00-04:00,145.57345046006543,146.60137628639336,145.00564367087514,146.12167358398438,58418800,142.07393891893582,132.1222477342129,61.07662202700545,0.03198400149085501,145.80793167830342,134.96054569799867,2.6519394867588892,3293840800,48.20250697722427,26.555941728772268
2021-10-21 00:00:00-04:00,145.68114050530517,146.4936908403183,144.76090241654427,146.33705139160156,61421000,142.24111980021684,132.26368856662472,61.532326690513045,0.36771264219794375,146.97622077273974,134.83388664913525,2.5862858394028274,3355261800,49.60195547118381,25.31348078827448
2021-10-22 00:00:00-04:00,146.54264911827497,147.02233691182352,145.5147232295898,145.5636749267578,58883400,142.37141607968903,132.39602673936238,58.86718148813522,0.5648635955028567,147.74947108814382,134.84903761953848,2.5092378281764622,3296378400,57.564366680701156,24.37352321421007
2021-10-25 00:00:00-04:00,145.55384660101817,146.22934104854468,144.51613655500375,145.5146942138672,50720600,142.4946818888725,132.52656074408384,58.6937897008423,0.7089821077988745,148.07650718097912,135.76203245118236,2.4523783042739242,3245657800,50.88941921255557,22.9975549042571
2021-10-26 00:00:00-04:00,146.19015850578785,147.6684035576225,145.8768797213713,146.1803741455078,60893400,142.63921884011307,132.662419583899,60.40091529789756,0.8669185765628242,148.60345713367985,136.30672556488787,2.431044807094023,3306551200,58.63554217999293,22.321857962914816
2021-10-27 00:00:00-04:00,146.21957782913032,146.58179347999342,145.36787510933436,145.72030639648438,56094900,142.76004580310803,132.7923488059148,58.5984083338656,0.9440780000134907,148.95930164497253,136.8450115060691,2.3441072044915257,3250456300,52.25958526292115,21.429035060358185
2021-10-28 00:00:00-04:00,146.66991219108917,149.94946658313845,146.57200880232836,149.36209106445312,100077900,143.01894953884707,132.9572218632137,66.99480412762345,1.2842845531530713,150.1795833799731,136.8360477235425,2.478753846074565,3350534200,60.51849246452438,21.817893245308998
2021-10-29 00:00:00-04:00,144.12458950466566,146.787400645377,143.33162275650557,146.6503448486328,124953200,143.16135719805433,133.09347184316815,57.62359412086137,1.3198707920641937,150.50450948075897,137.41178080244416,2.73244773620835,3225581000,56.754623958394234,20.69430012335221
2021-11-01 00:00:00-04:00,145.85735569869297,146.55241894044252,144.69237413631248,145.82798767089844,74588300,143.26593094208744,133.22018344344406,55.106200403612604,1.2671093435050977,150.56824979857936,138.1507992736863,2.6771279487877773,3150992700,63.82151738031118,19.650963652963764
2021-11-02 00:00:00-04:00,145.5343170652365,148.3831357467227,145.52451776234176,146.86572265625,69122000,143.40709924460361,133.3559599530242,57.62214146177643,1.2941143117730576,150.3868122232518,139.44304820969091,2.6900915227587174,3220114700,71.00878563942963,19.332424381960006
2021-11-03 00:00:00-04:00,147.2279168080061,148.77469770489486,146.66990932924497,148.30479431152344,54511500,143.59916571781616,133.5047045735068,60.894998601974336,1.4153220478820572,149.86599650366574,141.34486775414675,2.6482841551080867,3274626200,70.66494230394545,19.168945911599913
2021-11-04 00:00:00-04:00,148.39290892226862,149.22502801768104,147.47267079725674,147.78594970703125,60394600,143.76335332523638,133.64680651513393,59.12212550406318,1.4527670345278523,149.5706886041346,142.57999295511019,2.584289374059245,3214231600,70.5319118072426,19.173214212850272
2021-11-05 00:00:00-04:00,148.91341509690008,149.21733764155343,147.11927576323106,148.31536865234375,65463900,143.94186373022097,133.79276235729523,60.38935365273851,1.5077813754344902,149.3230705457505,143.69704460724427,2.549558838649468,3279695500,70.01682884208957,18.99173774805541
2021-11-08 00:00:00-05:00,148.44281334152436,148.5996814029073,147.2173096615232,147.4918212890625,55020900,144.0810777521363,133.92907140139243,57.40800513926677,1.468004999581808,149.10542326142163,144.45111156930753,2.466188331701942,3224674600,63.55497505738824,18.82322388788875
2021-11-09 00:00:00-05:00,147.25650687845393,148.46239820996468,147.11925107616622,147.85455322265625,56787900,144.2290571823528,134.06763340956422,58.38256729972203,1.449047651384717,149.2256592226384,144.6271951881689,2.3859711032802644,3281462500,63.52100003214215,18.60877663125236
2021-11-10 00:00:00-05:00,147.08006199718062,147.18790692538667,144.95258928599077,145.02120971679688,65187100,144.2601219876251,134.1766242185914,48.95905661990754,1.1916599604336966,149.31481002812185,144.39131586706046,2.422827734236351,3216275400,63.27583535721902,17.32473270543852
2021-11-11 00:00:00-05:00,146.0408338404559,146.50160947604698,144.7859042685968,144.97218322753906,41000000,144.2880459578178,134.2840427161929,48.81224023485952,0.9725118221075206,149.38875505319567,144.1353884201116,2.3723189823230535,3175275400,58.22713301070161,16.21496961361745
2021-11-12 00:00:00-05:00,145.52117255185212,147.45256716016078,144.58979293418378,147.0506134033203,63804000,144.3963819360728,134.41107327029366,54.97636434724522,0.9555325047107885,149.41059027991656,144.31181165693238,2.407351499726907,3239079400,64.11332601798318,15.414002208046819
2021-11-15 00:00:00-05:00,147.42318436184277,148.9036023660625,146.5016032105498,147.06044006347656,59222800,144.50085480381412,134.53693761649447,55.00395327307111,0.9321242545154291,149.41047358022118,144.51802780324235,2.4069691894258924,3298302200,64.06408744039237,15.340533262332636
2021-11-16 00:00:00-05:00,147.001653331887,148.5212812334999,146.41340544746745,148.04087829589844,59256200,144.63967925448412,134.67130518544377,57.78350877134992,0.9813735556152494,149.5515571158666,144.62501148764906,2.3856053748977897,3357558400,70.0715233696792,15.219821766572087
2021-11-17 00:00:00-05:00,148.04084690898938,151.9624587476381,148.03104826490704,150.4820556640625,88807000,144.86879205485974,134.82862608572853,63.78255940180756,1.2035132419075012,150.27574596140863,144.53572254445072,2.4960200254573084,3446365400,69.73787974110509,16.418779564160353
2021-11-18 00:00:00-05:00,150.6977495476136,155.56053998029552,150.05067998656534,154.77621459960938,137827700,145.25731842916366,135.02710955352836,71.46419894229878,1.7063930452067666,152.36902575355037,143.16432589032985,2.7112943089053703,3584193100,83.27205813733033,18.470066618981413
2021-11-19 00:00:00-05:00,154.56049419168397,157.86446177371923,153.4624478516477,157.40367126464844,117305600,145.73364599133953,135.2497619088629,74.9632922120733,2.2905388011827483,155.08351666166948,141.8836118376795,2.832059995560095,3701498700,84.11259371325886,20.835385163307755
2021-11-22 00:00:00-05:00,158.51154126985364,162.4527653050192,157.84487444666516,157.86448669433594,117467900,146.20936523459432,135.4747840460318,75.53002088126698,2.758860053946023,157.19613912809555,141.37585590771172,2.9904195701894283,3818966600,84.97920502115116,23.727941970076376
2021-11-23 00:00:00-05:00,157.96248573911777,158.62916738585517,155.94285847475925,158.24681091308594,96041900,146.68142192786848,135.7013713780423,76.01511398659264,3.1248372118352563,158.99559433867745,141.09387913137465,2.9686973802541776,3915008500,76.40433669291829,25.463647422189553
2021-11-24 00:00:00-05:00,157.5997519763684,158.9625112862029,156.51150425702141,158.7664337158203,69463600,147.15534395876855,135.93087448588088,76.69142778661603,3.4174121635411154,160.62396259811607,140.86039612584227,2.9317194980346994,3984472100,76.69297678303862,27.132264706134528
2021-11-26 00:00:00-05:00,156.44290597018036,157.30565039386215,153.2958059172185,153.7369842529297,76959800,147.41344749971603,136.10804970744357,59.27066022436274,3.2064830413303014,160.99189728539983,141.28593271134497,3.11307009093235,3907512300,69.92420711425093,27.221702189860824
2021-11-29 00:00:00-05:00,156.24681646555752,158.03115705077292,155.67818094806347,157.0997772216797,88748200,147.793303567244,136.316922618033,64.99601402849926,3.2729410537283457,161.87632106707272,141.57276340558352,3.197434569997413,3996260500,75.59329691908388,27.469939686996828
2021-11-30 00:00:00-05:00,156.85468549511577,162.27631303141865,156.78605010261836,162.0606231689453,174048100,148.3528062967225,136.57307884242022,71.38616743563077,3.6834478221556424,163.78619326610124,141.6053981238727,3.361208024197619,4170308600,78.05283123726852,28.53743393005285
2021-12-01 00:00:00-05:00,164.1978840178816,166.96262755361067,161.30569826962912,161.54100036621094,152052500,148.8699903778789,136.8215158725077,69.94580235769843,3.921641929142311,165.19615644681173,142.02029456230284,3.525188114182186,4018256100,84.20674927297733,30.217098784779893
2021-12-02 00:00:00-05:00,155.62916922602187,160.98216094033538,154.70758806208025,160.55078125,136739200,149.32806060815818,137.0576279658161,67.16463597842849,3.984578329287217,165.74229823967656,143.54476230719845,3.7614898420356506,3881516900,78.30805286343521,29.578464032194052
2021-12-03 00:00:00-05:00,160.80568201972204,161.72726310588908,156.5899467105327,158.66839599609375,118023100,149.69434827043017,137.2726604835303,62.10893600771591,3.8383173880146444,165.51778615136445,145.5954360979845,3.8597631672728454,3763493800,79.18118537694002,29.120536114208505
2021-12-06 00:00:00-05:00,161.07037153513377,164.59002900255814,161.06057289251913,162.0802001953125,107497000,150.18006795375888,137.51950167469232,66.96296106151178,3.952150690510649,165.90010044010603,147.2170667148419,4.007039584357956,3870990800,79.93034664275383,29.191521337309897
2021-12-07 00:00:00-05:00,165.76652602150847,168.21753329951792,165.0410224817036,167.8253631591797,120405400,150.87204031475576,137.8210525352345,73.19097026347097,4.454601170318767,167.39764446882828,148.48817909888004,4.1592034072042035,3991396200,80.82702548249412,29.805691452457637
2021-12-08 00:00:00-05:00,168.75677048688644,172.51171571219845,167.35478644015964,171.64895629882812,116998900,151.686821333739,138.15764859258366,76.38209322768847,5.1025102448945745,169.68692540379632,149.34664189763598,4.230469540406675,4108395100,81.31304583641547,30.921752097914283
2021-12-09 00:00:00-05:00,171.48229193058603,173.2862298561429,170.51168757727757,171.13914489746094,108923700,152.4496575519242,138.4858226851695,75.09853242440428,5.511314334041288,171.3867709023458,150.4010749635396,4.126474736010866,3999471400,81.1355337593655,32.04891483640347
2021-12-10 00:00:00-05:00,171.77639006130698,176.10976886642817,171.26657639018677,175.93328857421875,115402700,153.37058425868082,138.85843428605557,78.71998644569284,6.1512342489370155,174.65255694357737,149.95623211892266,4.1867711097934635,4114874100,81.26616654337835,33.414631857414975
2021-12-13 00:00:00-05:00,177.57059395318785,178.56081059859196,172.09014454574864,172.29603576660156,153237000,154.11275882761888,139.19114673859832,70.35956270310885,6.292345248900801,176.28767159003627,150.30676607272414,4.349906462868453,3961637100,71.86608511878453,34.936221579341336
2021-12-14 00:00:00-05:00,171.8156501230515,174.2568593248658,168.83523116255722,170.91368103027344,139380400,154.77161852184065,139.50679384597817,67.42854935543095,6.220921349690741,177.33240526811713,151.0019249727683,4.42645801282846,3822256700,69.59740102755843,35.30889616729822
2021-12-15 00:00:00-05:00,171.6783640596761,175.9823324841572,168.93323276156414,175.7862548828125,131063300,155.5957219085454,139.86778350803624,71.87586051854859,6.482764113763523,179.2830944525608,151.38982831762152,4.613789563525933,3953320000,70.83638672163788,35.87294813688259
2021-12-16 00:00:00-05:00,175.76664959457935,177.59019978284007,167.4038131560954,168.88421630859375,150185800,156.1168393359983,140.15650423241988,59.48570722095992,6.063443953042253,179.59532237424781,152.42663807497092,5.011832210898701,3803134200,67.60230455301482,36.59421175536714
2021-12-17 00:00:00-05:00,166.59986915660923,170.07050404048465,166.36458201855805,167.78616333007812,195432700,156.57445988478574,140.4314262134911,57.77924727956366,5.578223715409905,178.85104250590493,155.04414182026696,4.918552911686407,3607701500,59.29164965624074,36.92221088255847
2021-12-20 00:00:00-05:00,164.9821770913153,167.23710645635137,164.17825459824692,166.42337036132812,107499100,156.96069166817958,140.69005252341984,55.64568069384761,5.025783079126313,178.2630329955423,156.87529708258273,4.824935470268179,3500202400,52.246372874429994,36.52966045487941
2021-12-21 00:00:00-05:00,168.19790026438204,169.80576024164466,165.8057150631417,169.59988403320312,91185900,157.4563462707295,140.97771253844257,59.40819542115957,4.789082439576504,178.3846994695046,157.75886539052146,4.766014735142093,3591388300,50.74872973932094,36.559092195724936
2021-12-22 00:00:00-05:00,169.6488688656253,172.41361153384423,168.77631110092818,172.1979217529297,92135300,158.03444727003148,141.28836138634793,62.23025240575824,4.756307654727067,178.65663560782667,158.90785210376185,4.68539228498309,3683523600,57.09372913352015,36.95048566788251
2021-12-23 00:00:00-05:00,172.4038581227058,173.38426103506748,171.83522263836468,172.82542419433594,68356600,158.61448558078854,141.6021630063279,62.90112918820614,4.726483643065706,178.60698693923567,160.59411983159768,4.461367007248783,3751880200,56.060394041937364,37.44384700991055
2021-12-27 00:00:00-05:00,173.6195253621372,176.88426842678575,173.59992807749137,176.79603576660156,74919600,159.32748754885964,141.95235079498738,66.90670830725074,4.965998133790237,178.37283425004424,163.24529115685678,4.432615380477428,3826799800,55.39549070527227,38.33757557323406
2021-12-28 00:00:00-05:00,176.6294349112795,177.77650480041888,175.03137299131103,175.77647399902344,79144300,159.97254584102294,142.28890923482854,64.96699205833823,5.015726803083368,178.0575754862001,165.3867197611957,4.312080839665315,3747655500,54.408145046285426,39.27097800580999
2021-12-29 00:00:00-05:00,175.8156619193921,177.0901887398254,174.6489800212977,175.86468505859375,62348900,160.59576698681002,142.62299655645805,65.06136958622747,5.004565511092608,178.54423842959235,165.97196640439202,4.1784471167269155,3810004400,48.82138340064747,39.995073561665166
2021-12-30 00:00:00-05:00,175.95291006404696,177.03135924042923,174.5999492718149,174.70779418945312,59773000,161.14917981828623,142.9422482741993,62.67657771474702,4.846501232808379,178.85346322082992,166.0705866652378,4.053658749004589,3750231400,43.201725069868715,40.64804745865154
2021-12-31 00:00:00-05:00,174.59997826616072,175.71763716193837,173.78624192698945,174.09017944335938,64062300,161.65666999966166,143.25217793757403,61.383020964746315,4.618162502466419,179.05687726114598,166.26064389770818,3.9020684980006126,3686169100,36.75859967085157,40.91916628704121
2022-01-03 00:00:00-05:00,174.34505345884557,179.2960912081591,174.22740989529922,178.44313049316406,104487900,162.3149625680343,143.60233666947045,66.613088195695,4.7338799626961645,179.67348798150763,165.97867876653922,3.995200159914836,3790657000,45.57617362440714,41.685615655953384
2022-01-04 00:00:00-05:00,179.05099416209845,179.35491668068815,175.60977025994117,176.17840576171875,99310400,162.85862700700233,143.92647666043808,61.914798801508745,4.589932638570559,180.12343674601595,166.0463793347132,3.9773391785457037,3691346600,46.78252337205155,42.40523048439739
2022-01-05 00:00:00-05:00,176.09018854441808,176.6392118468071,171.21758429607112,171.49209594726562,94537600,163.19719441642442,144.20076142946127,53.50518046241701,4.051009791010728,180.12020814494392,166.12672992471752,4.080502633702151,3596809000,38.248068437637095,41.38725272677094
2022-01-06 00:00:00-05:00,169.3155667126804,171.86462006909193,168.27634210052742,168.62928771972656,96904000,163.4102176832206,144.44383134279724,49.1163032032848,3.354239270742653,179.82540502492517,165.46727075632484,4.0453437290494625,3499905000,39.846994720250684,39.51869453764011
2022-01-07 00:00:00-05:00,169.50185073224034,170.72735431349597,167.6783008049415,168.79595947265625,86709100,163.62142324359064,144.68614107543266,49.37665636644946,2.783407244888906,179.83197882305566,165.44892938006936,3.974180141871248,3586614100,43.398089165842435,37.60575129030279
2022-01-10 00:00:00-05:00,165.76655854255335,169.11953536150543,164.87438812798405,168.81561279296875,106765600,163.8251169514094,144.9262353213783,49.409527263242936,2.306022221753352,179.73166147268984,165.68650665882058,3.9935349341319717,3693379700,43.38635786049411,35.03727496370054
2022-01-11 00:00:00-05:00,168.9430494474789,171.7469876214078,167.47244497092254,171.64895629882812,76138300,164.13193418071995,145.19213304254694,54.04255193103148,2.1317448653851443,179.2699267078371,166.84498621534,4.013606913871493,3769518000,42.71554204404751,33.28669678715861
2022-01-12 00:00:00-05:00,172.66858314420182,173.70780800028308,171.3940711266009,172.09014892578125,74805200,164.44402103346746,145.45977499163385,54.73765093105031,2.0061042417153487,179.18552965978728,167.2614185824002,3.892187625286543,3844323200,41.88862495891646,32.0936137088204
2022-01-13 00:00:00-05:00,172.33525634435176,173.15879136098613,168.42344257569226,168.81561279296875,84505800,164.6154560044283,145.69217138766703,48.83401684493562,1.6235897112458133,179.34175471033114,166.65421900386156,3.952413422429923,3759817400,35.49404418549307,30.157789537193118
2022-01-14 00:00:00-05:00,167.9822217558743,170.37440711806423,167.7371210418755,169.67832946777344,80440800,164.8140000618144,145.93083962727007,50.353259363537916,1.3742170963467117,179.34547229232226,166.2308887916621,3.8584757548412663,3840258200,28.89324551961822,28.179196052824352
2022-01-18 00:00:00-05:00,168.14887724519528,169.15869092282202,166.09004036060844,166.47239685058594,90956700,164.87903523000153,146.13523323148218,45.00538555786094,0.9074351853384712,178.98884368991892,165.21103220526336,3.839176708578676,3749301500,21.849257212884226,26.42065074882426
2022-01-19 00:00:00-05:00,166.66853618888626,167.7273733904345,162.6881017769964,162.972412109375,94815000,164.80426569585933,146.30276734967018,40.00949335303222,0.2521806582088004,179.19330883112352,163.29935881210562,3.924897773211492,3654486500,21.362588196392053,25.58359503234079
2022-01-20 00:00:00-05:00,163.70766807832655,166.3547528521012,160.9625370330281,161.28607177734375,91420500,164.66629730689795,146.45185495591568,37.8305070785245,-0.39859212495463225,179.2267091329814,161.32214340608112,4.0297062050587495,3563066000,20.919368988054657,25.168020530035154
2022-01-21 00:00:00-05:00,161.19785371976124,163.070426973366,159.1194042209609,159.2272491455078,122848900,164.45300130056893,146.57897330606087,35.30262488522415,-1.0681510439333692,179.40042803856838,159.0843518279681,4.024085958440634,3440217100,20.11066020695536,25.148467838707294
2022-01-24 00:00:00-05:00,156.88407733764427,159.11939476840692,151.66832669269064,158.4527130126953,162294600,164.21769587751507,146.69711996980848,34.372099634491704,-1.6423479392671823,179.31817212471702,157.08161221773088,4.276574279467529,3277922500,11.363578549570747,26.29822897019171
2022-01-25 00:00:00-05:00,155.86446306866296,159.5703851718754,153.94288158687402,156.64878845214844,115798400,163.9208759784811,146.79614154674718,32.240598206102845,-2.2174038998228696,177.82722967777121,155.66664239254126,4.373069229862803,3162124100,19.289837521902484,27.224699690095168
2022-01-26 00:00:00-05:00,160.29587965880856,161.1684376714049,154.72719817611775,156.560546875,108275300,163.63223562148184,146.89329980871986,32.1356183916009,-2.6497159730812427,176.38806284812748,154.49009470395586,4.520795677393112,3053848800,26.683563091602878,27.58076930678342
2022-01-27 00:00:00-05:00,159.26644379654334,160.62920319221885,155.17816560951687,156.09974670410156,121954600,163.33684389923164,146.98490624548984,31.557744963661406,-2.994984807949862,175.7776640275594,153.04818029210207,4.587241527772316,2931894200,26.366729048470063,27.91140537942251
2022-01-28 00:00:00-05:00,162.4625632621154,167.01163189910224,159.6095873711376,166.9920196533203,179935700,163.4801841248822,147.18398200079164,53.04966874979544,-2.3624644312516807,175.53510079076716,153.07244112004014,5.039001789717199,3111829900,36.777256521731516,26.422831861344466
2022-01-31 00:00:00-05:00,166.82534128905002,171.57048717250743,166.18807050369657,171.35479736328125,115541600,163.78899248717235,147.42448762628908,58.65047739036604,-1.4919495104656164,176.0460047175497,152.90271557867425,5.063531423938175,3227371500,44.42197022959992,25.006252133541995
2022-02-01 00:00:00-05:00,170.59989317993646,171.41362933410613,168.93321134020488,171.18814086914062,86213900,164.07915516881818,147.66094188741198,58.36405867095868,-0.8062144123969688,176.49832502615075,152.76673234689613,4.879023321792681,3141157600,44.80769478073719,23.690856672011133
2022-02-02 00:00:00-05:00,171.32540739423024,172.43326746235797,169.93323706636977,172.39404296875,84914300,164.40522920018805,147.90704239568402,59.89040341072819,-0.16357262206213363,176.6706739017401,152.69372836062968,4.709095255663789,3226071900,45.17482353759098,22.683176767410067
2022-02-03 00:00:00-05:00,171.06068071470264,172.78619926092313,168.74692944934694,169.5116424560547,89418100,164.6054807004181,148.12201354056333,54.72616568668793,0.11185064994603522,176.13745987423266,152.88314152550691,4.661250581086104,3136653800,45.02185680519929,21.445394183997497
2022-02-04 00:00:00-05:00,168.52999503096257,170.9056058671137,167.54834310749567,169.2269744873047,82465400,164.78671575088424,148.33201315197368,54.22883163639588,0.30365490657698047,176.20723645545976,152.8682131701913,4.568108593838384,3054188400,44.96137122303606,19.992760116688764
2022-02-07 00:00:00-05:00,169.68837067678015,170.75836779564654,167.81341170266444,168.51039123535156,77251200,164.93274224047119,148.53279303340034,52.92498458783253,0.39330510570093224,176.0060703694544,152.9136541585404,4.452169129491507,2976937200,45.34769534784062,18.64388562561636
2022-02-08 00:00:00-05:00,168.57909567441112,172.1326861402394,168.28459707531294,171.62222290039062,74829200,165.19507481537,148.7625386042162,57.683192570679296,0.7072990400524475,176.86316767399666,152.74320032730543,4.409020553451146,3051766400,51.01647231885798,17.750648575945313
2022-02-09 00:00:00-05:00,172.81984799977465,173.4088302479398,171.6909391445202,173.04562377929688,71285000,165.50293948062202,149.0041613422767,59.69024591884853,1.0587929443140638,178.15788007105846,152.79158281956654,4.2217053244581475,3123051400,56.571765853354016,17.245720433048483
2022-02-10 00:00:00-05:00,170.94487045999796,172.26028048182204,168.40239549718422,168.96192932128906,90865900,165.63858614104035,149.20274609828678,52.06118987209423,0.9963490898140037,178.57132695543862,153.40158360771244,4.251814107147756,3032185500,57.575902241499975,16.18709605315008
2022-02-11 00:00:00-05:00,169.16808987950634,169.90432887481495,164.95679443820137,165.54579162597656,98670700,165.63494714044964,149.3653634667215,46.68569917240001,0.6635590276615062,178.47159849444728,154.34378439943293,4.301508416395315,2933514800,59.79035033593442,16.025584483119903
2022-02-14 00:00:00-05:00,164.299068164894,166.4685253813581,163.5039325493399,165.7813720703125,86185500,165.64068929456192,149.52870683591146,47.09141200889007,0.41405688874075963,178.20168839150085,155.590849043395,4.206014446082663,3019700300,52.86058461666549,16.187958075291068
2022-02-15 00:00:00-05:00,167.8330754925129,169.7767426273452,167.1262847200605,169.6196746826172,62527400,165.79672793723077,149.72861696373937,53.323808848155345,0.5200487901263955,177.70063572701952,157.82135320527215,4.190968454007665,3082227700,51.47960378123308,15.402656637181293
2022-02-16 00:00:00-05:00,168.69689508661867,170.1595469185717,166.92991856527323,169.38404846191406,61177400,165.9374071734929,149.92419339655706,52.91175856919326,0.5783680024935336,176.5608421765268,160.67094696735344,4.122301303957008,3021050300,53.621526362320814,14.571134363933329
2022-02-17 00:00:00-05:00,167.89191759255658,168.7557760286246,165.3788912099791,165.7813720703125,69589300,165.93128814983876,150.08197626893272,46.93931424868161,0.3300756162432492,173.93294861458884,164.58972391145284,4.11393387166972,2951461000,43.3821223179674,14.18453360766502
2022-02-18 00:00:00-05:00,166.70415983864797,167.4109355405672,163.1407580714809,164.2303924560547,82772700,165.86458635792567,150.2227565295011,44.605052834300864,0.008058129397028324,174.27958663513778,163.87486893126845,4.1250941286280485,2868688300,34.3685437357087,14.345721451960415
2022-02-22 00:00:00-05:00,161.95296324654277,163.6315949695041,159.17488593776793,161.30508422851562,91162800,165.6857823528508,150.33302844690425,40.512861799923066,-0.47768452522234384,174.73133404015104,162.08315977495315,4.191552156460814,2777525500,26.583657111147474,15.287302879462269
2022-02-23 00:00:00-05:00,162.50267977205857,163.10148814384206,156.8189207831809,157.133056640625,90009200,165.35038134452822,150.4006904189811,35.50935143398226,-1.18561975137726,175.7355437845794,159.204938800056,4.340910385332268,2687516300,18.895389184395242,16.56665598029099
2022-02-24 00:00:00-05:00,149.78048479427957,159.86205643085455,149.21112475761413,159.7540740966797,141147500,165.13091831520083,150.49375891328654,40.4825269882263,-1.5176745075526696,175.28130428100684,157.97384912068588,4.791626191611422,2828663800,18.235499225785745,18.775230956045277
2022-02-25 00:00:00-05:00,160.83385456915977,162.090367887761,157.91834703084373,161.82533264160156,91974200,165.00128750447143,150.60651089068273,44.14795906730605,-1.5953073299464222,174.93379301890977,157.2965190741892,4.747368667704698,2920638000,25.686214187674906,20.16021171195666
2022-02-28 00:00:00-05:00,160.06817702982372,162.38487641130448,159.44973145996255,162.0903778076172,95056600,164.88713418302618,150.72077822318954,44.61798272899573,-1.6168074216560058,174.50506760813684,156.77369826100377,4.617924116535927,3015694600,33.114821941169524,21.35827566219434
2022-03-01 00:00:00-05:00,161.67807486426554,163.54322257611173,158.99816920673908,160.20559692382812,83474400,164.70354448658702,150.81515452866853,41.91656337738407,-1.765579958065132,174.1988960689406,155.9725638919969,4.6127190631671215,2932220200,26.593509608803984,22.114830668023103
2022-03-02 00:00:00-05:00,161.37376901896334,164.2892766091773,159.96018776566925,163.5039520263672,79724800,164.65650164500977,150.94141122018794,47.86536686358555,-1.5989024219088606,172.97966475765026,156.10935908675077,4.592459761762902,3011945000,26.832263835087716,22.585307576486905
2022-03-03 00:00:00-05:00,165.3789292736247,165.81085859107165,162.51250696008478,163.18002319335938,76678400,164.5986005292588,151.06318845375185,47.35243869689014,-1.4759339751670097,171.0034245939209,156.7701858390218,4.500023466707471,2935266600,33.60129510984835,22.550580156993707
2022-03-04 00:00:00-05:00,161.47191984720897,162.5124684222201,159.1257725009118,160.17613220214844,83737200,164.42517039878388,151.15386451094983,42.77479164332257,-1.602398046389908,170.08910842463118,156.51306239242612,4.468182554260336,2851529400,34.12270303982838,23.127638656007807
2022-03-07 00:00:00-05:00,160.3626871229987,161.9922331985085,156.12194287523664,156.37718200683594,96418800,164.10956301086435,151.20583781936662,37.79816778281278,-1.98626879530579,170.17471336537554,155.20497616912965,4.568333109189731,2755110600,33.94634610612316,24.13266460961353
2022-03-08 00:00:00-05:00,155.90596926887457,159.89147377341504,152.94137619759366,154.55128479003906,131148300,163.734728570832,151.23912584892554,35.651232873251445,-2.4100423076732227,170.24150444110492,153.64084012269714,4.738459142520564,2623962300,27.15634702293177,25.503050548174638
2022-03-09 00:00:00-05:00,158.51716018630677,160.41175632836593,156.4851483427237,159.96018981933594,91454900,163.58670744332235,151.32590260485,45.5226944860852,-2.283114119211774,168.5470837396619,154.047329509036,4.818602885078157,2715417200,33.56313973196376,26.602776106277705
2022-03-10 00:00:00-05:00,157.26066431923064,157.4471806159037,153.11809123534883,155.6114959716797,105342000,163.27395405227756,151.36854532491796,40.185155665499096,-2.504554915310422,166.73277427928957,154.0252986373771,4.963138292143081,2610075200,32.81396183047423,28.06824758390797
2022-03-11 00:00:00-05:00,156.0139261115159,156.357510261072,151.66521547258807,151.8909912109375,96970100,162.82756335261718,151.37374379144552,36.26723817994373,-2.9462988827368406,166.40784205653114,152.49818007888553,4.943792327595999,2513105100,32.62864557248943,29.605160244926047
2022-03-14 00:00:00-04:00,148.67120306961968,151.2922123001873,147.34598176184335,147.85643005371094,108732100,162.2404600859934,151.3387456448014,32.55997962199861,-3.5806638625478513,166.9275456422984,149.79528150613908,4.9153078362744385,2404373000,32.4068541727716,31.500032498231256
2022-03-15 00:00:00-04:00,148.13124619142744,152.71557314147054,147.6207980554659,152.24436950683594,92964300,161.84845653386958,151.34775682750822,39.77094555317724,-3.686833119842248,166.67849810481857,148.83623374739494,4.92812692554088,2497337300,38.93603298259149,32.76812726432374
2022-03-16 00:00:00-04:00,154.16846031293665,157.0643309184818,151.62598505111097,156.66184997558594,102300200,161.6450601982506,151.4006333762453,46.027651724551966,-3.3756073652883742,166.65896714219593,148.79293715467907,4.964571135671591,2599637500,47.63833830758502,32.59567422701003
2022-03-17 00:00:00-04:00,155.69984300954386,158.04599097202535,154.73782812813226,157.67295837402344,75615400,161.4892914992613,151.46304457025306,47.37518064905386,-3.0126428435797834,166.4543208408936,148.72010135962725,4.846256257687412,2675252900,46.901636383929656,32.15748028042886
2022-03-18 00:00:00-04:00,157.56494948588247,161.4621089351798,156.8287105215893,160.97128295898438,123511700,161.46897743885827,151.55765390745438,51.61868640062803,-2.4308226064769656,166.2982126121291,148.7623362973761,4.831052125966203,2798764600,48.0056669009656,30.84139801623441
2022-03-21 00:00:00-04:00,160.50991215775952,163.2978152048177,160.0190861607253,162.34561157226562,95811400,161.5033552480115,151.66499676979083,53.30818115988779,-1.8376458064739438,166.351476304823,148.74310377330198,4.720171905832361,2894576000,54.80000499903346,29.172176293752077
2022-03-22 00:00:00-04:00,162.4732078859342,166.31147058252574,161.88422570672876,165.7224884033203,81532000,161.66881145018047,151.80487230843292,57.25771837162821,-1.0825838278520905,167.55409463872957,148.2760709699944,4.69924854654412,2976108000,54.897422511901844,27.235493073644076
2022-03-23 00:00:00-04:00,164.90773681905242,169.4724129582103,164.57396373096856,167.08700561523438,98062700,161.8812896527316,151.9569333363613,58.77516297951415,-0.3698235390600644,168.48768271283308,147.8202233744065,4.713477166593951,3074170700,55.68781669031452,26.074120313341687
2022-03-24 00:00:00-04:00,167.92140774440355,170.94489804434284,167.0870124371813,170.87619018554688,90131400,162.2340308500969,152.14518464829348,62.731954658765154,0.4950925337114427,170.59003480023404,146.74402688596388,4.652363971059273,3164302100,62.179753317786634,25.27347171444008
2022-03-25 00:00:00-04:00,170.68968274649166,172.0639897819613,169.58041101004764,171.51426696777344,80546200,162.5979616782411,152.337911835552,63.36954022027069,1.21799196328314,172.96096599802974,145.8848469902515,4.497450742548873,3244848300,68.91194438726917,24.739920499768804
2022-03-28 00:00:00-04:00,169.01103833923784,172.5057173789197,168.8441592815926,172.37811279296875,90371900,162.98149701607355,152.53731682020293,64.2609809366701,1.839396688025431,175.35605138687663,145.62321903955564,4.437744125033033,3335220200,77.76881220363565,24.04360208213834
2022-03-29 00:00:00-04:00,173.44808328507239,175.7255079917634,173.10449911531725,175.6764373779297,100589400,163.47933781457772,152.76755682575245,67.51196865418677,2.568404667885659,178.18222238970006,145.613735048451,4.35986205887315,3435809600,78.08218579102412,24.010710031214582
2022-03-30 00:00:00-04:00,175.2739422558794,176.31449082883282,173.45788032690467,174.5082550048828,92633200,163.91184437106028,152.98388218076866,65.24814390899287,3.0171068597508963,180.26950877258997,145.46619069030066,4.252486947662792,3343176400,78.14746989558024,24.086722249129075
2022-03-31 00:00:00-04:00,174.5769971900877,174.7635134764267,171.20011173735605,171.40626525878906,103049300,164.20574322940257,153.16718947507732,59.53891640526329,3.086819003435579,181.3501945293147,146.4914741718572,4.203266575620496,3240127100,77.11098062410608,23.49102769380603
2022-04-01 00:00:00-04:00,170.83689401317795,171.67130419323556,168.78524495629924,171.11175537109375,78751300,164.47656723495908,153.34574236956507,59.01097444683007,3.08276568903122,181.70714936646746,148.6972878893919,4.109180337143055,3161375800,78.09266627424921,22.283846479704014
2022-04-04 00:00:00-04:00,171.36698173645647,175.21505544007368,171.23936219447407,175.1659698486328,76468400,164.89575949431884,153.56285906089911,63.773168877653326,3.3678719031445326,181.35442346320667,152.69128576530898,4.108760317988547,3237844200,78.01860854036781,21.90433621686979
2022-04-05 00:00:00-04:00,174.2432251533462,175.0285497272662,171.21973527998745,171.84799194335938,73401800,165.16839606094788,153.74480068162012,57.84950226070683,3.28818341289076,180.4346949975622,156.22483055582325,4.0971513358926055,3164442400,71.71992660011858,21.546399692695612
2022-04-06 00:00:00-04:00,169.1975663148219,170.44426874780456,167.00848619962144,168.6772918701172,89058800,165.30599981817022,153.89338268349573,52.80207618839179,2.935343895733695,179.5082171536237,158.75336731903255,4.1501766507387,3075383600,65.16523412128646,20.105733122369113
2022-04-07 00:00:00-04:00,168.01955265843017,170.1791839693951,166.73359099058004,168.9815673828125,77594700,165.450139722666,154.04351387453372,53.22386128707022,2.64972415657229,178.27605574524412,161.49334326191732,4.099849245601297,3152978300,57.79372160030179,18.701026982741865
2022-04-08 00:00:00-04:00,168.62821767601542,168.62821767601542,166.09555314310566,166.96922302246094,76575500,165.5097116167756,154.17212789590613,50.03895574293703,2.235222826129217,177.41587116484357,163.15325318411476,4.013146745180264,3076402800,51.03004233210867,17.495861774433077
2022-04-11 00:00:00-04:00,165.61452852614607,165.92864940184566,162.46341876782265,162.70883178710938,72246700,165.3998731920828,154.25707022318178,44.031561543176075,1.5451381772226114,177.33376726896248,163.28378644197502,4.048336567284409,3004156100,44.86788014406696,17.22964581921286
2022-04-12 00:00:00-04:00,164.93715076417277,166.7531977294746,163.58246639550293,164.58375549316406,79265200,165.36786857643895,154.35982331044528,47.044614914527514,1.136431717425836,177.47569169540458,162.99003096084544,4.048052951218753,3083421300,43.96296818874016,16.74778845388213
2022-04-13 00:00:00-04:00,164.3187163524491,167.90173991390134,163.71009694763094,167.2734832763672,70618900,165.44259856467144,154.48831743945942,51.11078992390283,1.0178344941092234,177.46709185877242,163.02349448562862,4.058309380865299,3154040200,42.958210117148454,15.972701630977918
2022-04-14 00:00:00-04:00,167.48947048590375,168.12755331525187,162.01185016741871,162.25726318359375,75329400,165.317683451688,154.56562038218715,44.28183176499804,0.5131628787640636,177.9013255491451,161.44007052832887,4.20526607850586,3078710800,36.25061789971636,15.669800254270603
2022-04-18 00:00:00-04:00,160.91238158332047,163.5432165286054,160.56881239721503,162.04129028320312,69023900,165.18919744508074,154.64000515732164,44.009189868947985,0.09468827208053199,178.0260268913456,160.05230562818568,4.117347367997612,3009686900,29.002714119345086,15.727097435643397
2022-04-19 00:00:00-04:00,161.9922304806441,164.7408593011716,160.9025960723887,164.32855224609375,67723800,165.1554466529636,154.73640861094125,47.68295629872257,-0.051795873119914404,177.58856749106982,159.41649028887807,4.097412786625133,3077410700,26.50557503169415,15.399295249422321
2022-04-20 00:00:00-04:00,165.66359329680822,165.7814017275046,163.05241024771163,164.1616668701172,67929800,165.11647489677358,154.8301922752117,47.43838149680418,-0.17928518071249755,176.19063148066965,159.27912356490327,3.999668407565693,3009480900,33.42772146626892,14.768719191549627
2022-04-21 00:00:00-04:00,165.81088132829905,168.38280537091364,162.86592464604138,163.36656188964844,87227800,165.0478508572785,154.91513127635037,46.221949946794055,-0.34055400782997935,174.87544538404342,159.10875057949823,4.108040715944734,2922253100,42.18718494614562,14.002683101637473
2022-04-22 00:00:00-04:00,163.40581593701359,164.78993402071836,158.5368149070802,158.8214874267578,84882400,164.8036797423561,154.95400049177732,39.9203182176689,-0.8255933137756415,174.63473897949999,157.67148660643753,4.261260601494263,2837370700,42.13649401930279,13.839334576505248
2022-04-25 00:00:00-04:00,158.16376241881838,160.17615197605645,155.55257953271186,159.8914794921875,96046400,164.61104443842794,155.00312963606,41.927557227425375,-1.110845900806737,173.9840512612687,156.82613754081467,4.2871400187692865,2933417100,34.26558367435284,14.325083827312431
2022-04-26 00:00:00-04:00,159.27301921605053,159.36136429126918,153.84448546049006,153.9230194091797,95623200,164.19190620198682,154.9923822706184,34.91938896510071,-1.7977916562327891,172.66796890617823,155.30982650397803,4.412843876835583,2837793900,33.84772420699332,15.108616513980538
2022-04-27 00:00:00-04:00,153.0493716898695,156.85817138310125,152.52909731194325,153.697265625,88063200,163.78035166955598,154.97949553782618,34.6832421586022,-2.333518214848908,171.79235928202212,153.7653392856862,4.406860319287185,2749730700,34.116848956985606,16.08370485337672
2022-04-28 00:00:00-04:00,156.3280610754388,161.5013706501521,156.0139252856425,160.63751220703125,130216800,163.6571030631825,155.03579421115163,46.631958516226334,-2.1730162959405845,170.73045656542868,153.75527138053488,4.649520655420393,2879947500,43.77934573561921,15.61047647924317
2022-04-29 00:00:00-04:00,158.87058661487254,163.15059075650376,154.36480666392433,154.75746154785156,131747600,163.30809751356168,155.03302473191482,39.961847782313434,-2.491567081050164,169.73702094472858,152.85215955657353,4.944968043788896,2748199900,42.003887597822896,14.747055682854695
2022-05-02 00:00:00-04:00,153.83470249054395,155.32680285229077,150.45781697290937,155.061767578125,123055300,162.9847120258975,155.03331073038458,40.43668247383817,-2.688474855219056,168.8987597572854,152.10276001810524,4.939540746331218,2871255200,40.537685861877804,14.782852254805082
2022-05-03 00:00:00-04:00,155.24827964309745,157.76132169874938,153.45186941180674,156.5538787841797,88966500,162.7325224870066,155.04844076077063,42.824496178680924,-2.6930806236123317,168.6172615746752,151.5635978003248,4.894534427803463,2960221700,40.77002949756598,14.195334117985762
2022-05-04 00:00:00-04:00,156.7403511160265,163.4253979042394,156.33787025741282,162.97384643554688,108256500,162.7419861712631,155.12730051872862,51.78130570656133,-2.1538645825166896,168.3194015290715,151.64680330491285,5.051176800590828,3068478200,42.377145134906264,13.922505206757686
2022-05-05 00:00:00-04:00,160.84368302574217,161.06945878722854,152.10697141040896,153.89358520507812,130525300,162.39499005494216,155.11502474446345,41.80589008438109,-2.4312077301569843,166.96680769067797,151.2154107338012,5.466583816629906,2937952900,40.82425582151299,13.080523944420701
2022-05-06 00:00:00-04:00,153.37254446386834,156.7445658918497,151.57347999950738,154.62107849121094,116124600,162.0901307779331,155.1101098563714,42.75735553110492,-2.5627596465921556,166.5598172613829,150.6042432041119,5.445476822037935,3054077500,39.5963382165061,12.404645512648694
2022-05-09 00:00:00-04:00,152.3108102727315,153.19560424531912,148.92897809122042,149.4893341064453,131577900,161.59598188885514,155.0541817394567,38.03345756125384,-3.0459920716825764,166.67273783768266,148.81772847091108,5.4630927918916905,2922499600,33.35297447034479,12.292417486971676
2022-05-10 00:00:00-04:00,152.89085370033473,154.0902301343912,150.3446276636097,151.89791870117188,115366700,161.21566568541658,155.0227761370857,41.310854402300656,-3.1977430117418066,165.54864865387026,148.28439984873393,5.401507308752704,3037866300,35.13347226243788,11.978024389849889
2022-05-11 00:00:00-04:00,150.9049915404857,152.8220226348079,143.34499314721714,144.02333068847656,142689800,160.5414564698503,154.9133289186916,34.82567581863319,-3.9083669457155565,165.45501303387687,145.69292397784187,5.692616035812565,2895176500,28.339409237725917,12.888819492939247
2022-05-12 00:00:00-04:00,140.35638928215414,143.72839581595062,136.45350338099348,140.14993286132812,182602000,159.74178887735923,154.76642945543426,32.151966158178936,-4.729572795345405,165.6580305047008,142.39435596990856,5.826702555217602,2712574500,27.025158007958225,14.607476231144274
2022-05-13 00:00:00-04:00,142.1456142936274,145.59628520412005,140.6906387962122,144.62301635742188,113990900,159.14889583736166,154.66549997187195,38.06549782834977,-4.96224225282748,165.29283185015785,140.86642514854006,5.7995346829014816,2826565400,33.23534674258491,15.760760205237217
2022-05-16 00:00:00-04:00,143.08938461134267,145.02608166695018,141.7425351609862,143.0795440673828,86643800,158.51872517971543,154.5502168285437,36.87130439819458,-5.2111093637031445,164.5457719629245,139.37189364579945,5.61982124169166,2739921600,33.55641354835639,16.831666752609234
2022-05-17 00:00:00-04:00,146.34339939395076,147.23801869280874,144.20024629343533,146.71697998046875,78336300,158.0559116424901,154.472274173339,41.52695193120422,-5.056539028858651,164.27711325288658,138.67974709867593,5.515439340529822,2818257900,38.34446610916533,17.279665047412244
2022-05-18 00:00:00-04:00,144.3673878211131,144.86876045778243,137.53487119903903,138.4393310546875,109742900,157.28663397238017,154.31274240101413,35.17033402677498,-5.538137808699702,164.73333461732872,136.18913445819211,5.7773443005941,2708515000,30.82493437444157,18.572090442885635
2022-05-19 00:00:00-04:00,137.5152426451712,139.26514939022877,134.29069437332384,135.02801513671875,136095600,156.41374695921698,154.12085456753854,32.93301862403955,-6.124473874011983,163.85141970761396,133.6564497585319,5.7199950660448735,2572419400,31.100674185344488,20.128486969338972
2022-05-20 00:00:00-04:00,136.73858804203445,138.32137052821327,130.36814092411527,135.26394653320312,137426100,155.58434302094193,153.93322364182376,33.249286522319565,-6.495238669918763,163.58183434054308,131.3268997903163,5.879511818762954,2709845500,31.151054018212548,21.96273503691003
2022-05-23 00:00:00-04:00,135.46054440281267,140.8380709239281,135.32291181364158,140.69061279296875,117726300,155.00027516886456,153.80145636969584,40.230890301693925,-6.278807641204338,162.40824918228395,130.58433097722127,5.857698431045955,2827571800,31.839727197988296,23.047800951766146
2022-05-24 00:00:00-04:00,138.4295416484227,139.56993493043717,135.00837680321177,137.98715209960938,104132700,154.33309387203104,153.64410010830196,38.09332310546307,-6.2533464900726585,160.73091765364546,129.78609894791703,5.845165399525313,2723439100,25.14497417634773,24.090939157007654
2022-05-25 00:00:00-04:00,136.08971575030043,139.39291268865855,136.00124087715074,138.14439392089844,92482700,153.69824289355526,153.489874176089,38.29866962672692,-6.14959157976611,156.18266822178558,131.02375471115712,5.669915857524063,2815921800,31.304448308060387,25.0595674904462
2022-05-26 00:00:00-04:00,135.06734649422762,141.89984995235616,134.8215728806199,141.3493194580078,90601500,153.21397138627887,153.3690726366056,42.486186627832716,-5.74255772879053,154.10545032561345,131.42840384105324,5.770513087110649,2906523300,37.4452173945681,25.287872478840296
2022-05-27 00:00:00-04:00,142.93206391903007,147.14953140069923,142.80425687385537,147.11021423339844,90978500,152.97460836067575,153.30679543856374,49.16475883493297,-4.898655752595715,152.01901812599746,132.5133874729609,5.772634433937847,2997501800,44.39450567527316,24.277790550940146
2022-05-31 00:00:00-04:00,146.5498682074242,148.11298447709316,144.35755721198225,146.32374572753906,103718400,152.7137902181998,153.23731235686202,48.339500915292376,-4.244392082225659,151.29727359146457,132.8130535569729,5.628548207593065,2893783400,43.80325769341703,23.135918793365988
2022-06-01 00:00:00-04:00,147.36583831364814,149.17474333360954,145.18336763808455,146.1959686279297,74286600,152.45818937152254,153.16724923518112,48.19794738526972,-3.6936162449276253,149.6485095421728,133.70155759649907,5.511607313873917,2819496800,50.96574191203374,21.846767715405857
2022-06-02 00:00:00-04:00,145.33080827666313,148.712654512819,144.37720576236944,148.65367126464844,72348100,152.30899258301767,153.1223380115937,51.160401419894825,-3.0239481706689446,150.6273139291601,133.3401319530014,5.427595987915034,2891844900,60.15679901197241,20.809825080983753
2022-06-03 00:00:00-04:00,144.4165490295479,145.46846714813478,142.01781149904664,142.92225646972656,88570300,151.94088528445724,153.02084466291842,44.73540081177532,-2.9220253819339064,150.76582188709858,133.5712671428493,5.513900543464088,2803274600,52.89264545027408,20.30557787199208
2022-06-06 00:00:00-04:00,144.54437177114056,146.05834558258064,142.45037585050028,143.66941833496094,71598400,151.61651403153581,152.92779564472977,45.69288909784571,-2.749269254707599,150.64260541539804,133.5673372115551,5.377762628365251,2874873000,58.81437272501223,19.6885521148217
2022-06-07 00:00:00-04:00,141.9096766255686,146.48105939148104,141.66390303598558,146.1959686279297,67808200,151.40394362355127,152.86081229132878,48.915958291115906,-2.3810401373025343,151.0836086763881,133.54185722530462,5.3377193231602655,2942681200,58.46479124533053,19.27725667470117
2022-06-08 00:00:00-04:00,146.06814706425965,147.33633206027957,144.9670862924701,145.45863342285156,53950200,151.17079420391602,152.78715877024942,48.02026526917626,-2.1242259433041397,150.8524497607472,133.6052365999299,5.125685497778066,2888731000,65.14105746420597,18.658268565420144
2022-06-09 00:00:00-04:00,144.5935022148915,145.4487894010345,140.12042043523653,140.2285614013672,69473000,150.74168703518862,152.66219760239986,42.127707682940915,-2.3160242609075397,150.80668325598745,133.88956715091356,5.140866032766421,2819258000,68.36804910993325,19.047275354219035
2022-06-10 00:00:00-04:00,137.90847835562724,138.38035945755297,134.74291325358388,134.81173706054688,91437900,150.1169831146144,152.48458107959536,37.055944834637714,-2.872011502617738,150.84271416953214,133.824699160546,5.165493326696199,2727820100,70.82338460590324,20.236858402810828
2022-06-13 00:00:00-04:00,130.6237513157455,132.9143631237499,129.21793348983346,129.65049743652344,122207100,149.31437583312066,152.2573762672265,32.981608342366556,-3.68660738561627,152.02981071460295,131.88914273591791,5.196086915554572,2605613000,61.29112949126525,22.00567112422693
2022-06-14 00:00:00-04:00,130.8793342743823,131.62648045825296,129.25721986088914,130.5155792236328,84784300,148.57716812294467,152.04103997823552,34.28581366061729,-4.213801540154947,152.8597914737435,129.7024908341992,4.994170749969518,2690397300,62.49888906788416,23.648140079827595
2022-06-15 00:00:00-04:00,132.01971509318932,135.0181554391388,129.92573462276167,133.14044189453125,91533000,147.97180631006572,151.85297432566134,38.21471498351528,-4.369434108680167,153.14106308003443,128.77499120056456,5.001188611855777,2781930300,62.36178933770521,24.206441247632707
2022-06-16 00:00:00-04:00,129.84709117019267,130.1518479895085,126.85847623062334,127.86123657226562,108123900,147.18315651642652,151.61425056692107,33.833401761287945,-4.862707524444119,154.06290225141518,126.48206438269939,5.0926726870023575,2673806400,54.289452402977,25.132840964616452
2022-06-17 00:00:00-04:00,127.87107564040531,130.83018391739205,127.61546153618984,129.33587646484375,134520300,146.48326318107036,151.3925752027213,36.03931728392037,-5.076124738817697,154.2768742494613,124.66629998556476,4.958533379445204,2808326700,55.39986767218835,25.802373461353927
2022-06-21 00:00:00-04:00,131.16443535080262,134.74289788395257,131.06613492456364,133.57301330566406,81000500,145.9769788722309,151.21526612911873,42.02060812242502,-4.847479164613986,153.04865098347835,124.08956312784977,4.990568239421177,2889327200,54.21961466030739,25.387846660176898
2022-06-22 00:00:00-04:00,132.5112527755898,135.4310435768621,131.64614013134977,133.06179809570312,73409200,145.47050119472,151.03463460639819,41.516161770981476,-4.653879666934301,151.77691551148394,123.5930389155994,4.904449325570545,2815918000,53.90883380496554,24.83133653338844
2022-06-23 00:00:00-04:00,134.5069656450009,136.24703170777948,133.33708105988757,135.9324493408203,72433800,145.09645994554745,150.8843641062432,45.47450644145772,-4.220165662965826,150.35036873250908,123.65111645629298,4.781648203178103,2888351800,53.6662559183615,24.105194473231155
2022-06-24 00:00:00-04:00,137.53489628676303,139.51092556990343,137.4071042192977,139.26515197753906,89116800,144.867781201704,150.7687500552113,49.728532252912046,-3.5664115673210404,148.28290535017675,124.46677726701076,4.695707347885604,2977468600,61.342864181660644,22.63673924948019
2022-06-27 00:00:00-04:00,140.28756352140977,141.06421647374572,138.5868144624807,139.26515197753906,70207900,144.64807025173675,150.6542863927469,49.728532252912046,-3.0135681981711855,147.6358285024356,124.62624018246022,4.537256966698419,3047676500,61.22170868734034,21.116641201605344
2022-06-28 00:00:00-04:00,139.72718457219997,140.99536950005523,134.99850383222812,135.11647033691406,67083400,144.27428201978293,150.499681257863,44.69427584670762,-2.8770351116430106,146.33953690322232,124.78213871526725,4.6415147310647535,2980593100,55.409038865196116,20.274344194271777
2022-06-29 00:00:00-04:00,135.1361545226192,138.29187895229046,134.35950159386607,136.876220703125,66242400,143.9841619681493,150.3641244364228,47.13878931301795,-2.59689907319364,144.15559476581572,125.72344779603324,4.5908620615904425,3046835500,50.19712955840992,19.620500093089507
2022-06-30 00:00:00-04:00,134.9296996947126,136.0307605677301,131.50853555295868,134.40866088867188,98964500,143.6086521218953,150.2053636051019,44.18933849201696,-2.5446673579182573,141.5058239809042,126.8998889097208,4.646349425060149,2947871000,49.174751200712855,19.56504646117893
2022-07-01 00:00:00-04:00,133.7401565905966,136.6894398129789,133.36659091632603,136.581298828125,71051600,143.33306963978663,150.06980077150013,47.31508240194859,-2.301430168638774,140.66216363573446,127.25724757845826,4.551813673031057,3018922600,55.884107542621734,19.3338960670817
2022-07-05 00:00:00-04:00,135.44091845782265,139.2159973193288,134.61510776869383,139.16683959960938,73353800,143.16968806958363,149.96131359566044,50.84339320929953,-1.8783786320918239,141.43493481204274,127.06515674069165,4.555319092859908,3092276400,64.33659125214712,18.451225691959248
2022-07-06 00:00:00-04:00,138.9604099493396,141.68357084268348,138.69497024103305,140.5038604736328,74064300,143.0651458109189,149.86720958449598,52.61077986670331,-1.4188650379282137,142.3435636907014,127.60364293364756,4.443410629202089,3166340700,71.20559340965539,17.230716018626303
2022-07-07 00:00:00-04:00,140.8675883216018,144.07248562850194,140.857762778016,143.87586975097656,66253700,143.09693890660742,149.8075942627694,56.82676900739196,-0.7736856695170218,144.0482204272626,127.68035826739886,4.38092595246402,3232594400,70.7080851477429,16.627036816926687
2022-07-08 00:00:00-04:00,142.8042772492725,145.0555716697527,142.54867812328092,144.55418395996094,64547800,143.15408577144484,149.75532152343797,57.64310855945497,-0.2052757924722357,145.7257219920887,127.52468897796338,4.247066494893146,3297142200,79.04570157726596,16.27656058905675
2022-07-11 00:00:00-04:00,143.20736171130733,144.16096449444552,141.3493138659739,142.42088317871094,63141600,143.12533272859253,149.6823420374208,54.17373602763847,0.07222106645139093,145.81328145666737,129.37841572757742,4.172623894828424,3234000600,71.46196883626884,15.626812016542782
2022-07-12 00:00:00-04:00,143.29584958827115,145.94037620574267,142.59786089048026,143.3941650390625,77588800,143.13587517214037,149.619773112064,55.489968686453714,0.36645082151704855,145.93470542179753,131.13143023900975,4.125971689985803,3311589400,71.53970731885595,15.427726164408123
2022-07-13 00:00:00-04:00,140.57262975774523,143.97412691904796,139.71732769627775,143.03036499023438,71185600,143.13173751794798,149.55420686209553,54.85573536039854,0.5637755451346891,146.37654013702948,131.9505757483872,4.135316513756118,3240403800,64.50796959385958,14.468430776070976
2022-07-14 00:00:00-04:00,141.64425310609462,146.43191837704046,140.82828289550088,145.9600372314453,78140700,143.2426512322028,149.51844398019853,58.927022492487026,0.9456559427649438,147.19693540396653,132.84994569954907,4.240196440026366,3318544500,64.8756046578742,14.145554047432515
2022-07-15 00:00:00-04:00,147.2478347414801,148.30957818143008,145.69454424604356,147.63124084472656,76259900,143.41475278563513,149.49966583954708,61.083090742942304,1.3673886685459422,148.54914865354647,133.05757131715666,4.124113403980663,3394804400,64.59642477970584,14.248199142754606
2022-07-18 00:00:00-04:00,148.19166459198905,149.0076347954927,144.21995456531678,144.58370971679688,81420900,143.460594233916,149.45075085325107,55.37461089523896,1.4391153731999964,149.07464386483505,133.2412171377691,4.1715110344231805,3313383500,56.913427843476406,13.928590475015769
2022-07-19 00:00:00-04:00,145.41930294883997,148.67334258980395,144.42638313418118,148.44723510742188,82982400,143.65614877797506,149.4407656219493,60.424132303021935,1.7871127897941506,150.3949860774704,133.14515267578483,4.176900207366009,3396365900,63.99944635343303,13.631810997829707
2022-07-20 00:00:00-04:00,148.56520429371037,151.1212554478555,147.8278835762641,150.45274353027344,64823400,143.92268190551616,149.45083505387294,62.77856722783986,2.199377958580669,151.65285358057662,133.93212159845984,4.113791040524966,3461189300,70.2394664402741,13.924807699041695
2022-07-21 00:00:00-04:00,151.8880425808107,152.93996049681533,149.37132401649703,152.7236785888672,65086600,144.26781903035345,149.48340066118632,65.29623136237629,2.678470811066717,153.3888152016372,134.3091543621649,4.074851429081632,3526275900,78.66662648957649,14.584317860919539
2022-07-22 00:00:00-04:00,152.76302623024424,153.63797957756256,150.8165036712,151.48500061035156,66675400,144.55084575898084,149.50331707859095,62.801006462217316,2.9244926566249774,153.7969522124592,136.17786264756683,3.9853246060302703,3459600500,78.74012059523514,15.34233189287879
2022-07-25 00:00:00-04:00,151.40635064916066,152.4189365975324,149.70560167774437,150.36427307128906,53623900,144.77882330064,149.51188380488648,60.54657282728784,2.994514496534606,153.84963233434215,137.96291242477244,3.89446819987011,3405976600,72.82138736077037,15.657271998572908
2022-07-26 00:00:00-04:00,149.68594024499822,150.50191035513055,148.25063089528444,149.037109375,55138700,144.94581491139922,149.50715968120602,57.89606534771552,2.9093787828392124,153.76616046819072,139.36242026097597,3.777097575582681,3350837900,66.59933888811386,15.455329032601666
2022-07-27 00:00:00-04:00,150.0005248051165,154.67022256546406,149.5876270137746,154.13934326171875,78620700,145.30634543494116,149.5532510601166,64.3562308442155,3.216537507712502,154.8264809995689,140.12016410134254,3.909670119502779,3429458600,67.18818087376988,16.21009007059298
2022-07-28 00:00:00-04:00,154.32615575764223,154.9750016662387,151.7996109329514,154.68991088867188,81378700,145.674328393911,149.6043621031868,64.9806327893273,3.4644531568976618,156.09530952912186,140.2932077234823,3.85722159191596,3510837300,67.90449079323797,16.973166863019692
2022-07-29 00:00:00-04:00,158.51413057382698,160.86372535437394,156.8035410889223,159.7626495361328,101786900,146.22681157595892,149.70543959008177,70.16629593208279,4.023871028770117,158.71965767034496,139.69665499241543,4.02269251147211,3612624200,75.22024505230607,18.70945946694305
2022-08-01 00:00:00-04:00,158.287993908895,160.82437877972106,158.17002740354454,158.779541015625,67829400,146.71907547555367,149.7957291565051,68.06276336088357,4.337880692803253,160.19097176130242,140.40649527971323,3.9249538589509965,3544794800,75.1610386395455,20.321731170586162
2022-08-02 00:00:00-04:00,157.39342153843546,159.66436723257505,156.9313659642097,157.304931640625,59907000,147.1342070898702,149.87044758918293,64.91898013286425,4.416832465845744,160.96229836135842,141.48993755986555,3.839814388194878,3484887800,75.48497749078527,21.35652701897795
2022-08-03 00:00:00-04:00,158.1208945604064,163.77368717681702,158.0324196674791,163.32147216796875,82507500,147.76900179881522,150.00428862976787,70.83760418325008,4.908306945871146,162.99875169003684,142.15896518821836,4.027595898766102,3567395300,75.80905030978585,22.97236306898898
2022-08-04 00:00:00-04:00,163.2034670413035,164.36352602829535,161.65017636428277,163.00685119628906,55474100,148.36656452028478,150.13366736177306,70.17090316982927,5.212332208026339,164.70275367869695,142.72787172820406,3.9337211677122794,3511921200,75.46493230640732,24.55793254716568
2022-08-05 00:00:00-04:00,160.673712879285,163.27268651132164,160.46696968304354,162.78045654296875,56697000,148.931815187841,150.25950606009343,69.66282386275935,5.373068868902692,166.06928038185293,143.38124045148038,3.853149429181266,3455224200,76.80967845754137,25.574524934110315
2022-08-08 00:00:00-04:00,163.78459702908208,165.20222176015508,161.64832074077538,162.3079071044922,60276900,149.45636781202342,150.37939064759988,68.54716932807972,5.400074344652097,166.4428790676787,145.37086808401403,3.831774542766869,3394947300,76.43703650656894,26.83178159593324
2022-08-09 00:00:00-04:00,161.47110884266755,163.24313957743516,160.71307055191537,162.35711669921875,63135500,149.9622795330899,150.49857200134733,68.60355857656549,5.363618723868143,167.0235822112325,146.64481581936644,3.7387955772492205,3458082800,69.64932623955573,27.63051790638314
2022-08-10 00:00:00-04:00,165.07423053223724,166.70843758837208,164.30635300401312,166.61000061035156,70170500,150.61513134004136,150.658884723825,73.09324772804324,5.613194162331553,168.5794047653041,147.24329420930525,3.782547385242371,3528253300,70.00518864025531,28.929051885523965
2022-08-11 00:00:00-04:00,167.4172371966445,168.33279265478845,165.57630211146738,165.87164306640625,57149200,151.21342591754586,150.81025545360194,71.18988308267329,5.685862132980105,169.76309506632907,147.81266583861884,3.7092576108194204,3471104100,69.88277954585911,30.365910429169332
2022-08-12 00:00:00-04:00,167.18100008673593,169.49447201390402,166.7675136783622,169.42556762695312,68039400,151.92762755320888,150.99548244040145,74.61620012003935,5.961503532101858,171.41578304674107,148.55205346042038,3.7030841348678734,3539143500,75.81532068554634,31.86012550495969
2022-08-15 00:00:00-04:00,168.85456522976827,170.69550042466776,168.6872088503834,170.4986114501953,54091700,152.6559014315221,151.18954342557353,75.56125150857586,6.195123468514566,172.6525583658198,149.9998565918625,3.5820275233976218,3593235200,81.29448745740945,33.409966878344434
2022-08-16 00:00:00-04:00,170.09494952268685,171.01050487518168,168.99235944125613,170.341064453125,56377100,153.34943723629084,151.38010582385763,75.11904391581938,6.294991481966008,172.82697143132185,152.6659708701104,3.4703216598639024,3536858100,80.99643028824072,34.892255070834764
2022-08-17 00:00:00-04:00,170.08511101015677,173.412574668192,169.88822206935535,171.8374481201172,79542000,154.0744572709507,151.58366146859655,76.52432333191533,6.420867494635729,173.84257401341128,154.01011560247414,3.47418101264767,3616400100,81.13793270357871,36.584652663413344
2022-08-18 00:00:00-04:00,171.049901871482,172.18202470973497,170.42968734841074,171.4436798095703,62290100,154.75560325285733,151.7812735913923,75.31878393899532,6.414904306061146,174.2985968422574,155.78792862974782,3.3511921804102824,3554110000,73.20333744845084,38.15616471366487
2022-08-19 00:00:00-04:00,170.34111293537597,171.04008614629294,168.64784053029155,168.85458374023438,70346300,155.30850444844074,151.95115727446537,67.76007108186897,6.130590391463812,174.6287746290014,156.670008736884,3.3115241160437456,3483763700,65.39025812880446,38.74702067905868
2022-08-22 00:00:00-04:00,167.05296153027388,167.22031786929477,164.54258640163619,164.96591186523438,69026800,155.68722630792286,152.08065732014467,58.29706619291055,5.527765603486245,174.2769378625066,157.84669494999338,3.3829864890833483,3414736900,64.53747810787223,37.62414997277153
2022-08-23 00:00:00-04:00,164.48353211875664,166.08820627220155,164.0602066271234,164.63119506835938,54147100,156.03797018088116,152.20553829276372,57.55203105201649,4.965771445593731,173.378922430209,159.7215455059889,3.2862017145115487,3360589800,57.36539320322699,36.407293170079534
2022-08-24 00:00:00-04:00,164.71984652905635,165.4975632823113,163.66646716905697,164.92657470703125,53841500,156.38654290739683,152.3321157695226,58.06139913341571,4.4924356925452855,173.3286885751896,159.98579303288332,3.182265600136032,3414431300,51.24707139902055,35.129840704027146
2022-08-25 00:00:00-04:00,166.15715087983543,167.49601702656614,165.73384030735204,167.38772583007812,51218200,156.81796184554122,152.48192283480176,62.13819136311654,4.266723887949297,173.3333333831202,160.5652648427913,3.138492508664522,3465649500,57.34913912962623,34.44179715415256
2022-08-26 00:00:00-04:00,167.91932427745144,168.3918608006587,161.01825109648692,161.0773162841797,78961000,156.98499535293882,152.56744913778064,48.988806243282575,3.5378660272631066,173.56365170590493,160.10786115216797,3.4410008797721825,3386688500,49.54533380250676,32.20141849326369
2022-08-29 00:00:00-04:00,158.64569477233294,160.36849946589015,157.33637642429446,158.87213134765625,73314000,157.059000686065,152.6301822940978,45.375225309125184,2.750593793586745,174.12331902610583,159.0900903977223,3.4624250926374,3313374500,49.07893266215002,30.643142942505303
2022-08-30 00:00:00-04:00,159.61048321715364,160.0337937500244,155.26901159376436,156.44052124023438,77906200,157.03474659015006,152.6680961144574,41.7207375390035,1.9084646698170502,175.07915681560024,157.34537321369663,3.5554505971818733,3235468300,41.15161188451342,29.664687808367592
2022-08-31 00:00:00-04:00,157.81877207178803,158.0845804641707,154.69803583504827,154.77679443359375,87991100,156.9461994467557,152.68907818728462,39.383540986367926,1.0942090621194325,175.95724679462614,154.88952241110303,3.543385885177627,3147477200,33.88683146757434,28.882521601238583
2022-09-01 00:00:00-04:00,154.20580050146393,155.95813794862076,152.2664132669702,155.5052947998047,74229900,156.8896933821694,152.7171002431306,40.94360575954342,0.5019038823147923,176.36113173447654,153.1034577023724,3.5539815134971215,3221707100,26.47727251540431,28.67307418380987
2022-09-02 00:00:00-04:00,157.26747699870455,157.86799816901853,152.56175963985066,153.38870239257812,76957800,156.7523996178717,152.72378285158283,37.89223856206541,-0.13671756320624695,176.2765686633987,151.04977207553358,3.679142728902175,3144749300,27.739743294114206,27.848628902973484
2022-09-06 00:00:00-04:00,154.03844040820118,154.64880073393257,151.30164311185825,152.1285858154297,73714800,156.5710735864034,152.71786049301414,36.16423040485594,-0.7360260857863068,175.7094528119641,149.1675511756661,3.6554295069858997,3071034500,21.424547069922326,27.363623490164343
2022-09-07 00:00:00-04:00,152.41407808901712,154.2353197614945,151.22287508520006,153.53636169433594,87449600,156.45206527691056,152.72600478357455,39.484473046805526,-1.0848808286837652,174.56873896978834,148.06763798333668,3.609502019079368,3158484100,21.286709012291567,26.931194791305725
2022-09-08 00:00:00-04:00,152.23685741248187,153.93012940950055,150.30730966413597,152.05966186523438,84923800,156.27981416272718,152.7193745057801,37.29328451050618,-1.4636361739740948,172.72656672996425,147.27277205584306,3.6104532852425977,3073560300,20.990373541062112,26.74485781763607
2022-09-09 00:00:00-04:00,153.05398588476703,155.36747271934937,152.34517353637017,154.92445373535156,68028800,156.22666277341835,152.7413155926415,43.80824157430842,-1.5151717947594534,170.2591658193212,147.53760948992357,3.588835968733483,3141589100,27.747523514754306,26.031954421907862
2022-09-12 00:00:00-04:00,157.10993674145692,161.70736223015916,156.82445000741808,160.8902587890625,104956000,156.40954889167892,152.8223996045462,54.42684230341505,-1.062377113941892,168.49482539764574,148.24003991810946,3.816984006310206,3246545100,37.01120839744822,24.8439543230852
2022-09-13 00:00:00-04:00,157.4151508670422,158.04520467768552,150.98662815133733,151.44932556152344,122656600,156.21503032971205,152.8087371762574,41.16847607408827,-1.448639463487467,167.48970914324627,147.44294466534745,4.251744479982704,3123888500,34.9175293735029,23.81864172473987
2022-09-14 00:00:00-04:00,152.3845305395428,154.6586453659871,151.22287515005883,152.89645385742188,87965400,156.08489007589674,152.80960997905507,43.44274585997285,-1.6193175147293744,166.16555563805127,147.20246600908416,4.193460603978815,3211853900,34.025862652223495,22.866565740562063
2022-09-15 00:00:00-04:00,152.24670339235885,152.82754609590185,149.02753063381346,150.00213623046875,90481100,155.84635070940936,152.7816749168801,40.10357380436345,-1.9654716104196837,164.6181344584361,146.759962058491,4.170279362523787,3121372800,28.45979892673958,22.45221111006351
2022-09-16 00:00:00-04:00,148.8601926989242,148.99801648832616,146.06431507986616,148.3581085205078,162278800,155.55269415298184,152.73765933084655,38.302639543375975,-2.3454239344996495,161.57068059535914,147.27013361362526,4.153675204529415,2959094000,26.848983947334418,22.639031862753146
2022-09-19 00:00:00-04:00,146.98970508767258,152.15811955641868,146.78297692105565,152.07936096191406,81474200,155.41648500823408,152.73110909831988,44.39004223358878,-2.319526854797715,160.09201430766848,147.5490725250138,4.240922878160388,3040568200,33.00663942793382,21.92132290361949
2022-09-20 00:00:00-04:00,151.01612178316293,155.62340128977206,150.70110246996018,154.46173095703125,107689800,155.3790436728928,152.74832921631702,47.93198264076902,-2.0827571562207936,159.2089658944752,147.84406755279045,4.289592588278352,3148258000,40.54692012685763,20.407296455612546
2022-09-21 00:00:00-04:00,154.8948855462308,156.27313813881415,151.21301588320202,151.33114624023438,101696800,155.22030259710226,152.73422789317192,43.96888250322409,-2.1232519605990774,158.73989821862978,147.63188522863584,4.344630421659336,3046561200,40.17841064827056,19.047767945397883
2022-09-22 00:00:00-04:00,150.01203358544475,152.0695515719694,148.56487604886144,150.36643981933594,86652500,155.02995503718986,152.71066781283525,42.794651511693765,-2.2077386932109846,158.54395429659834,147.23978186876624,4.284633643191382,2959908700,39.87259134018878,18.195845472290436
2022-09-23 00:00:00-04:00,148.84048424162157,149.11613179254852,146.25135007934554,148.09228515625,96029900,154.7578895516628,152.6647137565508,40.07747428299812,-2.4301866341278924,158.33826847707024,146.45706640248704,4.272523364391312,2863878800,33.66045666632361,17.88958962933567
2022-09-26 00:00:00-04:00,147.3342661670832,151.38039679019585,147.31457276382835,148.42701721191406,93339400,154.50962004814323,152.62254762177832,40.67455285178743,-2.550072502096697,158.2954884672992,145.83828838816953,4.25775912596104,2957218200,39.89100947065805,17.023339896031686
2022-09-27 00:00:00-04:00,150.3664234461509,152.31565000946952,147.6197716771559,149.40164184570312,84442700,154.3093071774593,152.59049880808604,42.471956984615126,-2.537191687102222,158.25349235457375,145.51669197159814,4.2890533549862235,3041660900,39.67970608889612,15.986056014696272
2022-09-28 00:00:00-04:00,145.34566573388943,148.29904557000611,142.58917488251384,147.511474609375,146691400,154.04272550812266,152.53996125387002,39.94436063209308,-2.648968586661482,158.1381324608921,144.828733587285,4.469297184143585,2894969500,38.11980514148338,16.078141826324078
2022-09-29 00:00:00-04:00,143.8295935811918,144.4399538960587,138.49380784574632,140.26583862304688,128138200,153.50245543419814,152.417830680429,32.06635906392782,-3.2843548563177194,159.37355642695798,142.02079985559413,4.794180725535377,2766831300,32.153612529087994,16.85658142414964
2022-09-30 00:00:00-04:00,139.0844911492741,140.8762153477741,135.85546393289223,136.05235290527344,124925300,152.8181376879658,152.25499010555185,28.541172565477197,-4.080854585171977,160.45606220739657,138.42201396447845,4.8103643462029835,2641906000,24.630165128274356,17.97185701520001
2022-10-03 00:00:00-04:00,136.06221241134372,140.84668823250414,135.55028904590418,140.23631286621094,114311700,152.324732792995,152.1354012772997,36.05822859589822,-4.324624181149147,158.13221250259858,137.99200421289623,4.845081120517053,2756217700,32.1165550107588,19.05225714827416
2022-10-04 00:00:00-04:00,142.77622574271777,143.9477354899333,142.01818737304887,143.82960510253906,87830100,151.9915905306242,152.05275653924238,41.72771421984922,-4.179683894972328,157.65820416439422,137.45004982323601,4.764105513603147,2844047800,37.93922227940446,19.178595022707217
2022-10-05 00:00:00-04:00,141.83114535247526,145.0897052260287,140.7876052377075,144.1249237060547,79471000,151.6830937924058,151.97387263045445,42.18145633758814,-3.9949367862060967,156.7800473285418,137.1586693055728,4.731105118940151,2923518800,43.536803267723926,19.510386718360984
2022-10-06 00:00:00-04:00,143.54408244476417,145.24719370943012,142.96325476225735,143.16998291015625,68402200,151.34924630682738,151.88627173771516,41.06788086260437,-3.8808431686266545,156.35341657358347,136.67434628448942,4.556307535242481,2855116600,51.35855204678445,19.77249199804842
2022-10-07 00:00:00-04:00,140.32491832079495,140.87622852536393,137.282940601211,137.91299438476562,85925600,150.82233446674655,151.74723415211366,35.51016828107453,-4.166588357236577,156.4804033697725,135.15467760353482,4.651360019078392,2769191000,45.44292449884234,20.937861580757527
2022-10-10 00:00:00-04:00,138.23785400390625,139.68501122355408,136.41661224606074,138.23785400390625,74899000,150.32882542898813,151.61281245909666,36.08578662178847,-4.317065576902792,155.6258022859125,134.1637444263271,4.552577087536603,2844090000,38.51051936087294,22.142594782877033
2022-10-11 00:00:00-04:00,137.72595289448736,139.15343196264072,136.0720672460081,136.82025146484375,77033700,149.79907743039422,151.46562279746232,34.63307995358616,-4.498848608795527,153.84789697997564,133.58945246663893,4.447490489614891,2767056300,39.50275330422768,23.3117956551727
2022-10-12 00:00:00-04:00,136.96791731761857,138.1787988471096,136.0129899667056,136.190185546875,70433700,149.26539539574642,151.31362839695896,33.978352931984716,-4.640263950785425,152.61818873844217,132.8003659490578,4.284513231814113,2696622600,40.20937717691386,24.406685507497606
2022-10-13 00:00:00-04:00,132.89224973345455,141.35859601492572,132.28187436958524,140.76792907714844,113224000,148.93216142246808,151.20869606541856,42.485716899100915,-4.333002823709705,151.12025608205627,133.01849717315204,4.626813832780283,2809846600,48.09118575387252,25.97009819400376
2022-10-14 00:00:00-04:00,142.0673926816115,142.27413585110418,136.04250345541635,136.22955322265625,88598000,148.43401992443623,151.05964986797815,37.3475889488059,-4.404927902584689,150.1575751362713,132.39948052779118,4.741443730130821,2721248600,47.63382867011625,27.088370150710116
2022-10-17 00:00:00-04:00,138.87777246163483,140.67932095242676,138.09020149670755,140.1969451904297,85250900,148.11099738584775,150.9515632542712,43.75172441421093,-4.094593742991009,148.74972949283284,132.70998323503176,4.7206097301050844,2806499500,47.427867191640956,28.1267655390803
2022-10-18 00:00:00-04:00,143.22909439068937,144.42028260835326,138.42492466357902,141.51612854003906,99136600,147.852375078169,150.85767833174154,45.737840062550745,-3.6995584078078423,146.78628903001933,133.6220219237567,4.8116631740100235,2905636100,57.10524373181251,27.762115881193747
2022-10-19 00:00:00-04:00,139.488128680181,142.69746261645687,139.30107889163025,141.62440490722656,61758300,147.60814095381832,150.76580496433343,45.90667107613944,-3.339260148298308,145.19750499169882,134.4258633351241,4.710571784782638,2967394400,60.213359529743144,27.423512627441948
2022-10-20 00:00:00-04:00,140.79743683046152,143.62283148956203,140.43317651035323,141.16168212890625,64522000,147.35533864695904,150.67024155303565,45.25859188881025,-3.0558332988244103,145.29577758556695,134.4470365420372,4.601934870098792,2902872400,68.75139048406155,26.78997232012165
2022-10-21 00:00:00-04:00,140.6497673856839,145.5523880250328,140.43318502707822,144.9813995361328,86548600,147.2622429955541,150.61363615983265,51.36263197738123,-2.494244113060944,146.0416420745836,134.8917116038018,4.638882593517062,2989421000,68.08079179684704,25.563167664510626
2022-10-24 00:00:00-04:00,144.90264390563777,147.89539516122247,143.73113431154985,147.1275177001953,75981900,147.25695965063807,150.5789484139656,54.43676757149203,-1.8546278420326132,147.4109181197555,134.44126286982785,4.604981040385316,3065402900,67.78544649165042,23.753188048523636
2022-10-25 00:00:00-04:00,147.7575758033074,150.12028846465364,147.03892431633474,149.9726104736328,74732300,147.36345576134374,150.57291520062896,58.20792270439855,-1.1054096552600754,149.14317726348264,133.5280711089132,4.496151262380572,3140135200,67.73418211403904,22.671633870962804
2022-10-26 00:00:00-04:00,148.61407962000084,149.62807215966112,145.73944336708044,147.0290985107422,88194300,147.35034371230057,150.53765334301815,53.2933377360398,-0.7406281594693098,149.7376095308364,133.3208621488511,4.477366679821414,3051940900,60.33026399253847,21.277711416581838
2022-10-27 00:00:00-04:00,145.76896174416086,146.7337280888014,141.89018794295697,142.54977416992188,109180200,147.1620860831877,150.45817195821124,46.815555861504066,-0.8037155029525991,149.66898955226705,133.30678762872256,4.5246198146759715,2942760700,58.95521885208257,20.54986300253
2022-10-28 00:00:00-04:00,145.89695747516933,155.05243775655637,145.52287291944214,153.31979370117188,164762400,147.4035648133047,150.4866458063999,59.54733734382963,0.015163099408965763,152.34528188807752,132.68473520176622,5.094480084101581,3107523100,68.01743361324039,20.21989212941288
2022-10-31 00:00:00-04:00,150.77991193703295,151.843130643514,149.55917600996162,150.9571075439453,97943200,147.5429194301926,150.49132701771876,56.35984902444514,0.4680854665014067,153.7497223834443,132.97619517840468,4.9992041988950575,3009579900,66.4725680103719,19.913490604375557
2022-11-01 00:00:00-04:00,152.6700490040681,153.03429437423398,146.8125153766711,148.3088836669922,80379300,147.57295724340042,150.46961116348268,52.9392853971002,0.6063505392356774,154.1611372252961,134.09659796350599,5.086530970228474,2929200600,65.62812702197512,18.923466292372627
2022-11-02 00:00:00-04:00,146.63526416809174,149.80522549265257,142.74665149380002,142.77618408203125,93604600,147.3848484919742,150.3930596502344,46.57889066451144,0.26641294512194236,153.7088971404543,135.4269711863686,5.227391186558765,2835596000,57.891483279606376,18.04526283230772
2022-11-03 00:00:00-04:00,139.85237716768756,140.58088293366475,136.59381715822644,136.7218017578125,97918500,146.9666897965169,150.25702723339438,40.80187492079901,-0.48592664245609285,154.0875724501379,134.5088122341069,5.295603739219196,2737677500,50.91414358819203,18.317528970356026
2022-11-04 00:00:00-04:00,140.11393200286335,140.68586767189302,132.51116441667403,136.45553588867188,140814800,146.5544876824838,150.1196989613076,40.56359841317255,-1.0910694468722397,154.05349439151365,134.57302131486654,5.501253704647752,2596862700,42.826016006319136,19.15295715242809
2022-11-07 00:00:00-05:00,135.2032111952328,137.21483428526327,133.78323487446542,136.988037109375,83374600,146.17933275804816,149.9890356592983,41.301868333958474,-1.5102716099698625,154.32086524365076,133.87779605192213,5.353421255087044,2680237300,36.072210185142794,19.92871189292358
2022-11-08 00:00:00-05:00,138.45728452340782,139.4630882795032,135.57789554298725,137.5599365234375,89908500,145.84131721943598,149.86536303108082,42.133202899846786,-1.7758736749790387,154.50449820546217,133.16667082123055,5.2485477894748245,2770145800,41.76095724684245,20.06866424292851
2022-11-09 00:00:00-05:00,136.57387654941147,136.6231842073022,132.71824941976038,132.99435424804688,74917800,145.33751474996976,149.69749229692127,37.55983216378632,-2.3279345777954177,155.19925078838742,131.32124481708132,5.219486311917846,2695228000,36.8818234703424,20.638595658083208
2022-11-10 00:00:00-05:00,139.27576104009148,144.82745361328125,137.55995404597397,144.82745361328125,118854000,145.31751235245258,149.64903420056666,52.07856642926563,-1.7899808106636783,155.41183507835942,131.59743005835932,5.691887244297598,2814082000,38.30200652320164,19.3759745208424
2022-11-11 00:00:00-05:00,143.79207283535823,147.9237894166263,142.3622261036816,147.61810302734375,93979700,145.40773159460517,149.62882593018634,54.750757218350394,-1.1254925120949224,155.746418345495,131.61440725671855,5.682578392058105,2908061700,39.096836734147615,18.322818300815403
2022-11-14 00:00:00-05:00,146.89827154979093,148.19005093835904,145.37967994364752,146.21786499023438,73374100,145.43950153168868,149.59488602033608,53.14929590772259,-0.7037557966655186,155.62485491645236,131.61468365776636,5.4774207208190635,2834687600,38.98157414772689,17.391098023222145
2022-11-15 00:00:00-05:00,150.10307492440734,151.45401749484597,146.49397099909157,147.95338439941406,89868300,145.53808517356026,149.57855267087416,54.909736530317986,-0.22686929129008604,155.24505913764204,131.72524929334753,5.460187276804244,2924555900,45.518987218757985,17.08203515078322
2022-11-16 00:00:00-05:00,147.05604720027458,147.7857463571914,145.24162472759372,146.72076416015625,64218300,145.5844647416621,149.55011696429986,53.375708088603986,0.051016462112187355,155.20070705229696,131.72849013194784,5.263871019305394,2860337600,46.977519513559436,16.529774739537768
2022-11-17 00:00:00-05:00,144.39358466739876,149.3733571163338,144.11747984279026,148.62393188476562,80389400,145.70365953158773,149.5409011923642,55.44541526279176,0.4199714838393902,155.86768707649622,131.8713978030611,5.263300037465262,2940727000,43.18459313986411,16.29486085758881
2022-11-18 00:00:00-05:00,150.19182372040734,150.5763993918672,147.88436969164823,149.18600463867188,74829600,145.84022208480673,149.53736988337224,56.0657132742866,0.7490905213009,154.87995180605296,132.30796119850433,5.0796378705190985,3015556600,50.2811999306121,16.286430758472797
2022-11-21 00:00:00-05:00,148.07172328326632,148.27879437989566,145.66565404043791,145.9516143798828,58724100,145.84459041010382,149.50169072413354,51.61274580053896,0.7403966351772908,153.93513168458946,132.58538223142614,4.968260208213017,2956832500,51.25232132048788,15.756004327817156
2022-11-22 00:00:00-05:00,146.06995217218372,148.32809838668408,144.8866286056601,148.0914306640625,51804100,145.932701792612,149.48765828572488,54.2042171392722,0.8958452127622536,153.89372727679483,132.59779290549682,4.859203749128087,3008636600,57.536090354071,15.082609527586117
2022-11-23 00:00:00-05:00,147.3715896104273,149.71849566611712,147.26311878314957,148.9690704345703,58301400,146.0517750726888,149.48249820760392,55.262523497739544,1.077437496406219,154.67558802861305,132.64165033401719,4.687501830116621,3066938000,64.47468227326382,14.743632102243552
2022-11-25 00:00:00-05:00,146.24744752036312,146.80952774156987,145.0739944661959,146.05023193359375,35195900,146.05171455743016,149.44834630437995,51.03817706786963,0.9745903453780898,154.6978088388156,133.8632202139188,4.6308999828493205,3031742100,70.49231264998853,13.895708032827462
2022-11-28 00:00:00-05:00,143.12152865000314,144.6006680593858,141.38601049309779,142.21432495117188,69246000,145.90122869051808,149.37636599240776,46.05560084671806,0.5769073726656586,154.2946365164671,135.03423107793395,4.633280086966939,2962496100,71.1782203580209,13.50123647429771
2022-11-29 00:00:00-05:00,142.28339334082676,142.7961660615985,138.3981984406478,139.206787109375,83763800,145.63870156968895,149.27517615277557,42.548332037403235,0.018840402418135227,154.02551014929168,135.59919077844268,4.616472053680065,2878732300,63.1729333920218,13.704805058439987
2022-11-30 00:00:00-05:00,139.43354266054223,146.65175056417294,138.59537264763534,145.97134399414062,111380900,145.65174637064786,149.24230220094836,51.495430051043584,0.12101651166508987,153.73712340741045,137.00909851641765,4.862179615312746,2990113200,71.07936638907105,12.996748207299603
2022-12-01 00:00:00-05:00,146.14886675776248,147.05607061526013,144.57111175984417,146.24746704101562,71250400,145.67510796556425,149.21250284612316,51.82522744019051,0.2217168230860409,151.37287059817214,141.14043303138516,4.692378132462975,3061363600,69.80695210963862,12.249980676964308
2022-12-02 00:00:00-05:00,143.9301165589326,145.9417393182281,143.62441514150157,145.75437927246094,65447400,145.6782166442661,149.17809365633548,51.15631379755701,0.2587517542224873,151.38628652190894,141.25060719553895,4.544569115823767,2995916200,62.332224124632056,11.761724483014714
2022-12-05 00:00:00-05:00,145.71495034472244,148.82113692482218,143.74276456774905,144.59080505371094,68826400,145.6355730524796,149.1324489936228,49.53164031836723,0.19199825257186376,151.20244824839565,141.03080573923458,4.58269791877015,2927089800,62.14120691262019,11.197761143983053
2022-12-06 00:00:00-05:00,145.02471235222268,145.2515095410952,139.94632410744387,140.9225616455078,64727200,145.45074907573562,149.05075857224853,44.710747076222134,-0.15511291949050587,151.4696184174821,140.05759512418453,4.634304169833092,2862362600,54.40475658384969,10.946142414694606
2022-12-07 00:00:00-05:00,140.21255080814953,141.37613319907325,138.05300496587287,138.9799346923828,69721100,145.19699164893746,148.9505513694638,42.359431739276545,-0.5802658406491616,151.65535938060702,138.67539420012213,4.540648745787898,2792641500,54.28360956186908,11.08388675293452
2022-12-08 00:00:00-05:00,140.380207847569,141.52407940202735,139.1377360156072,140.66616821289062,62128300,145.01931229850425,148.86811969626407,45.060269319114845,-0.772235787605922,151.56035064592612,137.9631234751676,4.398041314634801,2854769800,53.237360694847936,11.17376284021618
2022-12-09 00:00:00-05:00,140.36045763658447,143.54554848860332,138.94048147476286,140.18296813964844,76097000,144.829651743255,148.7817002777903,44.417991262139275,-0.9523850591542669,151.02303984420186,137.3749724442096,4.412828864578062,2778672800,53.084487950781906,10.73641917849427
2022-12-12 00:00:00-05:00,140.71546075742316,142.4904310742392,139.09826892356506,142.48057556152344,70462700,144.73753110867727,148.7190025194195,48.19894549026438,-0.8993893372929449,150.07048402602092,137.43347105210407,4.339924099299211,2849135500,59.81681507281917,10.330314349752497
2022-12-13 00:00:00-05:00,147.4209143273598,147.8843792751259,142.2340701831816,143.44696044921875,93886200,144.68692049458087,148.66654438936774,49.747352457516975,-0.770528489097785,149.79358884750147,137.37641237320165,4.43352302734529,2943021700,61.485264014364745,10.486669504675797
2022-12-14 00:00:00-05:00,143.3286376736575,144.6204172233284,139.1969051895986,141.21839904785156,82291200,144.55090004568953,148.5924334904472,46.309584507494435,-0.8385651615428458,148.93927435311204,137.3143226520963,4.504236527801326,2860730500,54.30129266409706,9.89179138051404
2022-12-15 00:00:00-05:00,139.147557792699,139.82796424282577,134.1382044845264,134.60166931152344,98931900,144.16073413454575,148.4532219065773,37.92888709311261,-1.4101442410112668,148.5245989489658,135.8133445731696,4.688233530338743,2761798600,51.37318870369817,10.06545344157773
2022-12-16 00:00:00-05:00,134.78904899571134,135.7356898104224,131.8702072160859,132.6393585205078,160156900,143.70891548301483,148.29587003208908,35.85643065362619,-1.9984302012340436,148.85095884917413,133.69886821788313,4.629465606338583,2601641700,47.82070709795078,10.627884412119359
2022-12-19 00:00:00-05:00,133.23101376151752,133.31975851229708,129.49372825060226,130.52911376953125,79592600,143.19206051385862,148.11908638768554,33.72247924004786,-2.6049024840935147,149.74394082684924,131.247858082656,4.5720773674354565,2522049100,48.198715006485116,11.545277771606434
2022-12-20 00:00:00-05:00,129.5627349310346,131.3968681768677,128.08359570202674,130.4600830078125,77432800,142.6927672783274,147.9433749112689,33.65192519680389,-3.0558800600995255,150.42853896435207,129.3970327316115,4.482162732250136,2444616300,39.922415735765945,12.622894336711118
2022-12-21 00:00:00-05:00,131.13063344213398,134.9073711645486,130.90383628158227,133.5662841796875,85928000,142.33486598034153,147.80031928209894,39.75942059276867,-3.126597098130162,149.5164023110391,128.65516140966406,4.4796716911419905,2530544300,40.313134671232774,12.721886484816752
2022-12-22 00:00:00-05:00,132.48159480562174,132.68866590052642,128.48791532003168,130.3910675048828,77852100,141.866481726402,147.627092896256,36.10108495715548,-3.3996650866214395,148.55533462773363,127.50204248815177,4.522435774607264,2452692200,40.14623303321306,13.236371714701521
2022-12-23 00:00:00-05:00,129.09928483618836,130.57842423400893,127.83708708710822,130.02621459960938,63814900,141.4021575253513,147.45195977887641,35.69466415718155,-3.603969695841556,147.35190276506222,126.6083857277763,4.395214444056797,2388877300,34.275576026637154,13.826031877653943
2022-12-27 00:00:00-05:00,129.55289592303325,129.58247750765514,126.92988507827397,128.22166442871094,69007800,140.88527544313013,147.2606135564867,33.67535115835851,-3.866919250078979,146.27251836823223,125.50521804127298,4.302436949576697,2319869500,34.35000172009531,14.53359884929515
2022-12-28 00:00:00-05:00,127.8666776669259,129.2077647504938,124.11952877613886,124.28716278076172,85438400,140.23436906421372,147.03202200647948,29.726670086199178,-4.342729781581966,146.27056963930022,123.28911358823882,4.358565451346571,2234431100,34.128041865214314,15.664172758466432
2022-12-29 00:00:00-05:00,126.2100370570361,128.6654064445158,125.95365830174214,127.80751037597656,75703700,139.74704127251815,146.84073333353916,36.860482464036544,-4.38520056326567,145.78563541376212,122.2843912382561,4.359971037947108,2310134800,34.507950343407515,16.71399138841119
2022-12-30 00:00:00-05:00,126.62421153870504,128.14278820773606,125.6578370442106,128.12306213378906,77034200,139.29119895335228,146.65448784896452,37.4732094763372,-4.343329376630919,144.7259280768821,121.67168443125593,4.226041046916991,2387169000,27.98206106204205,17.741053277817937
2023-01-03 00:00:00-05:00,128.4681939201586,129.07956676089162,122.44316513126005,123.33065032958984,112117500,138.66529508575374,146.42240986369714,32.34015295765127,-4.643328341549733,143.94065306793232,120.20998373219787,4.398209659968033,2275051500,21.197288809951047,19.23338967838313
2023-01-04 00:00:00-05:00,125.12535029654666,126.87073926087292,123.34052422952556,124.60272216796875,89113600,138.11382163799746,146.20529854334163,34.889609693657704,-4.723979026768745,141.88904312718537,119.87787988713754,4.336915322204822,2364165100,13.093595723453774,20.619130621765095
2023-01-05 00:00:00-05:00,125.3619828345772,125.9930816643783,123.02494756660151,123.28132629394531,80962700,137.532155153917,145.97719931697947,33.478413190761785,-4.838742863808079,138.87791334481585,120.20025844880394,4.239145234745677,2283202400,13.225917736054882,21.959831277320937
2023-01-06 00:00:00-05:00,124.25757880895641,128.4780480462767,123.15315196037015,127.81736755371094,87754700,137.15118309116383,145.79650447356389,42.131348829809255,-4.511665736905343,135.6053162891776,121.68605130522344,4.316698866971454,2370957100,20.491804972539214,22.263938985928824
2023-01-09 00:00:00-05:00,128.6555533163335,131.55466910779157,128.08361757784448,128.33999633789062,70790800,136.80564635574135,145.622807875199,43.05051011492307,-4.162302549432667,134.41731737171622,122.03916049286713,4.27531334462211,2441747900,28.538726745306718,21.537528408297902
2023-01-10 00:00:00-05:00,128.44846138243565,129.43455432577363,126.33822308555574,128.91192626953125,63896200,136.49608870530176,145.45653044628688,44.09695890874734,-3.7955272649920744,133.72374430798274,122.23574258980372,4.191100337164666,2505644100,28.98741782808773,21.264783781349514
2023-01-11 00:00:00-05:00,129.42467643515656,131.65324068500396,128.64566976510943,131.63352966308594,69458900,136.30540011541095,145.31898814993662,48.90808784202095,-3.247805876671066,133.95241846647684,122.15432388378355,4.106562521645371,2575103000,35.596868202937785,20.334290516627085
2023-01-12 00:00:00-05:00,132.0181218476768,132.3928269168101,129.61205277186403,131.55465698242188,71379600,136.11909646313686,145.18202963085687,48.77707503166873,-2.787959237821042,134.168024960647,122.084660586228,4.011863351881135,2503723400,34.63923888545405,19.253007125152127
2023-01-13 00:00:00-05:00,130.19384999657817,133.04365799858422,129.82900042275443,132.88587951660156,57809700,135.9923036417041,145.05967987847623,51.15533307396287,-2.2897145267325243,133.96682033169304,122.19514459343719,3.9549200821631816,2561533100,40.845604693762226,18.054046121155203
2023-01-17 00:00:00-05:00,132.95492042575748,135.38070076927318,132.26465833803292,134.0494842529297,63646600,135.9161146460659,144.9501256931474,53.20071006772572,-1.7804350786599912,134.84266449227945,121.80708933259031,3.895000249954401,2625179700,46.97600965335274,17.255473198072757
2023-01-18 00:00:00-05:00,134.91724588612811,136.68234566241608,133.15213106325567,133.3296356201172,69672800,135.8146840960287,144.8344989262516,51.7567874695519,-1.4185609281875315,135.48736944824356,121.60284051269394,3.868944132040545,2555506900,53.59579559135547,16.858819358155703
2023-01-19 00:00:00-05:00,132.21534095915428,134.35516079708475,131.90965456039046,133.3887939453125,58280400,135.7195511489418,144.72061131450099,51.87239340141543,-1.1141561754862437,136.23456760225474,121.5445929608963,3.7672699966586696,2613787300,54.78462573402354,16.086772111470747
2023-01-20 00:00:00-05:00,133.3986145505782,136.1005138701175,132.3533587328716,135.9525909423828,80223600,135.7286899643709,144.63336733069883,56.71354183124156,-0.6584460683273505,137.36038705024785,121.97416393445266,3.765833220986329,2694010900,55.17167308889328,15.847034258815091
2023-01-23 00:00:00-05:00,136.19918940943845,141.32688614093584,135.98224769941717,139.14761352539062,81760300,135.86276539813636,144.57878271572065,61.862102784886275,-0.03903097981961423,139.36434505568306,121.48221968227264,3.8807233622410933,2775771200,62.80616566745089,16.787148502839333
2023-01-24 00:00:00-05:00,138.35869358432294,141.16906439218428,138.34883807200805,140.54782104492188,66435100,136.0464930705593,144.53867364436942,63.88919777465186,0.5584080053820628,141.406511549668,121.09668770977211,3.8049735735221746,2842206300,72.0363398221202,17.66011172943327
2023-01-25 00:00:00-05:00,138.93063463423644,140.44921115138996,136.87955949987148,139.88714599609375,65799300,136.19710691077634,144.49238978717264,62.20903633464951,0.9674199357004056,142.42532271527014,122.28540929970384,3.7952084286313337,2776407000,73.12813700557236,17.94243662929411
2023-01-26 00:00:00-05:00,141.178940100887,142.2439224000094,139.92659771489312,141.9579620361328,54105100,136.42302279804522,144.46717160059515,65.29019491748195,1.44203945198484,143.7403329735579,123.28443102383793,3.6924632840087854,2830512100,80.44971619530293,18.59723489383169
2023-01-27 00:00:00-05:00,141.16909142560513,145.182482507532,141.09020217222798,143.9005584716797,70555800,136.71625949112894,144.46153365901392,67.93156695028293,1.9524238091517816,144.78228084097103,124.99171411345608,3.7210216448155884,2901067900,80.29901671117031,19.778204488969294
2023-01-30 00:00:00-05:00,142.9440557695909,143.52584706043817,140.863398823187,141.0113067626953,64015300,136.88469271746487,144.42720304313016,60.55105346045628,2.0995661314672702,145.33194108773696,126.20124576122139,3.672174359363953,2837052600,73.16012153240297,20.787332725175624
2023-01-31 00:00:00-05:00,140.71547141700836,142.3326633733732,140.30131415280843,142.28335571289062,65874500,137.0964049917953,144.40587122889892,62.48363923249392,2.292395888493928,145.89705255246585,127.49524887982582,3.5549725637354403,2902927100,72.51274811551173,21.49846685705149
2023-02-01 00:00:00-05:00,141.96779872652098,144.57108343034756,139.35465851027638,143.40748596191406,77663600,137.34389836317254,144.39593704713786,64.15485014175536,2.507023371687694,146.42459139041168,128.9004513341977,3.673647732045136,2980590700,72.9315741013589,22.61381971236992
2023-02-02 00:00:00-05:00,146.82925275349945,149.07754375931228,146.10940902226113,148.72256469726562,118339000,137.79012057235266,144.43898806853218,70.78214930245944,3.0706036251959006,148.52336536296167,129.08021536620498,3.8162484509989274,3098929700,74.52212548074654,24.39634487656596
2023-02-03 00:00:00-05:00,145.97131216518497,155.19128562284567,145.77409661965578,152.35133361816406,154357300,138.3611485349335,144.51771787499618,74.2786543173456,3.7666369157917075,151.22326522679984,129.15320572046576,4.216315633298282,3253287000,77.11352372668426,26.78347977060745
2023-02-06 00:00:00-05:00,150.44818718355526,150.97081516891853,148.68307262827912,149.61985778808594,69858300,138.80266654486107,144.56848543632046,67.71020641444267,4.051141998437004,152.54195072659752,130.06571732353268,4.177168873054472,3183428700,70.70320988871048,29.000105029360263
2023-02-07 00:00:00-05:00,148.54505515759215,153.07121860652774,148.54505515759215,152.49928283691406,83322600,139.33978875239256,144.64739884329154,70.65605445534938,4.457575705277151,154.35049503308937,130.7171461615721,4.202097057045981,3266751300,71.29997252460697,31.276084664244657
2023-02-08 00:00:00-05:00,151.73999993153234,152.4302620416696,149.06768120571854,149.8072509765625,64120100,139.7502774670659,144.6987406555629,64.71192209263961,4.5104591083258185,154.87168427643326,132.3929722990876,4.147061669485233,3202631200,70.46866507961764,33.38949432520874
2023-02-09 00:00:00-05:00,151.64135380753217,152.1837078719676,148.3280813053058,148.77182006835938,56007100,140.10406345143033,144.73926880892404,62.532843570609,4.417892253554868,154.71662748143444,134.59909924382595,4.1262448764264175,3146624100,64.7420691774637,35.022657568611564
2023-02-10 00:00:00-05:00,147.60647199630503,149.46314684794623,147.36944294161282,149.13723754882812,57450700,140.45830557289693,144.78302969190815,63.0062883856215,4.32417212642352,154.65991369933462,136.4137659067852,3.9810633785626317,3204074800,58.639249751003376,36.109870118813156
2023-02-13 00:00:00-05:00,149.07800220373113,152.3469510828992,149.0483754519819,151.94204711914062,62199000,140.908648378632,144.85426369615925,66.50492130902727,4.425211854349271,155.35500275860744,137.424601326679,3.9323142537308224,3266273800,58.66483700783639,37.51321869088626
2023-02-14 00:00:00-05:00,150.23350151506878,151.86304832604316,148.98913264360064,151.30010986328125,61707600,141.31615667214766,144.91840146896644,64.98999720933023,4.4027355996430515,155.8042151836473,138.40902741075374,3.8623571267171912,3204566200,58.60874018317475,38.789122459371264
2023-02-15 00:00:00-05:00,151.21123154980276,153.57159174620645,150.9840880773076,153.40370178222656,65573800,141.7901780490135,145.0028323178546,67.59496957128846,4.502760275676337,156.31889185171636,139.69655818083575,3.771296165444453,3270140000,59.22417818472475,40.19888136819735
2023-02-16 00:00:00-05:00,151.6062249781976,154.3912596999377,151.44822068703985,151.8037567138672,68167900,142.1828674084195,145.07050320736715,63.71202960215832,4.402182734059238,156.50214990593125,140.82607275031873,3.7121349402625534,3201972100,52.7588130959479,41.61217846751848
2023-02-17 00:00:00-05:00,150.46064065840176,151.10257366904202,148.97924287733272,150.6581573486328,59144100,142.51523171980043,145.12610175603646,61.00958532255247,4.181828497285693,156.57332421845,141.65591162139373,3.6487334328534042,3142828000,52.82230054754133,41.75383930839559
2023-02-21 00:00:00-05:00,148.33731221810694,149.4236767462983,146.56951728902385,146.63864135742188,58867200,142.6769340585307,145.14115190132387,52.58208478280755,3.6408849734800697,155.75026993172702,143.22927718741363,3.6801553347645153,3083960800,53.037596445145,40.88831610163594
2023-02-22 00:00:00-05:00,147.0237810788301,148.09038924690807,145.33499611487431,147.06329345703125,51011300,142.84894815258954,145.16027768794783,53.315778890876025,3.2094526368664162,154.95713082602873,144.65974132566396,3.6141008917123183,3134972100,47.10961339901784,39.61327312838932
2023-02-23 00:00:00-05:00,148.22867140254277,148.47557105445037,145.41402441253163,147.54722595214844,48394200,143.03319434080754,145.18402841694484,54.18575888459888,2.873465191701314,154.16387551935674,146.00496196436723,3.574632731012777,3183366300,43.30054751233561,38.52174769321802
2023-02-24 00:00:00-05:00,145.2856278870893,145.3646375819345,143.91286646196608,144.89059448242188,55469600,143.10603356204732,145.18110867630284,48.80844563435757,2.3655561052638348,154.63310808140088,145.02480004034393,3.5788989280963186,3127896700,30.350935762966074,36.922716713445666
2023-02-27 00:00:00-05:00,145.87816880166045,147.32005405148948,145.62138356873174,146.08555603027344,44998500,143.22287758040912,145.19010815246176,51.156428328447404,2.035988299419074,154.35310857054037,144.46936253948564,3.496796116737125,3172895200,36.55586376010498,35.94499374756357
2023-02-28 00:00:00-05:00,145.22638831235219,147.23121241896578,145.0091153980784,145.58192443847656,50547000,143.31538922190197,145.19400682197437,50.11316927548314,1.7144020191475704,154.43646511809632,143.84761487864844,3.405746181319287,3122348200,27.629485773676734,34.792819156969784
2023-03-01 00:00:00-05:00,145.0091039171703,145.40413732845008,143.2116672358624,143.50794982910156,55479000,143.32294061826275,145.1772301354781,45.956775811617106,1.2774643433249082,154.20414416442432,142.8810914312788,3.3317826828403496,3066869200,28.016262218303737,33.03261555203531
2023-03-02 00:00:00-05:00,142.58948505088003,144.8905915062189,142.11542689154663,144.1005096435547,52238100,143.35343352121538,145.16651649874254,47.30163063431337,0.9678459860034252,154.1878955369206,142.1364412143815,3.292024249399772,3119107300,28.226639227066684,31.002278612926396
2023-03-03 00:00:00-05:00,146.20408774818284,149.236022634522,145.50290119247913,149.15701293945312,70732300,143.5810248709502,145.20622293098842,57.10992960416575,1.1176057013245781,154.22701678984492,142.14867901093635,3.4237020166545955,3189839600,36.54769859766326,30.32168314585838
2023-03-06 00:00:00-05:00,151.8827898611123,154.3616721188966,151.55689556759242,151.92230224609375,87558000,143.9081337876225,145.27304959084023,61.346903356961555,1.4427954434726473,154.68321630870582,142.06382145171085,3.5509132425680865,3277397600,38.58890345852132,30.718415367115693
2023-03-07 00:00:00-05:00,151.79390348554702,152.11981283549997,149.25578289163562,149.71995544433594,56182000,144.13604836239557,145.317297410278,56.55508353253072,1.505445833408828,154.2926770071491,142.1580818632936,3.501850149803534,3221215600,38.857797324059206,30.296312576136796
2023-03-08 00:00:00-05:00,150.91494388116536,151.5667625921133,149.94710144553787,150.9741973876953,47204800,144.40421106927005,145.37358497224236,58.54120063312728,1.6374283072346998,154.22893922773724,142.17836464596067,3.3836327925159497,3268420400,37.378610178106385,29.904359984513537
2023-03-09 00:00:00-05:00,151.65562670311525,152.62346903568368,148.3669218148619,148.7224578857422,53833600,144.57355408168073,145.40690709078464,53.78712863330316,1.542547284495356,153.255846680092,142.52729134074136,3.445983823109223,3214586800,38.12179248398362,28.9973461713733
2023-03-10 00:00:00-05:00,148.34717096498875,149.0681136196498,145.7794089470896,146.6583709716797,68572400,144.65531160677872,145.41935946770897,49.79517141342378,1.2859749084695693,152.51130048725193,142.58578610128976,3.4347495980700082,3146014400,37.7334608351965,27.34303922309514
2023-03-13 00:00:00-04:00,145.97692732623966,151.24082897559975,145.86829089184172,148.60394287109375,84457100,144.81015989165383,145.4510468647576,53.312493848189845,1.225503997194977,152.13095847192554,142.69223285294427,3.5731630613334384,3230471500,46.808807945300636,26.349294468158355
2023-03-14 00:00:00-04:00,149.4039106364519,151.49761478500946,148.23855155589501,150.69766235351562,73695900,145.04104234113862,145.50325199399896,56.81855702153301,1.331181002660827,152.65207550887013,142.71231861547884,3.5507273590320816,3304167400,54.27552385124843,25.48935465403661
2023-03-15 00:00:00-04:00,149.31503194180715,151.34948260848185,148.06077752387876,151.09271240234375,77167900,145.27836273569568,145.55886851547504,57.46757615860755,1.430320187446199,153.18634477885377,142.71530520487022,3.532011482287154,3381335300,55.8437583118009,24.629456552275506
2023-03-16 00:00:00-04:00,150.27301025301884,154.51968735037045,149.7594547490333,153.91725158691406,76161100,145.61714269064544,145.64203650623563,61.879236877109214,1.717012757913892,154.387042443307,142.36394429171906,3.6197415622192968,3457496400,63.03035543664314,24.610915298931182
2023-03-17 00:00:00-04:00,154.1443976469308,154.79621636647911,152.36671707978053,153.07778930664062,98944600,145.90971706774332,145.7160240962894,59.89093939108911,1.8550966952338683,155.05359463293243,142.78901807865608,3.5347242568249606,3358551800,65.26087208612842,24.65697045533042
2023-03-20 00:00:00-04:00,153.14690680049927,155.8628026785515,152.23830291826783,155.447998046875,73641400,146.28376730221905,145.8128596579868,63.46090694993823,2.131217893833906,156.27314601526595,142.81779229853615,3.541136792786297,3432193200,71.24739796664491,24.94742367720519
2023-03-21 00:00:00-04:00,155.36903302560913,157.42322503802845,154.59869218400178,157.30471801757812,73938300,146.7159614479194,145.92720650733597,66.01290490749341,2.471379196453171,157.72186620254777,142.93211125513452,3.4899507971606094,3506131500,77.25940736532698,25.563920308898595
2023-03-22 00:00:00-04:00,157.32445173541882,160.12922799549253,155.85292447362312,155.8726806640625,75701800,147.07504847600345,146.02616644919394,62.39336327140243,2.595486876043026,158.06272013884603,144.23988809683107,3.5461188489255235,3430429700,82.76850526296096,26.67180193571994
2023-03-23 00:00:00-04:00,156.86027933820688,159.54654859691777,155.72453196517867,156.9590301513672,67622100,147.46265560052754,146.1349511626484,64.00570930265548,2.7498043974891004,158.37767223493802,145.63940540178072,3.565825833412208,3498051800,82.78839711493474,27.642775189032076
2023-03-24 00:00:00-04:00,156.88990343786057,158.35154504613158,155.8924343453171,158.26266479492188,59196500,147.88618537285672,146.25562493013373,65.8953464294259,2.9433652830367976,159.49700349109781,145.73416105968346,3.4867747525123702,3557248300,82.32668197085044,28.54439320996477
2023-03-27 00:00:00-04:00,157.95651005912973,158.77621864094067,155.9121738846932,156.3170928955078,52390300,148.21680919727442,146.35573903924194,60.76796570328562,2.9062706084210674,160.0174411529821,145.7996954843877,3.4422940384934484,3504858000,82.44849282353145,29.473431983220767
2023-03-28 00:00:00-04:00,156.0109545619661,156.5245100617194,154.04562789125012,155.69491577148438,45992200,148.510068278616,146.44866617090605,59.182042305107345,2.794455573020315,160.3254789899938,146.28831902432913,3.3734789050631515,3458865800,77.69801923569142,29.40140628496935
2023-03-29 00:00:00-04:00,157.39358278783644,159.05275625859912,157.37384166607825,158.77622985839844,51305700,148.91266285037216,146.57132849615473,64.1693766730121,2.920808386143676,161.22326260206432,146.43080640835234,3.3723618752096938,3510171500,83.07117552200944,29.94168949194512
2023-03-30 00:00:00-04:00,159.5267880006936,160.45513302219786,159.27001781009866,160.34649658203125,49501700,149.3610484869078,146.70839484526792,66.4210552692748,3.111780632086891,162.1311051360686,147.0728357005199,3.2514005386803886,3559673200,89.63034288707132,30.741792311026813
2023-03-31 00:00:00-04:00,160.42549668949934,162.95374634284104,159.9020707098414,162.85498046875,68749800,149.89022229011732,146.86905738878517,69.69716111408907,3.4260478512725285,162.98657815314314,148.37691061638813,3.237134473988906,3628423000,89.53027223311591,31.959055687717143
2023-04-03 00:00:00-04:00,162.23280658606208,164.22774466628186,162.18342364813336,164.10923767089844,56976200,150.44783073642247,147.04060147119424,71.20966854466967,3.7332800322728588,164.10915767000375,149.32170373950146,3.151933512857449,3685399200,89.40405993020113,33.3069540708792
2023-04-04 00:00:00-04:00,164.53393008377392,164.77094409936112,163.06240276891677,163.57595825195312,46278300,150.9626592664433,147.20513238443564,69.6185874681123,3.8889036958498764,164.9640418805129,150.18392564878397,3.0488340712565134,3639120900,89.10306930182263,34.65019903686989
2023-04-05 00:00:00-04:00,162.6969833628771,163.0031364887197,159.7934413430479,161.7291259765625,51511700,151.38487364723227,147.34964973361105,64.2634036123406,3.8191874251642446,165.06569706112828,151.50045894473112,3.101239988231421,3587609200,82.80225596079897,34.32616257874423
2023-04-06 00:00:00-04:00,160.41565544340602,162.91429410929996,159.99099522034615,162.61801147460938,45390100,151.825388856149,147.50157373103391,65.63361046533839,3.7919511568055952,165.54043413129935,152.1858231929194,3.0885299097115917,3632999300,81.76544967168734,34.02527158191326
2023-04-10 00:00:00-04:00,159.41816361866267,160.02059936523438,158.09478511621296,160.02059936523438,47716900,152.14676966042686,147.6261411502797,58.56707988864945,3.520198115528217,165.25568441837953,153.3962809136517,3.1910082274747933,3585282400,75.19199420161179,32.921827656668526
2023-04-11 00:00:00-04:00,160.33662790848967,160.34649846878187,158.51943515436048,158.80584716796875,47644200,152.40790995484025,147.73738200617709,55.55455175882361,3.170266661577159,165.11964382566416,153.98003472251295,3.0935835908281217,3537638200,68.17476703211493,31.991105742312307
2023-04-12 00:00:00-04:00,159.22063801456596,160.05021717246308,157.79849370413785,158.11453247070312,50133100,152.6316990731094,147.84063723467983,53.85673679943569,2.8048278353484193,165.10076002463464,154.10689378395912,3.0334507249350575,3487505100,60.383144593461566,30.809659921769256
2023-04-13 00:00:00-04:00,159.62556544083142,163.74384976611952,159.4181631056541,163.50682067871094,68445600,153.0581744301918,147.99651965700852,63.282660204285236,2.9167055597641536,165.54692317149613,154.67861597238408,3.2188697656837246,3555950700,60.53637219447475,30.737398919789882
2023-04-14 00:00:00-04:00,162.5488419808256,164.25739832506682,161.78840194622364,163.16116333007812,49386500,153.4543700733246,148.14741163385497,62.40267336096247,2.9435464321674374,165.88086422751064,155.17162600686436,3.1653073809093994,3506564200,60.10946814928438,30.79454858121728
2023-04-17 00:00:00-04:00,163.04261451379236,163.3388970445679,161.99576263200032,163.18087768554688,41516200,153.83580174439214,148.2969983607375,62.43475814446428,2.9326035721541928,166.21647588783262,155.49177606529238,3.035152168884983,3548080400,60.868892523426844,30.847616123971296
2023-04-18 00:00:00-04:00,164.04014141829643,165.33389323571308,163.59570997116356,164.40554809570312,49923000,154.25030160130632,148.45728243770233,64.46355009174025,2.9883046282571115,166.4397246947585,156.34698795172588,2.97214241040507,3598003400,67.33271847363002,31.387986829673544
2023-04-19 00:00:00-04:00,163.74384033117565,166.0745734796078,163.4870550672227,165.5511474609375,47720200,154.6934720271742,148.62737064688878,66.29719642874872,3.0892771471797005,166.4877206494381,157.61315622230669,2.9446692676893576,3645723600,67.26242610072795,32.059575520322994
2023-04-20 00:00:00-04:00,164.03024493447634,165.78816920558748,163.50681889136789,164.5832977294922,52456400,155.0813083292259,148.7861360904968,63.3243522611726,3.055973846993197,166.67337055982654,158.2017820280641,2.897289342441517,3593267200,60.11044648190478,32.683193590211765
2023-04-21 00:00:00-04:00,163.00313749199609,164.38576938158798,162.45008473615934,162.9735107421875,58337300,155.39080646306752,148.92730399747882,58.616307330595276,2.866639549033664,166.70292181703155,158.52249932554656,2.842712460362326,3534929900,51.33734428906947,32.658492948957374
2023-04-24 00:00:00-04:00,162.95376899838274,163.54633418620037,161.85753394961128,163.27967834472656,41949600,155.70017398783847,149.0701136924763,59.23704909017652,2.710056081045309,166.7434127218493,158.53863480419236,2.7602901586642377,3576879500,44.24530463011301,32.304835099070246
2023-04-25 00:00:00-04:00,163.14141715156464,164.24752277490956,161.69951654722522,161.73902893066406,48714100,155.9369918287336,149.19617255056772,54.783931233885966,2.433592087840907,166.52922284252537,158.43679685148504,2.745127020737102,3528165400,37.447983482396516,32.19684486235635
2023-04-26 00:00:00-04:00,161.03781003602157,163.23027992570658,160.78103984940847,161.7291259765625,45498800,156.1641343443347,149.32087855480648,54.75543787447748,2.188466021751424,166.37787449568438,158.3419008949406,2.72399223899146,3482666600,37.764345348391494,31.56600194438418
2023-04-27 00:00:00-04:00,163.14141866066578,166.46962119212645,163.14141866066578,166.3214874267578,64902300,156.56246191619445,149.49003884208958,64.08433586457173,2.337818125295172,167.1211917742227,158.21089847642835,2.8680281658894953,3547568900,39.5769691284058,31.95146209636192
2023-04-28 00:00:00-04:00,166.40051480315444,167.7436496735743,165.79807897738758,167.57574462890625,55275900,156.99435535590865,149.6699961136002,66.13792138052034,2.5282447852196697,168.07974806406577,157.91337327382485,2.802138346625012,3602844800,46.86897990464114,32.62411917292239
2023-05-01 00:00:00-04:00,167.18067853080987,168.33616700655767,166.548616072207,167.48683166503906,52472900,157.40582501509024,149.84727805938567,65.85047887098965,2.6415347833680585,168.77282840929539,158.2157905685692,2.729667817176844,3550371900,53.78086728741204,33.39038401987944
2023-05-02 00:00:00-04:00,167.98064044655123,168.2374257243008,165.46226102978648,166.44985961914062,48425700,157.7604930387785,150.01247787590063,62.4419754554806,2.6174703761662954,168.83004914887434,159.17777148914652,2.7329175941295216,3501946200,53.72689609253102,33.46087943536389
2023-05-03 00:00:00-04:00,167.39796271242133,168.80035091617836,165.08698560494395,165.37338256835938,65136000,158.05903772621303,150.16532269871118,59.02632849165807,2.4829149604767906,168.17642926651192,160.7992380511964,2.802949573922728,3436810200,44.50293580121547,33.68456751188277
2023-05-04 00:00:00-04:00,162.84513031273676,164.96846124572582,162.27232132426357,163.7339630126953,81235400,158.28158381587903,150.30033404511897,54.16674446972484,2.218418815989253,168.17717519634314,160.82877776589643,2.8242432646493763,3355574800,36.13271668970075,32.39160972084124
2023-05-05 00:00:00-04:00,168.85960390825258,172.13843848392673,168.64233101133158,171.41749572753906,113453200,158.79671761633628,150.51045505688435,67.62127580221559,2.5988427505123184,170.00892501897496,160.09787226292607,3.222831279405237,3469028000,46.97013211370248,32.98028562726616
2023-05-08 00:00:00-04:00,170.34100335662225,171.69402369424722,169.9755966946327,171.34835815429688,55962800,159.28893881390337,150.7177973762616,67.42946394717646,2.8617640010564855,171.34275369049416,159.85304098724023,3.1153738308487564,3413065200,47.49269253777854,33.526913254660734
2023-05-09 00:00:00-04:00,170.90392591816433,171.38783954566773,169.47191108630196,169.63980102539062,45326900,159.69485497905973,150.9060760195365,62.69647727334301,2.8988485830680304,171.98785075085235,159.90584431750702,3.0296991614571147,3367738300,41.83715094558422,33.79737341462981
2023-05-10 00:00:00-04:00,170.87431142683658,171.87178057282452,169.76819076413835,171.40760803222656,53724500,160.15417862820354,151.11007136294634,65.40243575295594,3.0358897850974245,172.95499655932633,159.71955991853827,2.972719189026885,3421462800,48.30682885329305,34.15527241192855
2023-05-11 00:00:00-04:00,171.69399597502493,172.4248091810175,170.03482274851166,171.59523010253906,49514700,160.6028473134716,151.31390378821595,65.68692423501003,3.123628216397833,173.83837447467124,159.7711063195996,2.931095420703954,3470977500,54.8474526811741,34.612201472194826
2023-05-12 00:00:00-04:00,171.70400424552835,172.13915102119938,169.1129221963601,170.6656036376953,45533100,160.9974652085392,151.50645801557397,62.92597540289248,3.0826140133391107,174.28037020671388,160.35472297362463,2.9378906638564772,3425444400,54.4762062390382,34.54774197139981
2023-05-15 00:00:00-04:00,171.24911034897144,171.29856159606754,169.57775779377548,170.171142578125,37266700,161.35721726224844,151.6921762699277,61.44657606774758,2.97590668695031,174.5193984855688,161.0345565925562,2.850955888030448,3388177700,55.1018390069896,34.48788672066158
2023-05-16 00:00:00-04:00,170.0920236008516,171.2293268320526,169.90411791612752,170.171142578125,42110300,161.7028613922828,151.87604658145204,61.44657606774758,2.8583906142872877,174.33936439104377,162.3388725067427,2.7419739614514937,3430288000,60.43333439402727,34.432306844976075
2023-05-17 00:00:00-04:00,169.81512066054435,171.02164360752573,168.53934785672587,170.7843017578125,57951600,162.0589963085781,152.06418842400288,62.70749601155701,2.7826583481669616,173.8913743985064,163.99421927011338,2.72342551783352,3488239600,52.9150155228425,33.591999699136316
2023-05-18 00:00:00-04:00,171.0908902546592,173.30617657836305,170.6755268984154,173.11827087402344,65496700,162.49269335036027,152.27368178171452,67.11621944221865,2.877798315910951,174.54218024243607,164.24965121915244,2.7167986722702437,3553736300,53.617788259670945,33.52746118060179
2023-05-19 00:00:00-04:00,174.44347306887536,174.44347306887536,173.00947735219142,173.22705078125,55809500,162.9136485437285,152.48217301554075,67.31019273269895,2.928220353712362,175.15289416043143,164.39244478813626,2.625169889728365,3609545800,53.91861121957646,33.77984014928591
2023-05-22 00:00:00-04:00,172.06006024351018,172.78201528070161,171.5359102025042,172.2776336669922,43570900,163.2808636466016,152.67914277326665,63.774301034120214,2.8586177889868054,175.46036422560277,164.72374832322535,2.5584535103724675,3565974900,54.14137232977151,33.20059913003498
2023-05-23 00:00:00-04:00,171.21947575824993,171.466716951182,169.38988489439063,169.6667938232422,50747300,163.53129228097967,152.84817412699775,55.18860692866848,2.563236899868656,175.32104622542644,165.29199088394856,2.5819746005316877,3515227600,55.01952347549782,31.627665559375174
2023-05-24 00:00:00-04:00,169.2019563309073,170.51728111058472,168.63825433413288,169.9436798095703,45143500,163.7827584585715,153.0182786611527,55.86718029106069,2.324690220410588,174.89135745235632,166.33105262251348,2.531764041668841,3560371100,57.39933011684506,29.836086789417504
2023-05-25 00:00:00-04:00,170.50736195131066,171.98090930239354,169.79530635049753,171.08096313476562,56058300,164.06896256352027,153.19800686487025,58.63772497579296,2.2020259337235757,173.29338863060374,168.9086214605421,2.507038249542211,3616429400,53.93841656871641,28.709039307902337
2023-05-26 00:00:00-04:00,171.4073332194312,173.8302932098977,171.19964403606525,173.49403381347656,54835000,164.43857320077348,153.3999573817718,63.82665911495212,2.2733227896497397,173.73549111299954,168.74339072293796,2.524344808512915,3671264400,53.903128517725214,28.267737757434908
2023-05-30 00:00:00-04:00,175.00716998790764,177.01476677794446,174.6214744245607,175.34341430664062,55964400,164.86621402845452,153.61830023674563,67.22068058994586,2.4508042655177746,174.73605982743405,168.27549616214927,2.595515391081128,3727228800,60.99681584600854,28.713267542195194
2023-05-31 00:00:00-04:00,175.37309480914308,177.37080753192686,174.80937774220615,175.29397583007812,99625300,165.27514586381233,153.8339786008584,67.03959627038896,2.5579835004405425,175.4554889554267,168.30995700811496,2.5930807052696694,3627603500,63.47997938233867,29.212448943679426
2023-06-01 00:00:00-04:00,175.73900583250884,178.13229834590607,174.97749886766357,178.10263061523438,68901800,165.77818448151515,154.07545772537955,71.7033068601991,2.8368572599459014,177.0433130127735,167.61480262850253,2.6332034747677286,3696505300,64.4887005175607,29.861446723851582
2023-06-02 00:00:00-04:00,179.03224397161875,179.77396735384346,177.28177256425622,178.953125,61996900,166.2948488155734,154.3229967032365,72.95138526459155,3.0908649454092085,178.5483717858179,167.09079650845297,2.6231314258262657,3758502200,70.97727403920564,30.841886040447953
2023-06-05 00:00:00-04:00,180.61461168229852,182.90900173212887,176.07525265044882,177.5982666015625,121946500,166.73812010129845,154.554591428593,67.81959920272809,3.14657041140498,179.34945387412108,167.2140694819987,2.923889829815822,3636555700,78.0455017541399,32.35619349581151
2023-06-06 00:00:00-04:00,177.9839838617166,178.1323225352186,175.47200499411858,177.2323760986328,64848400,167.1496595521743,154.78024102729987,66.45991916589496,3.1251680963656554,179.87722918283765,167.6277919760165,2.9050632377646934,3571707300,71.36355509985543,33.43521421204217
2023-06-07 00:00:00-04:00,176.4708191466497,179.21025490271796,175.3631837898567,175.857666015625,61944600,167.4911500017214,154.98996664907426,61.473231047923015,2.9631219671761926,180.0221781616022,168.241046122252,2.972349514557306,3509762700,70.87160625701631,34.64276289751024
2023-06-08 00:00:00-04:00,175.93681304769265,178.8443716628685,175.50168125821915,178.57736206054688,50214900,167.925903415793,155.22466710092974,66.78332800865209,3.0193507872958776,180.64296168044763,168.65933731043776,2.998802435278166,3559977600,70.43016036130706,35.764058105444875
2023-06-09 00:00:00-04:00,179.4970621604222,180.21900204187077,178.6366678484163,178.96302795410156,48900000,168.35873182906,155.46086969648368,67.46806734056352,3.0597615206384887,181.33570724970147,168.74589268519438,2.901862259995718,3608877600,70.25514090795293,37.0711374771408
2023-06-12 00:00:00-04:00,179.26963019609002,181.86071280602803,178.97293777661235,181.76181030273438,54274900,168.88434274959624,155.72257059803843,71.9819443926908,3.279817963226492,182.64537192467606,168.57419594641772,2.9015638737050575,3663152500,75.44839598279381,38.57336765444041
2023-06-13 00:00:00-04:00,180.78272761470595,182.11782073883157,180.4266997635254,181.28709411621094,54929100,169.37072515613016,155.97694396637846,70.20266936138631,3.3769809166057883,183.53781318448864,168.88301607983425,2.815103666676566,3608223400,81.08221337684307,40.012028259243266
2023-06-14 00:00:00-04:00,181.3464426387383,182.35519080481038,180.0113494184458,181.9200439453125,57462900,169.86285530472557,156.23508426467632,71.22400796041376,3.465113348878532,183.97686493359978,170.07773101366584,2.7814420752257094,3665686300,86.13988897922603,41.06685822655312
2023-06-15 00:00:00-04:00,181.92992539273135,184.46167222814515,181.75190392659053,183.95729064941406,65433200,170.41557825941922,156.51092711427572,74.27981227448956,3.65718991068573,184.61219018849835,171.3108872040798,2.7763225199634887,3731119500,86.3438333951163,42.43155988242656
2023-06-16 00:00:00-04:00,184.66935702206612,184.92649747799743,182.2365125370702,182.87933349609375,101256200,170.90435297458293,156.77329931707987,70.0414974257584,3.680008983509879,184.71308685776816,172.78310658298707,2.7701555500323267,3629863300,76.34805873762082,43.777185690840206
2023-06-20 00:00:00-04:00,182.37496829785866,184.0463209118931,182.37496829785866,182.9683380126953,49799100,171.37745042705794,157.03394646828005,70.19272809631015,3.6630498255538555,184.9809132865239,173.77852071412713,2.6916696260324784,3679662400,70.9670040673179,45.02669537008145
2023-06-21 00:00:00-04:00,182.85953033754498,183.36391189129432,180.575024752965,181.92991638183594,49515700,171.79127262136296,157.28166756194727,66.0062284614151,3.5251815252570395,185.10956107791594,174.5280731994278,2.698613734053682,3630146700,63.97141286150834,44.91823349073892
2023-06-22 00:00:00-04:00,181.7123518491607,184.98582209518955,181.64311708726814,184.93637084960938,51245300,172.30676666952948,157.55683873893892,71.33654563510058,3.616823167465043,185.7401956620244,175.1830912845902,2.7446202536156625,3681392000,63.35079924151985,45.20714610845712
2023-06-23 00:00:00-04:00,183.50236866585945,185.49018190726844,182.96831937745645,184.61988830566406,53117000,172.789634184672,157.82612281422973,70.09061635262967,3.622158346117118,186.39475962851142,175.39749501016044,2.7287089876296853,3628275000,63.05667209720814,45.58961164445681
2023-06-26 00:00:00-04:00,184.76824612936457,185.97478407089304,183.18589683511047,183.2254638671875,48088700,173.19888240751575,158.0788525759507,64.7265552076348,3.4738240340587083,186.69008854568207,175.67181127528144,2.73300743392632,3580186300,53.781723380477615,46.05561998910779
2023-06-27 00:00:00-04:00,183.838613722899,186.31102501891434,183.62104032161758,185.9846649169922,50730800,173.7002856431815,158.3565223504884,69.67244352378167,3.5381271606747475,187.38193552341164,176.0981507396092,2.7581898423406424,3630917100,61.034095391801145,46.56674071278365
2023-06-28 00:00:00-04:00,185.8561043245189,187.80436573389431,185.5297592960992,187.1615447998047,51216800,174.2281781591275,158.64313948928756,71.50754378104081,3.642068721630494,188.1026805457465,176.70129487743057,2.7236481705873907,3682133900,68.28478700082943,47.37153566182053
2023-06-29 00:00:00-04:00,186.9934209820816,187.9725013298976,186.85496654717443,187.49778747558594,46347300,174.74855499506705,158.93025041452435,72.0283143026102,3.7088221384344138,188.23693695578592,178.1190546620526,2.608925785739946,3728481200,68.23329161722016,48.15449785973878
2023-06-30 00:00:00-04:00,189.51529419368583,192.3338342950544,189.14936702429083,191.8294677734375,85213200,175.4183947118659,159.25760581113047,77.68645063249345,4.06440319087659,190.12661739026498,177.99632165595898,2.7680058595776975,3813694400,69.81593403615798,49.62112636758784
2023-07-03 00:00:00-04:00,191.64156130508144,191.74046380244184,189.64384856353968,190.3361358642578,31458200,176.00340416882244,159.56684491613672,72.25975010502015,4.177548157261356,190.9884524781838,178.650900956061,2.726406813171992,3782236200,64.95571950335138,50.982995696304826
2023-07-05 00:00:00-04:00,189.45596962493224,190.85039834497115,188.51644111338388,189.21861267089844,46920300,176.5216476394921,159.86188738135823,68.40863596497364,4.129439962710649,191.6201270574803,179.0134666925197,2.698374700201655,3735315900,58.61004024478947,51.412164687957514
2023-07-06 00:00:00-04:00,187.74505196417672,189.90100282202306,187.11211517011608,189.6933135986328,45094300,177.03818355945842,160.1587174929729,69.1605104289412,4.082557092694316,192.14244507277974,179.6119779415432,2.7048399110377495,3780410200,52.151322055959845,50.85645916988766
2023-07-07 00:00:00-04:00,189.29771490007704,190.54380484505052,188.14062814608695,188.5757598876953,46815000,177.49063753311478,160.4414741337164,65.22480356042598,3.9101510484449875,192.34020758556366,180.30164422107694,2.6832925387467363,3733595200,51.08285843502411,50.50253517952479
2023-07-10 00:00:00-04:00,187.17143117099337,187.89338618022617,184.97592859390042,186.5286102294922,59922200,177.8450678349335,160.70104762720672,58.6416142625567,3.5672095761029823,192.3775750908553,180.60711932646242,2.7487595926787476,3673673000,53.909691133464165,48.34073178811027
2023-07-11 00:00:00-04:00,187.07255444450544,187.21100889013437,184.54080738706045,186.0044708251953,46638100,178.1650444227869,160.9528229824106,57.053834357008085,3.2160595860210606,192.27246879040175,181.12891060412952,2.7431483005641164,3627034900,54.09144012159846,46.115333376407804
2023-07-12 00:00:00-04:00,187.5868087386057,189.5845215693785,186.39016995526782,187.6758270263672,60750200,178.538016289594,161.2187235201614,60.70728552167834,3.0376193809389918,192.22888166892824,181.8001629274259,2.802927046536907,3687785100,61.55375160075091,44.816511258320745
2023-07-13 00:00:00-04:00,188.39774969290625,189.0801376574393,187.6856939986458,188.4373016357422,41342300,178.9262235580704,161.489555143202,62.28164098217046,2.9239434696602586,191.92968116257774,182.96701480096394,2.703025874003708,3729127400,61.084918079704536,43.610462148668475
2023-07-14 00:00:00-04:00,188.13071726198152,189.07023054213465,187.53734760154848,188.5856475830078,41616200,179.30502450022482,161.7591680032996,62.59606305126425,2.81339371764642,191.99370726681158,183.3895589278499,2.619444235902456,3770743600,54.56682811700263,42.405405405639804
2023-07-17 00:00:00-04:00,189.7822957354681,192.17560328436687,189.69329254549467,191.8492431640625,50520200,179.7969546439047,162.05857173624253,68.76496137619115,2.955063004242305,192.60891120785607,183.7382689679252,2.6887664834350704,3821263800,61.51311303238402,42.194880776421506
2023-07-18 00:00:00-04:00,191.21632100425936,192.185502135392,190.296576033276,191.5921173095703,48288200,180.25951004255828,162.35243786135027,67.81598270747062,3.0118700637041798,192.60627514366882,184.85645882443015,2.6316350276265648,3772975600,61.46656384638798,42.0019692813137
2023-07-19 00:00:00-04:00,190.9690618542327,196.04243976648678,190.5240157315845,192.94699096679688,80507300,180.75705831409707,162.65686127533482,70.15332809690226,3.1301348030191036,193.30409647198678,185.0869476360861,2.837834242431972,3853482900,63.13022622395454,42.686988530545584
2023-07-20 00:00:00-04:00,192.9370802265051,194.30185606220206,190.37566579926568,190.99871826171875,59581200,181.1586920375332,162.93886980256252,63.06114230766756,3.0317035447778835,193.4988612191218,185.4038060172063,2.915573958182287,3793901700,55.75616943263064,43.23413386867397
2023-07-21 00:00:00-04:00,191.95803606721273,192.8184304455329,189.11969738642375,189.82186889648438,71951700,181.49842446337445,163.20636233086026,59.169898320111834,2.826155988020048,193.518481043607,185.69406371550755,2.9715138939627765,3721950000,45.052558307180576,42.993950370645166
2023-07-24 00:00:00-04:00,191.27564505606543,192.759091941705,190.1284425094743,190.6229248046875,45377800,181.85624800617106,163.47916394751527,60.936833850875615,2.696809444912361,193.29904337735164,185.7526289859296,2.969064547624052,3767327800,50.33277592560101,42.77092283676127
2023-07-25 00:00:00-04:00,191.19651381171818,192.29426504028103,190.7910347339605,191.48330688476562,37283200,182.23377972690025,163.75781213594564,62.79895770030995,2.633371157470549,193.4830863235866,185.72154217576238,2.8763699539075858,3804611000,56.076530159707694,42.56382584101194
2023-07-26 00:00:00-04:00,191.53276478098633,193.48102617402893,191.18663623876353,192.35360717773438,47471900,182.63063570536434,164.04234740999328,64.63538006594314,2.623084532190603,193.91801224124563,185.70461552568148,2.834799952576001,3852082900,62.3404483942213,42.69784635287437
2023-07-27 00:00:00-04:00,193.85684188907683,195.02381285425056,190.42513357699178,191.08773803710938,47460200,182.96228677719748,164.3114557744422,59.99615690534934,2.484151495101628,194.0589307119286,185.749620313462,2.9607913329104854,3804622700,55.92326191312364,43.203849598652845
2023-07-28 00:00:00-04:00,192.5217427199515,194.4601200346163,191.99759267326004,193.6689453125,48291400,183.3821557393662,164.603570098204,65.44283614955067,2.5528996789507516,194.72809788938886,185.7595445259757,2.990190666095945,3852914100,63.39490348365905,43.67370975544714
2023-07-31 00:00:00-04:00,193.89640887829788,194.3216715292241,193.10523413200033,194.2821044921875,38824100,183.8096047100651,164.89887889814415,66.60598102629751,2.6265823253152973,195.20008793166554,186.32135371872508,2.863494004033646,3891738200,69.3934405855761,44.110008472470426
2023-08-01 00:00:00-04:00,194.07440747187567,194.55899044039094,193.12499487022708,193.45135498046875,35175100,184.1877125638064,165.18298313776927,63.4880311949622,2.5881077159730523,195.08080638946228,187.43355314829813,2.761386973042947,3856563100,63.210559547905106,44.58019915783721
2023-08-02 00:00:00-04:00,192.887632465541,193.02608689409655,189.73284833699685,190.4547882080078,50389300,184.43348023612805,165.43444388473682,53.719554509109784,2.289427322634225,194.79419384105657,188.09069385425593,2.829752663787872,3806173800,56.57082666324003,42.66762750531006
2023-08-03 00:00:00-04:00,189.45595867004647,190.247118290272,188.58566497931545,189.06036376953125,61235200,184.6149266492027,165.66952766468503,49.87395130380687,1.9180919900528863,194.69836152996209,188.26960111652227,2.7611362755667637,3744938600,55.039338089594615,40.27207010448982
2023-08-04 00:00:00-04:00,183.47271804853088,185.312192820491,179.91243942847825,179.98167419433594,115956800,184.43323047450204,165.81193708289055,33.20652961290051,0.8810752022307895,197.3955129057761,184.4252532888854,3.217335423101495,3628981800,44.40946553320981,39.66504732948613
2023-08-07 00:00:00-04:00,180.12009916893692,181.10906361378406,175.39285032979961,176.8762969970703,97576100,184.13688014205374,165.922030216365,29.566757284100447,-0.18916547863366873,199.41785630228276,180.40651707011307,3.3958266988788486,3531405700,36.286675818973386,39.948292942621265
2023-08-08 00:00:00-04:00,177.70702446409274,178.28062565603474,175.6203088706347,177.81581115722656,67823000,183.88899508382522,166.04037629537854,31.995394836713302,-0.9505704041003753,200.18530205364044,177.8022304984429,3.343290276487506,3599228700,27.05346306667724,40.21130672624675
2023-08-09 00:00:00-04:00,178.87405112310282,178.93338659417532,175.0566465499237,176.2236328125,60378500,183.58839264181248,166.14170223087228,30.101129219101026,-1.6632913913917946,200.512089979921,175.24566148492275,3.3813938313277996,3538850200,27.18750296370426,40.16533536039724
2023-08-10 00:00:00-04:00,177.4993429142372,178.75533204520585,175.64009992954092,176.00601196289062,54686900,183.29104437989398,166.23985456651425,29.841076522770848,-2.2200962054334923,200.6850510854745,173.07367287285885,3.362382280209023,3484163300,34.37833185671715,40.122647663536995
2023-08-11 00:00:00-04:00,175.60000259117115,176.88738049769475,174.8374673630278,176.0654296875,52036700,183.00768694097658,166.33762148314096,30.018847092563064,-2.6262991762331183,200.66288510165927,171.2616469621428,3.268634484098875,3536200000,28.494082297854234,40.250378187703475
2023-08-14 00:00:00-04:00,176.2436858942371,177.94700304207137,175.59008429106805,177.71923828125,43675600,182.8002967974579,166.45087140153012,34.95876400888116,-2.782692280620523,200.1178446140327,170.08619591331106,3.2035119317349063,3579875600,28.775571037446724,39.839398702115396
2023-08-15 00:00:00-04:00,177.14489684716207,177.73906787465035,175.3326457472995,175.728759765625,43622600,182.52298161973897,166.5431886986853,32.02834339168561,-3.0322955086021466,199.33675400206712,168.76668024272456,3.1465769457074737,3536253000,22.940883791060642,39.520869929949484
2023-08-16 00:00:00-04:00,175.41186545531423,176.80817714322055,174.78797154296882,174.8572998046875,46964900,182.2223666465997,166.62591617237686,30.810619168921193,-3.2628156925530902,198.12847391490808,167.6421193468107,3.066121849603492,3489288100,23.07670979056472,39.362688450430326
2023-08-17 00:00:00-04:00,175.42176719468313,175.78817341312092,171.7972650350441,172.31222534179688,66062900,181.8337336542545,166.68249636311737,27.519844248159103,-3.609265472545218,197.05944134968314,166.2077502193273,3.13217803020873,3423225200,16.553117025915682,39.88688459312853
2023-08-18 00:00:00-04:00,170.62871045348956,173.40155375891743,170.29201204567954,172.79747009277344,61172200,181.47937037733368,166.7433418728652,29.075239143441294,-3.8008602719193334,194.81633225441132,165.6679959519689,3.1305611504250983,3484397400,11.328872406666534,40.65964017047826
2023-08-21 00:00:00-04:00,173.37184868637627,174.42156439236868,172.05474771785234,174.13436889648438,46311900,181.1913311035749,166.81688443031416,33.32079295388412,-3.801008312478558,191.64937589635642,166.14858756393002,3.0760079735744728,3530709300,16.429823924923497,40.81772102898998
2023-08-22 00:00:00-04:00,175.34249982744336,175.95648093682686,174.5403593172417,175.51084899902344,42038900,180.96856709947482,166.9033915404506,37.4710383198229,-3.6480032840819376,187.8734608476394,167.53243514845437,2.9864439783436167,3572748200,21.503648818841754,40.17173840632372
2023-08-23 00:00:00-04:00,176.78838784399545,179.78899610380492,176.6002283968818,179.3631591796875,52722800,180.90560992614982,167.02736932790572,47.3482076753072,-3.1792480675463537,184.62018507107766,169.3068270545734,3.0787084873748927,3625471000,28.074814436586394,37.94550004566001
2023-08-24 00:00:00-04:00,178.91750900229638,179.3433458832632,174.30270712253693,174.66912841796875,54945800,180.66104202386822,167.10340673178695,39.218861282207136,-3.1502115561806647,180.16632617534617,171.84185457009653,3.2202615995017267,3570525200,30.376648531768254,36.5305784168859
2023-08-25 00:00:00-04:00,175.6594223889941,177.41224254469248,174.1145567754665,176.8774871826172,51449600,180.5126673242113,167.20066126363602,44.08298328664356,-2.9153969343560675,179.42169148615693,172.17259765772326,3.2257918973391733,3621974800,39.234461328565644,35.2680229052106
2023-08-28 00:00:00-04:00,178.34314839003864,178.83829845949455,176.81809282485807,178.4421844482422,43820700,180.43147191731055,167.31251721572167,47.300965670508155,-2.573382312770036,179.7289199983993,172.07415413897047,3.1396785928604096,3665795500,46.710138373322756,33.528332475500896
2023-08-29 00:00:00-04:00,177.95692088146865,183.10647826164347,177.7588638881504,182.33404541015625,53003900,180.5060826425202,167.46198515795484,54.33963727052733,-1.9656340018844674,181.13658097331486,171.26892439777887,3.2973882914770294,3718799400,54.76158888196246,31.75798759973054
2023-08-30 00:00:00-04:00,183.14609871926743,186.027875570887,182.9480417259573,185.82980346679688,60813900,180.71485600817812,167.64474951923685,59.563910996065175,-1.188213639813256,183.7291450032912,169.9571831217088,3.3257055678522955,3779613300,55.32364028810392,30.86720829793475
2023-08-31 00:00:00-04:00,186.01794540757814,187.28552817850573,185.6614368088311,186.0476531982422,60794500,180.92398530974924,167.8278629886797,59.87204099513164,-0.5482043902140958,185.760632731097,169.26458089194986,3.2041616965538906,3840407800,63.162059061204495,30.333167417258068
2023-09-01 00:00:00-04:00,187.65197647170007,188.07779827305947,186.45370666949987,187.6222686767578,45766500,181.18666308884764,168.0248222492576,62.11896725634161,0.08508505308807912,187.89304574276372,168.67307974551755,3.120303366429847,3886174300,63.400508904933346,30.01972136952916
2023-09-05 00:00:00-04:00,186.45368485534252,188.13719185182467,185.79018566129048,187.8599090576172,45280000,181.44835900919156,168.22218629710198,62.46059999530722,0.5992394330305899,189.67808365738514,168.24013126774506,3.0650678538658718,3931454300,63.01760774871867,29.466037436252584
2023-09-06 00:00:00-04:00,186.57254135003106,187.01818850408822,179.70976859554776,181.13580322265625,81755800,181.43610191952354,168.35067999785377,48.995906943152306,0.4588420922133878,189.94301618810326,168.69613786463114,3.4282873258804116,3849698500,59.9521082473149,27.724106979857886
2023-09-07 00:00:00-04:00,173.48077306769622,176.48139642487362,171.85668142571674,175.8376922607422,112488800,181.21655644270857,168.42517763231038,41.41945491652689,-0.07902612438829237,189.90935890374593,168.86051414312905,3.846204073813204,3737209700,56.5756924012749,27.71536001694526
2023-09-08 00:00:00-04:00,176.62002446653017,178.4916910043361,176.06544373133067,176.45166015625,65551300,181.02969776480825,168.50504313006104,42.528546860471096,-0.4505547682449844,189.63154292784634,169.69025476095572,3.761046550226112,3802761000,64.06781315050037,27.14764592534291
2023-09-11 00:00:00-04:00,178.32332838951461,178.5510931586707,175.61979850768685,177.62020874023438,58953100,180.8959923128642,168.5957412953364,44.67547558246748,-0.6432863854416553,189.33917648129307,170.62565302717047,3.701778557423094,3861714100,64.64907746939431,26.70326962427513
2023-09-12 00:00:00-04:00,177.7489644157226,178.38275585399316,173.12426491742679,174.58990478515625,90370200,180.648694762758,168.65538471314557,40.45499679730832,-1.0286896900841498,189.29609359364468,170.72947403330846,3.812972298790471,3771343900,56.4983052437437,26.7432449883168
2023-09-13 00:00:00-04:00,174.79785006313273,175.58019553637163,172.2923922361182,172.52017211914062,84267900,180.32992916889063,168.69384030922512,37.826534018613074,-1.4840277660522077,189.59024790118173,170.0365628084537,3.7754602274663975,3687076000,48.912809031716044,26.925646296478163
2023-09-14 00:00:00-04:00,172.31219668990042,174.39183269426235,171.89627251118375,174.0353240966797,60895800,180.08308191115685,168.7469894016376,40.85600597022231,-1.7029953001146225,189.65286921078098,169.2635634877867,3.684038795724412,3747971800,48.6482846955278,27.16641324401038
2023-09-15 00:00:00-04:00,174.76815074757482,174.78796097983732,172.13396406629226,173.31240844726562,109259500,179.81756530472975,168.792416456818,39.85808892290053,-1.9128121914260419,189.75306475302222,168.98247194945174,3.6104643755687436,3638712300,40.66003138862174,27.250413488474546
2023-09-18 00:00:00-04:00,174.76813049970744,177.64000941385729,174.4611399337141,176.24368286132812,67257600,179.67741305204734,168.86655841109172,45.65445753263173,-1.8215663588082975,189.75605398586939,168.89497547376604,3.6616884177846662,3705969900,42.01042727500621,26.373506654763187
2023-09-19 00:00:00-04:00,175.7980702206982,177.88760394386657,175.4118538031827,177.33303833007812,51826900,179.58547678844073,168.95080199237518,47.67284132132212,-1.6424187162724024,189.72176089951293,168.78138241103395,3.576978540848894,3757796800,41.8696796303589,25.480031602112696
2023-09-20 00:00:00-04:00,177.52118590379774,177.95692035427507,173.69862701203755,173.7877655029297,58436200,179.35811556155795,168.99893098252994,42.182080292047175,-1.766157641052132,189.34734679320022,168.01629252971642,3.6256438838052247,3699360600,35.728666501015596,25.06289932396997
2023-09-21 00:00:00-04:00,172.85688574257026,174.58991092023126,172.17357625479622,172.24288940429688,63149100,179.0790870848026,169.03120917578136,40.0190766756454,-1.9662149188639262,188.1636425084732,167.3884082727768,3.5392646539216406,3636211500,29.36833920810274,25.02222454161576
2023-09-22 00:00:00-04:00,172.97571228348323,175.36233909077248,172.36173107244514,173.09454345703125,56725400,178.8443990993998,169.07164036265948,41.79111368682031,-2.0326097286822176,186.53115575003898,167.2938137323829,3.509277870532638,3692936900,29.87558895764917,24.70086136985653
2023-09-25 00:00:00-04:00,172.510285906062,175.25342159707597,172.46076787560256,174.37205505371094,46172700,178.6690130583924,169.12438080734657,44.44259115588379,-1.9595550536915312,183.80937515568937,168.24889917699292,3.458090431314122,3739109600,34.49896207380674,24.402452710365814
2023-09-26 00:00:00-04:00,173.1242507509963,173.50055447022797,169.99489916963813,170.2919921875,64588900,178.34050243600447,169.1359988310297,38.422884801173055,-2.2054624736821324,180.00556634074664,169.71031907592,3.5237379636540282,3674520700,35.271340398726295,24.72487518057786
2023-09-27 00:00:00-04:00,170.94558441007192,171.36150860467507,167.41022120055555,168.77682495117188,66921800,177.9654562601287,169.13242496157838,36.4484905344122,-2.4938595483826305,178.84380952363384,169.2242121235016,3.5542772094015627,3607598900,37.05835171475194,25.565071348320988
2023-09-28 00:00:00-04:00,167.6974361884009,170.36134620682475,165.99411859544844,169.0343475341797,56294400,177.61521670224835,169.1314490667784,37.04065662551294,-2.6708485085675306,178.8822976992221,168.27861131770496,3.612345095256902,3663893300,30.395191548314386,26.613498457612454
2023-09-29 00:00:00-04:00,170.3514112168,171.39122924497295,168.68769934956754,169.5492706298828,51861100,177.29890509156735,169.13560649526698,38.279059454264996,-2.7380015665073643,178.54225555130085,167.69833486211058,3.5474297238389383,3715754400,29.684754842356213,27.14366226955457
2023-10-02 00:00:00-04:00,169.55917827580257,172.6093042881744,169.2719827950215,172.06463623046875,52164500,177.0936396460341,169.16475106974661,44.06686988831468,-2.5587561187894607,177.62294523980054,167.87690217230883,3.53242199307565,3767918900,36.82943117429311,27.125024385854214
2023-10-03 00:00:00-04:00,170.589096012129,171.94581747397606,169.1630765091389,170.7277374267578,49594600,176.84399642174876,169.18030317280144,41.82211044039867,-2.4958092353317056,177.35750649257085,167.62738527175208,3.487360402236664,3718324300,38.36508692514025,27.134417129395505
2023-10-04 00:00:00-04:00,169.43043127173715,172.5201776911012,169.31160010164683,171.9755096435547,53020300,176.65307537162352,169.20811617251044,44.65579322755168,-2.3185122211934868,177.32795148019852,167.58431862071296,3.4674473441807856,3771344600,44.96682073638285,26.886663018575394
2023-10-05 00:00:00-04:00,172.10423261632292,173.74813426454526,171.00499899742474,173.21337890625,48527900,176.5181853141579,169.24796953304516,47.39331963877875,-2.0544351068679987,177.21906356413757,167.58361384471658,3.4157107672479095,3819872500,54.651038634216356,26.117759830671364
2023-10-06 00:00:00-04:00,172.11417670790303,176.2635369377298,171.50018031240361,175.7683868408203,57266700,176.4887814524584,169.3128493072519,52.604384465114705,-1.6203064201586983,177.6547756621241,167.47536553253735,3.511971185682073,3877139200,54.02324709634117,24.41997852047704
2023-10-09 00:00:00-04:00,175.09495269037185,177.3132302836497,174.09475506108697,177.25381469726562,42390800,176.51878275617634,169.39186388824706,55.372187447825645,-1.1432164073206081,177.93720865796456,167.3276167814886,3.4910071883164044,3919530000,53.43239458953935,22.877886570475944
2023-10-10 00:00:00-04:00,176.37242659771795,177.97670767634264,176.2238725392073,176.65960693359375,43698000,176.52430527293782,169.46417973944455,54.013343733834816,-0.8038010176427406,177.741684614769,167.43334997181952,3.366852041803472,3875832000,60.43386318238121,21.677069169850107
2023-10-11 00:00:00-04:00,176.4714829606774,178.10548726772782,175.87731193966172,178.05596923828125,47551100,176.5843705264807,169.54967018221905,56.702319793278406,-0.41732642857368774,178.68857564037373,167.055552777595,3.2855179908222314,3923383100,68.25692406425684,20.422717149592813
2023-10-12 00:00:00-04:00,178.32336180549302,180.57133234869775,177.3033387116547,178.9571533203125,56743100,176.6774208321212,169.643276979613,58.39322490555784,-0.03788776189233545,179.86177719683548,166.77758640993534,3.2842662512665757,3980126200,68.33318352557862,20.103760391437483
2023-10-13 00:00:00-04:00,179.6602366589199,180.1652842541005,176.41205364228972,177.11517333984375,51427100,176.69458759712992,169.717624207078,53.770924281472226,0.11288644019265348,180.39504664866658,166.78040094247925,3.3177637055911617,3928699100,61.48611706584805,19.427690525193754
2023-10-16 00:00:00-04:00,175.0355274416581,177.34292828713865,174.79784999846225,176.98641967773438,52517000,176.70603199244775,169.78995053016908,53.45241475650279,0.21945697373547546,180.77160752360868,166.75242201740696,3.2625718900972496,3876182100,62.3593424573691,18.150994011599444
2023-10-17 00:00:00-04:00,174.93649062028842,176.6893258679855,173.10444466932296,175.431640625,57549400,176.65605586039098,169.84608675001815,49.629385722818135,0.17642351320205307,180.9015100680213,167.30780593132766,3.306814969976833,3818632700,62.979128496195244,17.35929661438363
2023-10-18 00:00:00-04:00,173.87689630601963,175.85749653944856,173.4114540423014,174.13436889648438,54764400,176.5571661755319,169.88875622411234,46.63246278912102,0.03721125081474952,180.635773251388,168.2878819406693,3.2453312219175716,3763868300,62.94345436916284,16.62414903125466
2023-10-19 00:00:00-04:00,174.33241738277906,176.11496052795673,173.4906713911534,173.758056640625,59302900,176.44739717416303,169.92725672576918,45.76906524175212,-0.10230145666051271,180.2537531418319,169.29972993108476,3.2009710729808396,3704565400,55.2470380979762,15.828722120576503
2023-10-20 00:00:00-04:00,173.60948564320893,173.718419244541,170.96538653172513,171.20306396484375,64244000,176.24173704830739,169.93995132516298,40.31173839166776,-0.41425753543811084,179.99264082355322,169.78134802735823,3.1718067184036274,3640321400,47.42380289478943,16.00002875679542
2023-10-23 00:00:00-04:00,169.25217604772806,172.32209697076135,168.28167117128655,171.3218994140625,55980100,176.04880223912133,169.95370205241574,40.66610420950991,-0.644466934138876,180.0646133211182,169.61034395427242,3.2338509384801397,3696301500,47.02647158754181,16.93970645008878
2023-10-24 00:00:00-04:00,171.37144345921354,171.98542471489895,169.78695717971306,171.75765991210938,43816600,175.88052214786597,169.97165188186545,42.025318077719454,-0.7827245494119097,179.93898183327624,169.87329844016128,3.159894981101979,3740118100,46.375732895348584,17.812264308146904
2023-10-25 00:00:00-04:00,170.2127862637829,171.38133313025827,168.99470625930118,169.4403533935547,57157000,175.627966510442,169.96636532974298,37.15137817757297,-1.0669824654289073,180.29514783457063,169.17911160553354,3.131542029080994,3682961100,39.45370467206727,18.843905027885537
2023-10-26 00:00:00-04:00,168.71741923518283,169.71763198356828,164.06301189675906,165.27117919921875,70625300,175.22181798843326,169.91964705978754,30.334862572073177,-1.6101160109684258,181.49088230174473,166.92441717742193,3.3117618903472956,3612335800,31.342186206063758,20.899289142399002
2023-10-27 00:00:00-04:00,165.29099661436564,167.321114882013,165.2117707914918,166.58828735351562,58499100,174.88324815961298,169.8864992020137,34.42805046675518,-1.912230633929056,181.74297049182653,165.44831572236617,3.225874904645432,3670834900,32.50145554409194,22.807860105875793
2023-10-30 00:00:00-04:00,167.38051344932887,169.5096524459554,167.23195938000526,168.63818359375,51131000,174.63834366683403,169.87407815118522,40.30656846351418,-1.9636138363560747,181.27017254871848,164.77236285167217,3.204124203773599,3721965900,32.942337285411384,23.477990221698665
2023-10-31 00:00:00-04:00,167.70733154956028,169.24228464861295,166.27138428536674,169.11355590820312,44846000,174.4216853233583,169.86651076568293,41.61378274671517,-1.9435725272885804,180.73854837320553,164.29784689046633,3.1874653580216434,3766811900,26.867405359269924,24.328287106954118
2023-11-01 00:00:00-04:00,169.34132385628374,172.53998907588377,168.46985489806465,172.2825164794922,56934900,174.33779634908905,169.8905506235318,49.54582442178513,-1.652927096807673,179.8026261948408,164.4639753676592,3.25051313086432,3823746800,26.64161537035747,23.68421206864659
2023-11-02 00:00:00-04:00,173.8174769968696,176.05554977286621,173.75806140886317,175.84759521484375,77334800,174.3970041477461,169.94982469906725,56.676563145471206,-1.121982919145779,178.99057459905146,164.8614192160527,3.2878359996150133,3901081600,35.61224734799042,22.09681713933842
2023-11-03 00:00:00-04:00,172.5498813500308,175.10485722122255,171.66851493448934,174.93649291992188,79829200,174.41816057018437,169.9994432883295,54.554535816833,-0.7658954083885305,178.49342728331217,165.06807580913576,3.3514963053821134,3821252400,34.45853031842131,21.031390982990768
2023-11-06 00:00:00-05:00,174.66913933099835,177.68954259678722,174.50079012453784,177.49148559570312,63841300,174.53868312020472,170.07399097297997,59.17113313694796,-0.2743642345604087,178.63540112765142,164.99344408719233,3.339871745872632,3885093700,42.01047511306756,19.79632836429622
2023-11-07 00:00:00-05:00,177.44195927584823,180.67034717470034,177.23400472320088,180.05636596679688,70530000,174.75506283967894,170.1733180873463,63.21137316454024,0.3184710364697878,179.91830982222757,164.32716543818907,3.346762510560262,3955623700,49.735998940099705,19.42187043649169
2023-11-08 00:00:00-05:00,180.5812266581694,181.67054768588966,179.82858892219454,181.11598205566406,49340300,175.00451065207054,170.2822003158868,64.76271803813243,0.8638415945202382,181.55438623122532,163.62197078374865,3.239276528641323,4004964000,56.35674524286044,19.31224892171983
2023-11-09 00:00:00-05:00,181.18532362684607,182.33406032637882,180.0464693782347,180.64065551757812,53763500,175.22553594091397,170.3852695218738,63.46974423111617,1.243364084603968,182.86929330208736,163.22474356314703,3.171298987177238,3951200500,63.622029919939415,19.369483453679486
2023-11-10 00:00:00-05:00,182.425536381392,185.00371491529177,181.98922784820692,184.8351287841797,66133400,175.60238271908125,170.5290492160261,69.29532487048185,1.8611432296166583,185.3278300432501,162.58381546456243,3.256424730786981,4017333900,70.7781758085556,20.02253101692426
2023-11-13 00:00:00-05:00,184.26000678217753,184.46823531200093,182.66352248721634,183.24856567382812,43627500,175.90223303103213,170.65561156884007,65.06843007593113,2.1973851808137397,186.9152977038262,162.58656997195502,3.1789376997995786,3973706400,65.4432327290074,20.62893232565155
2023-11-14 00:00:00-05:00,186.1242211071054,186.53078271340215,184.7359804157126,185.8664093017578,60108400,176.29298504164882,170.80696279006312,68.48440054830365,2.6446120111213816,188.91994820931646,162.46308605175128,3.1863147954977533,4033814800,72.3112803310848,21.631621720419457
2023-11-15 00:00:00-05:00,186.2729495954029,187.90909130382101,186.20353000343164,186.4315948486328,53790500,176.69057758309916,170.96243176577028,69.1850321971656,3.009951400302583,190.6155015577166,163.03303156402816,3.104626738823857,4087605300,79.98255510790298,22.83495051047033
2023-11-16 00:00:00-05:00,187.9785007833142,189.356830641734,187.06621119021287,188.11732482910156,54412900,177.13868531823653,171.13312721913675,71.23880656295358,3.3963587104927626,191.73894252256227,164.95574334983357,3.0918130998436664,4142018200,80.05130868561855,24.224378807440093
2023-11-17 00:00:00-05:00,188.65279989002153,188.78171334674664,186.98691120628507,188.09750366210938,50922700,177.5684429003492,171.3019269847385,71.17873524359456,3.658813362300549,192.41408585851335,167.14849552169497,2.9991694598878023,4091095500,73.73411197310895,25.477581815569255
2023-11-20 00:00:00-05:00,188.29581152699646,190.29885721130628,188.28590092727276,189.84271240234375,46505100,178.0497868023882,171.48641241177933,73.31256702464249,3.961963278324788,193.25633634545844,169.13351554256238,2.942182609124167,4137600600,78.99378736037946,26.93133996683485
2023-11-21 00:00:00-05:00,189.80306012274144,189.91213724546566,188.14708208188244,189.03952026367188,38134500,178.4807567420464,171.6610702013504,70.7176024944585,4.090251010263671,193.28931486956705,171.7573322658496,2.858102077299813,4099466100,73.7359162293166,28.21016486132903
2023-11-22 00:00:00-05:00,189.88239992204348,191.31029805901488,189.22793715258507,189.7039031982422,39617700,178.92088013248545,171.84060087793642,71.61268090480755,4.197148002885115,193.49770104897826,173.87179764893838,2.8161503428743266,4139083800,72.61615483740891,29.669241228317325
2023-11-24 00:00:00-05:00,189.26757546541884,189.2973223945837,187.66118076777323,188.37513732910156,24048300,179.2916353166665,172.0051236286943,67.18915754740102,4.127070044547253,193.62989449421937,175.40994315226501,2.7609054919882285,4115035500,77.7660668288805,30.20880193262363
2023-11-27 00:00:00-05:00,188.3255687303111,189.0692722786972,187.31412766791345,188.1966552734375,40552600,179.64085178555948,172.16623339630368,66.59411907077353,4.010895639192,193.08373736243624,177.72412193118356,2.689065429045052,4074482900,71.18229770006518,30.533499057770296
2023-11-28 00:00:00-05:00,188.1867388581487,189.47582799498892,187.8099242301234,188.80152893066406,38415400,180.000094026544,172.3317587250038,67.64006279567457,3.922419623160323,192.72211878628767,179.59374628532694,2.6159824530322275,4112898300,69.9155113427611,30.93842153385067
2023-11-29 00:00:00-05:00,189.29736666732592,190.47737890246535,187.38357650025696,187.78021240234375,43014200,180.30519670794789,172.48547468199226,63.99653392081228,3.726928324885904,192.4001591201971,180.94555214282377,2.650112449401953,4069884100,63.0669308292038,31.56778459682175
2023-11-30 00:00:00-05:00,188.24625428611483,188.7222354910008,186.61011239504938,188.35533142089844,48794400,180.6208882653185,172.64338370426992,65.13543122267522,3.577171949371717,192.0941837978737,182.21677404717838,2.6116846384412,4118678500,55.34562827259337,31.711018358905402
2023-12-01 00:00:00-05:00,188.73214223180454,189.95181189166442,187.64137090627887,189.63450622558594,45704800,180.97436347944665,172.8124496000044,67.59105587222011,3.521118397996702,191.3983477466093,184.1117901928438,2.5901672346515108,4164383300,54.01139701120021,32.17777641682324
2023-12-04 00:00:00-05:00,188.38506152852514,188.45448112204545,185.87630278327032,187.8396759033203,43389500,181.2435914176378,172.9619742398384,61.0894304223308,3.29389774488115,191.24798357073206,184.66276065127317,2.6735983923418045,4120993800,53.953349304405165,31.64270511101773
2023-12-05 00:00:00-05:00,188.61314558971708,192.76795676998717,188.58338352707358,191.7961883544922,66628400,181.65741874849482,173.1493793554071,68.32297178975469,3.3939577962956946,191.2763050762353,185.77412216985846,2.8346471405078795,4187622200,54.55643942093714,32.24953308572066
2023-12-06 00:00:00-05:00,192.81752143695684,193.12491645797843,190.49717018406523,190.70541381835938,41089700,182.01224208456796,173.3240662654862,64.74921474362966,3.3466614884384285,191.40410597047892,186.2915218778284,2.8198685071796885,4146532500,53.711065826692945,32.889792733166395
2023-12-07 00:00:00-05:00,192.0044269286476,193.3629205543118,191.96475426663108,192.63905334472656,47477700,182.42897978104475,173.51625519164782,67.94969833882558,3.4257178306714025,192.11220721889785,186.41108176222193,2.8082712378063133,4194010200,53.27630717725312,33.537769311661634
2023-12-08 00:00:00-05:00,192.56963798027982,194.34461894265894,192.04408867717459,194.0669708251953,53406400,182.88537158669772,173.72073992431993,70.10800888377173,3.5625249880631884,193.3058698564637,186.0107052574686,2.7720040254976017,4247416600,61.7546680876965,34.36131912922103
2023-12-11 00:00:00-05:00,191.4888078106811,191.86562248491865,189.8129932403368,191.55821228027344,60943700,183.2254829864458,173.89822721144387,62.18471285590813,3.428982620748883,193.55027433447063,186.22772859521686,2.877859279737667,4186472900,52.947883872532294,33.92600177374455
2023-12-12 00:00:00-05:00,191.45905774250062,193.08528901898003,190.1104746012234,193.07537841796875,52696900,183.6117533955251,174.08904463638441,64.7772248770379,3.4063061830310346,194.0952560372982,186.11376902780597,2.8847846467390226,4239169800,59.93251190490669,33.84882471032561
2023-12-13 00:00:00-05:00,193.45216455954898,196.33773797632358,193.214189106248,196.29808044433594,70404200,184.1092564170471,174.31003006730933,69.5522938637967,3.606803082272478,195.5800429997588,185.5967900894339,2.911754283283009,4309574000,61.86306145059111,34.52021730620039
2023-12-14 00:00:00-05:00,196.3575670696298,197.94412551234106,194.51318172109634,196.44680786132812,66831600,184.59308196388167,174.53029651302097,69.75606839104324,3.7346486738339593,196.78699613769078,185.28889090658004,2.9488392481374164,4376405600,67.53479200691436,35.452231109010235
2023-12-15 00:00:00-05:00,195.87168903034603,196.73438033852585,195.34613971264017,195.91136169433594,128538400,185.03693607095832,174.74304343024798,67.99181321626055,3.7495388456524665,197.5805986168878,185.5001183427476,2.8373679179765787,4247867200,59.89319186295626,36.31767249733367
2023-12-18 00:00:00-05:00,194.4437708037096,194.97924583916173,192.75804576345098,194.24545288085938,55751900,185.39805437722896,174.9370972556272,62.680161314780456,3.585582136507554,197.84310013268478,186.04412317460688,2.85993563318432,4192115300,53.98213120277759,35.80872752475259
2023-12-19 00:00:00-05:00,194.51318587990949,195.29654695271066,194.24544836840317,195.28663635253906,40714100,185.7858419056725,175.13958023171588,64.54446944698438,3.499322061425346,198.2414267680848,186.5104775287902,2.7307329868359744,4232829400,59.04554805530987,35.41794500925662
2023-12-20 00:00:00-05:00,195.24696511767544,196.0204155959587,193.19435119628906,193.19435119628906,52242800,186.07637168177513,175.31922969404994,58.247474718093166,3.2249551290370277,198.06878575272907,187.40500371667196,2.73754237346695,4180586600,58.68515810345825,34.547167794252275
2023-12-21 00:00:00-05:00,194.45368523269553,195.42545358966169,191.875506993429,193.04559326171875,46482500,186.34967448883174,175.49561142109144,57.81559457168013,2.9613769264988434,197.83955753946762,188.2596001753761,2.7955712465216442,4134104100,53.15292486088442,33.13427111324463
2023-12-22 00:00:00-05:00,193.54140785907617,193.76948784569112,191.349969834571,191.9746856689453,37149600,186.57026316256167,175.65958230912977,54.672813674702915,2.635693376636567,197.68270856730527,188.72847307331972,2.768710301135821,4096954500,53.48216549995625,31.587679089617865
2023-12-26 00:00:00-05:00,191.984617589868,192.26226574027075,191.21116700936184,191.4293212890625,28919300,186.76081446164017,175.81649513480076,53.09010087905478,2.306986959669672,197.04750109449228,189.84229993089835,2.646023760405327,4068035200,47.62692160176928,30.087258626817338
2023-12-27 00:00:00-05:00,190.87399477798158,191.87551008122907,189.48573911500236,191.5284423828125,48087700,186.94778026247045,175.97283291836308,53.35440584194481,2.0310700882178594,197.0646331966888,189.7894683658112,2.6277199893925682,4116122900,42.07809914799939,27.952858379940988
2023-12-28 00:00:00-05:00,192.51016078496022,193.02579953233345,191.54830289093405,191.95486450195312,34049900,187.14413650715605,176.13185810824956,54.54104476921927,1.825766382616223,196.94646822898147,190.07422675799768,2.5469797865445956,4150172800,41.07595772327068,26.410020584493676
2023-12-29 00:00:00-05:00,192.27214410156537,192.76794644853246,190.1203637314106,190.9136505126953,42672100,187.29196058580465,176.2789406197366,51.12129180156065,1.561049641105825,197.04903784884422,189.74160342719742,2.554165710157257,4107500700,34.709222010586686,24.6810338347879
2024-01-02 00:00:00-05:00,185.57883023572913,186.85800888690832,182.34620407017263,184.08151245117188,82488700,187.16606065895633,176.35657815039764,35.42536565300598,0.7908468826943817,198.6108886397911,186.84835818638075,2.9836857624690727,4025012000,33.89366910396738,25.31464500376388
2024-01-03 00:00:00-05:00,182.6734238450404,184.31949132166326,181.8900476382689,182.7031707763672,58414500,186.99104536944304,176.41972832578043,33.21003098070588,0.06844599098934623,199.86180676813146,184.4167678575196,2.9440970425351654,3966597500,27.126921197340337,25.997224958870515
2024-01-04 00:00:00-05:00,180.62077266265916,181.55288341182597,179.36144570900103,180.38279724121094,71983600,186.7318983840222,176.459161847327,29.828298959876676,-0.6834186476636717,200.95732528614192,181.62890518260807,2.9724990443088077,3894613900,18.197749575705572,27.12396813153847
2024-01-05 00:00:00-05:00,180.46214807824285,181.2256728170181,178.65742022872922,179.658935546875,62379700,186.45452729236936,176.49100039160115,28.841628639552297,-1.3224420906275896,201.04153216120696,179.32614565454824,2.943624297450242,3832234200,9.66883086257819,28.298298573365493
2024-01-08 00:00:00-05:00,180.56131218264795,184.04185467153414,179.97626898919978,184.00218200683594,59144500,186.3583568890151,176.56573851712588,41.37267220113664,-1.4615611150539678,200.0717734839393,178.63662088455027,3.046431070822306,3891378700,18.67737107867117,28.18781388879549
2024-01-09 00:00:00-05:00,182.37593441619447,183.59560395931726,181.19592240352762,183.585693359375,42841800,186.24962498589198,176.6355888140637,40.633711888929234,-1.5871257001990955,199.0002172856311,178.06475463819703,3.0292759659998785,3848536900,25.013554782216687,28.08522096740906
2024-01-10 00:00:00-05:00,182.80231275270097,184.83509006359006,182.3759149097992,184.62686157226562,46792900,186.18598720496547,176.71510396588664,43.35737464478733,-1.584359455621268,198.05455751673136,177.7279355659509,2.9885544794135193,3895329800,25.391378982342857,27.479262985562798
2024-01-11 00:00:00-05:00,184.97392753345,185.47965559618967,182.07844372761645,184.0319061279297,49128400,186.1015134372386,176.78790796749902,42.166864845336775,-1.6115976247381525,196.65031545032085,177.63154693574685,3.0180300072106414,3846201400,25.604842653896043,26.654981700443848
2024-01-12 00:00:00-05:00,184.49798544280438,185.1722845702879,183.6352941143493,184.35916137695312,40477800,186.03318590546272,176.86324382231945,43.09247174154131,-1.5884664538991728,195.57037028339198,177.53346679343093,2.912241467834067,3886679200,31.627486075929582,25.889577649976253
2024-01-16 00:00:00-05:00,180.630703626113,182.71306427754865,179.4110190331086,182.08836364746094,65603000,185.87848699338423,176.91523506436067,38.489212967183235,-1.7333878175159043,194.3810038688946,177.2618692593606,3.0576629589776707,3821076200,30.515111395277614,26.312502620915662
2024-01-17 00:00:00-05:00,179.74819585869176,181.39424823145328,178.786338048284,181.14634704589844,47317400,185.69291287779654,176.9573356810924,36.73605407634616,-1.9023231125822804,193.27961004394746,176.91948460123484,3.0751174332776188,3773758800,29.853432246717077,26.84739621964705
2024-01-18 00:00:00-05:00,184.52771753168435,187.55211493445296,184.26990575318283,187.04640197753906,78005800,185.74599088170802,177.05772440046002,51.60460038938255,-1.5423412767047466,192.35045351611666,177.26425188752916,3.313021037225969,3851764600,38.865828537556226,25.083101031216394
2024-01-19 00:00:00-05:00,187.74053828049293,190.3385380102556,187.23482528040057,189.95181274414062,68903000,185.91092507239165,177.1860237869643,56.96799756782231,-1.010957027593662,191.9040140700255,177.5004740484641,3.311529251189581,3920667600,41.51111066179581,23.89226475162644
2024-01-22 00:00:00-05:00,190.68560481730813,193.69016613117572,190.64593215238241,192.2622528076172,60133900,186.15999674828285,177.33603601602553,60.698104044661385,-0.39880084983505526,192.00820200003594,177.43727122587555,3.34201668946426,3980801500,48.12605551723668,23.559016970982487
2024-01-23 00:00:00-05:00,193.38276708914043,194.10663433692045,192.20275498822556,193.54141235351562,42355600,186.44946402691946,177.4972835417717,62.62950827550338,0.1873946475099899,192.8649161023823,176.93092536897186,3.239292593695019,4023157100,56.02876161890129,23.339324196076177
2024-01-24 00:00:00-05:00,193.77940103141137,194.73134826169684,192.7084660713482,192.86712646484375,53631300,186.7011370637008,177.6502173022003,60.92972735643997,0.5907398848234493,194.36386442142964,176.60339225174744,3.152406136313135,3969525800,63.25140562941836,23.274555522712156
2024-01-25 00:00:00-05:00,193.58107445570798,194.62226243680658,191.48878789336808,192.53988647460938,54822100,186.93010762883446,177.7983732143636,60.077543896486375,0.8739144175737579,195.53910904373595,176.7397097225401,3.1510538796792322,3914703700,64.31423393386271,22.785766617127283
2024-01-26 00:00:00-05:00,192.63904008919584,193.12491668531047,190.3285994330514,190.8045654296875,44594000,187.08204715043655,177.9277880622773,55.6338784990667,0.9473854989931851,195.96601434657575,177.70237351149714,3.12571554914922,3870109700,65.53810922405464,21.934274728942682
2024-01-29 00:00:00-05:00,190.39803999060732,190.58644733122568,187.9884474907554,190.12039184570312,47145600,187.20119792279996,178.0491075029084,53.93989026122258,0.9395739464085864,195.93371403435515,179.12953466356151,3.103601434133712,3822964100,58.65089445121007,20.39856898737317
2024-01-30 00:00:00-05:00,189.33701232459805,190.18979301004535,185.89614265093053,186.4613494873047,55859400,187.1721842586629,178.13281140325068,45.89181379586201,0.6308569698229292,195.90965471051024,179.48148298480228,3.1886049287752196,3767104700,52.032530775797106,19.506394700148142
2024-01-31 00:00:00-05:00,185.46976491576893,185.52927391668564,182.80236057287416,182.8519287109375,55467800,187.0027624724776,178.17976779437197,39.61303836524249,0.09386443939948208,195.9661207999616,179.32718160889257,3.2222037848934555,3711636900,45.45251195921506,19.446382454073987
2024-02-01 00:00:00-05:00,182.44537406733116,185.38051582576702,182.27680306565713,185.29127502441406,64885400,186.9356453176516,178.25052906034253,45.08165866569136,-0.13333415560532558,195.95250528181208,179.42938558732857,3.2137401402660575,3776522300,52.719888751015404,19.51221619661084
2024-02-02 00:00:00-05:00,178.35004600309975,185.75733532165063,177.74516644928605,184.28976440429688,102551700,186.83188528183376,178.31062095431224,43.346053495344265,-0.38971186035513483,195.94018996554775,179.47608200710852,3.5564850497016667,3673970600,44.212510167584604,20.498710802269322
2024-02-05 00:00:00-05:00,186.57041025788217,187.66118143341563,184.27980591994816,186.10435485839844,69668800,186.80335467699317,178.38817054539768,47.304563962004345,-0.44138276818969757,195.91198053742136,179.73698389942763,3.5439772256849387,3743639400,52.089467536041155,20.761841151442184
2024-02-06 00:00:00-05:00,185.291266866256,187.72069551270494,185.2020260688322,187.71078491210938,43490800,186.8389401764095,178.48093287740477,50.5956177810454,-0.3486874037390919,195.68763078020086,180.7109898252679,3.4707409555554958,3787130200,57.363122336616314,20.985750949946038
2024-02-07 00:00:00-05:00,189.03952431241242,189.4460858813363,187.02656792958788,187.81985473632812,53439000,186.87740741405338,178.57385747301595,50.82020043639955,-0.2633884581066184,195.1293052579456,182.1591163729138,3.3956535981407043,3840569200,56.12029915747055,20.60009643460274
2024-02-08 00:00:00-05:00,187.8000228857875,187.94875754592414,185.77715585449096,186.739013671875,40962000,186.87198020847777,178.65510280832797,48.4688603167948,-0.27977816159187796,195.13078459780434,182.11665192563316,3.308221319090167,3799607200,49.36796263955437,20.541688135705492
2024-02-09 00:00:00-05:00,187.304938639922,188.63539609029752,186.65957913376621,187.50352478027344,45155200,186.89674666227367,178.74314680804883,50.22319615224624,-0.22844410112733726,194.94892079349586,181.97207733475938,3.2130495789073907,3844762400,48.29180348765754,20.242949555040383
2024-02-12 00:00:00-05:00,187.0765772861258,187.32479480430874,185.45819421957458,185.8156280517578,41781900,186.85434985401815,178.81351975574742,46.46230717154119,-0.32026878878019716,194.3054347003325,181.75601346047478,3.1296410776067813,3802980500,42.77429267339362,20.270808660480874
2024-02-13 00:00:00-05:00,184.4454786725173,184.88234393093236,182.20158259974826,183.72067260742188,56529500,186.73146055023008,178.86234714730637,42.2349251351058,-0.5556803739392535,193.25079123190176,181.5012249627597,3.1642413900641215,3746451000,35.60934960073827,21.032512123609273
2024-02-14 00:00:00-05:00,183.9986922104331,184.2071864451767,181.13922150541597,182.83702087402344,54630500,186.57873742567295,178.901896139612,40.55865022150738,-0.8042778467544736,192.2007776224545,181.2138911600976,3.157364500756735,3691820500,35.75545715746888,21.954950426616588
2024-02-15 00:00:00-05:00,182.24131546677532,183.1746158133602,180.05700420987225,182.54910278320312,65434500,186.42071253773295,178.93818675298107,40.00156327230632,-1.012850211940048,190.93440757819155,181.14815671217303,3.1545250080946787,3626386000,34.93951519898299,23.0269227666735
2024-02-16 00:00:00-05:00,182.11221816970058,183.53203018346474,180.37469562592958,181.0101318359375,49752500,186.20853290236843,178.95880312196573,37.070569474095706,-1.2874860697797033,190.1775647278453,180.59907508335263,3.1547256901975707,3576633500,34.91589851962895,23.86599494311808
2024-02-20 00:00:00-05:00,180.49382826711656,181.12926445278407,178.7165976564194,180.26547241210938,53665600,185.975471706672,178.9718048064448,35.70722383435508,-1.5473874387083981,189.44696393508195,180.01568661830345,3.101721483495221,3522967900,35.10909207417666,24.989585685338955
2024-02-21 00:00:00-05:00,180.64276986037862,181.5859933284812,179.3718974749363,181.0200653076172,41371400,185.78114204396397,178.99218550794902,38.18800898717546,-1.6731843778147493,189.3269681252542,179.41017787083956,3.0383196527844842,3564339300,40.955130342278146,25.81893025257923
2024-02-22 00:00:00-05:00,182.17178149569722,183.64123998867086,181.1590650140456,183.05543518066406,52292200,185.67425157873654,179.03261585295115,44.417858600291396,-1.5903099171243866,189.32495086001788,179.43932933203942,3.0085235833751405,3616631500,39.95134595918267,25.669874516198576
2024-02-23 00:00:00-05:00,183.6908798817894,183.72066477086588,180.9307023940782,181.21864318847656,45119700,185.49952183794204,179.05436736872753,40.45525115870869,-1.6537813114916275,189.26667887489486,178.95458373903745,2.9929120686188933,3571511800,43.152518398318925,25.592189413680575
2024-02-26 00:00:00-05:00,180.94064867140935,181.45693020455124,179.36197373162466,179.86834716796875,40867400,185.27869145872742,179.06246667021253,37.78646720716433,-1.7923790231133978,189.38614180857323,178.245598507182,2.9287723832123,3530644400,34.759489606165246,25.930432782609927
2024-02-27 00:00:00-05:00,179.8087756065873,182.60866132395924,178.27974721589908,181.32786560058594,54318900,185.12375711134933,179.08500795310184,42.223143135940255,-1.7641121812052631,189.05409691989246,177.94077816148774,3.028782506415719,3584963300,35.62539127901994,25.715662039177747
2024-02-28 00:00:00-05:00,181.20872015618278,181.81437153541262,178.84569957246276,180.12649536132812,48953900,184.9277860623289,179.09537101189017,39.71267912890105,-1.8176977551359244,188.29748639797484,177.68615007663456,3.0244888961681573,3536009400,28.00139489657046,25.51623206313358
2024-02-29 00:00:00-05:00,179.97755459220346,181.26828866128915,178.2499552858893,179.4612579345703,136682600,184.71341241025993,179.09901167778747,38.35284627845785,-1.8920336233969408,187.3351935624573,177.53396333858436,3.024049216113277,3399326800,24.6916939193802,25.5124917921039
2024-03-01 00:00:00-05:00,178.26984251290932,179.2428510400178,176.11531605645658,178.37905883789062,73563100,184.4650063878141,179.09184796793775,36.18230642412329,-2.0150416119588215,186.59091413860907,177.16358211790137,3.0470415491133096,3325763700,18.181454192964523,26.109705434737702
2024-03-04 00:00:00-05:00,174.89403329600003,175.63868574855184,172.55085963930404,173.85153198242188,81510100,184.0487917052497,179.0397055203207,28.8309474454382,-2.4496221884824934,186.22454001210065,175.70969053802958,3.2456956669328294,3244253600,17.42554174698381,27.46094128112694
2024-03-05 00:00:00-05:00,169.54251029810908,170.8133829451085,168.41063887343782,168.90707397460938,95132400,183.45499885306774,178.93888331588576,23.270399769905865,-3.156619322410762,187.26108226473804,172.41867440843907,3.402495484222203,3149121200,16.80010962573887,29.399782933612038
2024-03-06 00:00:00-05:00,169.8403395327639,170.01906401050476,167.47730408815008,167.91416931152344,68587700,182.8455545573209,178.82918466907617,22.33867095635786,-3.753767656049064,187.9808071073233,169.5914157930673,3.3410143726602373,3080533500,16.63637086381553,31.331719667155415
2024-03-07 00:00:00-05:00,167.94396839769192,169.51270494606766,167.28868565722726,167.7950439453125,71765100,182.2553384548892,178.7193922240636,22.22370124160892,-4.188343813827515,188.1928436502673,167.37378232629518,3.2612290095302483,3008768400,16.619219314108506,33.152895667007634
2024-03-08 00:00:00-05:00,167.7950495135339,172.46153602621885,167.73547973060533,169.51271057128906,76267000,181.7556275574931,178.62778345139918,27.979450490290063,-4.344071456580878,187.75493367389043,166.07350667441688,3.365859529964767,3085035400,24.05833092923247,33.40497087477523
2024-03-11 00:00:00-04:00,171.70695829072324,173.13669366515666,170.82330450374639,171.518310546875,60139500,181.354164145312,178.5570424274736,34.110837151962556,-4.256584324428303,187.19975975474958,165.36310442168272,3.3842969273863974,3145174900,30.182321412077698,33.3392969243862
2024-03-12 00:00:00-04:00,171.91542637381357,172.7891567808166,169.79068527950514,171.99485778808594,59825400,180.98713252346002,178.49174705792745,35.51560079744358,-4.101517027010686,186.62322363611744,164.83689192377838,3.3567379683810445,3205000300,25.258655140952683,33.51044375085194
2024-03-13 00:00:00-04:00,171.53817270319811,171.9551763303205,169.54249409126064,169.9098663330078,52488700,180.55272992775602,178.40635520991833,32.27355544848206,-4.099608724572818,185.85388067548752,164.12487502112708,3.292139806127063,3152511600,19.674377877791102,33.72585422485719
2024-03-14 00:00:00-04:00,171.67715534575908,173.06716728584055,170.82328653971078,171.76651000976562,72913500,180.20817228391326,178.34028709847405,37.72512723457999,-3.9032861005901225,184.29620546786072,164.17736020596743,3.282508459463183,3225425100,26.442462866092114,33.37929978839639
2024-03-15 00:00:00-04:00,169.94957779625068,171.3892364501953,169.07584723661714,171.3892364501953,121752700,179.86233166298314,178.2711224154066,37.0721120536935,-3.7350860825569896,182.9962425273465,164.16673558137745,3.240233767583562,3103672400,24.536533807059158,33.49764259994307
2024-03-18 00:00:00-04:00,174.31819990832292,176.44294118443133,172.282813299669,172.48138427734375,75604200,179.57288274589922,178.21351308069953,40.29406932457798,-3.4736174544957237,181.88961222011747,164.28843750318984,3.369767408058738,3179276600,25.858851137901553,31.557957394373933
2024-03-19 00:00:00-04:00,173.09697026746844,175.350789645184,171.7963128554373,174.82456970214844,55215200,179.38667439124234,178.17979225106222,46.610118365575545,-3.0422569575459875,180.36266086631352,164.9482827372021,3.382960935322164,3234491800,30.805626001432117,29.90101716080021
2024-03-20 00:00:00-04:00,174.46712406809783,177.39608764648438,173.84161109695287,177.39608764648438,53423100,179.30861216595773,178.1719941952953,52.54336676527878,-2.4644915246890946,179.5711080753305,165.37578116620594,3.3952120506228307,3287914900,38.851727896710344,27.856206868555336
2024-03-21 00:00:00-04:00,175.78765774149878,176.22452301821235,169.62192763151074,170.1481475830078,106181300,178.949378260744,178.0921549255213,39.29002048091105,-2.5619241789424905,177.9563028443838,165.74883835027765,3.707994048076459,3181733600,37.73561757203268,26.968776296962236
2024-03-22 00:00:00-04:00,170.53535433298114,171.8161651814705,168.84747827799018,171.05165100097656,71160100,178.63966346624332,178.02210016010295,41.278427179398754,-2.536990240198321,176.37540610016265,166.35274738291025,3.6551863948910204,3252893700,38.169108996075465,26.335461085875064
2024-03-25 00:00:00-04:00,169.3538487990515,170.7140758962492,168.24182406010684,169.63185119628906,54288300,178.2864159262451,177.93861509578642,39.11061443272473,-2.601803916596623,175.97633753464922,166.18919184360598,3.594803576746642,3198605400,39.709714331971185,25.89891244126263
2024-03-26 00:00:00-04:00,168.78791039294236,170.19778406175462,168.37090678526505,168.49998474121094,57388400,177.90263431114573,177.84469837584038,37.42330950021345,-2.713225016554844,176.00139884944429,166.1098519643578,3.4685231267282797,3141217000,40.14471875906166,25.493545842693944
2024-03-27 00:00:00-04:00,169.19499314475576,172.36225110852925,168.89712909220745,172.07431030273438,60273300,177.6740725853257,177.78728157909308,45.42973394701708,-2.4844694231065034,176.0018072156307,166.6641290636662,3.496647643913282,3201490300,46.72002853714838,24.284559740741603
2024-03-28 00:00:00-04:00,170.5254338962422,171.00200728609337,169.29426955996547,170.25735473632812,65672700,177.38322090497286,177.71235693389144,42.45601365491137,-2.421874237832043,175.8169541947773,167.17729018998833,3.4454614366886838,3135817600,39.406540241261915,23.161929788928713
2024-04-01 00:00:00-04:00,169.96943620832081,170.02900599080004,168.2716216576847,168.8177032470703,46240500,177.04731825172178,177.62385291710714,40.210101136544694,-2.460076713038319,175.868563105952,167.03301363558447,3.3411951253997363,3089577100,33.68535842958667,22.448942869370153
2024-04-02 00:00:00-04:00,167.87447897129715,168.13261974429108,167.0305333230549,167.6361846923828,49329500,176.67825419057124,177.52447313377655,38.41407812964061,-2.5562245573711664,176.00112865845458,166.3828313024829,3.2301933253008563,3040247600,34.1017960954904,22.170456977037286
2024-04-03 00:00:00-04:00,167.5865303145986,169.46305411699578,167.37803608655156,168.44039916992188,47691700,176.35520105250657,177.43408433811632,40.3665408768387,-2.5382694393966574,175.92999271051565,165.98003943466665,3.148395089953954,3087939300,39.30508348916331,21.347507345106752
2024-04-04 00:00:00-04:00,169.07585346888487,170.6942366833166,167.61634826660156,167.61634826660156,53704400,176.01250094325542,177.33639542198185,39.00209570342505,-2.5610121462126187,176.0306941556436,165.57353558068453,3.143358899008317,3034234900,37.96042516131743,20.091091004620115
2024-04-05 00:00:00-04:00,168.38081863168355,169.1751176568126,167.74538244157907,168.3708953857422,42104800,175.71283013707844,177.24718646639738,40.96965085693644,-2.4894533896701603,175.9106506282757,165.24083049151594,3.030173934094226,3076339700,41.58681884450187,18.92441868845395
2024-04-08 00:00:00-04:00,167.82481355698678,167.99359963764888,167.04045292920483,167.2489471435547,37425500,175.38091315694024,177.1477014980109,38.957439718104766,-2.494519142300902,175.86132115195815,164.73812139361476,2.9087645428401636,3038914200,34.048276104751025,18.114100626895823
2024-04-09 00:00:00-04:00,167.49716574379335,168.86733118994096,167.14967033425899,168.4602508544922,42373800,175.1095146352756,177.06125920305053,42.25498446109506,-2.3734322519817965,175.53409982832858,164.52919159419747,2.8236857080431497,3081288000,32.82576240114716,16.974810927333515
2024-04-10 00:00:00-04:00,167.59645660291815,167.8843822327512,165.91850390321875,166.58372497558594,49709300,174.77516994273876,176.95700513113547,38.76160397420578,-2.401210316835659,174.59243824206976,164.37207388358127,2.8035472254167417,3031578700,26.011587601123466,16.412877929751062
2024-04-11 00:00:00-04:00,167.13973556457645,174.20898041040104,166.96102623293754,173.79196166992188,91070300,174.73661275556947,176.92551216137218,54.36783903023079,-1.8205935052289988,173.00163373436797,165.48232826107474,3.147954954659482,3122649000,38.55216912832642,16.787241535320398
2024-04-12 00:00:00-04:00,173.0175179827845,177.08829097776882,172.96788660357228,175.29119873046875,101670900,174.75836122517336,176.90925033618907,56.83196320058039,-1.2253495311319398,174.40189599361878,164.76780615481874,3.2174156274835575,3224319900,50.056009495694354,17.814467490206777
2024-04-15 00:00:00-04:00,174.10968609239896,175.37063525095596,171.27007724910962,171.45872497558594,73531800,174.62896372518955,176.855016252999,49.476882478297085,-1.0507505970450666,174.46622626995446,164.75775240843097,3.280497225652328,3150788100,48.799710045676,18.09752579126518
2024-04-16 00:00:00-04:00,170.52544539032877,172.52110890421707,167.0702615685236,168.17234802246094,73711200,174.37576310939627,176.76862154423745,44.194977626984844,-1.1641433190548298,174.4216562380092,164.6077220171991,3.4355222335124105,3077076900,47.84604224297291,16.967080769859784
2024-04-17 00:00:00-04:00,168.40070660473845,169.43328489386477,166.80218505859375,166.80218505859375,50901200,174.0787600485805,176.66945302199224,42.17350673605674,-1.3490179294957159,174.47245527663247,164.33054968756025,3.378063490780882,3026175700,41.1001433015614,15.837823637963314
2024-04-18 00:00:00-04:00,166.83196113193097,167.4376124969012,165.36251763085394,165.84901428222656,43122900,173.7560249204882,176.56178696488016,40.77622255498216,-1.554525701266499,174.13293158072642,163.84003391406523,3.28499430329991,2983052800,42.30927974689209,15.052016928874282
2024-04-19 00:00:00-04:00,165.02494208062998,165.21357466916862,162.9101239696921,163.8235626220703,68149400,173.36651659506003,176.4350384639567,37.90247604119111,-1.8593951625663863,174.25208247095534,162.86304407526862,3.260272589673806,2914903400,41.29145660573289,14.988777835632817
2024-04-22 00:00:00-04:00,164.33985172403135,166.06743588145892,163.59519920100377,164.65756225585938,48116400,173.02498897391493,176.31784964596568,39.78430366772851,-2.010533428837391,174.29335856998333,162.26708251074584,3.2039843104439023,2963019800,47.084311088996635,14.640900041541771
2024-04-23 00:00:00-04:00,164.17108536017497,165.85896158515186,163.744143317683,165.71002197265625,49537800,172.73812752288518,176.21229912185316,42.16614066095824,-2.0220776380649,174.29533000629513,162.0082893784705,3.126186735945684,3012557600,47.13984598010854,14.317870661314371
2024-04-24 00:00:00-04:00,165.35256706337344,168.09289802448964,165.02493328758231,167.8148956298828,48251800,172.54505960551256,176.12874286820173,46.70641883403432,-1.8401684773326394,174.25371969752612,161.96649921523428,3.1220280217286587,3060809400,46.75803858908137,13.336474726722475
2024-04-25 00:00:00-04:00,168.3212618473153,169.39356334150216,166.9510963019663,168.67869567871094,50558300,172.39343749073603,176.05461304542072,48.49345992874922,-1.6077693477659807,174.324635124303,162.037230110072,3.073487951572031,3111367700,52.369421502465215,12.83288634412591
2024-04-26 00:00:00-04:00,168.66876193087458,170.1183436596222,167.97374080476908,168.0928955078125,44838400,172.22478878552337,175.97539197539479,47.33426564187005,-1.4540985978037497,174.3053749938664,162.01942359011798,3.00713901609211,3066529300,57.24730174660348,12.588207694739406
2024-04-29 00:00:00-04:00,172.13389200399433,174.77493022282954,171.8658279731322,172.26296997070312,68169400,172.22628608690297,175.93845245296004,55.49073934315649,-0.9844748496790601,174.9426444379831,162.0506905229544,3.2696315660153195,3134698700,58.6152610388919,13.572891160426309
2024-04-30 00:00:00-04:00,172.09416491333778,173.74233280675443,168.78790588015656,169.1155548095703,65934800,172.10429662504677,175.8705629241701,49.286390408666776,-0.8563927823819881,174.99363033652153,162.08707848509303,3.389974091771216,3068763900,57.451440975435446,13.425421075661564
2024-05-01 00:00:00-04:00,168.37089789825708,171.47858587357683,167.90424778215495,168.0928955078125,50383100,171.9469867773121,175.7931731986342,47.430735616562096,-0.8278637818491745,175.01566303591798,162.26626852332683,3.4031429488891205,3018380800,49.29943743609559,13.008974391856329
2024-05-02 00:00:00-04:00,171.2800137361139,172.18352915382397,169.67156903864844,171.7963104248047,94214900,171.94107790074318,175.75340341979015,54.161395487532744,-0.5006485455252232,174.52003906360915,162.49580566295333,3.452249427255002,3112595700,48.69350501160301,12.815443874504979
2024-05-03 00:00:00-04:00,185.3191838346203,185.66669440285864,181.3576421366733,182.072509765625,163224100,172.33838895426797,175.8162800998482,66.84599109849637,0.5811758582187849,177.45259869010368,160.4674208411463,4.196401895169212,3275819800,62.38113666778369,15.04549976581835
2024-05-06 00:00:00-04:00,181.04984964293004,182.8866500436298,179.13360267463952,180.41441345214844,78569700,172.6550957973221,175.86203267051786,63.77918633019088,1.2898662024335295,179.75611547617464,159.35799585195034,4.16473371472786,3197250100,61.7017928703898,16.471949031704153
2024-05-07 00:00:00-04:00,182.14201921219635,183.5816778461448,180.02721617336002,181.09950256347656,77305800,172.98624900383797,175.914146798806,64.50381324066834,1.8850595784065263,182.08360473107854,158.75412720251524,4.121142854589069,3274555900,68.17533221993627,17.892321460932042
2024-05-08 00:00:00-04:00,181.5462890620128,181.76472167822584,180.1562619452029,181.43707275390625,45057100,173.31765385678185,175.96910128592145,64.87667987734164,2.3568256906885097,184.08877399267845,158.70027630029028,3.9416654887629154,3319613000,67.76600351971905,19.211238716643656
2024-05-09 00:00:00-04:00,181.25836496086742,183.34339825305352,180.81157644111198,183.25404357910156,48983000,173.7073161988336,176.0415882739133,66.89256556257362,2.844528144307475,186.15867993274603,158.9510409331394,3.84096236898996,3368596000,74.1737666911711,20.67038585598621
2024-05-10 00:00:00-04:00,183.83067066594327,184.01957427538,181.07670119634082,181.9913787841797,50759500,174.03218139825893,176.10079016953785,64.13765066193858,3.0934895343649202,187.27947186905078,160.25262448511586,3.776813133993475,3317836500,68.75438271632086,22.125486688512293
2024-05-13 00:00:00-04:00,184.36755931231187,186.01796278299403,183.5522942832241,185.20269775390625,72044800,174.47024086318626,176.19135641415843,67.77288054819556,3.509464905534969,188.84206877721556,161.4293789766907,3.7946539100521086,3389881300,69.70194475794933,23.766642524398435
2024-05-14 00:00:00-04:00,186.4255779791011,187.21101770983566,185.2126323262415,186.34603881835938,52393600,174.9359584300558,176.29239803012064,68.97856074382878,3.8865843279119474,190.2996389215361,162.7232777451306,3.6670586276147725,3442274900,70.0028861099649,25.45681867032381
2024-05-15 00:00:00-04:00,186.8232728469217,189.54741702859607,186.2863873072406,188.622802734375,70400000,175.47269742238203,176.4150886241928,71.28256445657107,4.319378896260844,192.08895000160987,163.70835427898908,3.638056562881965,3512674900,70.80963135914024,27.334456333644642
2024-05-16 00:00:00-04:00,189.36847263644847,189.99483406684226,188.56315946625315,188.7421112060547,52845200,175.99306659036918,176.53774556530587,71.40242834281105,4.618756753576889,193.48031408063298,164.99211227027848,3.480457851289618,3565520100,71.20664348929463,29.13534709354537
2024-05-17 00:00:00-04:00,188.4140234778259,189.7065083736888,188.0859301078384,188.77194213867188,41282900,176.49419896481243,176.65947886454336,71.43453272109804,4.803056325830113,194.268655206968,166.96097736139137,3.347609309472529,3606803000,66.07929549677681,30.60318919842479
2024-05-20 00:00:00-04:00,188.23504809883084,190.81006568993442,187.91689147556073,189.93515014648438,44361300,177.02129508958387,176.79157509620447,72.72054759327243,4.98550641496135,195.41057110750475,168.1753521509588,3.315149659822612,3651164300,72.06988399403586,32.12659314985053
2024-05-21 00:00:00-04:00,189.98487181213304,191.6153866469515,189.815856788038,191.2375946044922,42309400,177.578797031345,176.93531658384913,74.12519786616718,5.175535456771797,195.82436822886004,170.71116033559306,3.2068911026148186,3693473700,76.97511435801366,33.65753666074067
2024-05-22 00:00:00-04:00,191.15806201805708,191.7048842739564,189.1696284842733,189.7959747314453,34648500,178.05790203919207,177.0632833315864,69.83867836803988,5.150437132627843,194.67717202348518,174.75210043745233,3.1589171516911247,3658825200,71.53948194832627,34.767052144638875
2024-05-23 00:00:00-04:00,189.87551988281993,189.89540846653745,185.55068591274116,185.7992401123047,51005900,178.3614839244122,177.15020827467814,59.556051635964565,4.753250930331433,192.8299294843835,178.46640026822064,3.243617537555779,3607819300,60.69338560240248,34.23658465768502
2024-05-24 00:00:00-04:00,187.7280219308774,189.47783802324832,186.95251887628444,188.8813018798828,36327000,178.77402580501888,177.26693557423243,63.96245242759297,4.633759534717058,193.18245642929276,179.0217122718791,3.2746875642263404,3644146300,69.13763818000756,33.74400770551359
2024-05-28 00:00:00-04:00,190.40244918609352,191.8838376427625,188.00639828711084,188.89125061035156,52280100,179.1707797189535,177.3826004004625,63.97609612989316,4.488128174376044,193.17121902254814,180.1631946330508,3.3177412636138635,3696426400,68.15735090067383,33.81323235647283
2024-05-29 00:00:00-04:00,188.5134387924459,191.13817040866115,188.41401104911338,189.1894989013672,53068000,179.56367066728345,177.50008197758595,64.41109350089687,4.346674656875052,193.0860541525585,181.3270256814259,3.275342556180571,3749494400,67.17444812793333,33.877512389506414
2024-05-30 00:00:00-04:00,189.6567973718936,191.06858345257766,189.52755949973073,190.18373107910156,49889100,179.98014362460967,177.62628744128264,65.88977609798633,4.265626466095256,192.9564476940801,182.6228532499303,3.1756098415398495,3799383500,67.31189808697597,33.937200991609025
2024-05-31 00:00:00-04:00,190.33287039705309,191.45634025792617,188.81171987650453,191.13818359375,75158300,180.4177138194779,177.7607341691679,67.29462819271941,4.229654705643185,193.12098395843253,183.5095356541977,3.137682022959978,3874541800,75.25465167347012,33.64299261419687
2024-06-03 00:00:00-04:00,191.784412862338,193.8623374845637,191.4066207978332,192.9078826904297,50080500,180.9075243634368,177.91145206490185,69.77988848949053,4.294443086726233,193.03509338680473,185.05096007999217,3.1081442992352444,3924622300,74.57515845344633,33.952476930747515
2024-06-04 00:00:00-04:00,193.51434462038463,194.19041988861153,191.91365507081835,193.2260284423828,47471400,181.390602954768,178.0638359094539,70.21803317618061,4.321642840303468,193.51813619185558,185.63769470007153,3.0487600505608112,3972093700,74.46217809915183,34.3142064256708
2024-06-05 00:00:00-04:00,194.269945311189,195.76127042413225,193.74301165159252,194.7372283935547,54156800,181.91400003079886,178.2297403122808,72.27432214338695,4.414255260546611,194.4485342351018,185.826121933518,3.012080188502856,4026250500,73.93359027093118,34.997019069723095
2024-06-06 00:00:00-04:00,194.55826398135935,195.36357706257476,193.04705038431933,193.35525512695312,41181800,182.3626767012363,178.38024294725267,67.6727425176903,4.326267064135919,194.962593950722,185.94305587024155,2.962397794913754,3985068700,67.3060808066055,35.25484257311799
2024-06-07 00:00:00-04:00,193.52429170702464,195.80105664694403,193.01724660656404,195.7513427734375,53103900,182.88772242955793,178.55308971169234,71.10749787561032,4.399169149127573,196.03583504199096,185.80437898795694,2.9496415267327714,4038172600,73.89713964351236,35.600298715086105
2024-06-10 00:00:00-04:00,195.76125048108446,196.15894623968046,191.0387214378687,192.00311279296875,97010200,183.24518871831913,178.68692078712792,60.31207980702943,4.107149084520927,196.14224141691682,186.12879536693737,3.1046831892384135,3941162400,62.545698205338844,34.866680011664634
2024-06-11 00:00:00-04:00,192.53005531977516,205.9619324668351,192.51018190883102,205.9519805908203,172373300,184.1356511446917,178.95821491452784,75.325289405778,4.944283512540693,201.07252517628285,183.33408900014945,3.879978652426123,4113535700,68.49061264249556,36.104995257096775
2024-06-12 00:00:00-04:00,206.1707358379729,218.9265393804105,205.7034527218097,211.83778381347656,198134300,185.22200928856563,179.28537480406962,78.94463067121914,6.013335717354494,206.75517343712374,180.3981326338398,4.547343510010029,4311670000,77.22350444413141,38.411809344968724
2024-06-13 00:00:00-04:00,213.4981154669776,215.49648572091758,210.37627540407073,213.00100708007812,97862700,186.3113817509779,179.62085373218912,79.58205910808807,6.875176927950548,211.27617009582247,178.97114028829213,4.58826256764123,4409532700,82.8676373245508,40.553850997992676
2024-06-14 00:00:00-04:00,212.61324369392398,213.9256018265929,210.07798811856898,211.2611083984375,70122700,187.28980240381946,179.93568213682843,75.88164059848829,7.333263714606318,214.01523026352638,179.62699589207259,4.535359077668565,4339410000,76.81469280626219,42.43509602542768
2024-06-17 00:00:00-04:00,212.13602802573277,217.6837594401996,211.4897931914233,215.4169464111328,93728300,188.39282765900822,180.2887295425429,78.45818324646058,7.94011350328833,217.52487172514864,179.65544036795032,4.670165646532388,4433138300,77.83282269352492,44.43834555212978
2024-06-18 00:00:00-04:00,216.33160783720555,217.36560169939582,211.76815683093403,213.05068969726562,79943300,189.35980264090068,180.61471919582374,73.63470780007182,8.13631877361911,219.6641823083254,180.73738832969542,4.736399876670204,4353195000,75.54523840561768,46.2985058269246
2024-06-20 00:00:00-04:00,212.6927826496957,213.00100258632773,207.64217489543017,208.4673614501953,86172500,190.10911867263772,180.8918599147727,65.26507419696148,7.8316976435009735,220.40969287248328,182.56225943871465,4.784408085610579,4267022500,69.11809449211256,46.54879498728262
2024-06-21 00:00:00-04:00,209.17327704334386,210.66460227969185,205.91224707350656,206.29005432128906,241805100,190.74366516866328,181.14457826707638,61.67849002150092,7.3300959313475005,220.60371902300602,184.5157430538169,4.782118594223058,4025217400,55.3629166420409,46.22561651710256
2024-06-24 00:00:00-04:00,206.51871007112354,211.46990537136972,205.39524025887107,206.936279296875,80727000,191.37866964427943,181.40121210816892,62.339989275725834,6.905119990460946,220.6854057611028,186.5404690761368,4.874443345528458,4105944400,56.45518847669119,46.03058212266899
2024-06-25 00:00:00-04:00,207.94042486793816,210.15753911842552,207.40355450398363,207.86090087890625,55549700,192.02503165348048,181.6644925934499,63.31572379857321,6.567229792715125,220.78839378750493,188.43121680819817,4.756358808101462,4161494100,56.81270327041609,45.84947875640925
2024-06-26 00:00:00-04:00,210.2768443064002,213.61741321993355,209.42181728774156,212.0167236328125,66213200,192.8090195742386,181.9665048425978,67.40360676659478,6.559179403992658,221.2098997248367,190.51513689625705,4.827798346167593,4227707300,57.31648351795519,46.13426076867488
2024-06-27 00:00:00-04:00,213.44841596012938,214.49234667698786,211.12195219378995,212.86183166503906,49772700,193.59540436211313,182.2739210298858,68.180134088103,6.545539661507462,221.55392951093492,192.58772087969007,4.723698070241187,4277480000,60.34906548287529,46.50496304983791
2024-06-28 00:00:00-04:00,214.52214161134154,214.8204096554565,209.08377504858177,209.40191650390625,82542700,194.21526758335992,182.5438513331099,61.69964530257445,6.184255580763363,220.6492868903267,195.63191835055872,4.796050680000726,4194937300,55.58897679264298,46.10070203527217
2024-07-01 00:00:00-04:00,210.86342163866271,216.25207446959737,210.6944066158183,215.49647521972656,60402900,195.0498247455704,182.87173813795187,67.55050123233114,6.31689802952485,220.5489922037805,198.3648973632768,4.942772628978612,4255340200,60.95083844742342,45.9356338251809
2024-07-02 00:00:00-04:00,214.89994100712372,219.10548871515067,213.85602557275527,218.99612426757812,58046200,195.9888953150609,183.23118476610736,70.35134283730608,6.628007017078005,218.54410372415327,203.9688540395186,4.964679094222668,4313386400,57.85793015898607,46.169904002761584
2024-07-03 00:00:00-04:00,218.7276683957665,220.26870727539062,217.76327700783267,220.26870727539062,37369800,196.9410448037013,183.5997173283888,71.32072501985506,6.897737124563946,220.1872007326234,204.23465392232453,4.789018463746617,4350756200,52.0466858172248,46.53490882138161
2024-07-05 00:00:00-04:00,220.36814201808318,225.14038557018992,220.36814201808318,225.03102111816406,60412400,198.0426125023077,184.01196910739156,74.65973510799718,7.410357120740656,223.30406198790078,202.8768909743388,4.794922737393236,4411168600,50.568437823110486,47.41305494168102
2024-07-08 00:00:00-04:00,225.77666754871936,226.53228195249955,221.95887904834774,226.50245666503906,59085900,199.1586848224148,184.4347600283632,75.60480048269477,7.844913433498874,226.1988826583329,201.78226358190145,4.779099892161705,4470254500,56.5227250293117,48.36229942401165
2024-07-09 00:00:00-04:00,226.6118203351868,228.07332019577044,225.0608446065374,227.35748291015625,48076100,200.26452004154194,184.8618517983313,76.16116398588028,8.164184280045276,228.851214660031,201.27611484843257,4.652912441952515,4518330600,54.7560747878204,49.3882011505304
2024-07-10 00:00:00-04:00,227.97390377810078,231.73204187894612,227.9241899064988,231.6326141357422,62627700,201.4946413785694,185.32723251810654,78.76846054488134,8.662322228753226,232.22564965253753,200.0637688858739,4.633030051012327,4580958300,61.83642515339731,50.650434205710276
2024-07-11 00:00:00-04:00,230.0518217466028,231.04603853364384,224.46432825800636,226.25392150878906,64710600,202.4655935405388,185.73446325433224,68.60231920799237,8.524815828254617,233.76401223212793,200.28583721448666,4.814119752921148,4516247700,62.77710297784499,50.55900776889229
2024-07-12 00:00:00-04:00,227.59608461971035,231.2945719488415,227.3574671508641,229.2067108154297,53046500,203.5142648062208,186.1670229315571,70.82822632117981,8.555484139182823,235.51293317497036,201.30216285367547,4.83030051628767,4569294200,82.45687638676358,50.50349342814144
2024-07-15 00:00:00-04:00,235.11237576276483,235.8580383346859,231.7419815445035,233.04440307617188,62631300,204.6723094442581,186.6334645250359,73.46156736128611,8.788154316531234,237.44930905385544,202.93303347544142,4.960373873642565,4631925500,82.24766580747999,50.94845055522973
2024-07-16 00:00:00-04:00,233.64094209406048,234.9036016458956,230.9863851256273,233.4619903564453,43234300,205.80131653885368,187.09942000594546,73.73935407801191,8.90360766511344,238.85473768013586,205.06436632377037,4.885862634115832,4675159800,76.48401924380005,51.09196626802156
2024-07-17 00:00:00-04:00,228.12301581337556,230.12140106352723,225.3292693500046,227.5563201904297,57345900,206.6544539369547,187.5019762266866,63.60020859767577,8.421489361840543,238.56631362853983,207.97884628356957,5.117781089281896,4617813900,69.04459183523258,49.44844663074888
2024-07-18 00:00:00-04:00,228.9482429378798,229.1073212664266,220.98457185049298,222.88351440429688,66034600,207.29088768077204,187.8540313329315,56.930040968654176,7.575030521786061,238.07020507643338,209.9238602718739,5.332421684042733,4551779300,61.65381857037793,46.83765442170876
2024-07-19 00:00:00-04:00,223.5198165983548,225.4883615119168,221.9887143107171,223.01275634765625,49151500,207.90743155006163,188.2038693927795,57.06416560195821,6.835835283358506,237.45718630442002,211.89033566823622,5.201509220982515,4600930800,63.90569817068327,44.41334737045723
2024-07-22 00:00:00-04:00,225.69714393989972,226.4626951020567,221.799816014305,222.664794921875,48201800,208.4861516822896,188.54676417416354,56.553535801051865,6.151034851384509,235.51639508694296,215.5995106747758,5.163035640037456,4552729000,63.459036422383356,42.348313250336886
2024-07-23 00:00:00-04:00,223.07241159149987,225.6275559695254,221.3921828247117,223.70870971679688,39960300,209.08311474246636,188.89663427906538,57.77431746701428,5.627688287451235,234.58411363775113,217.62675672357702,5.096774033235758,4592689300,57.42947039774508,40.321068274167025
2024-07-24 00:00:00-04:00,222.70453756630337,223.499913948863,215.87427379105335,217.27610778808594,61777600,209.40440858739262,189.1790171000507,48.694629331860455,4.6403836941881025,234.88717038166425,217.09436444906493,5.292321311272027,4530911700,51.026395395952434,37.765207144145926
2024-07-25 00:00:00-04:00,217.663867640833,219.57277716709376,213.3787958392943,216.23220825195312,51391200,209.67216543698322,189.44820308166166,47.392942552718395,3.7306985519207956,235.4950835273632,215.94825143357428,5.356725598166844,4479520500,43.94090285902268,35.891639882489606
2024-07-26 00:00:00-04:00,217.43518879671294,218.22062848355827,214.76074345207394,216.69947814941406,41601300,209.94774632766678,189.71936004750995,48.06221452845363,3.0127422806891957,235.93029491390914,214.40216765119501,5.2212369862609505,4521121800,42.52062473940218,34.15189885380873
2024-07-29 00:00:00-04:00,215.70527849563507,218.0317421116191,214.50226952108,216.97787475585938,36311800,210.2234376385763,189.9905890495831,48.48273990074933,2.4381159595183135,236.00540211265084,213.05711619789602,5.1003966722808185,4557433600,36.733925012953605,32.5915701987992
2024-07-30 00:00:00-04:00,217.92238139381377,219.05578793157815,214.87012855591783,217.53463745117188,41643800,210.51015135671733,190.26465918293223,49.36570675953569,2.004539473218273,235.74504448807738,212.00776109460492,5.035058293950783,4599077400,34.61264909235419,30.854718251973168
2024-07-31 00:00:00-04:00,220.1593561933901,222.52559687691686,219.35404306544518,220.795654296875,50036300,210.91350441319412,190.56845017909086,54.30564782078658,1.902137137190607,234.34614254815784,211.96173505600882,5.031908374793226,4649113700,42.45558076571039,28.955447467185504
2024-08-01 00:00:00-04:00,223.07238943641994,223.18175387696277,215.76490601283376,217.09715270996094,62501000,211.15600042483203,190.83241736845275,48.52353099976119,1.5051934466209218,233.98878173868044,211.0981933589758,5.202261195460068,4586612700,34.38138674465927,27.43363183963817
2024-08-02 00:00:00-04:00,217.88260039056834,224.29531073215608,216.45094097639597,218.5885009765625,105568600,211.44747103470382,191.10859730485186,50.79841323805957,1.2960124288764803,232.85023105942867,210.82098272637865,5.3909832354814995,4692181300,37.7478945222077,25.73772100527992
2024-08-05 00:00:00-04:00,197.9386185328084,212.26528622278008,194.86649227009318,208.05975341796875,119548600,211.31461936345931,191.2772655248829,38.02291377418919,0.27745470455784016,231.45392043270562,208.8860067320079,6.700342197694916,4572632700,34.7464757102141,27.15058240743096
2024-08-06 00:00:00-04:00,204.11269368890086,208.7755724881847,199.90716125146164,206.03152465820312,69660500,211.10743917893947,191.42407407347315,36.13748317595504,-0.6855185099131234,229.30221786923136,207.38031386904987,6.855204271911211,4502972200,34.51495636715444,28.462525137999787
2024-08-07 00:00:00-04:00,205.703426053809,212.40445197195865,205.19638100586542,208.60655212402344,63516400,211.0093651767859,191.59504400432442,40.19230550947468,-1.2267572304170926,227.86611562385843,206.28978037223533,6.880409035781356,4566488600,42.126964452309096,28.869283015966307
2024-08-08 00:00:00-04:00,211.87751468101786,212.9612072079863,207.62226855649052,212.07635498046875,47161100,211.05120791418526,191.79883814339055,45.23791242367795,-1.3600311313756492,226.9400617045564,205.77487970169358,6.770304008332386,4613649700,47.88967251854932,29.124952186325693
2024-08-09 00:00:00-04:00,210.87339904235876,215.52632659839892,210.7441459978426,214.9894561767578,42201600,211.20564902252144,192.029590561633,49.11895019904437,-1.21656493405942,225.79927955677925,205.84588849335097,6.6282951934912395,4655851300,47.37587885899979,28.800101967030503
2024-08-12 00:00:00-04:00,215.06908018890428,218.49313190431408,214.60125621149956,216.52230834960938,38028100,211.41414546672095,192.27329919633925,51.08345474166867,-0.9680198490507621,224.7141618889746,206.1120079515202,6.4328366577286165,4693879400,52.19563924383924,27.88514944877357
2024-08-13 00:00:00-04:00,217.9954546002453,220.8621181746332,217.9954546002453,220.2449951171875,44155300,211.760453296151,192.55162452888501,55.57002007399574,-0.46529276282348064,223.7944528051314,206.5698884220821,6.283334741106846,4738034700,58.92079150381998,26.571981498052804
2024-08-14 00:00:00-04:00,219.54821978702563,221.99681536538918,218.68223972219693,220.69288635253906,41960600,212.1107447885584,192.8316370843443,56.09182046712765,-0.03038656808377027,224.4039966990668,206.41591500340718,6.071280519827233,4779995300,64.93844149984602,25.133202701954115
2024-08-15 00:00:00-04:00,223.55954635601313,224.30607198028108,221.72805861485108,223.67898559570312,46414000,212.56440129079937,193.1385758755021,59.50635502647212,0.5489055362876059,225.80390470608174,206.00891064222557,5.895702313249717,4826409300,65.21186951440367,23.356881097051936
2024-08-16 00:00:00-04:00,222.88270038911833,225.77922361016536,222.6139468974481,225.00283813476562,44340200,213.05218312781767,193.4556332114152,60.955996106120885,1.102118008226995,227.35181368530723,205.56811632771362,5.700671913211684,4870749500,70.10655425341974,21.943696058703726
2024-08-19 00:00:00-04:00,224.67435623990076,224.94310972106823,222.00676340736013,224.84356689453125,40687800,213.51459033435546,193.76795095950592,60.67457104841907,1.5102814356453962,228.65497224324412,205.31371672159963,5.507486399939814,4830061700,64.92794716970414,20.50788643303434
2024-08-20 00:00:00-04:00,224.72414631778543,226.11765487642407,224.4056213968942,225.46070861816406,30299000,213.98306556117151,194.08330178198014,61.417872084781436,1.8620870910847032,229.92909409156175,205.0964043622143,5.236382619910533,4860360700,64.06294678836727,19.410389618150386
2024-08-21 00:00:00-04:00,225.4706659840429,226.92389412945442,224.00747444255492,225.35121154785156,34765500,214.428875207708,194.39442526223758,61.19685662219717,2.1077631278731133,230.75117695489644,204.88172913234314,5.070670981838317,4825595200,71.05572923114485,18.55561746602519
2024-08-22 00:00:00-04:00,226.73474533285912,227.28220046938023,222.86276654997636,223.48985290527344,43695300,214.78420766643606,194.68393200495436,57.414506127863476,2.1277398105315797,231.4723691784364,205.01289693484483,5.024154048807285,4781899900,62.05693630401802,17.487468849053716
2024-08-23 00:00:00-04:00,224.61464290366072,227.16278137803022,223.29080225181497,225.78916931152344,38677300,215.21577478977284,194.99343685377596,60.649932344123016,2.3025645622807644,232.47982009799262,204.96553512661677,4.941855840050711,4820577200,75.64519519310673,16.49561656186592
2024-08-26 00:00:00-04:00,225.70952621277567,226.2271215594374,222.8528263811224,226.12757873535156,30602200,215.64368866999163,195.30322931030906,61.118147166242686,2.440291093189842,232.87934358555802,206.9750550147024,4.8298872213553015,4851179400,79.97917125438967,15.459024206724749
2024-08-27 00:00:00-04:00,224.9530683997657,227.7898720189865,223.84820980142854,226.97366333007812,35934600,216.08800140175973,195.6183580070232,62.325147143108374,2.587880837576108,232.35562572834763,210.29105802816278,4.76644257822692,4887114000,79.1495386803223,14.89289063602172
2024-08-28 00:00:00-04:00,226.864148811834,228.79516410710562,224.6345202420592,225.44078063964844,38052200,216.45477705814753,195.91509853073094,58.76584303166157,2.5517410684134063,231.28132614908733,213.60992140950643,4.72317124157117,4849061800,78.92225793162785,14.616491192412365
2024-08-29 00:00:00-04:00,229.03408635152135,231.8410150307569,227.8197366882459,228.7255096435547,51906300,216.93598225757526,196.24157028309736,63.56725515346108,2.756376428287979,230.97080837754268,216.1403264694625,4.842961466538119,4900968100,79.40820631930845,15.05672783051991
2024-08-30 00:00:00-04:00,229.12366833084764,229.3326870197365,226.42621547495946,227.93917846679688,52990800,217.36748014813298,196.55696936950235,61.71461728051314,2.8225643066444945,230.54760893500534,218.29015555067176,4.7046407578409,4847977300,70.67235961767301,15.023315327560486
2024-09-03 00:00:00-04:00,227.4912604304481,227.9391727978887,220.1454429272487,221.738037109375,50190600,217.53887453876993,196.8075272574613,49.46989617889201,2.3475769884497595,229.49586251595417,220.03733247102497,4.925290385105705,4797786700,62.43550646165105,14.538815758483143
2024-09-04 00:00:00-04:00,220.6331648046219,220.75260404502964,216.47252073588626,219.82691955566406,43840200,217.62860179433443,197.0365759370454,46.41352652714053,1.7962290911242746,229.57790426785914,219.8995473109169,4.949592241418778,4753946500,55.20894480246501,14.819596918258592
2024-09-05 00:00:00-04:00,220.60331260233696,224.43546851590304,220.49382156548631,221.34983825683594,36615400,217.77453263600114,197.2784989452025,49.111623042375605,1.465277910223449,229.48438465022963,220.080660515786,4.925232007048792,4790561900,54.433756234515506,14.17109607651472
2024-09-06 00:00:00-04:00,222.91254804497814,224.1965806221913,218.75191919539128,219.79705810546875,48423000,217.853847360294,197.50256421047877,46.53865682908961,1.0654188486083171,229.82870844685655,219.21874638712782,4.962334108459594,4742138900,46.43873351974223,13.918275123672668
2024-09-09 00:00:00-04:00,219.79706302441255,220.24497537072617,215.7061019102892,219.8866424560547,67180000,217.9335648150297,197.72529135720094,46.7121111700326,0.7471437616505057,229.95761825701348,218.40767715314277,4.932086919315121,4809318900,44.52281842504112,14.251721017719754
2024-09-10 00:00:00-04:00,217.905857501112,220.45399594379384,215.72600018375593,219.09034729003906,51591000,217.97892883365753,197.93787897842324,45.30503254107127,0.42574635820767526,230.08880861511236,217.5093908477783,4.917508979366749,4757727900,38.21455086476818,14.505991256896396
2024-09-11 00:00:00-04:00,220.43410202901993,222.05654079085224,216.88063262193214,221.6285400390625,44587100,218.12205084171262,198.17360694917588,50.43055489110658,0.3715643798403221,229.85388844049342,217.23335521185035,4.935966064334846,4802315000,39.07898457346149,14.31126053571
2024-09-12 00:00:00-04:00,221.46928361366915,222.51442259643306,218.8017058249269,221.738037109375,37455600,218.2638542247582,198.4080788910684,50.64542734463343,0.3336145690094554,229.59443992166447,217.0110471388824,4.848591114847084,4839770600,45.419121955364176,14.006608048616144
2024-09-13 00:00:00-04:00,222.54426752163744,223.00212806640087,220.8820056188433,221.46926879882812,36766600,218.3895567570747,198.63754346726503,50.07168208286448,0.2786397286965041,229.52413418255512,216.81194166379905,4.6537004957549755,4803004000,45.19832232160877,13.586321135601901
2024-09-16 00:00:00-04:00,215.53686848493908,216.213726272445,212.92901053484562,215.31790161132812,59357400,218.2690996925356,198.8035171801413,39.14214501736101,-0.2583144629013532,229.75362151982984,215.18628529983164,4.931311764914085,4743646600,43.37460702855834,14.737404151795186
2024-09-17 00:00:00-04:00,214.75053008791312,215.89519659483264,213.50632075947794,215.78570556640625,45519300,218.17171168758935,198.97249417900963,40.210973429075956,-0.6387436198689329,229.49394641224328,214.06704398489214,4.749709198516986,4789165900,44.01449491301099,15.806266952546094
2024-09-18 00:00:00-04:00,216.54221012404864,221.67831024616868,216.5322467283196,219.66766357421875,59894900,218.23037646745718,199.17841626254406,48.32188457329573,-0.619849658238877,228.54236482873472,214.04449226761943,4.831344590034518,4849060800,45.68612596887509,15.267147859397868
2024-09-19 00:00:00-04:00,223.94775287051627,228.75538000957175,223.58941994126667,227.8097686767578,66781300,218.6060389070376,199.46330534129245,60.44298879938786,0.05152977467369624,229.14446723622513,213.75825493174364,5.135371150414409,4915842100,46.819898140571226,14.970128596215188
2024-09-20 00:00:00-04:00,228.90467282845125,232.01021467188832,226.56555305015522,227.1428680419922,318679900,218.9408165201731,199.73872387562778,59.21781691781096,0.5237520173484143,228.67165242501443,214.02005086274596,5.157463326937173,4597162200,67.4191860567734,15.211133681290187
2024-09-23 00:00:00-04:00,226.2868480598011,228.38707413181643,224.7639369712135,225.42088317871094,54146000,219.19493678129223,199.99426774929032,56.058140151026095,0.7503917110643101,227.9890097550298,214.36692082765248,5.0478686007704425,4543016200,67.09505901378233,15.04375925967918
2024-09-24 00:00:00-04:00,227.59078065470555,228.28755007923567,224.6843092769655,226.31671142578125,43556100,219.47422206146825,200.256182611743,57.33357028346914,0.990869032561676,228.7616558533342,214.20476463820225,4.944680900877565,4586572300,71.56343879750627,14.87062216872931
2024-09-25 00:00:00-04:00,223.88801837861104,226.2370864319121,222.98224544035924,225.32135009765625,42308700,219.70352120014232,200.50558726334413,55.40914787937685,1.0885831923737328,229.30845234053464,214.39055888993408,4.829665549773597,4544263600,67.38332414953399,14.322485766563272
2024-09-26 00:00:00-04:00,226.24703661091274,227.44147457763864,224.36579263659118,226.4660186767578,36636700,219.96871717961744,200.76390001372636,57.1887897068394,1.244046957028047,229.98720030539275,214.3939683143989,4.7043810062931595,4580900300,71.97619254521192,14.048137842148757
2024-09-27 00:00:00-04:00,227.40166606122023,228.45675318264773,226.24703611440785,226.73475646972656,34026000,220.2340520537394,201.0223164958756,57.616468427032906,1.3731096512017018,230.6474928103214,214.65870225803798,4.52619072500364,4614926300,78.07579158109189,13.992458449895379
2024-09-30 00:00:00-04:00,228.97432934379907,231.92062377929688,228.58613663255096,231.92062377929688,54541900,220.6923489841534,201.32976233949177,64.90281408337111,1.8722665941103003,232.52168387471184,214.38904203674647,4.573310481044117,4669468200,83.57621723461273,14.576670558213776
2024-10-01 00:00:00-04:00,228.4567427059963,228.58613014733984,222.70352002656801,225.16207885742188,63285000,220.8676325085953,201.56689981728212,52.28682305518526,1.7028644149391425,232.64869739300903,215.07159272743368,4.9050100004501695,4606183200,77.26699490869017,13.73982923756003
2024-10-02 00:00:00-04:00,224.84356992020335,226.31670960653594,221.98686997976517,225.7294464111328,32880600,221.05829187732226,201.80732316647467,53.11082159410908,1.5959961373667113,232.8824512805005,215.38462635621823,4.863926402330212,4639063800,73.71513789627072,12.8134985493129
2024-10-03 00:00:00-04:00,224.09704443839323,225.75930638603796,222.28548343692833,224.6245880126953,34044200,221.19814662772905,202.03436062763112,51.25452598661898,1.4059425874005171,232.98215225676714,215.66979883372764,4.764633298528742,4605019600,70.07000991416166,11.953334338797712
2024-10-04 00:00:00-04:00,226.8442543024003,226.9437971307691,223.09172964492672,225.74935913085938,37245100,221.37662554942045,202.2703307619916,53.05343882469556,1.3307434270537613,233.15343331726874,216.06919648416354,4.699450026194002,4642264700,75.55146179241189,11.420281402670087
2024-10-07 00:00:00-04:00,223.4600360693569,224.64452599576788,220.30472246057153,220.66305541992188,39505400,221.3486424070872,202.45334294764265,44.97117733904507,0.850916513350569,232.2878718270479,217.64744514886357,4.752677643629277,4602759300,71.21260109941628,10.931184927048955
2024-10-08 00:00:00-04:00,223.26094483680066,224.93315503301397,222.2158058701156,224.72413635253906,31855700,221.48101471867355,202.67494288201974,51.344622367480135,0.7892475640386181,231.0132116342671,220.11389611312873,4.718207784305193,4634615000,70.35659532042041,10.405456293792142
2024-10-09 00:00:00-04:00,224.1866374402548,228.68570318762718,223.78849648056692,228.47666931152344,33591100,221.7553541144716,202.9316764783332,56.37278241769802,1.031284519977703,230.76736701209123,221.53427483361187,4.730993421644841,4668206100,69.20975232897027,10.282193775853358
2024-10-10 00:00:00-04:00,226.72481576308653,228.43684913724616,226.11764095959848,227.97897338867188,28183500,221.99941761542064,203.18090331326195,55.55279272561295,1.1694598446599969,230.7956021979825,221.52860027597583,4.561567345236278,4640022600,53.210254174151764,10.167735723481629
2024-10-11 00:00:00-04:00,228.23778864704394,228.34727968813561,226.28686151162026,226.4958953857422,31759200,222.17575007700188,203.4128932841324,53.07528045834997,1.1460814709476494,230.72712487249356,221.51081458063146,4.382913833184784,4608263400,55.3925892478618,10.06145324627931
2024-10-14 00:00:00-04:00,227.64055393917852,230.65651637799863,227.54102629778745,230.228515625,39882100,222.49154480437437,203.67971539697686,58.135717914372606,1.4124632032682314,231.4592197434674,221.4197373691628,4.367035773118474,4648145500,55.13303078453134,10.506351192672344
2024-10-15 00:00:00-04:00,232.527799450427,236.38983016358188,231.29353829774286,232.76669311523438,64751400,222.8944917969571,203.96913806084012,61.19988376168147,1.8075460901675342,232.79651918352192,220.94243548770203,4.4951985420801455,4712896900,64.55203754884064,12.009003517436712
2024-10-16 00:00:00-04:00,230.52712470524975,231.0447048824563,228.7752681420796,230.70628356933594,34082200,223.2008365723445,204.2351793096809,57.51944532647609,1.9321219940179049,233.384836781732,221.07210901904924,4.459214715728334,4678814700,58.265500697079695,12.658722172480282
2024-10-17 00:00:00-04:00,232.348638945834,232.76670668063704,229.4521309302649,231.07456970214844,32993800,223.50961042057213,204.5022379205512,58.005580493526885,2.037084664392637,233.96321861672888,221.10820065410448,4.377454789631463,4711808500,58.231339731336995,13.573159416631826
2024-10-18 00:00:00-04:00,235.0859033854084,235.0859033854084,232.92595759952005,233.911376953125,46431500,223.91752283361342,204.79486616963158,61.64642289869193,2.322403749073061,235.1601948400336,220.86810716191954,4.351303282033498,4758240000,57.656919056531194,14.81701620023349
2024-10-21 00:00:00-04:00,233.36392650842956,235.75281781754072,233.36392650842956,235.384521484375,36254500,224.3672090552119,205.0992408493803,63.42001612346294,2.636994005955728,236.07253704692775,220.41761798236914,4.2111309982533305,4794494500,67.54408189714516,16.082665870086807
2024-10-22 00:00:00-04:00,232.80651969699693,235.12572795126604,231.52250221800776,234.76739501953125,38846600,224.7750594851852,205.39444636351115,62.123968870733194,2.8041871786146544,237.1581847696296,220.61267908128184,4.186194445975753,4755647900,66.60079318731488,16.665633389848335
2024-10-23 00:00:00-04:00,232.99563706556216,234.05072423456664,226.7049068825192,229.69100952148438,52287000,224.9678418395499,205.63620321085418,52.60134846924104,2.498268602607368,237.25363540481726,221.04543686080774,4.46307256676406,4703360900,64.27065209205838,15.87705204165359
2024-10-24 00:00:00-04:00,228.91461372105516,229.75073396519565,227.35189464165862,229.50189208984375,31109500,225.1456477317183,205.87367275193867,52.27983944011782,2.2150322182815216,237.20945489303827,221.73992458287321,4.3156273351049865,4672251400,58.18738745145018,15.144797932615614
2024-10-25 00:00:00-04:00,228.6757355296476,232.1396101862481,228.50652487676712,230.33799743652344,38802300,225.34926928876948,206.1170988682032,53.629281506099005,2.0345787001741087,237.26058514904437,222.3006127676223,4.2668743332747,4711053700,65.27560124880159,14.9996966344536
2024-10-28 00:00:00-04:00,232.23917058038825,233.6426273223557,231.4727332926884,232.31878662109375,36087100,225.6225836939587,206.37781217917723,56.74963679050191,2.028023329483915,236.30960853975947,224.80568687039678,4.198142587028812,4747140800,65.62170068706101,15.181582823134189
2024-10-29 00:00:00-04:00,232.02018805231754,233.24448591818899,231.24380255804743,232.58753967285156,35417200,225.89571922254274,206.63860548757202,57.17075159119408,2.0212149682060385,235.98187050228574,226.18187868391215,4.041181213679722,4782558000,59.282201361368486,15.280797875524895
2024-10-30 00:00:00-04:00,231.5324398883544,232.38845656475567,228.48661770128336,229.03407287597656,47070900,226.01879191483428,206.86144595909846,50.20960059815914,1.7093795564204868,235.9473688077794,226.2907008536789,4.045448410671756,4735487100,52.38768026015368,14.563769602640644
2024-10-31 00:00:00-04:00,228.27758291037028,228.76531846185907,224.32597264925337,224.8634796142578,64370100,225.9734855501058,207.04057067208512,43.512972731723025,1.1128870555805008,236.4742585101392,225.34841198139728,4.0927806832468585,4671117000,49.60846990453558,14.17430138186197
2024-11-01 00:00:00-04:00,219.9463649274566,224.30607958110733,219.2496106921502,221.87738037109375,65276700,225.81285397445828,207.18820061933897,39.45539474781558,0.3946598055465529,237.46865321763167,223.73821527195165,4.201429843165483,4605840300,41.39541475954241,14.799251123076303
2024-11-04 00:00:00-05:00,219.96627293386246,221.75792231303782,218.69220372782075,220.98153686523438,44944500,225.62339055841028,207.3254477461638,38.301473427006385,-0.24401469914172935,238.3692045340789,221.60473345420235,4.128840328887448,4560895800,32.0297612729899,15.476751460613231
2024-11-05 00:00:00-05:00,220.7725208689619,222.91255498009295,220.11557465497725,222.4148712158203,28111300,225.49756627046557,207.47559126327482,41.26148111540937,-0.6272798506412016,238.32934894569482,220.26434612266453,4.03370747147518,4589007100,36.965036276198575,15.769504504862326
2024-11-06 00:00:00-05:00,221.57875664968802,225.02273483375984,220.16533664224426,221.68824768066406,54561100,225.34818122772828,207.61701073011452,40.20835357219596,-0.9783745977755416,238.44490731676032,218.94638296644283,4.092542522906638,4534446000,38.974258988893915,15.448629169966496
2024-11-07 00:00:00-05:00,223.5894200604507,226.82436463330757,223.52970043689453,226.42620849609375,42137700,225.39045680687985,207.80416692679094,49.29588724757436,-0.8643422736695925,238.10831921521282,218.6631895738497,4.1670835536021285,4576583700,38.38212868313949,14.673934418186857
2024-11-08 00:00:00-05:00,226.366414165256,227.8511489598711,225.60910803907555,226.15716552734375,38328800,225.4205238155255,207.986783828289,48.8419318135578,-0.7866127719635756,237.17696230247356,218.5606516298181,4.029580508401659,4538254900,38.45653922489927,13.689287956629036
2024-11-11 00:00:00-05:00,224.20409384410638,224.90161465065876,220.7164746065314,223.4368133544922,42005600,225.34273124842616,208.14051546536564,44.3906768948488,-0.933757492142604,235.69082616739348,218.45376001424717,4.130374109288137,4496249300,38.378339118869725,13.866041437454404
2024-11-12 00:00:00-05:00,223.75568869738083,224.79200315214243,222.5698957238352,223.4368133544922,40398300,225.26798937023267,208.29271743441168,44.3906768948488,-1.0384007060475824,234.0454824725102,218.5883594871252,3.99406934636093,4536647600,45.79130619987021,14.030169669649391
2024-11-13 00:00:00-05:00,223.21759527142092,225.8482560889112,221.97201694486657,224.32366943359375,48566200,225.2309572158547,208.45222939460257,46.24302184021848,-1.0378061498790316,233.52495155397213,218.3932450606112,3.985652903338337,4585213800,52.27999307268814,13.874289918950767
2024-11-14 00:00:00-05:00,224.2240421118748,228.06041440281584,224.204108600429,227.4127197265625,44923900,225.3165165300001,208.6408909899455,52.213828498694376,-0.7790935124175178,233.1941659319036,218.44547436757554,3.9764138246989438,4630137700,52.69577709180918,13.111823342544108
2024-11-15 00:00:00-05:00,225.59912786989784,226.1172926822584,223.47667285882866,224.20408630371094,47923700,225.27289181524364,208.79574865475908,46.44347197743767,-0.8234792289082691,232.40835903303545,218.4134264487354,3.973530470630007,4582214000,46.036381054259216,12.588096300084118
2024-11-18 00:00:00-05:00,224.45320372664565,228.92732633570628,224.3734848929754,227.21340942382812,44633700,225.34899054499206,208.97900896091897,51.821285274520534,-0.6088100202360351,231.12384001405846,219.01722850807695,4.027081153584674,4626847700,52.344914589479465,12.030226099169676
2024-11-19 00:00:00-05:00,226.17708394083317,229.34584301691135,225.8582238051146,227.4724884033203,36211800,225.43226497080886,209.1630236817389,52.265683233897064,-0.4130166188354849,229.48849929985974,219.97056238633817,3.9885481577426796,4663059500,59.00331736102923,11.619370427262142
2024-11-20 00:00:00-05:00,227.25326410482543,229.11664435033194,225.0909420304879,228.18994140625,35169600,225.54040914474774,209.35234624616191,53.54361659174811,-0.19767776999640319,229.24350801419368,220.10300280937403,3.9912020264642054,4698229100,61.81203294216695,11.008833438047343
2024-11-21 00:00:00-05:00,228.07036655131708,229.34583747298603,224.9115819089953,227.71163940429688,42108300,225.62555542943596,209.5350257800737,52.533874746431096,-0.06486740402476698,229.6792673992164,220.0469980630232,4.0228487077161015,4656120800,64.09901103761354,10.508453649271791
2024-11-22 00:00:00-05:00,227.2532593649619,229.9038535446,227.2532593649619,229.05685424804688,38168300,225.7601161674207,209.72927282950627,55.09857666071043,0.14723611701026584,230.30074497827468,220.38278366755867,3.924830527139101,4694289100,71.31581422176627,10.212376184755076
2024-11-25 00:00:00-05:00,230.64124862727573,232.42491005721112,228.92733167542056,232.04624938964844,90152800,226.00663119574338,209.9513322977664,60.239921199213015,0.5502064525699097,231.49530850630748,220.66351514278108,3.8943125167570622,4784441900,74.18367844495046,10.651948315129658
2024-11-26 00:00:00-05:00,232.50462429580293,234.73670603206307,232.50462429580293,234.22850036621094,45986200,226.32905743772253,210.192896159144,63.523419351413594,1.0337364919214167,233.26843333769173,220.46554086478224,3.808322811446889,4830428100,73.93815731509366,11.630197967641626
2024-11-27 00:00:00-05:00,233.640604190904,234.85628986853752,232.9829351774668,234.09896850585938,33498400,226.63375983255142,210.430767525778,63.189844412154805,1.390457069597005,234.40522021530262,220.98351676386403,3.6701108028485905,4796929700,73.63415820027828,12.567147247729293
2024-11-29 00:00:00-05:00,233.97938842310504,236.96877632211965,233.14236346053607,236.490478515625,28481400,227.02029782012295,210.69006813264218,66.66982938395631,1.8448690663372815,236.33014126581006,220.40049838262743,3.681275235615375,4825411100,73.26498893566377,13.928480760595212
2024-12-02 00:00:00-05:00,236.4306920263062,239.93822952974793,236.32108052902282,238.7424774169922,48137100,227.47999113764723,210.96919658323273,69.5856996695345,2.359512348606529,238.58721925383702,219.82146197988692,3.67669479026607,4873548200,80.20312486261675,15.786200069517287
2024-12-03 00:00:00-05:00,238.96170621081686,241.90126799408412,238.05492154808562,241.79165649414062,38861000,228.04123291633326,211.27588772662486,73.0265557559161,2.9790732243608886,241.17180342258501,219.6841902297587,3.6888127656755296,4912409200,80.24676795991903,17.852908148038782
2024-12-04 00:00:00-05:00,242.01088645785893,243.2465056559754,240.3966217802532,242.150390625,44383900,228.59453321863393,211.5830967106883,73.40772566779357,3.459151582192959,243.20005288836552,220.15108440004593,3.628889273536005,4956793100,80.22701404493844,19.991189543631787
2024-12-05 00:00:00-05:00,243.12691898237586,243.6749612569442,241.27349790971317,242.18026733398438,40033900,229.12730710551043,211.88754616962657,73.44138708043029,3.7982441460864607,244.78901238476502,220.9430046236985,3.541215993085648,4996827000,80.16130486606427,22.04641963764917
2024-12-06 00:00:00-05:00,242.0507319698173,243.7646488451358,241.2236661935451,241.98097229003906,36870600,229.6313724068645,212.1869832454516,72.77957484075536,4.004731944536303,246.190771174444,221.48367950914977,3.4697707544074374,4959956400,81.20113650573151,23.970198047703793
2024-12-09 00:00:00-05:00,240.97455722335047,246.36542364679892,240.89483838917155,245.8771514892578,44649200,230.26846178264464,212.52220880011635,77.12037619061084,4.43167848121351,247.8586409264605,222.70555178187283,3.612686076066004,5004605600,81.30544186391478,26.178641997551164
2024-12-10 00:00:00-05:00,246.0166626912396,247.33200068563022,244.47214254503118,246.8935546875,36914800,230.92042621028602,212.86421224178187,78.10145101051933,4.796757892074339,249.62777771188345,223.56043436493948,3.558912652104078,5041520400,81.41675541137243,28.37208937034533
2024-12-11 00:00:00-05:00,247.0828737526952,249.91282389632013,245.38887516358946,245.61807250976562,45205800,231.4968044965401,213.19012129917476,73.82345224041364,4.9263769958973285,250.5924992258367,225.01512406517892,3.6278438007202634,4996314600,87.30692351598476,30.75682197893847
2024-12-12 00:00:00-05:00,246.01666340683192,247.8601253939288,244.81093690846672,247.0828857421875,32777500,232.10802336891845,213.5273627364187,75.48425906058931,5.088640574460129,251.53403202312347,226.5926505126838,3.586511278201822,5029092100,88.20820516475592,32.664724731925695
2024-12-13 00:00:00-05:00,246.9433725816478,248.40815863747187,245.36895982515324,247.2522735595703,33155300,232.70191553325773,213.86293398839038,75.6764435902097,5.1712923713081125,251.86601772075036,228.86608270242672,3.5474175306387368,5062247400,88.16384545174984,34.516475116482624
2024-12-16 00:00:00-05:00,247.11276354004562,250.49077111704125,246.7739547032778,250.15196228027344,51694800,233.38623109196422,214.2240188470161,78.7478059953666,5.408430145745854,252.53199363710712,231.01278785703352,3.5595174508619296,5113942200,87.47029771120327,36.524121116272255
2024-12-17 00:00:00-05:00,249.1953766416157,252.93211150871377,248.89643481128522,252.58334350585938,51356400,234.13905902976404,214.60570366949216,80.92301094589456,5.726543654873495,253.82852779635715,232.45453291327829,3.5935288256166884,5165298600,87.66662966372303,38.680748099692345
2024-12-18 00:00:00-05:00,251.26802371656945,253.38051965426092,246.86366065893745,247.1725616455078,56774100,234.65017677940108,214.92975200756197,64.9830234945685,5.478888806727525,253.71949906238936,234.28943648448566,3.8023381234528872,5108524500,78.40227770658947,39.6184576319132
2024-12-19 00:00:00-05:00,246.6245097734382,251.1085917693189,246.21595643132494,248.90640258789062,60882300,235.2092444581654,215.2678281327394,67.21180436449403,5.3607318492337015,253.4015382092756,236.58172188187024,3.880216495920107,5169406800,69.67890408926155,40.166367323139816
2024-12-20 00:00:00-05:00,247.16260139536695,254.09798847685343,244.82092317346877,253.5897979736328,147495300,235.9300504783798,215.64914126548462,72.33415117517347,5.58067196345894,254.2538347493484,238.00933460286512,4.265705696453289,5316902100,74.02091080514113,41.16045580728436
2024-12-23 00:00:00-05:00,253.8688035675433,254.74568039470608,252.55346551957817,254.36703491210938,40858800,236.65306947578097,216.03439393858537,73.08562364463502,5.751394122534236,255.2452255285135,239.10121815638237,4.117599209215763,5357760900,74.16935210241994,42.17929976907208
2024-12-24 00:00:00-05:00,254.58626151312842,257.2966260773909,254.386956808638,257.28668212890625,23234700,237.4622307562957,216.44486446784228,75.75025912757528,6.0525141775937925,257.17511956020485,239.2373275426597,4.032741491791889,5380995600,73.46138844885888,43.476230008637835
2024-12-26 00:00:00-05:00,257.27667867815336,259.1799258751944,256.7186620602343,258.1037292480469,27237100,238.27170128538398,216.859380535307,76.45283545446327,6.2846374760750905,258.87497732460025,239.6645815946706,3.920493086303903,5408232700,73.04802516906251,44.90874466420727
2024-12-27 00:00:00-05:00,256.917949151404,257.78489719249416,252.16483330495137,254.68588256835938,42355300,238.9153946690301,217.2357636401135,67.62626540992702,6.1222319209377645,259.2631277579646,240.94384652588957,4.0646647189318745,5365877400,72.26531845133776,44.21355510736256
2024-12-30 00:00:00-05:00,251.33776924994547,252.60328106925755,249.86300878941353,251.30787658691406,35557500,239.40137435208436,217.57478963958417,60.22558086046662,5.6557515140232795,258.7965831372212,242.6539783862163,4.1188225089328725,5330319900,66.7423558905443,42.735271926607744
2024-12-31 00:00:00-05:00,251.5470385357527,252.38406352835983,248.54767617168994,249.5341796875,39480700,239.7987392671987,217.89279352065796,56.7159200524125,5.084330912481477,258.65144307079197,243.28672221241115,4.098648569485516,5290839200,61.16794245890056,40.91791606779674
