Date,Open,High,Low,Close,Volume,EMA_50,EMA_200,RSI,MACD,BB_High,BB_Low,ATR,OBV,MFI,ADX
2018-01-02 00:00:00-05:00,52.290346969646514,53.43048210425983,52.290346969646514,53.292930603027344,31766000,,,,,,,0.0,31766000,,0.0
2018-01-03 00:00:00-05:00,53.32868679132137,54.429595175331535,53.30386031030047,54.20216369628906,31318000,,,,,,,0.0,63084000,,0.0
2018-01-04 00:00:00-05:00,54.478754373376354,54.82585910593442,54.33822505255014,54.4127082824707,26052000,,,,,,,0.0,89136000,,0.0
2018-01-05 00:00:00-05:00,54.794578959789895,55.297609768864895,54.71264361524069,55.13423538208008,30250000,,,,,,,0.0,119386000,,0.0
2018-01-08 00:00:00-05:00,55.1694915750602,55.57469778684399,55.11983482392327,55.32889175415039,24644000,,,,,,,0.0,144030000,,0.0
2018-01-09 00:00:00-05:00,55.53893936900628,55.53893936900628,55.03044550015355,55.25837326049805,26808000,,,,,,,0.0,117222000,,0.0
2018-01-10 00:00:00-05:00,54.97085541593529,55.25787724388253,54.82089257253988,55.12678146362305,20734000,,,,,,,0.0,96488000,,0.0
2018-01-11 00:00:00-05:00,55.23454153284793,55.36067050615808,54.94503818383028,55.22163009643555,22424000,,,,,,,0.0,118912000,,0.0
2018-01-12 00:00:00-05:00,55.12480171204202,56.177538476446756,55.021017700252045,56.145263671875,38586000,,,,,,,0.0,157498000,,0.0
2018-01-16 00:00:00-05:00,56.62495114176238,57.05051709977311,55.94712722945501,56.147743225097656,36462000,,,,,,,0.0,193960000,,0.0
2018-01-17 00:00:00-05:00,56.42880251968211,56.575787550755734,55.78970916473686,56.56486511230469,27830000,,,,,,,0.0,221790000,,0.0
2018-01-18 00:00:00-05:00,56.57727636394682,56.638851942112325,55.83787691226107,56.4094352722168,27498000,,,,,,,0.0,194292000,,0.0
2018-01-19 00:00:00-05:00,56.51173441417679,56.797263569183215,56.23712769838544,56.78335952758789,30552000,,,,,,,0.0,224844000,,0.0
2018-01-22 00:00:00-05:00,56.79925220323572,57.94435420687602,56.699934914928505,57.80928421020508,29550000,,,92.95867937075388,,,,0.8038132621531925,254394000,72.3464530355979,0.0
2018-01-23 00:00:00-05:00,58.1300708422983,58.521869311767695,57.96272603883527,58.405670166015625,39138000,,,94.03246870893149,,58.35526560239743,53.14384582745283,0.7972969649681513,293532000,75.08566673941439,0.0
2018-01-24 00:00:00-05:00,58.843158303476095,58.9459497156004,57.97017764820767,58.16334533691406,37128000,,,88.15021777675243,,58.58669598278056,53.56180407825459,0.810045186569907,256404000,75.59039597977657,0.0
2018-01-25 00:00:00-05:00,58.631116433581106,58.84414756935424,58.1906538179645,58.702125549316406,29984000,,,89.6939017425152,,58.99327977045011,53.75521520432202,0.8008135469892121,286388000,75.93426489733754,0.0
2018-01-26 00:00:00-05:00,58.969782607908584,58.97127151489258,58.001462668878254,58.97127151489258,42170000,,,90.36887412543373,,59.37303668685018,53.983266718911544,0.8128846397767201,328558000,76.72296135765491,0.0
2018-01-29 00:00:00-05:00,58.99311648986224,59.489691531734586,58.79746352899024,58.91763687133789,31494000,,,89.11633514369686,,59.707012408467094,54.15374452919566,0.8042663085601217,297064000,77.18244660185401,0.0
2018-01-30 00:00:00-05:00,58.48264531402683,58.989646560576546,58.323241339787685,58.46526336669922,37338000,,,79.15154369530143,,59.87426709279752,54.404672726538415,0.7944190880050316,259726000,75.07531813536372,0.0
2018-01-31 00:00:00-05:00,58.78504656639609,58.90969041381841,58.20355839248685,58.706092834472656,36022000,,,80.40756351369535,,60.01103525486942,54.727600507663134,0.7881128689569267,295748000,80.23226560710353,0.0
2018-02-01 00:00:00-05:00,58.39672389529258,58.9658007034218,58.067493664725596,58.6748046875,73514000,,,79.73547100791822,,60.02830936837995,55.18339615733619,0.7959838810811607,222234000,67.85825638545842,0.0
2018-02-02 00:00:00-05:00,55.98486707044241,56.17753844741779,55.17793255092181,55.576683044433594,117842000,,,42.15855320696117,,59.963659080595654,55.29538683818689,0.9889044707595199,104392000,52.86828830893008,0.0
2018-02-05 00:00:00-05:00,54.653547344759666,55.36762405397603,52.47507578397444,52.755638122558594,83550000,,,28.83362125633026,,60.71882467878545,54.08827116675491,1.1398118128809223,20842000,43.788981959833215,0.0
2018-02-06 00:00:00-05:00,51.344873376973354,53.99658258646535,51.147731486675085,53.850093841552734,76630000,,,37.13518352690579,,60.971106678742466,53.52963591565858,1.261886047660161,97472000,41.003582048226164,0.0
2018-02-07 00:00:00-05:00,53.87690357172494,53.95436839993548,52.369796488951565,52.409027099609375,51942000,,,31.864544632867734,-0.08505291463809783,61.40748020717411,52.539150652200895,1.2849350378975721,45530000,39.78566574302142,0.0
2018-02-08 00:00:00-05:00,52.63050455543954,52.83211316584392,49.89090059433726,50.04037094116211,66792000,,,25.466472991052044,-0.5356964589043542,62.176623511647456,50.92079877025359,1.403240576012507,-21262000,34.09554226685016,0.0
2018-02-09 00:00:00-05:00,50.942644699709525,52.22579456653236,49.508535579311385,51.955162048339844,98360000,,,36.55649947082018,-0.7299130909175418,62.2989923785276,50.1546702394737,1.4970990339559689,77098000,38.942066848426364,58.06822340948001
2018-02-12 00:00:00-05:00,52.471597901569,52.91354941138,51.916428851689155,52.3668212890625,56240000,,,38.669306983381155,-0.8409201071560659,62.160827201084686,49.567173694097605,1.461386285794174,133338000,39.82346770801462,56.93747538346694
2018-02-13 00:00:00-05:00,52.140383528081415,52.69754158754058,51.987439069853544,52.34596633911133,31586000,,,38.599176505064314,-0.9199719237817163,61.829867499813716,49.09017288511467,1.4077231595008066,101752000,35.51772595706862,55.887495073597655
2018-02-14 00:00:00-05:00,52.35490114383803,53.405156331166495,52.13045127850478,53.26760482788086,41304000,,,43.4777824321495,-0.8979020781731109,61.41709542480548,48.850179558918484,1.3982218661551573,143056000,36.120399281815004,54.20803348895455
2018-02-15 00:00:00-05:00,53.80142661926968,54.33028028169146,52.99598103659152,54.194217681884766,37396000,,,47.955140089579864,-0.7964605517709202,60.82978865137103,48.83643195002871,1.3936559646512128,180452000,35.47552201792557,51.80753966266716
2018-02-16 00:00:00-05:00,54.294526453116944,55.035914979239195,54.203653877538265,54.399803161621094,39948000,,,48.92189453219766,-0.6915071175820202,60.102589428726645,48.95410205890356,1.3542303455585853,220400000,35.923935263621885,48.991995196236026
2018-02-20 00:00:00-05:00,54.26374181418193,55.43218146354616,54.12668659987314,54.80153274536133,33754000,,,50.843419608023886,-0.569351416109086,59.3188505015049,49.18902710266177,1.3507492397096164,254154000,40.2531551568656,46.06007651950358
2018-02-21 00:00:00-05:00,55.07514375402131,56.42086176161694,54.996186225280724,55.30604934692383,41486000,,,53.223362863714925,-0.4269107083790402,58.63044551710743,49.45620355108919,1.3699335094629017,295640000,40.50724988582292,42.94317846904374
2018-02-22 00:00:00-05:00,55.575190395688715,55.88753501449216,54.8789919557152,55.114864349365234,28010000,,,52.19213873890568,-0.3256980088701056,57.7180985485346,49.88972005498103,1.3441199058424773,267630000,43.106604697999124,39.960295828651795
2018-02-23 00:00:00-05:00,55.549868177460375,56.06332891636732,55.04237064349879,56.01813888549805,25292000,,,56.48224344793743,-0.17063256325143072,56.816780751281705,50.43681574530033,1.3210369320586237,292922000,52.70146721334624,37.3259425610676
2018-02-26 00:00:00-05:00,56.205345258280325,56.81811948001176,56.080208884256166,56.79329299926758,30912000,,,59.81487195831682,0.014637644679304174,57.144412281238466,50.27139887598809,1.2838186222339871,323834000,61.77582998472014,35.44404065309062
2018-02-27 00:00:00-05:00,56.79328752977517,56.82059930796053,55.45700318483845,55.49275588989258,42964000,,,52.54434681502582,0.055879005191378894,57.39524687547106,50.38551331740004,1.2895170151545652,280870000,64.8405804661113,33.16085658865544
2018-02-28 00:00:00-05:00,55.71572009515559,55.996286215785624,54.77223051406531,54.81791305541992,49292000,,,49.202342844293696,0.03372019822504768,57.48992957122169,50.41987318349836,1.2848412070521182,231578000,64.89417693378924,31.090991576794696
2018-03-01 00:00:00-05:00,55.0969948614583,55.18290062622464,52.99896203180877,53.20355224609375,55338000,,,42.27526660514032,-0.11280588544952508,57.47175212018031,50.543987320737656,1.3490624490066716,176240000,65.7288995038709,30.340366121039075
2018-03-02 00:00:00-05:00,52.53664672639384,53.972248444556826,52.14584466787732,53.835689544677734,50162000,,,45.510267141052786,-0.17589307949042876,57.00910774135609,51.51267418003063,1.38315825812616,226402000,54.34607505659999,30.105414860572008
2018-03-05 00:00:00-05:00,53.53725455616236,54.681856557604256,53.24625847801874,54.36305618286133,28648000,,,48.12230239422444,-0.1812467552002417,56.877980128582585,51.964854344073665,1.3869039596589712,255050000,52.1629887790168,29.270129577099972
2018-03-06 00:00:00-05:00,54.72753623216469,54.90282943870322,54.350138130426245,54.667945861816406,23382000,,,49.62574799893112,-0.15905405659242433,56.77279611424287,52.376854968113896,1.3273173417031146,278432000,57.27214814924578,28.305927908313897
2018-03-07 00:00:00-05:00,54.26671587268303,55.42771090675819,54.122212344863556,55.3701057434082,30748000,,,53.003665112546955,-0.08384127873462432,56.65057410735519,52.90229556224116,1.3257588574310806,309180000,56.524370671349594,26.964407656668694
2018-03-08 00:00:00-05:00,55.47736948722941,56.18449041281136,55.47736948722941,56.08219909667969,33862000,,,56.21063325952064,0.03284673527517157,56.758273659284484,53.16987524615172,1.2892321297148002,343042000,56.33950231245255,25.113950932124023
2018-03-09 00:00:00-05:00,56.58472808384261,57.652365249089435,56.32601441041463,57.6444206237793,42662000,,,62.29023163820989,0.24851630698566396,57.37704000585394,53.01113595850153,1.3092988456215822,385704000,56.740386491887655,24.248068573902795
2018-03-12 00:00:00-04:00,57.85347371604288,58.504485897434854,57.56297777204632,57.89717483520508,44306000,,,63.18090767848883,0.43481882810350214,57.942805559699664,52.911686627800336,1.2830280798906504,430010000,57.806715692139164,23.94100273485521
2018-03-13 00:00:00-04:00,58.190151643648974,58.496540622374404,56.33991409423689,56.60508346557617,43140000,,,55.91079590315335,0.4727543256687028,58.1039949385016,52.990970678360384,1.3454279690511406,386870000,49.64145727196798,22.71336418697187
2018-03-14 00:00:00-04:00,56.89757318742485,57.590790054628386,56.72625417982306,57.0510139465332,41870000,55.16629621698279,,57.71904649793746,0.5326611575620106,58.32255538150016,53.00507218197641,1.319733584765503,428740000,48.256326743332984,21.57341410679448
2018-03-15 00:00:00-04:00,57.08478305770545,57.72685428619265,56.3940476824959,57.13642501831055,33382000,55.24355616997604,,58.07373266645633,0.5803399158246236,58.536135323419,53.0610336625836,1.32066737183202,462122000,42.887372091004465,20.259498391127288
2018-03-16 00:00:00-04:00,57.37180271678629,57.44430073749474,56.18051808950753,56.33246994018555,58656000,55.28625867076857,,53.52241184274428,0.546948339389921,58.568281895672555,53.070797897621716,1.3166041772716768,403466000,35.37913851754837,18.872443522736397
2018-03-19 00:00:00-04:00,55.50517559322201,55.58512193678122,54.07305175559994,54.62673568725586,63656000,55.260395024356306,,45.39376611527673,0.37848384947785974,58.4316750134895,52.918530471536535,1.3839480349369573,339810000,34.230524661991595,18.862373002796552
2018-03-20 00:00:00-04:00,54.54380252699816,54.898855663358916,53.750275796840675,54.414695739746094,54598000,55.22723034652845,,44.489224898903956,0.22526792738668178,58.4303853853277,52.77607874634547,1.3671360229070488,285212000,33.97901966291947,19.033090322001406
2018-03-21 00:00:00-04:00,54.25430064461086,55.05527566327867,53.98813487929882,54.32530975341797,44898000,55.19186091150451,,44.09037237564286,0.0955293008858078,58.4443283739858,52.69645531742046,1.3457077915551063,240314000,41.91659804131929,19.053636445611158
2018-03-22 00:00:00-04:00,53.63060552982255,53.824765812367346,52.12250572238285,52.29680633544922,69312000,55.07832935950235,,36.16623801126595,-0.169024360636719,58.60973939091559,52.41014484573806,1.4069289515179644,171002000,40.708692648107814,20.051627254717523
2018-03-23 00:00:00-04:00,52.20841446588547,52.9736368425676,50.892489752103316,50.975914001464844,49880000,54.91745032585382,,32.11827417003694,-0.479739872966384,59.087290944418385,51.55128988647354,1.4550873900141301,121122000,35.10266083630562,21.493214461306884
2018-03-26 00:00:00-04:00,52.17017874638506,52.60071153990974,50.18288574353953,52.343482971191406,65984000,54.816510429592554,,39.64973114310389,-0.6086170104206516,59.21490411260071,51.15440029006856,1.5238544190395642,187106000,38.82414761070608,23.099398168513734
2018-03-27 00:00:00-04:00,52.83062371439159,52.862406005385694,49.53932482421722,50.002132415771484,60816000,54.62771129179565,,32.916266527656106,-0.8894277235545545,59.66389912107084,50.083296822125774,1.6523706163344865,126290000,33.040666903058806,24.82167615782968
2018-03-28 00:00:00-04:00,49.752352090618935,50.89844664652213,48.86298598855993,49.914730072021484,77698000,54.442888498863326,,32.69306595454826,-1.106272455299866,59.88667034522048,49.133142175124576,1.6797341907364662,48592000,26.763680208371767,26.652016271174205
2018-03-29 00:00:00-04:00,50.214172477625624,52.04355423194183,49.858126701465046,51.50178909301758,69338000,54.32755126726153,,40.57301028645001,-1.1369549590630257,59.7082160575401,48.70087512898334,1.7158551435750606,117930000,28.703952533221084,27.271504669039164
2018-04-02 00:00:00-04:00,51.02904568382517,51.620467506554554,49.37197574603803,50.2846794128418,65068000,54.16900727297057,,36.995855463113195,-1.245128576565989,59.215665957653215,48.21212640074522,1.7539006162137365,52862000,22.165538454744677,28.049709122310183
2018-04-03 00:00:00-04:00,50.45947703045491,50.89894704869862,49.52095040747162,50.58510971069336,51322000,54.02846227052833,,38.438659242447024,-1.2917245371563197,58.4478063368191,48.005044004977776,1.727050332286113,104184000,22.104069602465344,28.772327543204703
2018-04-04 00:00:00-04:00,49.56961195881301,51.28329451593086,49.484202502071994,51.13283157348633,50724000,53.91490812554629,,41.087446221646516,-1.2698179242090646,57.847107689591695,47.8761090665932,1.732196166684167,154908000,28.025525823131687,29.06116017002437
2018-04-05 00:00:00-04:00,51.961122527886616,51.97701177956681,50.84929165268748,51.2783317565918,35836000,53.81151297382258,,41.80379051945821,-1.2265769117182188,56.97686861285469,47.97665718467135,1.6890193066981074,190744000,32.38432114020206,28.665266928688457
2018-04-06 00:00:00-04:00,50.80459738044142,51.44517971547894,49.96786954744196,50.15160369873047,40134000,53.6679871198974,,37.95500858192687,-1.2686019816278034,55.88864918184014,48.13356710640856,1.6738972253651703,150610000,33.39873086706861,28.775177130275743
2018-04-09 00:00:00-04:00,50.652643178930234,51.8717359050067,50.610931054218156,50.655128479003906,33220000,53.54983580064667,,40.58752860911998,-1.2469033846220157,54.79059976520554,48.474637661552265,1.6771997240016747,183830000,39.19605507128563,28.47201279325365
2018-04-10 00:00:00-04:00,51.16014192934545,51.70389221891286,50.422727672064575,51.47000503540039,36620000,53.4682738098527,,44.67839578245896,-1.1506889364904538,54.14469545217095,48.69964455433947,1.6489114970621472,220450000,45.18295380177671,28.299842366138787
2018-04-11 00:00:00-04:00,51.24654352372498,51.438718582866905,50.61092806739458,50.901920318603516,34060000,53.36763249647038,,42.482297742858485,-1.107511281470984,53.39635409379252,48.97961585656555,1.5924947449866946,186390000,39.556021344922854,28.139969826674985
2018-04-12 00:00:00-04:00,51.22022831284015,51.87471083487985,50.95108472637966,51.50923156738281,32896000,53.29475402866302,,45.56287588722889,-1.0126149418070156,52.462669924941856,49.53782293394486,1.5482301572216688,219286000,46.45321746302391,27.52618125870401
2018-04-13 00:00:00-04:00,51.985946068099906,52.288357056037405,51.15467765941173,51.44715881347656,25410000,53.22229931434199,,45.295843813890755,-0.9316778589994712,52.25921167948684,49.62799484313686,1.518619388607669,193876000,51.95015562332535,26.52797210253124
2018-04-16 00:00:00-04:00,51.919408341979555,52.21139322000347,51.34189051595993,51.946720123291016,29776000,53.17227660096744,,47.940242341820145,-0.8177971584784487,52.41620284501123,49.60044449385596,1.4722539111388027,223652000,49.20171556938551,25.601063600370814
2018-04-17 00:00:00-04:00,52.69654636827257,53.87839363905151,52.49245247428239,53.598323822021484,54584000,53.18898433512643,,55.5846134740617,-0.5875028996703406,52.899625675323385,49.284333776987815,1.505069597183209,278236000,58.431492005855944,24.344680935726448
2018-04-18 00:00:00-04:00,53.58094783201243,53.72942177957137,53.159356076861656,53.401187896728516,31126000,53.197306043424554,,54.55489627129998,-0.41610367783925994,53.36001274192184,49.277154107850286,1.4382836047208163,247110000,68.19662715330915,23.178039889985254
2018-04-19 00:00:00-04:00,53.08487032169125,54.49961226385661,53.08487032169125,54.09937286376953,39884000,53.23268121284985,,57.553987503314296,-0.22137894908698286,53.9197681111136,49.275351110891606,1.436602057395427,286994000,66.6592397713344,22.701562287741353
2018-04-20 00:00:00-04:00,53.84214788447324,54.362556847641656,53.23781457958176,53.49702835083008,42434000,53.243047767280444,,54.22897615848205,-0.11434427717552609,54.23687998823228,49.22427113481459,1.4143263581571748,244560000,69.05626625366492,22.259118799943447
2018-04-23 00:00:00-04:00,53.778086462294134,54.02737039628368,52.96867044312873,53.32272720336914,69590000,53.24617245104863,,53.26992934847513,-0.043086500094482005,54.43030370884614,49.43592045293771,1.3889244720855873,174970000,66.3533413652595,21.54802598498385
2018-04-24 00:00:00-04:00,52.597231138886116,52.85991902068733,50.29610469177142,50.78175354003906,128220000,53.14952857218552,,41.693776864192,-0.18946549689099612,54.41689287548544,49.475550463544515,1.5059029034793112,46750000,50.516805212666576,21.363340616350467
2018-04-25 00:00:00-04:00,51.134815491787386,51.448652805436495,50.5021778417112,50.79913330078125,57860000,53.057356208601036,,41.78695858390471,-0.30060432546848403,54.42930785287419,49.418642383128415,1.4659437649254528,104610000,43.487057823096784,21.191847059762328
2018-04-26 00:00:00-04:00,51.307128555365445,52.240692109281554,50.67300198042338,51.80817413330078,50926000,53.00836867623632,,47.07534828336893,-0.3037599301590461,54.44206169398703,49.476534192243435,1.4732113623492185,155536000,50.30026857243114,20.29050231305219
2018-04-27 00:00:00-04:00,51.91891083882618,52.22479975158579,51.027559488063176,51.219234466552734,40746000,52.938206550366374,,44.53246379514301,-0.3497515604673467,54.35824083307446,49.70270582219898,1.453499141004461,114790000,44.897139135142254,19.453539333964205
2018-04-30 00:00:00-04:00,51.366717682828565,51.56286316325893,50.566238933882744,50.580142974853516,34492000,52.84573346897372,,41.88821762004977,-0.43278077374510104,54.36532560965239,49.685622978401,1.4208652187452986,80298000,39.694673375395816,19.040156676749003
2018-05-01 00:00:00-04:00,50.466923441695464,51.729713492049775,50.18437210315958,51.68104934692383,35326000,52.8000595818345,,47.65426846695283,-0.40507858610530434,54.36837788944758,49.71070994014226,1.4297563737556482,115624000,44.768431894069174,18.948051542782462
2018-05-02 00:00:00-04:00,51.345871921071826,51.84145447263169,50.80758463347356,50.95109558105469,34698000,52.72755118964706,,44.50132038114229,-0.4369882427975327,54.36537114823708,49.720273383012916,1.4014787641415398,80926000,44.90067966312094,18.738972761350826
2018-05-03 00:00:00-04:00,50.91732594050244,51.18150276085755,50.04931205811549,50.963504791259766,39282000,52.65837289951422,,44.56846410072425,-0.45601885457367786,54.37786635729748,49.63501460380279,1.3822439026130053,120208000,40.38810251376317,19.126356470510704
2018-05-04 00:00:00-04:00,50.631291429483035,52.233741711394366,50.55382659530037,52.190040588378906,36892000,52.64000692652852,,50.892461480800094,-0.36788877053041347,54.40956454111758,49.70236732330299,1.4035061321473616,157100000,40.984749799794244,18.36378173117718
2018-05-07 00:00:00-04:00,52.333546040516524,52.8852409316235,52.1537861213205,52.610137939453125,34400000,52.638835593702034,,52.8755209135506,-0.2611364798634668,54.468804038207296,49.731583535034886,1.355502466301336,191500000,39.13081641788848,17.052910280167406
2018-05-08 00:00:00-04:00,52.86637349534631,52.8966668777174,52.22182078947123,52.56694030761719,26030000,52.63601617071832,,52.64012487266836,-0.1779686959276816,54.27887617920162,49.78399359212,1.3068841535831097,165470000,38.61522414211353,15.844501210835677
2018-05-09 00:00:00-04:00,52.84054992531586,54.32530818074068,52.74172894999148,54.07453536987305,47160000,52.692428688332235,,59.428622888694335,0.009483375608532185,54.45450504130545,49.6981443931021,1.3391329906931368,212630000,39.28427732617723,15.899361829855266
2018-05-10 00:00:00-04:00,54.374977121546905,55.09054282852856,54.31936094905986,54.89488983154297,36414000,52.77879971355618,,62.57243272152006,0.22168084312073688,54.712299464234015,49.54641889920999,1.3160525955475926,249044000,45.316742122791524,16.467934261809944
2018-05-11 00:00:00-04:00,54.6436182053472,55.07067307445984,54.485210634621545,54.791099548339844,30504000,52.85771343256731,,61.9187030373243,0.3771265760657201,55.049762013086344,49.38149917669231,1.2638675844254998,218540000,53.22533522938837,16.995894377196432
2018-05-14 00:00:00-04:00,54.89985457896689,55.52454767980656,54.861620356103785,54.95100402832031,39338000,52.93980325985174,,62.56756433417132,0.5073727176470797,55.431205864178224,49.21715890226058,1.2259804806427295,257878000,69.09714293235321,17.79292538341187
2018-05-15 00:00:00-04:00,54.46932189052054,54.579561619207226,53.56952581236141,53.87194061279297,35738000,52.97635766584944,,55.67372101768756,0.5175562573323234,55.610490625891686,49.44989908358097,1.2370874617367416,222140000,71.65570212548081,17.183391585497738
2018-05-16 00:00:00-04:00,53.88287053385213,54.34418924040686,53.71105521051915,53.83320999145508,25628000,53.00995971783398,,55.43761401437739,0.5165471148441583,55.728837723446254,49.736095544782906,1.1939479308903824,196512000,65.030225144868,16.617395916006043
2018-05-17 00:00:00-04:00,53.702606351931685,54.1763363355625,53.45232983325288,53.69267272949219,25738000,53.03673277711469,,54.533867518791844,0.49865894966300317,55.84693787987743,49.86926186784392,1.1603806859917565,170774000,66.8525729397835,15.833462829331017
2018-05-18 00:00:00-04:00,52.93490145509209,53.318755285662164,52.86935545559848,53.11565399169922,35482000,53.03982772670624,,50.86726686985046,0.43293129757846316,55.84296639875607,50.12608928565148,1.136304727984753,135292000,66.51739089776405,14.860591164221006
2018-05-21 00:00:00-04:00,53.58045123762888,54.29055374492948,53.53079448794665,53.8292350769043,25180000,53.0707848776944,,54.90522347968824,0.4334254311174419,55.77633399289146,50.62593397178953,1.1390615155022894,160472000,65.91597538345255,14.500862099926552
2018-05-22 00:00:00-04:00,54.11674893854432,54.21606243003917,53.24575363038237,53.39720916748047,22226000,53.08358583023503,,52.11276949637353,0.3944096463165323,55.759593071617964,50.871496202470574,1.1270077500847548,138246000,60.254515218879405,13.885470901512988
2018-05-23 00:00:00-04:00,53.13352943800695,54.02736602809178,52.982570201078545,53.926063537597656,23740000,53.11662417170024,,55.121749279488114,0.4015348399284022,55.617348065034726,51.410403603259546,1.1211354698653604,161986000,67.41104774439123,13.053593308285187
2018-05-24 00:00:00-04:00,53.972739446331,53.98366188410843,53.24774038102502,53.900733947753906,20604000,53.14737357468274,,54.94367794225518,0.40052076690255234,55.31487814088229,52.1045040816112,1.0936201865237927,141382000,66.28129030421806,12.281135543145087
2018-05-25 00:00:00-04:00,53.955365130156125,54.10533177535372,53.75921963900276,53.83271026611328,22224000,53.17424952336629,,54.43508933418565,0.38973553546192363,55.20371199594154,52.43469285024987,1.0402267543685904,119158000,65.36501398499686,11.690440618674064
2018-05-29 00:00:00-04:00,53.43147668986703,53.69664986811712,52.789901791366304,53.03769302368164,36076000,53.168894366515914,,48.754836086948956,0.3134239583220193,55.14642171378885,52.54899047696636,1.0404111629670465,83082000,57.8505111532167,11.568861361870216
2018-05-30 00:00:00-04:00,53.30634015738228,53.57995426234568,52.96221324144176,53.50447463989258,28686000,53.182054377236575,,51.92670018573429,0.28730004295776723,55.03494032298182,52.785476445410104,1.0102204385339661,111768000,55.92842096064552,11.455966337695214
2018-05-31 00:00:00-04:00,53.72942381083373,55.119835593483664,53.530796803512864,54.623260498046875,79368000,53.238572264327175,,58.54907581417456,0.3528063880612393,55.12494669046529,52.768633428349816,1.0534447610380462,191136000,60.142953066845244,11.48535613655281
2018-06-01 00:00:00-04:00,55.2623552789487,56.51819339282308,55.2196467585276,56.36127471923828,63202000,53.36103118412761,,66.31273803363948,0.5387534465927715,55.67694521403093,52.41215288981022,1.1135510563050575,254338000,62.989773961602566,12.536929325133546
2018-06-04 00:00:00-04:00,56.53506643156303,57.49643799349597,56.460579419318336,57.25708770751953,44754000,53.51381771445671,,69.48516843851047,0.749759688705808,56.48053214907741,51.93736437598769,1.1150947861588165,299092000,63.52763638853044,14.08895226005888
2018-06-05 00:00:00-04:00,57.337540388872256,57.657333349012276,56.98000572195679,57.15678405761719,32964000,53.656679139678694,,68.70498148843738,0.8985322688454005,57.04747197203928,51.664528556932076,1.0838257033657213,266128000,70.74468550123935,15.619207725849577
2018-06-06 00:00:00-04:00,57.24368080257956,57.340016481076134,56.42681653296805,56.954673767089844,34934000,53.78601226232227,,67.07081417874096,0.988729540435834,57.53025585370532,51.59277576250562,1.0716381494187475,231194000,69.16723090187037,16.404759550050674
2018-06-07 00:00:00-04:00,56.83698963707745,56.9010467302076,55.92031172149448,56.33246994018555,36108000,53.88587334772867,,62.16843225655362,0.9984948520378367,57.79362905765053,51.66263721839113,1.06897557057422,195086000,67.54446241666788,16.58438708502238
2018-06-08 00:00:00-04:00,56.17306776325444,56.54897316961846,55.77679880926231,56.247554779052734,27284000,53.97848830581981,,61.50767774425951,0.9879930194756739,57.99861116357299,51.798306052410084,1.0477754841300724,167802000,68.40866356470643,16.596485425769284
2018-06-11 00:00:00-04:00,56.25897850275323,56.99391131458546,56.18250627107361,56.65425109863281,24796000,54.083420180047774,,63.5081642273659,1.000948919520539,58.19424237820201,52.074487785372206,1.0308918812287706,192598000,68.46259912314332,16.948562940403956
2018-06-12 00:00:00-04:00,56.660204876104636,57.044058691831175,56.660204876104636,57.01625061035156,26092000,54.198433138098906,,65.2398366577863,1.0285701820914213,58.45688851577031,52.23677705226354,0.9851001463694559,218690000,73.08606927250489,17.314221438213426
2018-06-13 00:00:00-04:00,57.219349858790785,57.38620214134105,56.777398355223234,56.81960678100586,34302000,54.30122426135016,,63.4776658542835,1.022802487666766,58.57982660856746,52.570158641269785,0.9582218349229104,184388000,73.73060662980696,17.92270894871862
2018-06-14 00:00:00-04:00,57.215874807163566,57.90015441535998,57.135924677487125,57.60816955566406,35422000,54.43090839053894,,67.2928733381105,1.0695330625185733,58.847889168439835,52.79304355047293,0.9669593920251395,219810000,74.56352465881466,18.871773898011106
2018-06-15 00:00:00-04:00,57.598738276228175,57.796872774657245,57.28937522719719,57.566463470458984,44438000,54.55387133484953,,66.89485763445236,1.0906299441380298,59.023998134584104,53.10569852068933,0.9341406888419191,175372000,75.6882561954117,19.753048493782703
2018-06-18 00:00:00-04:00,57.23970943987872,58.80094382951914,57.15578889086182,58.77363204956055,33038000,54.719352147191145,,72.0482510866242,1.1910283569119358,59.385995486194794,53.40249074020495,0.9849274209715907,208410000,81.9306117894881,21.26457620228241
2018-06-19 00:00:00-04:00,58.10474524418787,58.73539390461776,57.68265720009853,58.53080749511719,47282000,54.86882098436472,,69.69793059983091,1.2367444895636837,59.33476188328758,54.18613960597023,0.9925022372923352,161128000,82.62384275410102,22.66813764588928
2018-06-20 00:00:00-04:00,58.75972796994395,59.66299812855992,58.69666348265127,58.7979621887207,51686000,55.02290495316299,,70.8255466823885,1.2797795036430983,59.21309891688738,55.01360091221418,1.0024799798745065,212814000,81.9068202111207,24.525618810205
2018-06-21 00:00:00-04:00,58.869469386483196,59.10881589095718,57.77551310783511,58.07147216796875,44966000,55.142456608645574,,63.86557710072575,1.2409583933189197,59.01322649229986,55.67323489279129,1.0261101801064754,167848000,72.54722991904644,24.9428006875124
2018-06-22 00:00:00-04:00,58.173276820648,58.34757364846075,57.58532905930685,58.064029693603516,34220000,55.257028102173344,,63.79641215523741,1.1958073158412788,59.07500555449827,55.838489827174904,1.0072626378955774,133628000,65.22112731869805,25.082034456361733
2018-06-25 00:00:00-04:00,57.35442209620706,57.40358254449578,55.611442493783244,56.57380676269531,57682000,55.30866648101734,,51.71868419971195,1.0279269237183541,59.08682009985049,55.735571155846124,1.1105001066044842,75946000,56.1251178403295,23.44971856058112
2018-06-26 00:00:00-04:00,56.81513862489377,56.95070112854636,56.06332402782456,56.24308395385742,34688000,55.34531030348166,,49.47988442848343,0.858299988743596,59.12213956194276,55.578425013252556,1.0945627490414358,41258000,56.181911974758485,21.93399665735626
2018-06-27 00:00:00-04:00,56.41092583250312,56.91793081555456,55.452535818996374,55.464454650878906,34538000,55.349982630830574,,44.58636686583695,0.6535073176426565,59.25258918358851,55.249279509445344,1.121050766721204,6720000,56.3731744634756,21.057947438154958
2018-06-28 00:00:00-04:00,55.23851007085474,56.31161027772536,54.924676555101556,55.95308303833008,29726000,55.373633627203105,,48.0580745671681,0.5245887450651736,59.281921915946484,55.16936185683997,1.1400424064285324,36446000,56.14554795890772,20.671200609737095
2018-06-29 00:00:00-04:00,56.227687342773145,56.67708712857521,55.96499949124593,56.07275390625,31562000,55.40105010873436,,48.90242216377659,0.427152340115569,59.29415115722921,55.13382583251689,1.1103253838440037,68008000,56.67149937796706,19.92387688186222
2018-07-02 00:00:00-04:00,55.38550401161837,56.75803751842146,54.9510008115559,56.71433639526367,23216000,55.452551531735516,,53.2866487999058,0.3971258129667987,59.29405732852514,55.14193103410507,1.1600904783455432,91224000,52.181140902957615,20.01964463041281
2018-07-03 00:00:00-04:00,57.07733782598181,57.101668006377174,55.33982121696563,55.43168640136719,16448000,55.45173329132892,,44.97795534703469,0.2667554481608576,59.37188151162109,54.85283162314453,1.2030730719931146,74776000,47.42311114431233,19.73607975520182
2018-07-05 00:00:00-04:00,55.84482759604021,56.81513638976616,55.77133318810046,56.67361068725586,28594000,55.4996500519535,,52.672753094931075,0.26064435953010445,59.368357999089895,54.83688898984239,1.215957137450676,103370000,46.66057049277951,19.472769513934477
2018-07-06 00:00:00-04:00,56.69745257010211,57.414010788010465,56.47250260924555,57.358394622802734,21820000,55.572541995908374,,56.301603862675584,0.3075128022188167,59.340242212550834,54.83170145199995,1.1963536404016928,125190000,44.16182802626484,18.565375518572946
2018-07-09 00:00:00-04:00,57.60270924298741,57.99649291747193,57.46515773375603,57.96421432495117,21584000,55.66633306763554,,59.27653618720225,0.38905617028342476,59.397885482179916,54.827091629636485,1.1564782585636575,146774000,42.7795781463244,17.345201539666764
2018-07-10 00:00:00-04:00,58.098785842752704,58.273082658697575,57.72982866294087,57.95726013183594,21334000,55.75617334466301,,59.22669170318472,0.4479549854669216,59.21807654530093,54.898050977485525,1.1126765255060183,125440000,39.40904576785138,16.47973608021317
2018-07-11 00:00:00-04:00,57.38520871376855,58.61770920686952,57.37279736738944,58.17178726196289,33252000,55.85090330220418,,60.33475504442297,0.5061091560570787,59.13549498387306,54.93276317449282,1.1221219050755942,158692000,36.655746857749826,15.306462940525739
2018-07-12 00:00:00-04:00,58.340615374266726,59.68782218932008,58.25321692428538,59.651573181152344,44148000,55.999949179809995,,66.99729114350012,0.6639495151037238,59.41484654562165,54.767226411735116,1.1502585495242796,202840000,47.259340218655254,15.205860209110535
2018-07-13 00:00:00-04:00,59.728051944053234,60.107435287109936,59.355124319713205,59.80849838256836,32612000,56.1493040505064,,67.6184540325608,0.7925654875170025,59.863781030320126,54.549895422316595,1.1218337222294548,235452000,55.236775038008616,15.454454962728738
2018-07-16 00:00:00-04:00,59.77820432896544,60.02152885106319,59.261269477937034,59.415706634521484,26784000,56.277398269487385,,64.35346166611885,0.8529670872841493,60.14861921241983,54.44528083233928,1.0960069830077903,208668000,59.24031866862151,15.57323533476466
2018-07-17 00:00:00-04:00,58.73191466961478,60.520576579971504,58.69516557239085,60.238521575927734,40162000,56.4327364383674,,67.85497073794681,0.9562075144813136,60.71320924001468,54.369319446508754,1.1481072704772808,248830000,68.37109919896358,15.022057573193706
2018-07-18 00:00:00-04:00,60.012585640696145,60.661112563929755,59.81544754950289,60.23008728027344,38948000,56.581652157657835,,67.78147194197793,1.0255241160282509,61.16223487167818,54.45189425836739,1.1265042521879651,209882000,77.02672301570462,14.646502576783936
2018-07-19 00:00:00-04:00,59.91922813243027,60.40736224926865,59.476284041869,59.544315338134766,38338000,56.697835027480465,,61.909654896826474,1.0134396561462324,61.28882843765994,54.86928211735309,1.1125452489887997,171544000,75.02378754650042,13.89746917472986
2018-07-20 00:00:00-04:00,59.55127294589181,60.123823964665135,59.419677061417325,59.48373794555664,37938000,56.807086122306984,,61.403630892286294,0.9875902200085491,61.38068968698066,55.24817485566257,1.083373938578729,133606000,66.44297077808339,13.134281908428207
2018-07-23 00:00:00-04:00,59.3734979736454,60.33884006696403,59.19224533856686,60.1352424621582,65446000,56.93760205720311,,64.74149160435118,1.0080550936465684,61.52679406588434,55.643735617546646,1.0878897092800461,199052000,74.35268063598276,12.245721017766815
2018-07-24 00:00:00-04:00,63.114697713387756,63.31332852136437,61.78089841098949,62.476600646972656,107600000,57.15481768817446,,73.58321357190644,1.1993760311128767,62.31110278985225,55.627728793806604,1.2371894485604833,306652000,81.57098808456823,13.822727377263181
2018-07-25 00:00:00-04:00,62.20199092382023,63.47421457687778,62.02471249104202,63.36000442504883,51104000,57.39815834452248,,76.02602041298546,1.4060742062266058,62.940719647975136,56.05522100550794,1.2523546369372889,357756000,82.41578651655054,15.380233357299758
2018-07-26 00:00:00-04:00,62.92500232797466,63.92907871879141,62.71743430761429,63.8347282409668,54686000,57.6505728502654,,77.24381768817219,1.5898632893521665,63.69411088777691,56.25664543953429,1.2494467636687054,412442000,83.46791667267397,17.088606871023025
2018-07-27 00:00:00-04:00,64.01448504412235,64.12968779023689,61.79826804832035,62.21539306640625,48362000,57.82958540776112,,65.09667610656308,1.5865617503619234,63.89380432122215,56.70455179856951,1.3267305478292646,364080000,76.44776751070042,17.57683276301676
2018-07-30 00:00:00-04:00,61.826081764816344,62.21539873641477,60.78923422389018,61.08072280883789,43896000,57.95708099211708,,58.19131861991759,1.4753795924255115,63.89186343213594,57.12202715217395,1.3338329738789305,320184000,70.63778552137818,17.008548667552525
2018-07-31 00:00:00-04:00,61.1636500627155,61.63539867779118,60.392968331216366,60.94068908691406,39382000,58.07408523112873,,57.382310228517184,1.3602868402429422,63.80681308834932,57.60486802330433,1.3273042147857794,280802000,65.10743006284224,16.116435919642075
2018-08-01 00:00:00-04:00,61.5311108635598,61.86828194893193,60.82746412810714,61.22720718383789,36994000,58.197737072411435,,58.64904157341796,1.2774687562050246,63.70420343926468,58.114866995305626,1.3068409009314232,317796000,64.81042477557847,15.483189442135542
2018-08-02 00:00:00-04:00,60.507666782932574,61.79429438581423,60.485818118043,61.63141632080078,34704000,58.33239116058357,,60.435681577062304,1.230269347942098,63.77235928530886,58.31069023454791,1.3069577128485526,352500000,59.74529058261188,14.563845120815
2018-08-03 00:00:00-04:00,61.83253760079852,61.89907999822666,61.04993702608121,61.483943939208984,21264000,58.45598146562771,,59.426839109645044,1.167505412475876,63.809218319835786,58.4972239409064,1.274256659941188,331236000,63.4006226412299,13.808142663959893
2018-08-06 00:00:00-04:00,61.655259143661176,61.69746757021017,61.105053114502475,61.4596061706543,22114000,58.5737706697464,,59.25105453526174,1.1030850095623563,63.77946731071774,58.79949488817548,1.2255536453530813,309122000,58.986563760112844,13.10641895402301
2018-08-07 00:00:00-04:00,62.171691404507,62.87037514071899,62.16126526814331,62.361881256103516,42506000,58.72232402607413,,63.555108291827615,1.1120187746709291,63.90732954045829,58.95474728245837,1.2387833114039108,351628000,59.30554640192185,13.51494650190327
2018-08-08 00:00:00-04:00,62.40558205234776,63.1504446729851,62.17715796998037,62.63450622558594,34344000,58.875742935858916,,64.76607899659692,1.1280934454734393,64.04711271450209,59.13555330112291,1.2198192679468267,385972000,64.95125948200784,14.115955339172274
2018-08-09 00:00:00-04:00,62.70402268009503,63.16235972430303,62.57342319929309,62.7899284362793,27326000,59.029240406463636,,65.47047949700789,1.1402301480039583,64.06807798521109,59.54733644349985,1.1747562148799062,413298000,70.25816762898171,14.683785251677447
2018-08-10 00:00:00-04:00,62.52774106383511,62.628050958390446,61.93085987384362,62.19652557373047,26602000,59.15344766792508,,60.49749283183183,1.0894079042789144,63.88026210880082,60.09685733699996,1.1522070968481752,386696000,63.926452979793794,14.407301919636236
2018-08-13 00:00:00-04:00,62.13147794723232,62.86491806750739,61.924406221220146,62.00435256958008,27500000,59.26524786014684,,58.93621063426,1.021844961949249,63.72579034186985,60.50054378492051,1.1370860075223945,359196000,58.23204546745858,14.375470501924411
2018-08-14 00:00:00-04:00,62.1960310809861,62.59775939606825,61.55247093542663,62.47610092163086,28080000,59.39116366647955,,61.55887556681393,0.9948984231143925,63.72572701328681,60.50054048345799,1.1305290398880532,387276000,50.440374005148456,13.887330324038638
2018-08-15 00:00:00-04:00,61.78784648762988,62.17020764300499,60.892024593816956,61.1889762878418,37052000,59.46166612221925,,51.83193802361948,0.8597719797578733,63.494777278479106,60.44201979997142,1.1629252747398997,350224000,40.58392473802594,13.103758546937197
2018-08-16 00:00:00-04:00,61.67412644521632,61.759043389503844,60.56378454814501,60.78376770019531,32176000,59.51351324292419,,49.196444878073294,0.7117813806234778,63.03375137165447,60.49625096802652,1.1652348152126808,318048000,42.13158462929297,12.719257122807063
2018-08-17 00:00:00-04:00,60.68346499908718,60.927282040803384,59.787643089988364,60.37608337402344,33092000,59.54733952257514,,46.62760177626578,0.5552010347053411,63.060095019607154,60.22466602775612,1.1634065391842765,284956000,43.20414039815366,13.099755819703102
2018-08-20 00:00:00-04:00,60.6149323186566,60.87563498332218,60.02102897018602,60.67898941040039,22218000,59.59171794954869,,48.76809075916726,0.45036049268895084,63.088833530967975,60.14236306327031,1.1413493587522678,307174000,50.05854710045147,13.453076038249423
2018-08-21 00:00:00-04:00,60.73212553604658,61.21578917211743,60.335360264593454,60.45354461669922,23082000,59.62551507375068,,47.2492638217727,0.34510395351831136,63.133874794243845,60.03236920396579,1.1227121836645328,284092000,48.353499990531695,13.32741359059021
2018-08-22 00:00:00-04:00,60.29513955244631,60.90642488678116,60.24548280080623,60.669063568115234,22296000,59.666438544117916,,48.88805962941841,0.2758975904232912,63.15473705090396,59.93708779854265,1.0897286052581328,306388000,49.876814840467745,13.305855670441375
2018-08-23 00:00:00-04:00,60.57619827398301,61.33546121196604,60.54987909854594,60.6397590637207,24666000,59.7046079762592,,48.66666783023373,0.2161942675290689,63.14948706877069,59.81011681306524,1.068003855841131,281722000,50.267318520539774,12.704946076396098
2018-08-24 00:00:00-04:00,60.880100899686546,61.44619615850523,60.652669433890715,61.41392135620117,24454000,59.77163987351182,,54.52547515347506,0.22871094366418276,63.14513798555559,59.805129551879304,1.049320515765659,306176000,55.98112965373553,12.00005225881832
2018-08-27 00:00:00-04:00,61.78089542078315,62.46269358086583,61.609080102227516,62.38323974609375,28580000,59.87405555478955,,60.59046637264844,0.3132356077083216,63.26690932194651,59.80650935888031,1.0492813521155877,334756000,54.37531864286552,12.132926372217195
2018-08-28 00:00:00-04:00,62.364866627309404,62.39764152433432,61.72279536986014,61.86630630493164,27330000,59.95218303518728,,56.27958794908297,0.3346521428330149,63.18789763088451,59.81944438978607,1.0225359808554872,307426000,46.32281285695687,12.256309477516151
2018-08-29 00:00:00-04:00,62.3201690755682,62.92450233883406,62.21092195787059,62.79936218261719,36926000,60.06383711940022,,61.591453351392786,0.4220495877422863,63.23012347603534,59.79919933890607,1.0250831275016967,344352000,47.6432158951418,12.917990028873303
2018-08-30 00:00:00-04:00,62.73728768709898,63.039702457269485,61.93333486267452,62.2923583984375,30104000,60.151230110735014,,57.503153782494515,0.44526894113843696,63.114282318837766,59.848697824391394,1.0308891608655015,314248000,47.208476830121505,13.11550927548781
2018-08-31 00:00:00-04:00,62.18162354913722,62.19850540325506,60.86768414168937,61.168113708496094,42308000,60.191107898882514,,49.635441405168805,0.36870311521543897,63.005743118177,59.82011544302092,1.059016667714261,271940000,38.800161079627124,12.427414615190647
2018-09-04 00:00:00-04:00,60.70729652499204,60.972966013012716,59.91476235882163,60.150634765625,41458000,60.18952071718614,,43.79517871339084,0.22334748846308372,62.96493602978837,59.613760157548874,1.0728977164257036,230482000,37.677472494772985,12.737037259987185
2018-09-05 00:00:00-04:00,60.04684600928678,60.32741212145796,58.36444951792782,59.544315338134766,53988000,60.16421854545864,,40.720403947029794,0.05855224264976755,62.85209279721509,59.335698645655995,1.1364737797903064,176494000,36.37822568333446,14.179415719069397
2018-09-06 00:00:00-04:00,59.518005334823286,59.53886139895714,57.781977622575056,58.79399871826172,46854000,60.11048443458817,,37.23637197869254,-0.1310824209562469,63.03123190107425,58.83722919918617,1.181178346630978,129640000,35.349229309508615,15.867844634733691
2018-09-07 00:00:00-04:00,58.19859653258226,59.02043145362586,58.06303402413564,58.4761848449707,32658000,60.04639425460317,,35.837677442986504,-0.3035154444889443,63.21101074773248,58.34977263849799,1.1651939954066381,96982000,35.45940339354061,17.435671484993396
2018-09-10 00:00:00-04:00,58.804421970461505,58.92658053520857,58.129575839004474,58.35055160522461,27670000,59.97989062129421,,35.27362178054075,-0.44517570205710655,63.35935932448918,57.93135315923478,1.138894759749314,69312000,30.310585045890747,18.89151070309169
2018-09-11 00:00:00-04:00,58.15390772614469,59.13911325741079,57.89817186389085,59.09193801879883,29254000,59.945068950608125,,41.159154259131846,-0.4919479198432626,63.36164940082535,57.717456230685066,1.1461838050186444,98566000,31.09114869909976,20.39834631854107
2018-09-12 00:00:00-04:00,58.695172384751274,59.12669776184592,57.90859764733108,58.17873764038086,35716000,59.875801056089415,,36.72899223870388,-0.5958344691524431,63.44674093419647,57.3290571004715,1.1513206842683725,62850000,30.304843936584476,21.797550818601213
2018-09-13 00:00:00-04:00,58.580963380489074,58.986169589392084,58.06055063045631,58.702125549316406,40068000,59.82977456562773,,40.67053196223012,-0.6286851863411016,63.422915009250374,57.09062462291108,1.135199132458901,102918000,32.27838694736842,23.096812140085632
2018-09-14 00:00:00-04:00,58.99312355756951,58.99312355756951,58.27407999209911,58.49555206298828,24176000,59.77745211454383,,39.62140839739408,-0.66373722081034,63.389611917136975,56.83803344826016,1.1054737348168653,78742000,32.09791489910742,24.290190622742358
2018-09-17 00:00:00-04:00,58.485119989073816,58.686232278541894,57.526233686904234,57.59426498413086,34096000,59.691836932959006,,35.33824171791217,-0.7555332287983987,63.28168266457011,56.43667518455098,1.1093683674469221,44646000,25.967280571653816,25.963970614365085
2018-09-18 00:00:00-04:00,57.73479664478969,58.66190448481452,57.67371736548634,57.955772399902344,32314000,59.623755970878356,,38.222944160100695,-0.7900049143822159,62.8247295574475,56.30329931218141,1.1063877341066892,76960000,32.02643535389578,27.51819489230047
2018-09-19 00:00:00-04:00,58.04764077738549,58.41063475634106,57.53418006773367,58.31132125854492,25962000,59.57228794294372,,41.010324798186204,-0.7796468683310138,62.3950072219236,56.25902364152041,1.0899639451424534,102922000,25.034079111815615,29.064760627651925
2018-09-20 00:00:00-04:00,58.6291261059084,59.291060727315404,58.409639270723936,59.17039108276367,29244000,59.55652728176019,,47.20828395753524,-0.6941169389420381,61.52838934030896,56.64177870982125,1.0820907682587413,132166000,31.06347063306147,28.814091679839297
2018-09-21 00:00:00-04:00,59.33674994226577,59.41918159029943,58.201581512248055,58.204559326171875,91222000,59.50350893056065,,41.88054726048197,-0.6962425538902792,60.58353266009974,57.04159551372839,1.091770004672501,40944000,28.39466131280267,28.787261768157286
2018-09-24 00:00:00-04:00,57.57341048981935,58.853578672277656,57.18061943196869,58.57400894165039,31150000,59.46705795060338,,44.46250567203914,-0.6605017694509812,59.885513605012015,57.39373393323668,1.1332835215036774,72094000,29.019567461692404,29.63074957987856
2018-09-25 00:00:00-04:00,58.80690573517753,59.43308391446008,58.30238223801175,59.28560256958008,33152000,59.45994205330835,,49.14841356392343,-0.5682073410161053,59.60243256462302,57.56147734748635,1.1330991039997236,105246000,36.73853495828907,29.469194589898457
2018-09-26 00:00:00-04:00,59.27567373185273,59.94853085921403,58.86401179898062,59.294044494628906,37650000,59.45343626669347,,49.20317038135267,-0.4887481641356999,59.52886252138075,57.601677944927836,1.1296291008735584,142896000,44.94851177679022,28.567096063650077
2018-09-27 00:00:00-04:00,59.589007570184826,60.42623164142763,59.49217558442596,59.95448684692383,36274000,59.47308530905545,,53.42824517409725,-0.36823918361457686,59.82807406038356,57.45719815641331,1.1298118184396413,179170000,51.85001434299423,27.09334205137655
2018-09-28 00:00:00-04:00,59.79210834988635,60.00861739270327,59.481252616139386,59.94058609008789,35612000,59.491418673017506,,53.32770516893701,-0.27073575003520745,60.08525258944547,57.39527312670037,1.0867798868770873,143558000,50.97388007115376,25.73717531887518
2018-10-01 00:00:00-04:00,60.23455683155307,60.79071847903882,59.74741529914835,60.0125846862793,33164000,59.51185655589052,,53.81250522939338,-0.1855153855684648,60.3177175975341,57.38441252941902,1.0836744078066147,176722000,51.42017625700986,24.294380625034343
2018-10-02 00:00:00-04:00,59.92022738792793,60.806615758270944,59.57213003168729,59.9683952331543,40180000,59.52976003343027,,53.44556572499503,-0.12015824288148735,60.47629323991387,57.34269784895332,1.0944466448621177,136542000,50.872191936911236,22.73178025517535
2018-10-03 00:00:00-04:00,60.18489763233136,60.29315215050966,59.69577087990158,60.16156005859375,26246000,59.554536505005316,,54.89348592392426,-0.052174019739752,60.672819024245605,57.410548387049964,1.0589419752725437,162788000,44.386874215500235,21.280794197449143
2018-10-04 00:00:00-04:00,59.838789802667804,59.88199083715756,57.793895374010134,58.45036697387695,46576000,59.511235739078714,,42.33273608679331,-0.1348208827857249,60.674739336018625,57.37506026521836,1.1524221687947631,116212000,38.02552811083675,21.571609823561527
2018-10-05 00:00:00-04:00,58.397226233030224,58.69517051098388,57.32065186785569,57.99152374267578,31852000,59.45163919020017,,39.70892319316026,-0.23463915708808258,60.702290614218676,57.28030521097664,1.1682862026757221,84360000,38.18071160006341,22.202827412231255
2018-10-08 00:00:00-04:00,57.602709546478344,58.390276899596834,56.38113529865523,57.400108337402344,46190000,59.37118699989438,,36.56324533003731,-0.35734884413211887,60.73378610460281,57.222922167695366,1.2283473025518565,38170000,31.4139263112084,23.417771898509663
2018-10-09 00:00:00-04:00,57.17118354063311,57.6796774498576,56.81663048146986,56.86628723144531,33690000,59.272955636425785,,33.949030335276944,-0.49200058067734886,60.898495508459796,56.912948074710776,1.202254421540134,4480000,31.011754536343943,24.545934635768184
2018-10-10 00:00:00-04:00,56.43079399331088,56.46158368014609,54.201669160103364,54.23394775390625,58980000,59.07534748417012,,24.606301474295663,-0.8018773060286932,61.70008369115318,55.56771009139891,1.3067089679545494,-54500000,24.564414460532618,26.852457520750566
2018-10-11 00:00:00-04:00,53.58242977591854,55.4207521984252,53.42600743475498,54.163421630859375,67696000,58.88272294090304,,24.412458225061656,-1.041146028800263,62.06950692463688,54.53069093099462,1.3558543819342401,-122196000,25.83003440432816,29.255577273111932
2018-10-12 00:00:00-04:00,55.598529082892036,55.90591068506979,54.37645857421164,55.64322280883789,49370000,58.75568372003774,,35.834504920445696,-1.0986955492093244,62.12581284666498,54.132873473322,1.3834711442396814,-72826000,33.320095074676814,30.86781063824949
2018-10-15 00:00:00-04:00,55.517093589822906,55.70579074998411,54.53486590213734,54.744422912597656,30074000,58.598379374647934,,32.611176854756266,-1.2029625948229423,62.1999709882058,53.54810386124081,1.368289265925902,-102900000,27.695636099526,32.3648844773058
2018-10-16 00:00:00-04:00,55.292643444584535,56.429304564006266,55.20673768076935,56.26593017578125,38378000,58.50691077861395,56.97973930164318,42.10497598967332,-1.149570525863723,61.99821557628501,53.347236287321756,1.3909030077460953,-64522000,27.503737382294574,32.82844212268365
2018-10-17 00:00:00-04:00,56.609557342349035,56.9571583720068,55.31846293260537,55.993309020996094,35652000,58.40833816066815,56.96992407497007,40.99066269262761,-1.1163861704983233,61.76165732489523,53.143696475560496,1.4086024671500479,-100174000,27.115647965703886,32.63496650209383
2018-10-18 00:00:00-04:00,56.112987183373285,56.22968263679578,53.944941596217966,54.51947784423828,46152000,58.25583383453365,56.945541525410555,35.518037342055806,-1.1952352603608247,61.41092121899231,52.769764714438686,1.4711837938234598,-146326000,26.785245690487997,33.20334146040357
2018-10-19 00:00:00-04:00,54.807491207818124,55.66358619144851,54.47577940620576,54.88048553466797,41286000,58.123467234538914,56.92499370460715,37.71170396092691,-1.2145923638899347,60.918107046084124,52.58789881329087,1.4509425789248376,-105040000,27.38812283326247,33.731118207405466
2018-10-22 00:00:00-04:00,55.24447116448159,55.70032670121513,54.62325604352703,55.187862396240234,27116000,58.00834547617426,56.907708815966686,39.595950959101465,-1.1913965858013924,60.27247526550039,52.59023428853607,1.4242374416936425,-77924000,32.76830423543365,34.174724623676134
2018-10-23 00:00:00-04:00,54.19074490529257,55.51709965063872,53.58095223706079,55.36365509033203,37686000,57.90463212770987,56.89234509730366,40.700779037076245,-1.1456227375047376,59.49261701499738,52.75612718666278,1.4608024396853772,-40238000,32.28150117317945,35.11802681694435
2018-10-24 00:00:00-04:00,55.368115713015186,55.44856214064187,52.39164335362954,52.49393844604492,49286000,57.69244806176222,56.848579856992636,30.79770744660034,-1.325627771147012,58.690238932968455,52.53615572035186,1.5748107502087307,-89524000,32.38002970402569,36.49046147896034
2018-10-25 00:00:00-04:00,53.645008140474125,55.508157394211466,53.4091357226377,54.80153274536133,72956000,57.57907883366807,56.82821122901621,42.84126814138003,-1.267468890195957,58.06449732334015,52.675386099511414,1.6776256214914316,-16568000,41.778707872068935,37.6868355496671
2018-10-26 00:00:00-04:00,52.057457238578884,55.46743682357767,51.75454612630108,53.81632614135742,106438000,57.43151990455785,56.79824222316886,39.66718468146553,-1.2860507052665682,57.49194182530865,52.691248584033794,1.8230016983332287,-123006000,38.417900295961516,39.38115968011794
2018-10-29 00:00:00-04:00,54.451444940467006,55.061737669802305,50.01504399704819,51.38211441040039,81290000,57.19428831655168,56.74435040413635,33.13499667948919,-1.480135391278381,57.40444978605739,51.97634143301813,2.0532654107918633,-204296000,36.21569316463975,41.4096023906798
2018-10-30 00:00:00-04:00,50.65115200598429,52.18507080798174,50.35122252103011,52.11604690551758,59768000,56.99514159455034,56.698297633005815,36.52879840840915,-1.556781081377686,57.106783760411275,51.64064208187388,2.0375927590889895,-144528000,36.36045229682988,43.293156336201534
2018-10-31 00:00:00-04:00,53.044148755900416,55.020519198863425,53.044148755900416,54.15548324584961,70916000,56.8837824436209,56.67299599731272,44.89816144171305,-1.4363999501027536,57.10290280624207,51.63406110163554,2.099512725821622,-73612000,45.715467179523145,42.19135006813805
2018-11-01 00:00:00-04:00,54.19620277026839,54.61829082153748,53.52185297739613,53.927059173583984,40132000,56.76783251146259,56.64567324284776,44.19523873936047,-1.343936882075461,57.09440496794973,51.61104394562449,2.027864519987317,-113744000,39.50407474526491,41.16824424779339
2018-11-02 00:00:00-04:00,54.07702214599272,54.523940435840636,53.017329686222624,53.20751953125,43438000,56.628212394591515,56.61146275815525,41.966401849165536,-1.3135779611340013,56.89533436219332,51.48535411436918,1.9906321078180809,-157182000,38.84692904450974,40.459305889694754
2018-11-05 00:00:00-05:00,53.259165401271304,53.29988492089486,51.345863224095034,52.42491912841797,45358000,56.4633773645455,56.5698056076106,39.62568128978324,-1.3372525941136573,56.85893305946838,51.21248824587017,1.9880170784596343,-202540000,33.35577335813028,40.50361574538392
2018-11-06 00:00:00-05:00,52.38966118438446,53.621168994273006,52.319644677121005,53.112178802490234,28660000,56.33195781309235,56.53540136079348,42.65078845563156,-1.2857376163897953,56.41289936093399,51.23802176129908,1.9389818812233748,-173880000,32.56046065745484,40.25491687582923
2018-11-07 00:00:00-05:00,53.80341005489625,55.116353103820906,53.65940283457077,55.032432556152344,43388000,56.28099603831039,56.52044644731446,50.164428847334165,-1.0775419627084304,56.17256010911209,51.350244151141816,1.9436384826596103,-130492000,38.60564427978044,38.79088835487395
2018-11-08 00:00:00-05:00,54.985761480467865,55.03144402476314,53.846615069893794,54.356597900390625,33694000,56.20552944466648,56.498915616001796,47.79121150794687,-0.9560587654096295,56.149383245474155,51.3517036889334,1.8895084114881058,-164186000,33.3026235794466,37.43143329970119
2018-11-09 00:00:00-05:00,53.829729165357584,54.04474549675003,52.84849789006453,53.48212814331055,34860000,56.098729393632915,56.46889783020387,44.83555979124941,-0.9197426368610024,55.98076756984949,51.333871712377075,1.8622649542622478,-199046000,29.25721952221346,36.678460520555404
2018-11-12 00:00:00-05:00,53.28896671456189,53.33713456100917,51.66119355918507,52.108604431152344,34002000,55.942253904908185,56.42551182623321,40.58942154810381,-0.9903772751576199,55.74218128846713,51.16189026508105,1.859312784966764,-233048000,29.467376634960686,36.51304590688097
2018-11-13 00:00:00-05:00,52.379233850086486,52.9681703698477,51.663668268842876,52.039573669433594,25750000,55.78920762116408,56.38187065054367,40.38242878752479,-1.0399381804541008,55.37655868046262,51.084302016965765,1.819683450398054,-258798000,30.455958421204045,36.35944662275471
2018-11-14 00:00:00-05:00,52.63695670370338,52.92447484735371,51.69892643954687,52.36781311035156,34666000,55.65503528740673,56.34192977949698,41.89966674769414,-1.0407324593401768,55.38057880913477,51.06346517686783,1.77724523307011,-224132000,26.299639235164378,36.21681871606604
2018-11-15 00:00:00-05:00,52.21288241227538,53.57399330003422,51.707862643052565,53.185672760009766,41584000,55.55819754123431,56.310524237014526,45.61366676476932,-0.9642521934310082,55.10125737166831,51.12733861628742,1.7835941919209346,-182548000,35.83181054571395,35.45787439868026
2018-11-16 00:00:00-05:00,52.89666725043089,53.254698207707946,52.383702841328535,53.04762649536133,35366000,55.45974377472949,56.278057592818975,45.0897388253334,-0.904355365828188,55.014272279789985,51.11183042203293,1.7184085615251115,-217914000,44.78385748392567,34.75314038967918
2018-11-19 00:00:00-05:00,52.805296077851644,53.034220251724,50.79317666508989,51.01911544799805,45684000,55.28560148740669,56.22572981028345,38.15452270813875,-1.0089401529281403,55.079803949489424,50.99789889067984,1.7566972235784206,-263598000,45.8758210888751,34.929979593999136
2018-11-20 00:00:00-05:00,50.01950971969448,51.512216572083716,49.767251759578734,51.169578552246094,54458000,55.12418882328274,56.175419847516906,38.90514975304323,-1.0673791527054277,55.17899174234057,50.772515317392504,1.7558591942160322,-209140000,34.17499613502383,35.533557655443545
2018-11-21 00:00:00-05:00,51.90748677113346,52.37426854035351,51.616990815363664,51.81413269042969,29698000,54.99438270042576,56.132023955406595,42.144620593495716,-1.0495834047247783,54.99807937632489,50.6412476093522,1.716489965208274,-179442000,40.45554574012213,35.25983507269784
2018-11-23 00:00:00-05:00,51.32103632332067,51.79278494602068,51.07374137557679,51.15220260620117,14178000,54.84370897124048,56.08247349422047,39.810087651685755,-1.0764833421744129,54.87588628531334,50.39345982471269,1.6467686330400328,-193620000,42.91031921078618,35.26121076337508
2018-11-26 00:00:00-05:00,51.842441530993646,52.487986892003256,51.63238820136263,52.43535232543945,31558000,54.74926361258162,56.04618373134703,46.04897900442714,-0.9829316535455845,54.804799104996384,50.36159137758825,1.6245554653801795,-162062000,50.553165426856104,34.61188891288934
2018-11-27 00:00:00-05:00,52.206925926200434,52.97264461056947,51.91692626059895,52.25360107421875,33048000,54.65139449343014,56.008446590480084,45.3322162608457,-0.9129333459873763,54.79827133497664,50.34527674038143,1.583924242850918,-195110000,50.95798452645084,33.5753029411117
2018-11-28 00:00:00-05:00,52.51083073428073,54.26870701340177,51.79029827591175,54.215572357177734,46042000,54.63430342926338,55.99060704587011,53.708585113511425,-0.6911770386218237,55.00718083733632,50.28348637864676,1.6478159924679967,-149068000,51.12945106741554,31.568684240256733
2018-11-29 00:00:00-05:00,53.80540496118948,54.6307141228535,53.72942902483189,54.354122161865234,31004000,54.62331592858111,55.97432361418847,54.24178658572481,-0.49850727448717436,54.79767228991149,50.402553540166636,1.5944923571503975,-118064000,57.95188519797872,29.439303736766018
2018-11-30 00:00:00-05:00,54.406256646407606,55.10245132446289,53.788019314758785,55.10245132446289,59668000,54.64210555194902,55.96564826802205,57.11499906631619,-0.2821784118441215,55.0302635277235,50.269409425564255,1.5744880466185196,-58396000,66.97008618173993,27.554193438284518
2018-12-03 00:00:00-05:00,56.22024318350778,56.36126880199864,55.20573692020723,55.43565368652344,57532000,54.67322508663822,55.96037469009669,58.368489259187925,-0.08289403289280983,55.515653068786605,50.04448995692954,1.5519401488268934,-864000,74.83691067116386,26.631201413395384
2018-12-04 00:00:00-05:00,55.268307300508724,55.33037918066073,52.67568867692584,52.75960922241211,45630000,54.5981813272568,55.928526277482916,46.59024735045967,-0.1392885190806581,55.5356208464654,50.11132281808538,1.638227638881944,-46494000,72.06451002150041,25.366304817240767
2018-12-06 00:00:00-05:00,51.892097404146035,53.60130954715465,51.766961025816045,53.534767150878906,47436000,54.556478810536106,55.904707778710744,49.753195114729316,-0.12004893967399966,55.62260692285535,50.223695872554806,1.652236273343134,942000,64.44243282721561,24.67075421367748
2018-12-07 00:00:00-05:00,53.244262853792925,53.879878269599054,51.61251580163911,51.97054672241211,42682000,54.45506970904105,55.86556189755354,44.08025736706329,-0.22838823284078558,55.62503689679918,50.16829704688572,1.6961738586729058,-41740000,57.13578740565845,23.828893014705518
2018-12-10 00:00:00-05:00,51.789796383219276,52.61709057848274,51.296202947291064,52.29829025268555,33652000,54.3704901225173,55.8300666573061,45.482879879601334,-0.2845219474899281,55.57670719448139,50.09830908156027,1.6693676995671036,-8088000,51.19099943212201,23.22263979596349
2018-12-11 00:00:00-05:00,52.9815905154913,53.15340585513128,52.14535888130381,52.718902587890625,33852000,54.3057219839045,55.799109800894,47.30946863809947,-0.29170581744096324,55.55297671134802,50.07820971036422,1.6221305048714159,25764000,58.17268308647021,22.25624189054107
2018-12-12 00:00:00-05:00,53.48511212570508,54.21259284452468,53.231361456060775,53.31875991821289,28960000,54.267017589171495,55.77442970255887,49.88815721664406,-0.24615805595306028,55.53914502767239,50.39866065673516,1.61295620142589,54724000,66.08794659038028,20.71322660671988
2018-12-13 00:00:00-05:00,53.415091548646906,54.048225524488295,52.884748976627556,53.30931854248047,24986000,54.22946076381106,55.749901233304364,49.8468072028473,-0.20842042600298072,55.49740636499364,50.72569798477849,1.580850511885522,29738000,61.12859255556025,19.418305188450528
2018-12-14 00:00:00-05:00,52.637942854553174,53.21893469805775,52.109089264699044,52.22528839111328,36358000,54.15086576880331,55.7148304587552,45.21305492286361,-0.2629540849716392,55.47345876345107,50.804466346412205,1.5536632808780866,-6620000,58.681326736682685,18.716573870879348
2018-12-17 00:00:00-05:00,51.99191009852122,52.75514733455472,50.48331766516241,50.93122863769531,49932000,54.024605489152016,55.667232430684955,40.38657858522683,-0.40591309628843675,55.5108961735627,50.737565740499804,1.6049608800576742,-56552000,51.497417177839466,18.967266232245745
2018-12-18 00:00:00-05:00,51.34586279057288,52.62156426154026,51.17106588133121,51.813140869140625,43640000,53.937881386406474,55.62888326091834,44.71777207237973,-0.4429402565348681,55.53654911752218,50.62895126903381,1.6110590760424794,-12912000,52.331447539452554,19.200051996371684
2018-12-19 00:00:00-05:00,52.005813170519296,53.41708106643703,50.622357148268186,51.418365478515625,58264000,53.83907684099899,55.58698756159096,43.20455085783732,-0.49839444166058655,55.589119845173,50.46501579528923,1.695606564765791,-71176000,43.59992325562588,18.774796938485952
2018-12-20 00:00:00-05:00,50.94859973237818,52.01325904147724,50.047814888760385,50.82843017578125,53674000,53.72101226589242,55.53963873188142,40.973232743273726,-0.5832221100921942,55.498023332650774,50.10449335029193,1.7148806781908672,-124850000,37.02782046918772,18.71487056282618
2018-12-21 00:00:00-05:00,51.24853426247188,51.52810399378867,48.72345050801858,49.22300338745117,104656000,53.544619760855504,55.47678663890201,35.58690238396697,-0.7711043620909521,55.55366604869133,49.36470146432951,1.7927215930179545,-229506000,25.488007088896623,19.35271127112863
2018-12-24 00:00:00-05:00,48.87888117507476,50.25935938435076,48.548161967652455,48.896263122558594,36360000,53.362331265236016,55.41130879296825,34.59025093347803,-0.9355827930547349,55.272369656286244,48.81850609648069,1.7868984375665509,-265866000,16.904656332150296,20.03070031850154
2018-12-26 00:00:00-05:00,49.55769204069396,52.063408401062034,49.29251888962667,52.03361511230469,46318000,53.31022474943479,55.37769990062334,49.2790363169486,-0.8035126552482765,54.49116559703808,49.14610501249968,1.8854874976334715,-219548000,24.111580922619055,19.231309739672838
2018-12-27 00:00:00-05:00,50.958538688173235,52.30624197870864,50.0051116063417,52.284393310546875,45996000,53.26999606555683,55.346920730572826,50.24092956400951,-0.6708769627452753,54.42516128026499,49.14874720769075,1.915176274400148,-173552000,31.420579238764347,18.317892635379852
2018-12-28 00:00:00-05:00,52.61212920045971,52.847009005559165,51.74312279410953,51.975521087646484,34398000,53.2192323409329,55.31337446546909,49.00816101774374,-0.5839541677364579,54.155203832353756,49.210805180504316,1.857226984189397,-207950000,37.38301407692533,17.08848357489206
2018-12-31 00:00:00-05:00,52.52919962040073,52.78543557125046,51.29819186096392,51.89011001586914,33110000,53.167109896812754,55.27931213263725,48.65265218132334,-0.5160109332959877,54.14767128884925,49.2076128298031,1.83079960748205,-241060000,37.418580403502986,16.247380914753595
2019-01-02 00:00:00-05:00,51.00819102881696,52.67618723970318,50.91284795002421,52.372779846191406,31868000,53.135959698749176,55.25039141336914,50.82364790795349,-0.41839501177651073,54.15790243516796,49.20731362928516,1.8259810133532588,-209192000,32.044025248197386,15.724461469854118
2019-01-03 00:00:00-05:00,52.17365058487447,52.94781013549516,50.76834230728977,50.922279357910156,41960000,53.049148704990785,55.20732562177253,44.706313521579474,-0.4528567075227059,53.99952828263682,49.12613801781892,1.8512300715569823,-251152000,26.733148887326152,15.019845492664162
2019-01-04 00:00:00-05:00,51.77092813408494,53.63010680671193,51.48788049970331,53.53426742553711,46022000,53.06817296854162,55.19067827653636,55.170359431578255,-0.2663321309032156,54.057293860570375,49.09710677419525,1.9124155985030387,-205130000,33.02593626214481,14.063560080077922
2019-01-07 00:00:00-05:00,53.67827836818239,53.76418413245216,52.768056123656145,53.42750930786133,47446000,53.08226458969141,55.173134306698806,54.71459369599112,-0.12567583517942182,54.08778322554212,49.08237617794095,1.846966484952537,-252576000,39.74012582385197,13.279258529455221
2019-01-08 00:00:00-05:00,53.9280526765157,54.29303566168356,53.05159796752543,53.89677047729492,35414000,53.114205997048415,55.1604341690928,56.418842558398296,0.023391109005487465,54.44052392688218,48.95249975475845,1.8037144284672222,-217162000,46.11948127425817,12.959289020024823
2019-01-09 00:00:00-05:00,54.026866021095756,54.20811483800742,53.35052731488378,53.7120361328125,26998000,53.13765031609799,55.1460222483338,55.53282521829897,0.12517824168160985,54.76620886109723,48.99758915322568,1.7361339352283949,-244160000,44.79943338644329,12.662174475553739
2019-01-10 00:00:00-05:00,53.3788423677952,53.62067418512617,52.86935585954434,53.5720100402832,26598000,53.15468403077192,55.13036043531837,54.829944124318324,0.19232928991063147,55.003272739256595,48.995041164552,1.6723158165169494,-270758000,47.071317474348774,11.930944949868694
2019-01-11 00:00:00-05:00,53.12856476037048,53.300876367299786,52.45967809202264,52.858924865722656,30864000,53.14308563214254,55.107759086367174,51.271001283317865,0.18586443582414347,55.11098395616014,49.07940453260939,1.6323169687843502,-301622000,48.77727223875642,11.278526036553796
2019-01-14 00:00:00-05:00,52.306235114417525,52.55998574803909,52.06837751892852,52.215362548828125,28490000,53.10670433475766,55.07897902131704,48.22843359352853,0.12734296149329793,55.126486732343025,49.248826072832756,1.5721905672136205,-330112000,55.576254166929026,11.018679690332505
2019-01-15 00:00:00-05:00,52.53814233603019,54.04077904320069,52.36086390749679,53.9533805847168,37518000,53.139907324952134,55.06777903687326,55.84855256025395,0.21868691510562144,55.0965742758202,49.909455488991,1.5902781334392595,-292594000,62.576459086117985,10.983683721016249
2019-01-16 00:00:00-05:00,54.1266822941194,54.740449107139234,54.02786509845262,54.10234832763672,38280000,53.177650109371136,55.05817276115947,56.4403558993659,0.2996439988227877,54.709612955892275,50.990561502929346,1.5329060183666294,-254314000,62.169204099596975,11.456682963937864
2019-01-17 00:00:00-05:00,54.02687557511327,54.6580205814156,53.79199197865768,54.57956314086914,24896000,53.23262709099851,55.05341047638046,58.36562261082452,0.3977255851402717,55.01040974098705,51.02922445497649,1.485271917251722,-229418000,60.66767864187536,11.661400174953295
2019-01-18 00:00:00-05:00,55.04981300954938,55.51709106238488,54.58750176791932,54.985755920410156,44892000,53.301377241171515,55.052737296719066,59.986736474158725,0.5024404903365536,55.372267525633774,51.02754835164487,1.4461473461277232,-184526000,61.67723916460758,12.455423181038501
2019-01-22 00:00:00-05:00,54.42463110382046,54.572116244721016,53.177730219043774,53.56208038330078,39632000,53.31160089380404,55.03790488962038,52.30023688821027,0.4651867066572706,55.38163825711736,51.229718859581865,1.4719958000733417,-224158000,60.731624513725194,11.890382087681697
2019-01-23 00:00:00-05:00,53.970756673259665,54.27317146731421,53.012866725696085,53.849098205566406,25194000,53.33267921975551,55.026075967390994,53.59132264438511,0.453594004905149,55.381984896286184,51.490570645706,1.4568750101836832,-198964000,61.429505957267935,11.228605540180252
2019-01-24 00:00:00-05:00,53.754744639757874,54.027366126227356,53.134522139050084,53.8287353515625,29114000,53.352132401395004,55.01416213041758,53.480723794749586,0.4377178541542506,55.400841440320846,51.665841502387494,1.4165870799689395,-228078000,62.85863837309364,10.61409874607177
2019-01-25 00:00:00-05:00,54.3367295268186,54.790103543964456,54.216063669778805,54.698238372802734,23260000,53.40492087086197,55.01101861044132,57.51282242733212,0.489653101224377,55.11845378827965,52.45169035641436,1.3840714451427265,-204818000,61.10376169981981,10.667195450748592
2019-01-28 00:00:00-05:00,54.13015866429599,54.294025552422994,53.362451026067895,53.62315368652344,29334000,53.41347902049576,54.99720900920831,51.561911238197055,0.4390012759353823,55.12065325477776,52.4613423913811,1.3806225809707346,-234152000,52.88429748315682,9.940686338765834
2019-01-29 00:00:00-05:00,53.68175585005444,53.864993709157766,52.9359005524968,53.13651657104492,19704000,53.40261774796827,54.978694656589774,49.08606188768093,0.3554938790931885,55.13007932831433,52.41311728626901,1.3483704792343227,-253856000,46.52615383140524,9.553188256236666
2019-01-30 00:00:00-05:00,53.499009054129765,54.59942105062795,53.46325634800232,54.52344512939453,29452000,53.44657176292616,54.97416481054803,55.62578599448833,0.3966548192237056,55.22229480579092,52.40445842907236,1.3565514792592306,-224404000,46.8630759434143,9.180168683081988
2019-01-31 00:00:00-05:00,55.23106585154242,55.99728083126573,54.88396111554397,55.90888977050781,40232000,53.54313325341956,54.98346555641828,61.01297925262939,0.534902936631596,55.7112596364073,52.208407416815355,1.364928923731514,-184172000,54.64975607423305,9.844108064772312
2019-02-01 00:00:00-05:00,55.730127357672096,56.33148288984537,55.33088432498146,55.54788589477539,33116000,53.62175100406097,54.989081679188004,59.002902553115135,0.6083231987972226,55.996942620162514,52.18617454699243,1.338905326669542,-217288000,61.84788285113708,10.674163164996244
2019-02-04 00:00:00-05:00,55.567245607195915,56.72575529919954,55.492758591376344,56.68006896972656,78408000,53.74168504193021,55.00590742337247,63.1079030645831,0.7492303366860895,56.52632732664863,52.16627572104018,1.3313404253233745,-138880000,71.51773632405967,11.69464639023087
2019-02-05 00:00:00-05:00,56.09461115703942,57.24368741144523,55.79517795093981,57.19899368286133,82296000,53.87726577294712,55.02772917719823,64.84536415640127,0.8924851330976722,56.97422659528682,52.3828606036064,1.339709642122092,-56584000,74.0809994054221,12.959786914598254
2019-02-06 00:00:00-05:00,57.06988347710381,57.304763270738334,55.534968253588666,55.759918212890625,48256000,53.95109528039589,55.03501464023995,56.84938880678919,0.8797529830168145,57.119269040591725,52.47868984205801,1.3704300260526332,-104840000,65.65646230224365,13.847473952258436
2019-02-07 00:00:00-05:00,55.21021038502046,55.218651312777254,54.304954980209146,54.9167366027832,38298000,53.98896356754833,55.033837744344865,52.74545984196589,0.7924896260729,57.143738959349754,52.562805026652846,1.3764681122404079,-143138000,59.70920747323847,13.449021587613407
2019-02-08 00:00:00-05:00,54.36901232076592,54.87651363302211,54.33723381881599,54.7414436340332,21766000,54.01847258976343,55.03092835021241,51.906532960941554,0.7011061936259892,57.15079315959982,52.577334892157985,1.3195420173637513,-164904000,53.96775629843374,13.079030106157308
2019-02-11 00:00:00-05:00,54.80947744111797,55.29016329647102,54.623261775972615,54.72853469848633,18498000,54.04631816265453,55.027919458155445,51.84114102442616,0.620489900484344,57.13359542478191,52.56023646405273,1.2729248390162267,-183402000,59.6246773562044,13.066715995166803
2019-02-12 00:00:00-05:00,55.1699855860319,56.25500468557506,55.1699855860319,55.99281311035156,35036000,54.12265129785834,55.037520390018095,57.48965008897088,0.6511119954026796,57.2525789533366,52.765350632438135,1.2910352067356912,-148366000,65.09263128883515,13.756271614099878
2019-02-13 00:00:00-05:00,56.26394294106998,56.7510844857334,55.9143529048766,56.044952392578125,28042000,54.19803565451402,55.04754458904854,57.7099442107302,0.6718428444718398,57.363418777478444,52.94729136656453,1.2585849477443418,-120324000,70.4592222582328,14.720753327907243
2019-02-14 00:00:00-05:00,55.864693020238974,56.41738053460743,55.47190197457435,56.0732536315918,21106000,54.27157361439943,55.05775064917335,57.83766393694814,0.6826862826727265,57.436033523039086,53.17394572500778,1.236220205764966,-99218000,66.31247699702575,15.130969274853427
2019-02-15 00:00:00-05:00,56.574802384750335,56.574802384750335,55.453534180990715,55.59803771972656,27826000,54.32359181460834,55.06312663992513,54.842587791927535,0.6454929916252254,57.474877322524144,53.25507517177925,1.2280093484788697,-127044000,66.36307312860552,15.625788824263543
2019-02-19 00:00:00-05:00,55.449562626201796,56.09510798227435,55.449562626201796,55.93968200683594,21980000,54.38696790057806,55.07184858387449,56.58328008679577,0.6362505786181103,57.42605926804283,53.61276366896889,1.1864047775927042,-105064000,65.96266251547728,16.080517457340346
2019-02-20 00:00:00-05:00,56.05736810178716,56.15916690285784,55.20673625924177,55.64570617675781,24090000,54.43633018591844,55.07755860967433,54.63181521852484,0.5983075896334427,57.10565035971256,54.26773119139421,1.1696923394515157,-129154000,61.042144707405946,16.201204122762515
2019-02-21 00:00:00-05:00,55.55582376397569,55.574198314160704,54.52294672955471,54.832313537597656,33272000,54.451858944807825,55.075118360200925,49.540751805461184,0.49687583400438484,57.06579920250065,54.3487648030332,1.1663399900052005,-162426000,54.094152972376705,15.51426794493112
2019-02-22 00:00:00-05:00,55.10493813288331,55.47985096051634,54.64808996108534,55.445587158203125,29436000,54.49082867866647,55.078804616897465,53.09023301327838,0.46066621931191776,57.03623948911707,54.31655083477616,1.1424414906784717,-132990000,53.73653748659157,14.876398636944826
2019-02-25 00:00:00-05:00,55.71224977161717,55.884561389408304,55.323929200834094,55.48382568359375,26208000,54.529769737683225,55.0828346772626,53.310765408821155,0.4300974722841673,57.03395726776004,54.31029169464231,1.1008836833853102,-106782000,48.35559934711581,14.69249996620503
2019-02-26 00:00:00-05:00,55.33683372192867,55.936200188668224,54.955961495978244,55.716217041015625,35026000,54.57629708291194,55.08913698933975,54.70446145193461,0.4197845454637843,56.859934249189706,54.35580112271785,1.0922661840499295,-71756000,33.59258779670442,14.068178573777223
2019-02-27 00:00:00-05:00,55.3189593126098,55.900943834102165,55.048326811384115,55.759918212890625,22092000,54.622713597813075,55.09581142937508,54.976635711507576,0.41040688094822997,56.44031716019964,54.58354148237848,1.075148386811938,-49664000,41.726285206930264,13.48845156652283
2019-02-28 00:00:00-05:00,55.56674903462355,56.31111530978722,55.53745204614224,55.9416618347168,27422000,54.67443705808381,55.10422785131878,56.1565411689837,0.4128807731008308,56.46964722884859,54.5784438966397,1.053613735157155,-22242000,50.29281393957915,13.40772947931786
2019-03-01 00:00:00-05:00,56.1626395740389,57.10613296332023,56.1626395740389,57.03263854980469,34086000,54.76691554795522,55.12341601747288,62.508192264352,0.49714329524334033,56.81537159113756,54.514839793953584,1.0615321204033177,11844000,57.5816542506006,14.112068991590837
2019-03-04 00:00:00-05:00,57.33257541770027,57.87682206103234,56.52265927719081,57.27596664428711,35490000,54.86530970859569,55.144834431670034,63.7689291310747,0.5769062783023884,57.12766179828139,54.54048598817695,1.0824343106489043,47334000,59.503474141200925,15.396460334981914
2019-03-05 00:00:00-05:00,57.40408028552578,58.42156444447001,57.256102634644606,58.05906295776367,40094000,54.99055493405326,55.173831730437136,67.55074523146843,0.6952934350128501,57.62785982152229,54.48435839950635,1.0883648463043685,87428000,60.1552215905351,16.979568746773953
2019-03-06 00:00:00-05:00,58.186686291711936,58.334663946802706,57.75416828009407,57.8480224609375,23602000,55.10261248412715,55.20044059342719,65.56454249672171,0.763288194113116,57.98655441058735,54.37302505718609,1.0520884763332448,63826000,59.787131587767384,18.449597986295128
2019-03-07 00:00:00-05:00,57.627539050675985,57.780483507204465,56.69447178597159,57.14834213256836,30086000,55.18283717622289,55.219822698294266,59.33543133312338,0.7520470453432679,58.12098518750143,54.385712912270705,1.0593357762355782,33740000,58.39187981517288,18.30440442550778
2019-03-08 00:00:00-05:00,56.30665126903878,57.27745651574538,56.1229171149465,57.10464859008789,23694000,55.25820232970779,55.23857718477978,58.95872113506415,0.731184016048303,58.23358988197197,54.410627545599645,1.0661360351329565,10046000,58.92240871674967,17.488048461220068
2019-03-11 00:00:00-04:00,57.205449885662176,58.59139116873251,57.18409752010903,58.55911636352539,30032000,55.38764993887711,55.271617375613076,66.56776680182527,0.8225316756948544,58.68573911784419,54.353288795567266,1.0961793596695038,40078000,65.0688679338943,17.852031410749607
2019-03-12 00:00:00-04:00,58.71007248986403,59.87255264332162,58.71007248986403,59.452449798583984,42220000,55.547053854944046,55.31321769822971,70.2197727935516,0.9559898405998766,59.33776579509526,54.16963115721594,1.111697711107127,82298000,72.17646935435528,19.02209148304249
2019-03-13 00:00:00-04:00,59.88347697554801,59.94256725540029,59.485222810126956,59.542327880859375,25888000,55.70373126772504,55.35529839656433,70.56811735067323,1.0568263713411667,59.86896282950553,54.15798368335255,1.0672991215149255,108186000,79.3759192206493,20.14981220529783
2019-03-14 00:00:00-04:00,59.54034542644887,59.822400465767835,59.15351377270387,59.21806716918945,27302000,55.84154836190012,55.39373390673971,67.50041862411312,1.0979187945369802,60.10572739581168,54.5059862679253,1.0388410909112855,80884000,72.70084720530858,20.784200405986326
2019-03-15 00:00:00-04:00,59.48969141062915,59.67441435559316,58.94395213709207,59.10732650756836,51886000,55.969618093102795,55.43068507689721,66.4381865513707,1.1087678050079575,60.29651401387243,54.80343156311324,1.0168140285962715,28998000,62.54611941228147,21.112091488021512
2019-03-18 00:00:00-04:00,59.07704028842328,59.338239259767114,58.66935258091703,59.02043151855469,24442000,56.08925783527738,55.46640394696346,65.56628822377442,1.0977004174498433,60.3856197862362,55.18587323541093,0.9919620750429725,4556000,63.78359380677413,21.0722082721378
2019-03-19 00:00:00-04:00,59.17784221588789,59.75834161920121,59.06561728164164,59.71116638183594,29788000,56.231293464554184,55.508640389101494,69.04400470982236,1.1316213374600892,60.56645345805904,55.53769947569747,0.9738155054432261,34344000,64.54393728098982,21.373262824360207
2019-03-20 00:00:00-04:00,59.65852834902629,61.07823704388622,59.568648382978665,60.90145492553711,41508000,56.4144370512594,55.56230023523518,73.93022627637865,1.240253379843594,60.967027630418926,55.82266353169045,1.012085016547821,75852000,65.83126455166706,22.54811433890553
2019-03-21 00:00:00-04:00,60.58215787075375,61.3985258826227,60.41232777418861,61.38313293457031,28150000,56.60928787021277,55.6202189685619,75.6081144275147,1.3496544692710017,61.37795273234417,56.137267909745674,1.0102359516825543,104002000,65.5551157189694,23.825585933519783
2019-03-22 00:00:00-04:00,61.02163171082466,61.258993030583326,59.8869557983602,59.96889114379883,34422000,56.741037018196536,55.66348933846476,62.82321211190093,1.307169886860322,61.46547145164659,56.44124953630913,1.0449460362916658,69580000,57.8538140818922,24.31898903305369
2019-03-25 00:00:00-04:00,59.56715878161209,60.05777442768772,59.09243238579818,59.45890426635742,27576000,56.84762004753618,55.701254661130356,58.951994976833284,1.2183050085733242,61.453424230384556,56.74435510718055,1.0392600366915137,42004000,50.4630971284464,23.832940989330066
2019-03-26 00:00:00-04:00,59.846724803336166,59.96888335214379,58.68325214183726,59.0844841003418,30752000,56.93534020646973,55.734918635649876,56.21325355935668,1.1049294353207415,61.45567076319287,56.878831393382654,1.056857977664015,11252000,44.44615068202015,22.935883997906842
2019-03-27 00:00:00-04:00,59.187775126447654,59.187775126447654,57.81275639306733,58.497039794921875,29428000,56.996583327585505,55.76240242827945,52.12191833823947,0.9566489768093405,61.4207363804312,57.00030142067558,1.0795837459294655,-18176000,44.44554571009012,21.35439171483306
2019-03-28 00:00:00-04:00,58.372398359602414,58.459296719790444,57.77303191345915,58.21200180053711,22402000,57.04424679711302,55.786776551386495,50.212255017159926,0.8068347721351401,61.280630618202295,57.282228471966974,1.054185469896127,-40578000,44.51935972035847,19.923434351128886
2019-03-29 00:00:00-04:00,58.604792090809504,58.792996728883566,57.91951989783895,58.44142150878906,30890000,57.09903796227678,55.81319092907209,51.74473145221753,0.6985655597622227,61.07043996183701,57.67065551749242,1.0412777099781618,-9688000,44.641129491333864,18.737225862761495
2019-04-01 00:00:00-04:00,58.97027630646345,59.59893978558316,58.911682325807746,59.538360595703125,27706000,57.194697673391545,55.8502572939142,58.34648722014978,0.6932835050385577,61.08037222147935,57.79128915547378,1.0495806076078718,18018000,42.786029585220135,18.370418951502224
2019-04-02 00:00:00-04:00,59.59148754848322,59.87751677782474,59.15400656582166,59.86410903930664,18288000,57.299380472054885,55.89019611725144,60.09252442730362,0.7072301071802585,61.121690492199875,57.804858783516266,1.0262898650646721,36306000,41.75748983188451,18.2648866333509
2019-04-03 00:00:00-04:00,60.219655283116424,60.61195003139144,59.84126836433833,60.12580490112305,22180000,57.410220645743834,55.93234147828499,61.48916292524524,0.7309733530238631,61.1932309499127,57.811115261838594,1.0080321366352745,58486000,47.58604691641699,18.746230743530486
2019-04-04 00:00:00-04:00,60.149641514192155,60.6094712789344,60.037912879388585,60.554847717285156,21022000,57.53353935443173,55.97833656524021,63.730269666409654,0.7754710682587174,61.35250827314886,57.8300753450152,0.9768554411288844,79508000,56.777268511681285,19.193193131554388
2019-04-05 00:00:00-04:00,60.54740223163518,60.601529493519976,60.087076143019665,60.157588958740234,20012000,57.63644326048304,56.01992116617057,60.23495938048224,0.7698065160572725,61.42350461666392,57.89911399498973,0.9438267203697006,59496000,57.36176338862186,19.60822963471944
2019-04-08 00:00:00-04:00,60.14070479981026,60.28173042585157,59.822400748039556,60.00017547607422,21750000,57.72913864148662,56.05952568666712,58.85745004323974,0.7440385518570523,61.4613769565801,57.99187418274282,0.9092197887584373,37746000,50.65921288129512,19.61790240419196
2019-04-09 00:00:00-04:00,59.68286827006593,59.94406347818643,59.50856764578211,59.722591400146484,19668000,57.80731325947328,56.095974101726625,56.40770080126779,0.6932274450523153,61.462120837848026,57.992653637249624,0.8793903631536998,18078000,41.97117909409647,19.190738766753135
2019-04-10 00:00:00-04:00,59.841770544210824,60.03294923149093,59.62178737911789,59.9093017578125,15510000,57.889744180976784,56.13391766049365,57.683517537863395,0.6604124190213554,61.28390906576814,58.038578320299564,0.8459454695265098,33588000,39.7138336705329,18.888562248455287
2019-04-11 00:00:00-04:00,60.03095989279288,60.221646053196345,59.81445464745042,60.065223693847656,16998000,57.97505710305015,56.17303513346235,58.76876396521618,0.6396147904583529,60.935383163394775,58.21138299057658,0.8146058935421825,50586000,47.19043338172668,18.813458061497506
2019-04-12 00:00:00-04:00,60.3646597087807,60.733616912387355,60.24896065201805,60.71772766113281,24312000,58.082612811210254,56.2182559546332,63.04050974375489,0.6680828932142688,61.09046876410803,58.15614225884119,0.804162131042005,74898000,55.31920010659178,19.27164013989136
2019-04-15 00:00:00-04:00,60.785259515418176,61.043976990474164,60.312025780457674,60.90642547607422,23796000,58.193350562773546,56.26490440758286,64.19577502009946,0.6978262992068025,61.31578614567925,58.12382770523221,0.799004208111611,98694000,64.15317966885408,19.993342371869403
2019-04-16 00:00:00-04:00,61.07873339208149,61.375685070722255,60.83243106713292,61.173580169677734,22622000,58.31022231206391,56.31374695247933,65.82451248571944,0.7344885865914677,61.569493435685246,58.14866655780433,0.7807363363600197,121316000,72.85768574634679,20.96623335499666
2019-04-17 00:00:00-04:00,61.426334076177916,61.82856245538817,61.22274026941342,61.58226013183594,30366000,58.43853752068242,56.36616996918934,68.20711689711506,0.7874436111636882,61.81216338299654,58.31735932208159,0.7717539041707638,151682000,80.54328602318554,22.254114313527516
2019-04-18 00:00:00-04:00,61.823593401284,61.87027233468712,61.54600888935208,61.6483039855957,24750000,58.564410715384895,56.41872851661627,68.58823823468104,0.8252273297334227,61.90530545644373,58.682390873308876,0.7397902999682122,176432000,80.25493733304245,23.484766763949242
2019-04-22 00:00:00-04:00,61.40994791638979,62.28739519966087,61.24607723716746,62.25859451293945,19084000,58.70928066823018,56.47683663598267,71.93611902804601,0.8941098028199477,62.11424131723699,58.982411413069,0.7613279901485834,195516000,79.75348365552028,24.969534168084003
2019-04-23 00:00:00-04:00,62.401605516968246,63.285012165053814,62.16970355264086,63.09432601928711,31868000,58.881243231016725,56.54268230148819,75.74800567816125,1.0045563072793442,62.704725809495784,58.86605564395474,0.7866123203103241,227384000,80.71948896957207,27.022129966386142
2019-04-24 00:00:00-04:00,63.09433248647827,63.263666286939014,62.55902688114224,62.57094192504883,23396000,59.02593729744936,56.60266498430969,69.39125176872179,1.0378890960501295,63.009724724540696,58.92196778034212,0.780757112130785,203988000,73.22387080755591,28.928111779095275
2019-04-25 00:00:00-04:00,63.07993028957787,63.20407405659304,62.46914507746081,62.932945251464844,31344000,59.17915329564605,56.66565284766447,71.19200402597629,1.0810544911139814,63.36229473003734,58.94368315489104,0.7774836740594601,235332000,74.1641536324891,30.507116208880166
2019-04-26 00:00:00-04:00,63.232870956389945,63.507477649676154,62.81674234723786,63.43348693847656,27228000,59.345989909090385,56.73299448040887,73.51240628754448,1.1424830749157877,63.79951731646889,58.89027913128502,0.7712873618008051,262560000,80.70772658504654,32.18120196363817
2019-04-29 00:00:00-04:00,63.58693947815715,64.40430778019984,63.14995472728106,64.3660659790039,72368000,59.54285563732229,56.808945440593895,77.19760402958161,1.2519849022109284,64.41264019677206,58.83828652035033,0.8057920540235176,334928000,88.88960832853382,34.25906926749931
2019-04-30 00:00:00-04:00,59.12372163397037,59.63767488150388,58.744834598246015,59.53736877441406,133178000,59.54264046622785,56.83609393147768,43.47212331527345,0.9383140793300413,64.4621580869923,58.72706106990875,1.1497520059331154,201750000,69.30705951545373,32.69956554942789
2019-05-01 00:00:00-04:00,59.464866913779495,59.55176906979021,58.18270967014903,58.2641487121582,74340000,59.492503534695715,56.850303431782955,38.67439118156466,0.5803001353051727,64.69243220043448,58.30232793140145,1.165416819769406,127410000,59.5654311019503,31.621070585034516
2019-05-02 00:00:00-04:00,58.22839441108475,58.56507300935367,57.51978080850767,57.92597961425781,45098000,59.43107122409031,56.86100667737972,37.49089706022642,0.26621532080582,64.95224705528699,57.778070124074986,1.1568364898463055,82312000,54.02158188022223,31.03046844781132
2019-05-03 00:00:00-04:00,58.467246840288944,59.161956427656094,58.27557185444793,59.070091247558594,41588000,59.416915146579264,56.882987618376525,43.76132089543089,0.10837184633823682,65.01413598603149,57.58349686715861,1.1624893701000178,123900000,55.24820580626881,29.92348004573329
2019-05-06 00:00:00-04:00,58.19859595861239,59.36207248475379,58.15688383510678,59.26424789428711,31774000,59.41092819550898,56.90668175047514,44.773757115428836,-0.0010414207715641055,65.04637569437156,57.357459856572454,1.1655393186390886,155674000,55.76496413172694,28.710897550194513
2019-05-07 00:00:00-04:00,58.884368941861375,59.329298264303915,57.8509955859456,58.539249420166016,36604000,59.37674471412298,56.92292620489992,41.75122257617438,-0.14458683401230843,65.11197629180758,56.976235785015334,1.1878795586190336,119070000,50.97243421867649,27.805838808326765
2019-05-08 00:00:00-04:00,58.4612828042614,58.807895011362966,57.98159339239588,58.13801574707031,25520000,59.3281671075719,56.9350166481056,40.1363774754195,-0.2874107204847718,65.15814310933386,56.52532704447474,1.1620525629296086,93550000,46.48608259338628,26.96542711944957
2019-05-09 00:00:00-04:00,57.73181963448864,58.30138903648477,57.33654326582937,57.998477935791016,29556000,59.27602243416873,56.945598352460685,39.563273907486774,-0.4071656624044522,65.12084443134356,56.08478809632572,1.147966363481451,63994000,42.18829901407972,26.664470985560886
2019-05-10 00:00:00-04:00,58.041684185752864,58.41113390101427,56.92587913956529,57.982093811035156,31650000,59.22528013522232,56.9559117401082,39.49196894601061,-0.49765769052826414,65.0181944627577,55.698610041636826,1.1720583919077028,32344000,38.3762687522035,26.67172027114521
2019-05-13 00:00:00-04:00,56.86976769716593,57.20396101137546,55.88952893618015,56.44022750854492,45626000,59.116062385156546,56.950780553724485,33.39258798331119,-0.6858825721284418,64.89421453887891,55.046807698263,1.2378088549753674,-13282000,32.6354904485201,27.325747791344497
2019-05-14 00:00:00-04:00,56.72476733058976,56.85139261583485,55.79170003032995,55.85774612426758,40392000,58.988285276886394,56.93990458925228,31.41843186306356,-0.8720016345537971,64.51005395631,54.46609096149599,1.2250862642989053,-53674000,31.975543055122387,27.9900034620806
2019-05-15 00:00:00-04:00,55.74303068700111,58.51143885461089,55.685925617241296,58.139007568359375,59302000,58.954980268708866,56.95183596217872,45.10619407455768,-0.8259031023435099,63.96984899602506,54.415371340889,1.3394024766610972,5628000,34.3598377239085,26.801210474939843
2019-05-16 00:00:00-04:00,58.190657160881514,59.29901393563067,58.02231974314036,58.81932067871094,35308000,58.94966028478738,56.97041789965665,48.41282161290841,-0.7261040258277021,63.25745144188383,54.57928561866305,1.334923313506041,40936000,34.91710798161361,25.010425419215256
2019-05-17 00:00:00-04:00,58.38878643670616,58.908202776914415,57.921508357152064,58.038700103759766,25362000,58.91393635611963,56.98104757332932,45.05886082827071,-0.7019109031880362,62.17537847319399,54.94205367605731,1.3100498210957774,15574000,25.67111370514887,23.4301386231101
2019-05-20 00:00:00-04:00,57.25510870926334,57.25510870926334,56.51719810401949,56.840965270996094,30602000,58.83264337238929,56.97965371957476,40.430644795930824,-0.7705029914464987,60.02350402314707,56.09058136503653,1.3251535481418129,-15028000,30.609160306639723,23.003385501348163
2019-05-21 00:00:00-04:00,57.32859577429114,57.50339267832459,56.77392304619659,57.32661056518555,20562000,58.77358326230288,56.983106026496266,42.987728517023456,-0.7767216355148463,59.736676329312324,56.0826412976408,1.2826046969979685,5534000,38.07100041185697,22.374123443431746
2019-05-22 00:00:00-04:00,57.168205254641975,57.79041300251401,57.15579012010887,57.396629333496094,18826000,58.71958506901634,56.98722068626741,43.36520106843946,-0.7671567211673818,59.685206291544574,56.01844208492027,1.2363202816699093,24360000,44.17369269289645,21.51722770440137
2019-05-23 00:00:00-04:00,56.91098195643675,57.10861635520426,56.26990333907973,56.87472915649414,25214000,58.64723777832919,56.9861013675632,41.17679824124819,-0.7925533782210223,59.67772800916968,55.88575363959334,1.2284921182946558,-854000,36.56995733428517,21.36153195568858
2019-05-24 00:00:00-04:00,57.20544745669446,57.32263920538338,56.446184496005266,56.54053497314453,18554000,58.56462198204744,56.98166787110133,39.79202682822989,-0.830078461727183,59.47030923328754,55.75589824555361,1.2033465890863315,-19408000,34.52926544492571,21.00085958069759
2019-05-28 00:00:00-04:00,56.68305059673662,57.42840948040141,56.5435100968706,56.58770751953125,20948000,58.48709592469387,56.97774786760312,40.098251467360214,-0.846255820184318,59.13031823555411,55.73901719331959,1.1808128689556565,1540000,40.732109875980385,20.555346749785826
2019-05-29 00:00:00-04:00,56.247056508848104,56.36127044191138,55.21666475408142,55.61343002319336,36230000,58.37440314424287,56.964172565668704,36.02308746598231,-0.9270065899633337,59.051295654752685,55.42793052119132,1.1944007187052403,-34690000,39.86812119175186,21.06972529937014
2019-05-30 00:00:00-04:00,55.62385987984428,55.954082778088384,55.412813945564984,55.68642807006836,18088000,58.268992357020345,56.9514586900906,36.54345397561651,-0.9738854789003071,58.9744395984266,55.17790822058382,1.1477484411208232,-16602000,41.020664448865865,21.54736252398415
2019-05-31 00:00:00-04:00,54.90332874821634,55.288667707493765,54.78961111490557,54.9460334777832,31582000,58.13868024410909,56.93150421036615,33.561732249617904,-1.0585783596013059,58.97527852506961,54.77007669953976,1.1298247635523924,-48184000,41.1750729224978,22.386512977802436
2019-06-03 00:00:00-04:00,52.981094755894844,52.98456887263018,50.99976089777774,51.58124923706055,96890000,57.881526086969934,56.87826784247256,23.984077117161732,-1.3812854464805255,59.73697321757434,53.15493606383843,1.3309996075847546,-145074000,37.401485694585006,24.758384186896684
2019-06-04 00:00:00-04:00,51.86676722491095,52.55949155555069,51.446664390549536,52.36334228515625,60512000,57.66512672219293,56.83334321006145,29.052118433979714,-1.5559883004952866,60.044567505105206,52.30375707985573,1.3154158616859262,-84562000,47.63944040016482,26.960836023912773
2019-06-05 00:00:00-04:00,52.388671319401666,52.47855128829843,51.29620765091686,51.87421798706055,46988000,57.43803226199166,56.78399868047936,27.803635373441693,-1.7141501580416119,60.33598241569001,51.48120508430999,1.3059107028070436,-131550000,36.56940059971245,29.054048035983623
2019-06-06 00:00:00-04:00,51.952187193072035,52.140388074156064,51.42085196138286,52.02915573120117,29020000,57.22591945686262,56.73668681033728,28.846726870764698,-1.8061719624778902,60.1515246690188,50.85101591936011,1.2640268035189124,-102530000,29.40502035099628,30.997744904335125
2019-06-07 00:00:00-04:00,52.35291684459517,53.30385855223438,52.19748709077707,53.052589416503906,43828000,57.06225945527993,56.7000291248265,35.478071205044984,-1.7760442279524966,59.55492364889503,50.67871943785627,1.2647893761985052,-58702000,37.107285234706225,31.466882232162153
2019-06-10 00:00:00-04:00,53.481140673469866,54.36703280807389,53.395731204821246,53.76716995239258,28510000,56.933040259088266,56.670846446493826,39.703537924854594,-1.675196481766811,59.0250820255206,50.639023707715076,1.268336091582182,-30192000,43.14891011454195,30.867257252189493
2019-06-11 00:00:00-04:00,54.47378911960716,54.82238655758594,53.60875692609776,53.6817512512207,33508000,56.80553872936797,56.64110420574484,39.37161515974592,-1.5839081840593465,58.70564198689252,50.537235210373105,1.2644284872897535,-63700000,44.470090569210065,29.903066183057042
2019-06-12 00:00:00-04:00,53.627627128343704,53.7552450144655,53.11367010203279,53.585418701171875,23670000,56.67925951257596,56.61069937485357,38.9758764815415,-1.5020204256421934,58.21476686732804,50.5292847480691,1.2199389462285362,-87370000,40.23719875007214,29.31153413253239
2019-06-13 00:00:00-04:00,53.86399318532499,54.45392232066145,53.75772766916994,54.17683410644531,20814000,56.58112518292378,56.586481809993785,42.77854462482345,-1.373567871183674,57.64348639755601,50.67125918756769,1.1948364228900386,-66556000,44.832125620365986,28.13201152370606
2019-06-14 00:00:00-04:00,54.1137700872315,54.36305022172289,53.70360087599848,53.94294738769531,24582000,56.47766723016972,56.560177984896285,41.672595775789475,-1.2759328403123575,57.13104820718157,50.792793142102276,1.1565944888067787,-91138000,40.54837884287164,27.074213847683932
2019-06-17 00:00:00-04:00,54.08199330920801,54.68681911452546,54.02736974779946,54.31985092163086,19770000,56.39304698277604,56.5378861733215,44.17714963633127,-1.1548312340415379,56.680358854123725,50.94739128829164,1.127114291522734,-71368000,40.29491557681978,25.78997209463814
2019-06-18 00:00:00-04:00,55.19431670219781,55.55582175690148,54.662485256283006,54.883460998535156,34526000,56.33384753241366,56.52142423128383,47.78762509545824,-1.0018302402695838,56.23371329930926,51.16680397363996,1.1348897589332974,-36842000,47.45096157132945,24.05675687311676
2019-06-19 00:00:00-04:00,54.98277622449,55.0915270411147,54.42611449349191,54.84720993041992,26714000,56.27554801860998,56.50476538251902,47.57449082859146,-0.8734326210640475,56.0539007016699,51.24445389224286,1.1013556724111184,-63556000,46.66854936260936,22.430541100114286
2019-06-20 00:00:00-04:00,55.70082416226947,55.751477304227194,54.97085821014935,55.27873611450195,24018000,56.23645735570379,56.49256608631985,50.409826539969714,-0.7284588064769508,55.94171593842479,51.302279728079114,1.087277936796558,-39538000,52.24059469893983,21.292940482825525
2019-06-21 00:00:00-04:00,55.112882695989924,55.94265848523578,55.105930675072905,55.88307189941406,50774000,56.222599102515964,56.48650146754467,54.149723456465864,-0.5583646862065805,56.18672976037393,51.18220436234743,1.0693814991798665,11236000,68.09125043901862,20.39315259540452
2019-06-24 00:00:00-04:00,55.61640822009714,55.793686642714576,55.28420013247602,55.452537536621094,24236000,56.19240060973578,56.47621326922703,51.18798805392236,-0.4530815532693211,56.3192940177032,51.56581187829289,1.0357736611625932,-13000000,59.827088957109304,19.557635271370724
2019-06-25 00:00:00-04:00,55.3720930958086,55.402878991466125,53.85853026017643,54.00651168823242,31644000,56.106679475559176,56.45163912414251,42.73375868422348,-0.48078393499028493,56.27402178271362,51.830173367025964,1.0756474908255982,-44644000,61.726210678274406,18.84828292510059
2019-06-26 00:00:00-04:00,54.176334803025824,54.3809249875427,53.31676582383781,53.645992279052734,34698000,56.01018193844128,56.423722240111765,40.919202558726305,-0.52576844407956,56.08340064139849,52.257031080606716,1.0748268960312617,-79342000,60.753434443543654,18.606171639644604
2019-06-27 00:00:00-04:00,53.965291543563104,54.050204689524875,53.42402280442013,53.4627571105957,24078000,55.91028292558459,56.39425990051459,39.9897800364611,-0.5696381048773702,55.857884779624015,52.67369379296713,1.0427808238222247,-103420000,53.01321909317109,18.381354017435477
2019-06-28 00:00:00-04:00,53.49255405592567,53.76914596557617,53.322227661551615,53.76914596557617,33672000,55.82631677029014,56.36813936384854,42.34781696818226,-0.5730760432261945,55.79643536788116,52.83068407791963,1.0002192152652485,-69748000,45.437001703402274,18.256336346454855
2019-07-01 00:00:00-04:00,54.674902459151454,55.049819080889314,54.39135850397658,54.623260498046875,29196000,55.77913809294727,56.35077738508435,48.431138338375185,-0.501104310929442,55.830720464989085,52.910544386898934,1.020251636697241,-40552000,44.904755929406264,17.082048619750093
2019-07-02 00:00:00-04:00,54.863108075505096,55.26334748817981,54.606875897649,55.24894714355469,20630000,55.758346291010305,56.33981390009401,52.3940273033849,-0.38909328614441563,55.94730809279315,53.002916211406074,0.9942673476853533,-19922000,50.37979933092076,16.18531301906471
2019-07-03 00:00:00-04:00,55.54192399832887,56.01317631262774,55.36067514821172,55.764888763427734,20154000,55.75860285855609,56.33409325196798,55.43522359215525,-0.25574351316178223,56.14206714340434,53.098753169095666,0.9778360492130462,232000,50.37112203348514,15.997482640758289
2019-07-05 00:00:00-04:00,55.58512157274748,56.343888215268976,55.49226379302029,56.245567321777344,29794000,55.77769950417261,56.33321239694121,58.11953777109866,-0.11000801100605173,56.458675909112124,53.05797549876548,0.9688209330013061,30026000,57.13093193016212,16.088475195640335
2019-07-08 00:00:00-04:00,55.90789710652554,55.97443950031505,55.2072319168068,55.457008361816406,29888000,55.76512338094296,56.324493948830515,52.52956698208184,-0.05747910998626793,56.533575367643564,53.184950836783514,0.9737862524276804,138000,50.93271894860572,15.851598212815137
2019-07-09 00:00:00-04:00,55.13572032831668,56.0067156718243,54.978305369170165,55.829437255859375,29472000,55.76764549368478,56.31956801158702,54.74348908154352,0.014040471932787568,56.673440818495294,53.24636356382892,0.9776879703009987,29610000,50.36213591539033,15.372923890346483
2019-07-10 00:00:00-04:00,56.22818845580949,56.7257561216189,56.14575681379233,56.654747009277344,30710000,55.80243378841391,56.32290312599191,59.27608457419779,0.13575100251886596,56.98714459385755,53.168831256565625,0.9718758914051792,60320000,57.39054155157862,15.564354454975724
2019-07-11 00:00:00-04:00,56.91544819980678,57.26702344838608,56.58622170920299,56.81216049194336,26004000,55.84203091404251,56.32777135848894,60.096967882548554,0.2421184367517526,57.29800295739139,53.11996630123491,0.9510848805321727,86324000,57.67031792732355,16.17288755513109
2019-07-12 00:00:00-04:00,56.75505589444092,56.98199107226122,56.53805433993021,56.87472915649414,21878000,55.88252888433473,56.33321372463825,60.438322855369094,0.32768679365904063,57.56423676457194,53.06653156631999,0.9148600128035183,108202000,48.695959998861696,16.67588040089664
2019-07-15 00:00:00-04:00,56.87472603736857,57.139899209823874,56.6095566534803,57.1314582824707,21164000,55.93150650779104,56.34115645655698,61.879322541911094,0.4114730230100818,57.81173931597748,52.98548053265532,0.8873944801992367,129366000,54.71160785981214,17.275287238447653
2019-07-16 00:00:00-04:00,56.94375319251821,57.53219724651398,56.94375319251821,57.277950286865234,25352000,55.98430822461748,56.35047778820184,62.71388677530572,0.48411432529651677,58.10971049397101,52.93089772136102,0.8660408783275607,154718000,62.3646613335564,18.156456019696886
2019-07-17 00:00:00-04:00,57.15182386068483,57.52524779704133,56.93829641230518,56.94425582885742,19538000,56.02195322870532,56.35638602741235,59.517470176134374,0.5088905532263297,58.261976981299725,53.17033045278231,0.846105914499603,135180000,64.68512843696956,18.966281794148017
2019-07-18 00:00:00-04:00,56.70887549307149,57.015264515165846,56.2550089081239,56.96908187866211,25450000,56.05909552870363,56.362482503544186,59.6821122178835,0.5244832308967702,58.29580673206245,53.579579315300826,0.8399737496811992,160630000,64.19922341544614,18.709668042702454
2019-07-19 00:00:00-04:00,57.07236698404478,57.184591922191956,56.17505620403855,56.1899528503418,23184000,56.06422718837572,56.360765790577,52.469881248989275,0.4685699563748855,58.07194819874306,54.16706394725304,0.8520853188577855,137446000,65.80424224837195,18.642315708943528
2019-07-22 00:00:00-04:00,56.38460460637375,56.61054715880697,55.875121919015555,56.5703239440918,28914000,56.08407411997243,56.36285094633337,55.30927514009461,0.44976642448309434,57.807455324713736,54.805047218417776,0.8437524560673307,166360000,57.64847480132116,18.149240733734676
2019-07-23 00:00:00-04:00,56.78087235827853,57.049519631107835,56.25450403931348,57.00929641723633,20648000,56.12035734731611,56.369283239576184,58.39804102069018,0.46492651644854277,57.70180147692145,55.22883918876865,0.8402712514764038,187008000,57.72675381404771,18.16198864641776
2019-07-24 00:00:00-04:00,56.24308530218296,56.88068598581315,56.0389914055494,56.59614944458008,27192000,56.1390158609343,56.37154061475035,54.57496421776331,0.43854818023864794,57.60710044244378,55.503167196716376,0.8495593772057267,159816000,51.01638168433227,17.85291601644192
2019-07-25 00:00:00-04:00,56.55741791036515,56.78783099374206,55.80064023527246,56.40795135498047,54762000,56.1495623508969,56.37190291067304,52.8768168883971,0.39787073953361585,57.5667816824954,55.629227635538456,0.8593901901531463,105054000,39.9993809786009,17.2141223237025
2019-07-26 00:00:00-04:00,60.97941991885774,62.98508355909175,60.97941991885774,61.83452224731445,121216000,56.372501954677986,56.42625733193316,76.0336389411134,0.7943556564377019,59.73870377258316,54.202499535522314,1.2678003340072987,226270000,58.75692288282477,20.18526177014483
2019-07-29 00:00:00-04:00,61.69945427748095,62.021732537959856,61.08866525629566,61.66667938232422,41382000,56.58011675576215,56.47840083492213,74.80913258124679,1.0825503268170422,60.88412155050799,53.88503789366519,1.2438908302685054,184888000,51.12101981080114,22.944176970412705
2019-07-30 00:00:00-04:00,60.92975917072659,61.42186751683444,60.84633492322061,60.97941970825195,28616000,56.75263844017351,56.5231870923682,69.84873512583249,1.2411829825806535,61.54582494908436,53.909998822074485,1.2136375180424415,156272000,45.00442369191013,25.231046384746882
2019-07-31 00:00:00-04:00,60.8239904446225,61.32255072451649,59.995207288072685,60.492774963378906,39960000,56.899310460691375,56.56268547914442,66.48691923132728,1.3125026280171923,61.98952562383576,53.978035207869965,1.2217593693568247,116312000,38.53431315431458,26.424924463922288
2019-08-01 00:00:00-04:00,60.464476704063244,61.391580848667786,59.936615592516354,60.173980712890625,35426000,57.02772890195409,56.59861876505234,64.30351951470001,1.3279916678157804,62.301581719895964,54.11422180793606,1.2384169326992966,80886000,37.38962647582214,27.563724170938823
2019-08-02 00:00:00-04:00,59.737980847722156,60.06075160378452,59.09243175846339,59.40626907348633,34910000,57.121004987112215,56.62655558404174,59.25681719044748,1.263751193086513,62.445243229451236,54.30809895397975,1.227212077108435,45976000,32.47917897996341,27.73121927364635
2019-08-05 00:00:00-04:00,58.246765783244946,58.440929852494264,56.74611810196527,57.34200668334961,47840000,57.12967172029799,56.63367450045277,48.28380439977167,1.0343481097625187,62.44342089180497,54.3379944117432,1.3295648552807648,-1864000,26.712785660799298,25.960610421314414
2019-08-06 00:00:00-04:00,57.8768203283182,58.66538029104162,57.67868583873652,58.152915954589844,36014000,57.16979894517218,56.648791330842194,52.040887102264556,0.9075168255504948,62.46099069164773,54.4370867009304,1.3291226233101396,34150000,32.19049038036448,24.461620558242988
2019-08-07 00:00:00-04:00,57.49346146790648,58.58940302004811,57.147845640683784,58.39276123046875,30686000,57.217758250477935,56.66614426516684,53.12557238997178,0.8169384701775613,62.4769503060823,54.61426114004401,1.33715367731401,64836000,31.86968215220749,22.73862570163174
2019-08-08 00:00:00-04:00,58.91515767971558,59.90085954311422,58.29791671780245,59.896392822265625,30116000,57.32280274348922,56.698286041854395,59.33495997156375,0.8566105014084613,62.63009340825885,54.851426163681246,1.3561386164567073,94952000,36.64043105323967,21.940947694509966
2019-08-09 00:00:00-04:00,59.588505921313846,59.81047425750031,58.83867658253542,59.037803649902344,20418000,57.39005768099562,56.72156482402403,54.86563579901179,0.8094391901739613,62.57357759157711,55.2876554203044,1.3348227324048143,74534000,37.094881744209744,21.20024668789689
2019-08-12 00:00:00-04:00,58.59585644291829,58.87443356343119,58.03572059965884,58.32273864746094,22064000,57.42663340517073,56.73749690186917,51.39359365551541,0.7062150094943505,62.48685009165795,55.60803821400611,1.311055612250435,52470000,33.518062506982204,19.892933847722997
2019-08-13 00:00:00-04:00,58.31528985018725,59.85864595596713,58.247758643856116,59.4266242980957,28434000,57.50506442057956,56.7642543883988,56.02057132483029,0.705352583548212,62.47298661752959,55.94421207224905,1.3324721622404763,80904000,38.30500966014953,19.324490172735203
2019-08-14 00:00:00-04:00,58.40071023765916,58.73440725765192,57.655847570688955,57.813758850097656,35430000,57.51717008448223,56.774697218863466,48.722732602523735,0.5679770564447111,62.34406813247198,56.235478478042346,1.3637796311809243,45474000,39.494098253316345,18.34212339207793
2019-08-15 00:00:00-04:00,58.02132378872251,58.41808528113959,57.751683881361316,58.06551742553711,28506000,57.5386739017785,56.78754120101943,49.821572928212504,0.4739572898722386,62.13247705346258,56.6680783664593,1.3139669003664491,73980000,26.500204352474043,17.42992566718189
2019-08-16 00:00:00-04:00,58.635090408088814,58.786545959947794,58.24825875182244,58.5566291809082,24916000,57.57859371664634,56.80514406649096,51.983213809336426,0.4340708630445249,61.607354690447295,56.75614832062041,1.2716141599410375,98896000,33.18012145010324,16.848794369370793
2019-08-19 00:00:00-04:00,59.18330773838435,60.05529574028158,59.11229862258572,59.61085891723633,24450000,57.65829039117928,56.8330616271949,56.3320124134283,0.48197223565816927,61.096741141729375,56.99265247399328,1.2878321884719188,123346000,39.18609982054854,17.135547591987724
2019-08-20 00:00:00-04:00,59.35810381890367,59.48969591160282,58.74731480546252,58.771148681640625,20206000,57.701931892766,56.85234607549785,52.27115993753626,0.4470238081067208,60.67116798589951,57.12378949294163,1.2575258972791963,103140000,41.14164382888349,17.07365653266337
2019-08-21 00:00:00-04:00,59.38144042613698,59.61681652454566,58.989145665933485,59.17089080810547,14152000,57.7595381247401,56.87541617233971,53.972210486329395,0.44643653383873527,60.376575134670915,57.242131123467104,1.2281074648238992,117292000,47.03632977961315,17.10025958968579
2019-08-22 00:00:00-04:00,59.28113288873037,59.528427829139154,58.541733367637406,59.16791534423828,17352000,57.8147686039361,56.89822710937353,53.9567955429298,0.4406514639033148,60.14794433421066,57.33661987477372,1.210863678872317,99940000,49.25870754144184,16.700593999859432
2019-08-23 00:00:00-04:00,58.852587822155336,59.37399317082415,57.10613411697356,57.28390884399414,36254000,57.793950574134456,56.902064738573735,45.16146526160229,0.28080621577030485,60.13226159338864,57.069321251663446,1.2863633485136226,63686000,50.7422123209133,15.870984189563709
2019-08-26 00:00:00-04:00,57.575394252625415,58.19164255858214,57.34697018333334,58.157875061035156,21166000,57.80822212264037,56.914560363672855,49.29088444623543,0.22208936670331525,60.0563738665331,57.25399142887705,1.2593183746617922,84852000,42.77627987820718,15.100632222860536
2019-08-27 00:00:00-04:00,58.74483279647858,58.84414629589712,57.82914748065645,58.1400032043457,23460000,57.82123314545235,56.926753824774075,49.20928074492456,0.17212952924594305,60.05676157948421,57.25188201589339,1.2418669775602833,61392000,50.36606637823778,14.204636476338752
2019-08-28 00:00:00-04:00,57.84454444842859,58.52137580638552,57.615127748376075,58.28550338745117,16810000,57.83943982160917,56.94027372092012,49.935968126231025,0.1426324685883671,60.055951945765905,57.23839060387602,1.2178941975923665,78202000,43.303686218355196,13.190875019595358
2019-08-29 00:00:00-04:00,58.914657992783425,59.5487845627296,58.858049223414895,59.302982330322266,19636000,57.89683364548027,56.96378325932213,54.805583027134944,0.19906320603909222,59.9025797232421,57.31264142747405,1.2211361245699426,97838000,49.37471238377118,13.066772436221878
2019-08-30 00:00:00-04:00,59.60639320411449,59.60639320411449,58.87990132626032,59.11875534057617,18064000,57.944752143327165,56.98522576759332,53.785474659124574,0.22631062558867399,59.91575420797653,57.31026050149612,1.1858043926616733,79774000,49.93679026835203,12.995016813873912
2019-09-03 00:00:00-04:00,58.687723847944135,59.04674741391685,57.786938968084094,58.07693862915039,25908000,57.94993592708494,56.99608858213618,48.30932595346733,0.16197139468797417,59.919586650277445,57.27365472342047,1.1962338197924165,53866000,41.575859371270056,12.191090318287815
2019-09-04 00:00:00-04:00,58.568550803433574,58.83819072264731,58.17526340988472,58.70858383178711,21312000,57.97968682530855,57.01312833586405,51.53141218728559,0.16010498898251768,59.79803417130394,57.299468473552835,1.1651636964855956,75178000,50.240954815483576,11.44458714381501
2019-09-05 00:00:00-04:00,59.27418009507138,60.284215906396916,59.226012251345395,60.1943359375,26394000,58.06653581010037,57.044782142845506,58.14096414290829,0.27533968252961216,60.13504917754033,57.27986374563675,1.194482866351611,101572000,50.037305770095756,11.657922051033538
2019-09-06 00:00:00-04:00,60.04288031171701,60.23207378167409,59.75089164731191,59.90284729003906,18972000,58.13854802499993,57.073220602021564,56.51272614172849,0.3392328445422308,60.329669542609984,57.33022069583402,1.1435328140666514,82600000,49.1416746370199,11.8560187505936
2019-09-09 00:00:00-04:00,59.94058033990465,60.60946698298001,59.24984503143165,59.85070037841797,31854000,58.205691254545734,57.10085721671208,56.20945112694679,0.3812658207527946,60.49017107590834,57.3422619888703,1.1589677524582023,50746000,39.99027901523683,11.549225443033126
2019-09-10 00:00:00-04:00,59.39484714669391,60.08558248184198,59.39087293984681,59.87205505371094,27922000,58.271038854513,57.128431324542916,56.31284461928792,0.4115562369439587,60.543312757256885,57.32394645905171,1.125806451710843,78668000,38.97666514235012,11.264345943155545
2019-09-11 00:00:00-04:00,59.782178449808505,60.70481581520623,59.702228314623035,60.58216094970703,23522000,58.361671093540224,57.16279679345003,59.718735583405746,0.48724456911684655,60.85726171583422,57.251465802883224,1.1170050980588682,102190000,40.80232985982101,11.523000809877695
2019-09-12 00:00:00-04:00,60.75447270829562,61.695480838602215,60.70928267774459,61.32553482055664,31644000,58.477901043619305,57.20421707232671,62.97307933765899,0.6002923795295771,61.32869008646412,57.067323300580156,1.1167418688328907,133834000,48.508846792200885,12.493453251194252
2019-09-13 00:00:00-04:00,61.18350633115261,61.627446809872836,60.93372990515864,61.5767936706543,23676000,58.5994262446795,57.247725297185696,64.03084467087855,0.7020651035982866,61.79691328012074,56.920283883779,1.0865257999672695,157510000,57.49266315758031,13.394587660988195
2019-09-16 00:00:00-04:00,61.10058152887671,61.52664378236177,60.839878862603655,61.15967559814453,28218000,58.699828180109506,57.28665017580221,60.91948458020757,0.7405264502485096,61.93981306904226,57.29415299541087,1.061553586258939,129292000,56.065180017149146,14.114953723135768
2019-09-17 00:00:00-04:00,61.1596789508108,61.32702375634473,60.74851332053332,61.072776794433594,20806000,58.79288498851437,57.32432307748013,60.26251124129226,0.7552888377810163,62.10083195422396,57.52178767468229,1.0270505040841154,108486000,49.52486708173133,14.665041589429292
2019-09-18 00:00:00-04:00,61.09065008007308,61.38859435283951,60.406866780675536,61.210323333740234,17440000,58.88768649224872,57.36298974669665,60.979812236925234,0.7692199042223251,62.21858320914472,57.81341243701413,1.0238131518041054,125926000,49.31228074390903,14.728076148579158
2019-09-19 00:00:00-04:00,61.193940349862515,61.790821524994314,61.19344404756771,61.51323699951172,16554000,58.990649257239426,57.40428573926198,62.58172428754561,0.7955325717325152,62.34432919219083,58.1180309355761,0.993353460777141,142480000,48.944747623747936,15.156081854368194
2019-09-20 00:00:00-04:00,61.259486500962936,61.714349449559,60.75993361432121,61.0707893371582,37692000,59.07222337802055,57.440768362126626,58.78553786713878,0.7717870410557879,62.439028892671466,58.259038836006916,0.9905722018100445,104788000,46.096364137660196,14.98119762574182
2019-09-23 00:00:00-04:00,60.908413037624285,61.559425320138814,60.76986891323084,61.3116340637207,20798000,59.16004340491076,57.4792844387594,60.20079176229567,0.7636003836296652,62.5264966344448,58.46395492398619,0.976213930745611,125586000,52.67614134289545,14.818805127731613
2019-09-24 00:00:00-04:00,61.57530749622939,61.92837163680693,60.11736460385631,60.499229431152344,35804000,59.212560503979056,57.50933364266381,53.524199755416575,0.6836771299583901,62.22587015777121,59.08755350759337,1.0358420094745402,89782000,44.75376810013605,13.832112304802266
2019-09-25 00:00:00-04:00,60.384018810564626,61.97355747190286,60.04585133850793,61.870269775390625,26798000,59.31678439697559,57.55272604199443,61.320611413175385,0.7226387435174715,62.15792440481771,59.57705738636067,1.0995465897545678,116580000,44.90838976037382,12.85965679647576
2019-09-26 00:00:00-04:00,61.68157374129965,61.80721020331351,61.16910942458877,61.689022064208984,23166000,59.40981332510239,57.59388321634483,59.890297587512045,0.7304705179949451,62.26507414609795,59.66919912864163,1.0710904298293742,93414000,45.62108551774239,11.956662395886863
2019-09-27 00:00:00-04:00,61.715837376030635,61.823099287343716,60.343800229031,60.877620697021484,34122000,59.467374398510984,57.62655722112768,53.83622846509735,0.6635548987017046,62.20166416593569,59.86257889640155,1.100248189006756,59292000,45.268184262252426,12.112037975439511
2019-09-30 00:00:00-04:00,60.61195176436198,60.95011926542126,60.255413501341735,60.63876724243164,24470000,59.51331137278238,57.656529460145634,52.16457201678189,0.584512415428307,62.09750097062441,60.07181767358132,1.071280872940525,34822000,45.64611861536682,12.353396274393914
2019-10-01 00:00:00-04:00,60.70580475052927,61.22075436043475,59.864606478101145,59.8869514465332,24504000,59.52796392469418,57.678722713741536,47.1969252243979,0.4559495241261615,62.09375439639309,60.07755043352228,1.0916285164686024,10318000,39.17298880028331,13.000580285501323
2019-10-02 00:00:00-04:00,59.41520627342781,59.52743120571696,58.22988109820769,58.49256896972656,33030000,59.48736020096996,57.68682068643791,39.654329578539034,0.23879481599174568,62.5785632735022,59.31412929241577,1.1320172187440958,-22712000,30.494328454622718,14.9484961472935
2019-10-03 00:00:00-04:00,58.761714082594985,59.14209000990656,57.75863410934124,59.06412887573242,28368000,59.4707628940979,57.70052524553537,43.63093477683524,0.11153257487275425,62.66095620592898,58.930215567345755,1.1499771245884691,5656000,23.7657413128111,17.05305980318952
2019-10-04 00:00:00-04:00,59.30546445419043,60.20774202308976,59.14060116726233,60.13325500488281,24282000,59.49674297687378,57.72473151179753,50.23675731633315,0.09584107917187623,62.54239097291121,58.85630897826067,1.149522554786245,29938000,30.578096278260034,17.51726907226897
2019-10-07 00:00:00-04:00,59.936608232240225,60.52803006832077,59.80551244669636,59.998680114746094,17040000,59.51642678620211,57.74735786605572,49.45119145305671,0.07171964738197545,62.47862675657859,58.765273796806824,1.1190222024175422,12898000,35.56821602854751,17.55413126478256
2019-10-08 00:00:00-04:00,59.52793230733842,59.930156923227834,59.066613618294724,59.09889221191406,20086000,59.50005288132807,57.76080596899959,44.44668577445078,-0.019774180569719135,62.47589847612113,58.504817466261684,1.1056682234199584,-7188000,35.36192296898619,18.173175108354567
2019-10-09 00:00:00-04:00,59.655052425075155,60.0091091647672,59.49564846887699,59.70818328857422,15948000,59.50821485808282,57.78018285775158,48.264726258816786,-0.04262761594850417,62.37192570142526,58.40850490160208,1.0917074183794715,8760000,35.17072272539288,18.645551386550007
2019-10-10 00:00:00-04:00,59.51948524782527,60.364653914159625,59.48273993711372,60.059261322021484,12842000,59.52982452333532,57.80286025540602,50.380860930872416,-0.0320407194494976,62.1860295215783,58.40053765778368,1.076722172569931,21602000,41.543760822340495,18.61863651337547
2019-10-11 00:00:00-04:00,60.78228385576991,61.01666737111061,60.26634158290344,60.36913299560547,22330000,59.56273858107141,57.82839530754731,52.23782520872749,0.0013381018478639817,62.09422533626893,58.39878766421935,1.0681995923213017,43932000,41.767442379401324,17.80372822025374
2019-10-14 00:00:00-04:00,60.27875272808499,60.87414501003201,60.17894292459229,60.4714241027832,13296000,59.59837330741305,57.85469410152976,52.864928642193696,0.0356343253531719,61.954712522886894,58.42627248280972,1.0415569132583313,57228000,44.74650789848846,17.135299545030914
2019-10-15 00:00:00-04:00,60.65664703340885,61.92936693809996,60.62784634543622,61.68654251098633,27584000,59.680262295788474,57.89282194639998,59.64344402105197,0.15903101934814146,62.182455279132256,58.3568381372089,1.0712987648339332,84812000,44.89363173224669,16.451477804305625
2019-10-16 00:00:00-04:00,61.66519105343478,62.27995049884577,61.50231296930733,61.72428512573242,22986000,59.7604200538255,57.93094595813463,59.836649048989685,0.25690782841968485,62.14127527542801,58.37855352095871,1.0503229623128265,107798000,44.8804070707356,16.147720167176654
2019-10-17 00:00:00-04:00,62.14140203664437,62.754672532230664,62.06542611389898,62.21092224121094,20958000,59.856518178821005,57.97353278682196,62.340112603636406,0.36948426834673853,62.29598197363957,58.29343351301408,1.0488989940403564,128756000,53.80635883135612,16.29315948795523
2019-10-18 00:00:00-04:00,62.30477150532222,62.4745977965756,61.58225394843711,61.79429244995117,31624000,59.93250932670847,58.011550295907824,58.952134146137396,0.4202391109429797,62.47695519004281,58.234683197001466,1.0377164836187942,97132000,52.45961333632168,15.841332240134623
2019-10-21 00:00:00-04:00,62.00732481027971,62.24617500321804,61.5748068718768,61.787837982177734,18094000,60.00526731319746,58.04912529776126,58.89873014600095,0.45470036499579436,62.66876980755869,58.19607801145173,1.0115487441703974,79038000,53.468408898027555,15.41272475170641
2019-10-22 00:00:00-04:00,61.79777342883717,62.008819349312326,61.56786044406074,61.6348991394043,22862000,60.069174443636946,58.08480463946915,57.56797769021192,0.4643179029071476,62.840932787240405,58.256974724152826,0.9707923271047678,56176000,55.02918815338723,15.005658496580779
2019-10-23 00:00:00-04:00,61.585735396571906,62.471127275750284,61.585735396571906,62.450767517089844,21282000,60.162570250439025,58.1282470561619,62.442926633268854,0.5316451561526918,63.006343339682914,58.61932397802542,0.9646922951100257,77458000,63.52361226887028,15.12130471873137
2019-10-24 00:00:00-04:00,62.52426528930664,62.71246615004476,62.18857929877395,62.52426528930664,20224000,60.25518574215933,58.171988531118565,62.85691965128506,0.5841988645287159,63.179919362115655,58.90709947740257,0.9332061919786531,97682000,63.131316781881885,15.474390957361278
2019-10-25 00:00:00-04:00,62.17120101123446,62.96572420217347,62.02967907777432,62.78199005126953,27104000,60.354276107222475,58.21785919301062,64.3412614100412,0.6392751257260159,63.4616364551233,58.97854705724649,0.9334089728658315,124786000,64.48807415556706,16.05661032715684
2019-10-28 00:00:00-04:00,63.313328303813016,64.51702440390773,63.17975098966292,64.00753784179688,65428000,60.49754127328422,58.27546793578461,70.39912308403902,0.7729053521109819,64.01972980212857,58.95496807384799,0.9906679285638573,190214000,75.09095896861888,17.83625628848976
2019-10-29 00:00:00-04:00,63.3629789049207,63.601336608238725,62.35046159811055,62.601234436035156,52654000,60.58003904437249,58.31851038852343,58.18417285922005,0.7566096127551205,63.95790962717084,59.48376721202187,1.0382685225011765,137560000,63.56157778351186,18.324426402994817
2019-10-30 00:00:00-04:00,62.32761496903568,62.9667083095177,62.104157719594035,62.603214263916016,29204000,60.65937924906048,58.36114425793032,58.195170106827305,0.7353778988143276,63.90956177122263,59.91811919801566,1.0257172416027829,166764000,57.71676961531585,18.4601157962016
2019-10-31 00:00:00-04:00,62.568459544116386,62.89222670566317,62.0460615945574,62.50886917114258,31904000,60.73190826561272,58.40241515258915,57.42020065984931,0.7028368859179466,63.82456059236443,60.32973475675667,1.0128920894244247,134860000,50.91219945443987,18.50901083674896
2019-11-01 00:00:00-04:00,62.856479969274005,63.21401466395179,62.55406514354959,63.1767692565918,28812000,60.82778516721974,58.44992116357425,61.34469420120722,0.7226120320786222,63.832062918968596,60.69658393161735,0.9909101896661949,163672000,55.85268583412193,18.847998421796202
2019-11-04 00:00:00-05:00,63.36844275704817,64.18232928533666,63.36844275704817,64.038818359375,30632000,60.953708037500334,58.50553208094541,65.7344727820939,0.7986379350524189,63.99011932091879,61.01418009721272,0.9919566067432429,194304000,56.288132495315246,19.938091931468495
2019-11-05 00:00:00-05:00,64.11777324497734,64.41770653931235,64.02740076110675,64.12969207763672,25148000,61.078256431231175,58.56149387195726,66.1706055357451,0.8563502874424884,64.2888857779243,61.04116691576058,0.9489815475619828,219452000,56.603111137692615,21.118355669402813
2019-11-06 00:00:00-05:00,64.06265485974106,64.20665829682251,63.67433430478252,64.10833740234375,24626000,61.197083135980684,58.616686344896436,65.95814948468723,0.8901040334518839,64.51375108244294,61.134175248123476,0.9192202935961263,194826000,51.208110727908995,21.682807584369435
2019-11-07 00:00:00-05:00,64.2707238372197,65.67951029140188,64.24440844639015,64.8993911743164,45140000,61.34227168650365,58.67920082081107,69.82335560092629,0.969509644944786,64.94621006197724,61.06017879300323,0.9657883361291268,239966000,59.89394502919939,23.204545788128492
2019-11-08 00:00:00-05:00,64.6302397412566,65.40440318196927,64.6302397412566,65.00167846679688,30392000,61.485777834750444,58.74211104614426,70.29305270681225,1.0288331457146498,65.28287490855438,61.15116541533885,0.95210084359938,270358000,64.96060198005667,24.617588405904762
2019-11-11 00:00:00-05:00,64.75338152710377,64.79807903887122,64.34967184292513,64.46934509277344,17234000,61.60278047231997,58.79909844959331,64.65301011679358,1.0211217373277464,65.39914947981174,61.39242512549426,0.930665542190263,253124000,65.64072870818852,25.504207605943424
2019-11-12 00:00:00-05:00,64.48374135233045,65.01905069237543,64.26872502996527,64.41620635986328,28852000,61.713110899282455,58.85499007059102,64.10011725077143,0.9992043334041227,65.40514430728909,61.75727126074475,0.91778412220597,224272000,66.27781023710668,26.481003970896797
2019-11-13 00:00:00-05:00,64.21609248961553,64.67989646108992,64.16494683266741,64.36506652832031,20538000,61.81710915924472,58.90981670201121,63.536983430689624,0.9665661035015063,65.46515177884078,61.95250365735715,0.889010229792866,203734000,61.812305210778774,27.21933773624264
2019-11-14 00:00:00-05:00,64.30647433547658,65.33538101631511,64.2538359815961,65.00912475585938,28948000,61.942286241464906,58.970506334387814,67.41908254268492,0.9813577067319059,65.6213662297595,62.12760380197877,0.9027627158590195,232682000,62.04807837786688,28.371932154224403
2019-11-15 00:00:00-05:00,65.30210903092815,66.22027587890625,65.14518657580811,66.22027587890625,39286000,62.11005054097241,59.042643344781034,73.19791924754423,1.0783790500559576,66.1013390930653,62.10606904902452,0.9247904592295806,271968000,59.86964466984552,29.971284996869265
2019-11-18 00:00:00-05:00,66.16067392279932,66.23913514111699,65.35721740838592,65.53995513916016,27984000,62.244556603646444,59.10729321338183,66.10519963159115,1.0878331027653516,66.32634076667283,62.0853896817321,0.921728121622544,243984000,63.21821105250379,31.46692230962388
2019-11-19 00:00:00-05:00,65.87712644818149,65.87712644818149,65.13921975630998,65.17993927001953,21864000,62.35966964938657,59.16771755225385,62.645815866774846,1.0541239510504994,66.36387909069948,62.39167866890336,0.9085980194974695,222120000,64.18762727583572,32.468619266233034
2019-11-20 00:00:00-05:00,65.11887005161834,65.21073522847406,64.01895807514778,64.64712524414062,28892000,62.44937379035732,59.22223902182486,57.82298207663441,0.9731971554653285,66.26044092199122,62.76763830164158,0.9288251004852421,193228000,64.50218268399533,31.67580454938304
2019-11-21 00:00:00-05:00,64.51752437297762,65.10695728609952,64.09543248756198,64.56172180175781,25546000,62.532210967274985,59.27536820371474,57.06464591999004,0.8918895947972345,66.03053978240868,63.27125312530617,0.9347322217746916,167682000,57.82940942364094,30.939619455165193
2019-11-22 00:00:00-05:00,64.70373663785156,64.89740062254626,64.02640899374012,64.24043273925781,27776000,62.599200056372354,59.32477183093408,54.18558853791295,0.7923932092903527,65.88316438206827,63.56045032333536,0.9301793222769378,139906000,50.51974740993918,30.154515531084883
2019-11-25 00:00:00-05:00,64.36904202295224,65.07169239650739,64.33676343182131,64.83482360839844,23590000,62.68687156821652,59.379598216779506,58.370140897099795,0.7528258744880318,65.8778243707694,63.671924367837384,0.9231136319178405,163496000,50.35013412902361,29.601930117571488
2019-11-26 00:00:00-05:00,65.04685759270549,65.2504551709245,64.75537284255635,65.20030212402344,21910000,62.785437472365814,59.43751566859288,60.74437323869574,0.7424015949122662,65.91085283813213,63.78164390665954,0.8925399673785763,185406000,56.30836762650731,29.271462525462535
2019-11-27 00:00:00-05:00,65.32047501506403,65.43071473018284,65.02501227182788,65.15709686279297,18808000,62.87844372297081,59.494426924256565,60.30650654367841,0.7223274337229952,65.91335809705303,63.91897324246518,0.8577658595911756,166598000,53.137266917369445,29.149778638190416
2019-11-29 00:00:00-05:00,64.88248684978318,65.0488352201315,64.71513829792417,64.75784301757812,12802000,62.95214565609266,59.5467992236926,56.26996298948118,0.6665188533014543,65.90705196947117,63.90640628248197,0.8280653385395772,153796000,47.019993622212404,28.488925343855346
2019-12-02 00:00:00-05:00,64.68187703817355,64.82489543902715,63.58047244322369,64.00157165527344,26538000,62.99329961684485,59.59112531753918,49.50989987319768,0.5548691861400386,65.93501780091779,63.74509287616552,0.8578051712012826,127258000,45.81097945303275,26.674090879620252
2019-12-03 00:00:00-05:00,63.49506270080051,64.41720745962368,63.41511636223022,64.2935562133789,25270000,63.044290071610895,59.63791567471172,51.91192963319508,0.4843632955787882,65.9425126750974,63.71415948473332,0.8681113087864382,152528000,38.095205031112506,25.191034545045955
2019-12-04 00:00:00-05:00,64.85766909362378,65.7599466472687,64.7062097597378,65.49526977539062,35506000,63.140406922739515,59.69619780506674,60.28607865448921,0.5194670182274166,66.03781895461354,63.76272832728749,0.9108455320081068,188034000,46.28320667455175,24.508272793966743
2019-12-05 00:00:00-05:00,65.89550937906759,65.94417731167431,65.26585710883786,65.89352416992188,24408000,63.248372304981956,59.75786274402053,62.60990766892415,0.5728196641030223,66.20182515280588,63.8025164813087,0.8942365799244166,212442000,45.65435490005448,24.050120399649924
2019-12-06 00:00:00-05:00,66.18104609793939,66.66371717527518,66.10557025609481,66.51077270507812,32968000,63.37630957557397,59.825055877961404,65.93674606544002,0.6573315100966255,66.51860371300057,63.6859576476765,0.8853763245979087,245410000,44.71582637121633,24.26422315764432
2019-12-09 00:00:00-05:00,66.48445432136702,67.41255481566687,66.34590641392973,66.68953704833984,30842000,63.50624006470205,59.893359173189054,66.85651523857695,0.730313940920496,66.66346062481499,63.603668891786576,0.8983243301078538,276252000,53.156561587644745,25.031769040816737
2019-12-10 00:00:00-05:00,66.53807396344972,66.93831330290331,66.24310373805898,66.68456268310547,17606000,63.63088016738453,59.96093333746683,66.802461387927,0.7787744266365308,66.91713326450467,63.50261059128961,0.8838161325890309,258646000,53.7508357765163,25.59135112948118
2019-12-11 00:00:00-05:00,66.95321801131333,67.0321717506534,66.59568335253202,66.75210571289062,20480000,63.753281169169085,60.02850719194866,67.19035443227975,0.813255169369711,67.18680042520248,63.442565622974605,0.8518641515556276,279126000,61.02872633021532,26.184683648852513
2019-12-12 00:00:00-05:00,66.7004625257417,67.26506513217194,66.45168246592846,66.96265411376953,29114000,63.87913893170244,60.097503678732956,68.42873515088968,0.8477980149502002,67.47276941032683,63.46533382046744,0.8491154740333317,308240000,68.78072097470262,26.921948696213942
2019-12-13 00:00:00-05:00,66.93334780265604,67.10466680145325,66.62348848656524,66.8822021484375,33170000,63.99690611667245,60.16501311624246,67.38216819588256,0.8587821615186755,67.68097111818004,63.56652949217152,0.8228342483800946,275070000,67.50752408255974,27.606551954478128
2019-12-16 00:00:00-05:00,67.28591831507632,67.70949525063956,67.06792417468502,67.5689697265625,28128000,64.13698704255049,60.238684326295406,71.40292600677006,0.9123861610849389,67.97495882819393,63.71634671379826,0.8231527379388065,303198000,68.01710183913427,28.724016197945854
2019-12-17 00:00:00-05:00,67.65388043713276,67.74922351406123,67.07586634825005,67.28045654296875,32948000,64.26026035629238,60.30875171153594,67.63119716592959,0.9209707368563329,68.17759244226882,63.83979749099941,0.8124530542154048,270250000,59.95222889685468,29.791893126326762
2019-12-18 00:00:00-05:00,67.38524250658368,67.5059083820404,67.06048649891805,67.13248443603516,23330000,64.37289659471367,60.37664954959066,65.71393798869579,0.9053971083536823,68.3284552377299,63.94655900380657,0.7862365419944723,246920000,54.160387399508,30.75168261563786
2019-12-19 00:00:00-05:00,67.13247953584978,67.41156055314431,66.97556465783197,67.35742950439453,28922000,64.48993710097567,60.44611004665339,67.23459273763281,0.9008219677337763,68.48753847232436,64.08085345475897,0.7612193529457489,275842000,59.35239760022146,31.457757740548807
2019-12-20 00:00:00-05:00,67.68815382943819,67.73284377201271,67.07389064452275,67.09822082519531,50090000,64.59222273721957,60.51230020365381,63.72711425557773,0.8662940630073166,68.51694411831222,64.36349818312006,0.7539146225560501,225752000,68.00873048404628,32.40459418287848
2019-12-23 00:00:00-05:00,67.47114856562128,67.62607823768093,66.93832445747657,67.06892395019531,19936000,64.68934827498333,60.577540240932834,63.325014345488356,0.8270329161360905,68.2772088646199,65.01221374280198,0.7491888481023581,205816000,68.70431931413361,32.97099140362209
2019-12-24 00:00:00-05:00,67.04806924561835,67.13745670987207,66.74814350199244,66.76104736328125,13468000,64.77059137648521,60.63906767498605,59.10445520310069,0.7622879261425624,67.85146903811867,65.7669523892902,0.7234834452293056,192348000,63.492914224332075,33.058685991314256
2019-12-26 00:00:00-05:00,66.86631520699842,67.69311693880468,66.81466946015564,67.6568603515625,23662000,64.8837783951157,60.70889645783756,66.16968255353196,0.7743356176499248,67.81032004578898,66.09631345844278,0.7383824545360287,216010000,63.480042298630764,33.708497257078946
2019-12-27 00:00:00-05:00,67.73284016432277,67.88429950893813,67.18661210419084,67.26805114746094,23212000,64.97727928736452,60.77416167862984,61.225585830981835,0.7439342358239429,67.69899518153294,66.39090858637071,0.7354756652654041,192798000,62.574075795940836,34.48908782763417
2019-12-30 00:00:00-05:00,67.37580383183013,67.3852373642307,66.43379932170576,66.52665710449219,19994000,65.03803920176169,60.83140043908618,53.0810774385943,0.6524950616115035,67.69663365199649,66.39538803582901,0.750901549355371,172804000,56.00083711801811,33.62417837033784
2019-12-31 00:00:00-05:00,66.33200535876357,66.57383719977469,66.15026019838969,66.51077270507812,19514000,65.09579345679371,60.887911605911974,52.918654594824616,0.5721517102198845,67.71618578489374,66.35200065716354,0.7275212245003445,153290000,55.720435122657264,32.30750530517598
2020-01-02 00:00:00-05:00,66.9586787875548,67.9652328491211,66.86333571006601,67.9652328491211,27278000,65.20832049178695,60.95833271280958,63.831800844315964,0.6187097032672568,67.91616386789434,66.32277859629838,0.7794454330391034,180568000,56.56208584479968,32.52005393115799
2020-01-03 00:00:00-05:00,66.93833093166674,68.21701041213593,66.90455963929347,67.60969543457031,23408000,65.30249205817061,61.02451542645894,60.16081276912293,0.6197739815223429,67.98270897325614,66.37057878716053,0.817517243025058,157160000,49.50829132454825,32.92141951443476
2020-01-06 00:00:00-05:00,67.11856919518195,69.4370812039188,67.08729078696965,69.41175842285156,46768000,65.46363975874634,61.10797058065191,69.67907496211072,0.7572991788612029,68.70486924835394,65.97496575327365,0.9269653268767788,203928000,60.101040457342954,34.12123653627024
2020-01-07 00:00:00-05:00,69.54335656021222,69.69431580950295,69.10140504019108,69.2776870727539,34330000,65.6132102416486,61.189261292016106,68.37029881487999,0.8457215000862845,69.14477025226779,65.85446273926866,0.9031042870507139,169598000,60.839191696590234,35.381775666923446
2020-01-08 00:00:00-05:00,69.26328117365361,70.10894997178289,69.15453414305767,69.77078247070312,35314000,65.77625228984682,61.274649562450804,70.56044867151435,0.9446956410524763,69.64504869952829,65.64775932456025,0.9067693971703212,204912000,69.60624310096937,36.77997324527191
2020-01-09 00:00:00-05:00,70.60949659555637,70.94468628827275,70.0275120595761,70.50323486328125,33200000,65.96162415547171,61.366476281862056,73.49620461422012,1.0699029720885846,70.30064501245616,65.42186678767405,0.9258504271988429,238112000,76.24358948777613,38.48196982351973
2020-01-10 00:00:00-05:00,70.98391800569446,71.25554310798687,70.49379866523805,70.95858764648438,26258000,66.15758350806044,61.4619201760374,75.15495782638429,1.1921316959525825,70.96360840757355,65.26905048728322,0.9141285711666985,264370000,76.17061750773556,40.19703828303717
2020-01-13 00:00:00-05:00,71.27093190331932,71.5802987088555,70.78032005165358,71.50830078125,30730000,66.36741555798945,61.56188416215892,77.02440531256136,1.3181611547908432,71.66646759079026,65.11964080764724,0.9059750058835,295100000,75.08468972186327,41.92646786693608
2020-01-14 00:00:00-05:00,71.5068174921591,71.6374169915749,70.89950254218948,71.03954315185547,26076000,66.55063624794498,61.65618922673302,72.04610644206781,1.36448663324758,72.09959921920826,65.21201882278392,0.8939706804193509,269024000,73.61680787902908,43.55673045167597
2020-01-15 00:00:00-05:00,71.1602052622877,71.54554802109986,71.09267026131843,71.46708679199219,21550000,66.74343823006448,61.753810098029135,73.71481478786339,1.4193378639211858,72.547883785646,65.35015596858578,0.8662588367639967,290574000,77.5674072206596,45.07054570893444
2020-01-16 00:00:00-05:00,71.77745389288593,72.03816039199243,71.50682134635217,72.01134490966797,26080000,66.95002280573522,61.855875121030515,75.70318236597053,1.4895542863555988,72.99848950923753,65.59958991784579,0.8451741769951574,316654000,77.79666165068738,46.696476176463705
2020-01-17 00:00:00-05:00,72.62610042823279,73.52042972169289,72.32865240023932,73.46928405761719,52424000,67.20568010973058,61.97143142885725,80.05556060848987,1.6438950133260306,73.81009726737781,65.56297198717948,0.8925963652115693,369078000,79.49697676129651,48.713700211298786
2020-01-21 00:00:00-05:00,73.44345017940596,73.9837301623698,73.00696178186003,73.60484313964844,48930000,67.45662767953128,62.087186769263134,80.40700130516969,1.7568972189113197,74.44768821277574,65.77028664073987,0.8986086520185834,418008000,85.14309012129586,50.71070948528901
2020-01-22 00:00:00-05:00,73.97627967986148,74.51505937450915,73.6252007502099,73.6852798461914,28458000,67.70088854881207,62.202590680476355,80.6251630599699,1.8318266931093632,74.81727615368986,66.35518173205232,0.8994377650787355,446466000,89.47698743221355,52.696266609703855
2020-01-23 00:00:00-05:00,73.86803136699017,74.16349415742818,73.50900399356541,73.72600555419922,26650000,67.93716764706255,62.317251524991015,80.74208232610886,1.8729053781698752,74.96287677234288,67.1716121599488,0.881941507849023,473116000,83.51953842688486,54.30787458531909
2020-01-24 00:00:00-05:00,74.12972773072896,74.19825534143845,72.6578767961083,72.80635833740234,29786000,68.12811630158569,62.421620747005065,70.4093400041603,1.8103837109580638,74.99551615554705,67.78445617518213,0.9289727248119611,443330000,82.02121133134784,54.23238118289929
2020-01-27 00:00:00-05:00,71.08670446922109,71.33697719030968,70.48882316948702,71.09613800048828,34132000,68.24450930938579,62.50793435151734,56.04546494500823,1.6043405122097028,74.62174097299517,68.62309036652307,1.0281557564622015,409198000,74.15758688258086,51.356660373720125
2020-01-28 00:00:00-05:00,71.59321781876741,72.24174479037791,71.02811510182957,72.0282211303711,29724000,68.39289016511071,62.60266357319748,60.74566394793654,1.4989817826714642,74.55636830311984,69.03732473073434,1.0414038944683541,438922000,73.95963067370067,49.32078472380689
2020-01-29 00:00:00-05:00,72.42348475495831,72.70554357944198,71.77446531610946,72.33609008789062,21566000,68.54752545620013,62.699513588269056,62.18407566710228,1.4239127030613474,74.41608723433205,69.58539286820701,1.0335234922443661,460488000,73.21297133663322,47.727470941834845
2020-01-30 00:00:00-05:00,71.41246028918627,72.26408472389092,71.25852322835154,72.21443176269531,27110000,68.69132570351367,62.79418939099967,61.22926938098488,1.3391660340855651,74.26456987249615,70.06273013564187,1.0366694470511322,433378000,66.6007333932809,45.69744241739494
2020-01-31 00:00:00-05:00,72.8902603105145,72.98014026995669,70.86423327330586,71.14827728271484,43822000,68.78767674583528,62.877314643653555,53.479536910054435,1.1724585596008552,74.19315768737502,70.22014797668749,1.113757843451111,389556000,58.21201224644127,44.291691430225015
2020-02-03 00:00:00-05:00,72.58189744131957,73.80596084309201,72.33162467760039,73.62222290039062,71636000,68.97726679111197,62.984229153670846,64.65783094391334,1.2258377264761435,74.3689320761025,70.3995249551475,1.224038251802972,461192000,61.82020605797079,43.4810278825734
2020-02-04 00:00:00-05:00,72.2263518292056,72.86444505255666,70.61446801787635,71.77545928955078,95880000,69.08699983026644,63.071704080396024,54.19000416451014,1.106369176280353,74.35959014927762,70.44448801641248,1.3514465825680653,365312000,54.138686399734034,41.08270900282393
2020-02-05 00:00:00-05:00,72.67921990211404,72.72738774441514,70.99434560329382,71.80723571777344,36376000,69.19367574742357,63.15862479320575,54.32702076615739,1.0026951363409466,74.30276836470283,70.60366880977635,1.378703408179012,401688000,55.32704043854855,38.85569861448514
2020-02-06 00:00:00-05:00,72.1016994935962,73.57057229670284,72.02721627071665,73.29298400878906,37822000,69.35443293414379,63.25946418838569,60.305229540668215,1.0285635426649975,74.38886303232384,70.7610271043949,1.406177206089754,439510000,56.26053951408039,37.365804577680066
2020-02-07 00:00:00-05:00,72.866929041931,73.75380988182637,72.76860814708976,73.44891357421875,28360000,69.51500080238203,63.36085174446364,60.883905099685975,1.0495481164555542,74.50723035820305,70.83433560045582,1.376107529564529,467870000,54.37349538203523,36.10292638970761
2020-02-10 00:00:00-05:00,73.35557474936633,74.92723177137948,73.25476853870846,74.91630554199219,38302000,69.7268166745236,63.475831384240045,65.9190895606543,1.1710852686613578,74.89090813492663,70.64359402164888,1.3972757940721354,506172000,53.51603683409035,35.64352806439671
2020-02-11 00:00:00-05:00,75.14521713630961,75.97003370117069,74.7568965647971,74.9858169555664,34852000,69.93305197966254,63.590358603855236,66.14143239706115,1.2585060531685457,75.22605959613709,70.49257240256084,1.3841230328079537,541024000,54.111947627438575,35.75113878666602
2020-02-12 00:00:00-05:00,75.27382928475085,75.49430874131542,74.91679471215745,75.41138458251953,31042000,70.1478885523236,63.707980752896674,67.53776080508436,1.3466045861642613,75.63960962958792,70.30916966728707,1.3265081039758118,572066000,59.352058313799716,35.85106302877323
2020-02-13 00:00:00-05:00,74.98283526176698,75.77487310133188,74.68488719013807,75.15117645263672,22914000,70.34409592096333,63.821843396675185,65.7522336304267,1.3795243884219417,75.92950862254328,70.20929346079005,1.30961366163424,549152000,60.02595792366157,36.08802670382234
2020-02-14 00:00:00-05:00,75.20777546733567,75.48188583916784,74.76184602231503,75.41633605957031,23198000,70.54300729894791,63.93721148287315,66.71784513672333,1.4107475139527565,76.32714567312895,70.15965343982678,1.2675012441498528,572350000,65.45437573232192,36.308064402082216
2020-02-18 00:00:00-05:00,75.19835617848237,76.00379801654766,75.03299279148968,75.45160675048828,25642000,70.73550139508676,64.05178258006336,66.85172719127094,1.4219467983141953,76.57399925672286,70.49352902289954,1.2463086713575766,597992000,65.2815561943739,36.793937323903755
2020-02-19 00:00:00-05:00,75.83694001450749,76.01272951679007,75.52807331271677,75.72123718261719,22746000,70.93102044557814,64.16789655620818,67.91430799459529,1.4360256248263,76.88997120903215,70.66995921088971,1.197366820996449,620738000,65.42574806629845,37.24995186825779
2020-02-20 00:00:00-05:00,75.43023925511834,75.83047858226682,74.69778810222495,75.3299331665039,25962000,71.10352682679091,64.27896159710664,64.67418066286425,1.3994759448842728,77.07753690764123,70.88157258942907,1.1927470823568365,594776000,65.41743435658759,36.582457748997214
2020-02-21 00:00:00-05:00,74.71368322798507,75.03000583040279,73.41812216900625,73.6649169921875,42520000,71.20397349994371,64.37235418810248,53.07166100995608,1.222069908860206,77.03524808565882,71.11725944201044,1.2441087905811803,552256000,65.40486342838726,34.588384533986854
2020-02-24 00:00:00-05:00,70.66511381109099,71.32705227867518,69.8576867844857,70.50670623779297,49560000,71.17662968574173,64.43339251695512,38.83874467588763,0.8172128129482132,77.17354011445613,70.89342460722355,1.4271888918040823,502696000,54.57010161120432,33.91029490288336
2020-02-25 00:00:00-05:00,71.0598926260904,71.35038478690109,68.54821669209058,68.84119415283203,51580000,71.08504397856879,64.47725123970017,33.70517802294275,0.3578427531006412,77.78878524563179,69.64070897637343,1.5254016920188271,451116000,59.76360548150298,33.866882117461884
2020-02-26 00:00:00-05:00,69.27122908358415,70.19932951834674,68.35604008547062,69.04727172851562,49776000,71.00513134131181,64.5227240803849,34.852588515316214,0.010298692270595211,78.14502546603948,68.92071041449437,1.5481079592229194,500892000,50.979665870933644,33.90766809663656
2020-02-27 00:00:00-05:00,67.49151060422065,68.00099715485774,65.26188562012159,65.2971420288086,62290000,70.78128862317443,64.530429731613,26.025180610845013,-0.5612666726557336,79.24798504233233,66.94973834633954,1.7079135413065707,438602000,41.584600303636805,35.01276668716721
2020-02-28 00:00:00-05:00,63.279054704787185,66.66271477222554,62.97614362297551,66.50381469726562,80198000,70.6135445476486,64.55006540291303,31.993808218166777,-0.9064193049842828,79.61624417191356,65.67625664188853,1.8492462275882462,518800000,33.08258273697356,36.59386561877328
2020-03-02 00:00:00-05:00,67.10665938377004,68.89829543416829,65.80612769225289,68.84119415283203,55430000,70.54404061059697,64.5927632014197,41.791068135316564,-0.9800508489003903,79.54271316747742,65.13542505680644,1.9380263357544718,574230000,34.57746533346133,36.49998732899486
2020-03-03 00:00:00-05:00,69.40529839669307,69.92719618427,66.00673437386882,66.4278335571289,56602000,70.38262072614724,64.61102260794416,36.02090064219735,-1.2190895037750806,79.39933255715785,64.14700940247756,2.079628869657808,517628000,27.356915021946534,35.7893431258597
2020-03-04 00:00:00-05:00,67.48256934329274,68.66541313679936,66.39209082387919,68.60681915283203,47598000,70.31298144876233,64.65078177754503,43.593591408329445,-1.2186555305436002,78.92129105644602,63.77451786282481,2.0934641156051197,565226000,28.87058436396893,35.12945922294848
2020-03-05 00:00:00-05:00,66.81665653912074,67.21789611582923,64.63619971791267,65.28770446777344,54380000,70.11591176323336,64.65711931675129,36.505586447046184,-1.4692003921413601,78.47841367921073,62.867571224760624,2.2275466384132794,510846000,27.67784296507709,35.11082233509581
2020-03-06 00:00:00-05:00,63.06254774883927,64.69130946412695,62.42991012561368,64.34321594238281,64640000,69.88953153496472,64.6539959000909,34.77297065620738,-1.7240970134568983,77.96398217899417,61.94094132360999,2.2725643315380277,446206000,22.581513306592797,35.7116823201954
2020-03-09 00:00:00-04:00,59.83530940093405,62.20744866995912,59.491678793315025,60.37310028076172,69252000,69.51633815244695,64.61139992377917,28.623277390616636,-2.220858897597452,77.70576378483716,60.19339494725921,2.4567766756472964,376954000,17.62990042985318,36.915338421895036
2020-03-10 00:00:00-04:00,62.289885180152496,63.355533400320745,60.30954041673716,63.3217658996582,54872000,69.2734137503768,64.59856774443469,37.4686568384253,-2.349529681697618,76.58055088314379,59.70129573550855,2.498863554785603,431826000,20.363687573879332,37.345348178028935
2020-03-11 00:00:00-04:00,61.98598038056029,62.41601307418606,59.149044380653855,60.13027572631836,54732000,68.91485931806079,64.55410712733901,32.73949182176898,-2.6781566667525283,75.38977518257101,58.813276575241474,2.6184248379440844,377094000,19.835984449390807,38.00664177534219
2020-03-12 00:00:00-04:00,55.74650994520569,59.030360304346644,55.04385578012002,55.196800231933594,94326000,68.37689621664404,64.46099959604145,27.054822795728967,-3.298661248136753,74.77189302626323,56.746741006939885,2.794710202819388,282768000,19.04708322902347,39.37093361538546
2020-03-13 00:00:00-04:00,58.347075086419736,60.304078399115795,55.23354724050497,60.29762268066406,79400000,68.0600619603311,64.41957296006754,38.87272064160392,-3.3403167647283922,73.19512851890552,56.54119960609448,2.9598936288453035,362168000,26.989132919801563,39.94569413695542
2020-03-16 00:00:00-04:00,54.107317834506155,56.88118556909071,52.9885349713361,53.282508850097656,96520000,67.48055007365528,64.30875640175938,31.350203146185763,-3.8944967854111496,73.27917032477866,54.160598148528635,3.2705503488797794,265648000,26.209634754672493,40.87300076599679
2020-03-17 00:00:00-04:00,54.15846568225022,55.914352911664636,52.095693145816455,55.52007293701172,83194000,67.01151175457122,64.22130681504548,35.62911364205965,-4.105806540717474,72.78977117003834,52.87384780782626,3.3097010215203793,348842000,33.46400981678876,41.87849891916973
2020-03-18 00:00:00-04:00,52.63398239554666,54.871051840564625,51.49483597251045,54.1857795715332,93044000,66.50854186504031,64.12145082257273,34.25786938413461,-4.331012155474632,72.08150365203133,51.6005830382356,3.3608107317332996,255798000,32.98162326840796,42.90932743783302
2020-03-19 00:00:00-04:00,54.038293418612895,57.23574188881747,52.415983458077136,55.202762603759766,74064000,66.06517797244108,64.03270765621637,36.2710989373851,-4.376972185485961,71.73318961575575,50.602979817838005,3.4650212816623736,329862000,40.63220772770037,42.59993384340612
2020-03-20 00:00:00-04:00,56.157671020440276,56.53407651760465,52.741236013893825,53.04464340209961,82878000,65.55456877360416,63.92337368353859,33.898744671445684,-4.535258388214338,71.15227798473624,49.38933527616871,3.48843694038012,246984000,33.757357855960294,42.312639791438286
2020-03-23 00:00:00-04:00,52.456698939752336,52.98008946545137,50.097967458203165,52.34546661376953,83672000,65.03656476733613,63.80817062811801,33.14243526433606,-4.6633627251678575,69.69399272045142,48.648190201911866,3.449739726345572,163312000,33.46411306012088,42.60836682038627
2020-03-24 00:00:00-04:00,54.82089627383241,56.27834290238124,53.94940459505659,56.11347961425781,72468000,64.68663985937228,63.73160653842787,40.807137737351084,-4.410003402512231,68.34706061313967,48.61987511684079,3.484249480793153,235780000,34.33251692374154,41.34556474516903
2020-03-25 00:00:00-04:00,55.84384002725429,56.91594391981893,53.779578586585835,54.703704833984375,90324000,64.29515221131786,63.64177667072197,39.00540025133224,-4.273706725894883,65.94320449716844,49.16998265696568,3.4594006131102915,145456000,33.549853971103175,39.90804229478903
2020-03-26 00:00:00-04:00,55.35421936182012,58.17278085954438,54.22749185912014,57.747711181640625,76562000,64.03838981799719,63.583129252920166,44.68453825766769,-3.875391652653505,64.36115684915069,49.74669786683237,3.494106926489859,222018000,40.44656756568443,38.05986692238448
2020-03-27 00:00:00-04:00,55.987349858557536,57.15827471437064,54.8218881164996,55.13274383544922,62794000,63.689148799073735,63.49904581593041,41.14074341694378,-3.7277588148796212,62.66104709460338,50.21874467378854,3.4535152221077996,159224000,40.91252259279512,36.34370407658026
2020-03-30 00:00:00-04:00,56.244080799172416,57.15579193434455,54.54827641714749,56.92289733886719,58736000,63.42380560455583,63.4336115027258,44.392042535818874,-3.426806211623095,62.07741583220049,50.34234887727217,3.3930866717570325,217960000,40.797775189536196,34.84068200295858
2020-03-31 00:00:00-04:00,57.043063878326876,58.26811211137235,56.446675267858,57.69953536987305,65228000,63.199324418882,63.37655601881682,45.79106941257541,-3.090011181394601,60.41437375457099,51.255760217596986,3.2808259697396984,283188000,46.60386005628515,32.945515302302574
2020-04-01 00:00:00-04:00,55.815035808554676,56.08417939198455,54.299984103804036,54.727535247802734,51970000,62.86709739256517,63.29049611064753,41.4893632929107,-3.0280092593990275,59.457162499246095,51.492606075786455,3.289306348048935,231218000,48.546720119293916,31.918877869833818
2020-04-02 00:00:00-04:00,54.62326044918919,55.753962152647176,54.282115116824485,55.468929290771484,56410000,62.57697315327914,63.21266957512638,42.92967098473643,-2.8857824822209537,59.472550211558286,51.51350223798599,3.1594878257470604,287628000,47.16744046603528,30.971402361990616
2020-04-03 00:00:00-04:00,55.35372120018309,55.556322408776076,53.38579542668936,54.26075744628906,51374000,62.25084704712267,63.123595822600635,41.151904569302154,-2.8378432172427566,58.162681747998576,52.01845533696236,3.0888477654856072,236254000,49.27001828712822,30.390092121549856
2020-04-06 00:00:00-04:00,56.26195964457938,59.12967778050272,55.86469805410107,58.754268646240234,63320000,62.11372632551944,63.080119930298544,49.52416039541343,-2.409487136511679,58.86317320301208,52.04753185476787,3.215995806109039,299574000,48.45778348179587,28.26487034959353
2020-04-07 00:00:00-04:00,60.43367755721788,60.62088959155764,58.45929621552219,58.72297668457031,61620000,61.98075575136457,63.03676527113707,49.471377194493094,-2.0489182025506167,59.44737753437529,51.89038135641246,3.1406813468180688,237954000,56.58297906083676,26.740370511233785
2020-04-08 00:00:00-04:00,59.74294339332252,60.32890210720153,58.79200171253002,59.936607360839844,40334000,61.900593069383206,63.00591792874606,51.62484987671569,-1.6462578362114684,60.29013045278351,51.814405476578465,3.031055923661865,278288000,55.17318484138583,25.32476351847117
2020-04-09 00:00:00-04:00,60.49178169677421,60.680975159986424,59.21260232823927,59.91525650024414,54028000,61.822736733338544,62.975165078711214,51.58319904282291,-1.3137256197116542,60.98721507451314,51.74565337438009,2.9194357028108144,224260000,63.03161083330748,24.144251244786027
2020-04-13 00:00:00-04:00,59.663493971680225,60.3100356670181,58.711559676495355,60.10594177246094,38702000,61.75541144075511,62.946615593076885,51.95601148938094,-1.0230120879784295,61.44714919003881,52.22722570823593,2.825081437647381,262962000,65.69325290081852,22.815237245634403
2020-04-14 00:00:00-04:00,61.57382536538522,63.35056879345546,61.00623734167442,62.82817459106445,63358000,61.7974805839045,62.94543707564393,57.04153707421529,-0.5664286449600482,62.38260352237846,52.68946577286894,2.8550489793150335,326320000,65.64672591222666,22.68591618877497
2020-04-15 00:00:00-04:00,61.89857394347941,63.31877881846095,61.27735885980792,62.43437957763672,42236000,61.822457015031254,62.94035192641003,56.116169163576004,-0.23366539415116705,63.30884267264795,52.6060132843833,2.7969326206963188,284084000,69.03104300771618,22.565832350262642
2020-04-16 00:00:00-04:00,62.9230049036617,63.23187538131566,61.48591820447424,62.44083023071289,57896000,61.84670694505799,62.935381561278724,56.12872430575295,0.03022398999465281,63.960541799707954,52.985930876887096,2.7218629461352544,341980000,68.5260333456413,22.454325928786908
2020-04-17 00:00:00-04:00,63.64602504685049,64.05818325924749,62.866402347873645,63.5119514465332,51050000,61.91201065099819,62.941118575062355,58.263970014946175,0.32207606612881534,64.86998651537061,52.845051529876784,2.6429693805923504,393030000,76.19896617943554,22.64786200785165
2020-04-20 00:00:00-04:00,63.05957146388508,63.403698385158826,62.39167738128082,62.62556457519531,35292000,61.93999315782945,62.93797873426766,55.84184406241926,0.4763557934077767,65.29321230267034,53.420868507876534,2.5342054294966383,357738000,70.50284037895551,22.54553369812211
2020-04-21 00:00:00-04:00,61.709881356272376,62.07188272751854,59.83729494932787,60.19284439086914,49648000,61.87147751990943,62.9106639646816,49.73129863992845,0.39773851895464674,65.37627104071258,53.77380271010122,2.552352872094553,308090000,62.93941282505415,21.112363938667446
2020-04-22 00:00:00-04:00,61.63043298256724,63.55565412208502,61.436272692073295,62.48950958251953,46296000,61.89571407138434,62.90647337381432,54.76393194248945,0.5148209144412021,65.77429472423897,54.0144422549277,2.6102426477460767,354386000,69.65947383052178,20.395638748176044
2020-04-23 00:00:00-04:00,62.853494700717256,63.96632194128163,62.594781016508605,63.12313461303711,34202000,61.943848210272684,62.90862920704042,56.070620273382836,0.6512308174484147,65.83751736637537,55.070632861489216,2.529283341390078,388588000,68.97019061513208,19.892732426565427
2020-04-24 00:00:00-04:00,62.32016874850442,63.447892535395646,61.77393695145005,63.39277267456055,37402000,62.00066877749966,62.91344655497595,56.64455743057363,0.7721928282172072,65.8342418689714,56.130420810065054,2.468188501572615,425990000,69.7095148844097,19.00281368281026
2020-04-27 00:00:00-04:00,64.15749740277272,64.2617815012073,62.81972404558168,63.10773849487305,44186000,62.044083276220185,62.91537980810925,55.814408474899075,0.8354259467850014,64.93461907189025,58.20964108029074,2.394893426862115,381804000,69.06158516055258,18.525763151188734
2020-04-28 00:00:00-04:00,63.72051263057229,63.79797366912859,61.09760063818172,61.20734405517578,80700000,62.01126997343413,62.89838442748305,50.500378893528165,0.7238486234444963,64.75517390605039,58.716162967322,2.416713398582455,301104000,58.097899380846044,17.220722007894903
2020-04-29 00:00:00-04:00,66.78934025502862,67.54165110797575,65.88209975358559,66.64930725097656,108358000,62.19315378823972,62.93570704264219,61.7353491851715,1.0622982276325459,65.73086176206169,58.79731918683152,2.6965415167408486,409462000,62.42568750064142,17.44085630641404
2020-04-30 00:00:00-04:00,66.11202711739323,67.03764236919471,65.62240022165767,66.87377166748047,55842000,62.37670743056289,62.974891765277405,62.11728269479222,1.3332653270721266,66.64891727766236,58.80421891211628,2.605020133226291,465304000,54.9253351617471,17.5181507865653
2020-05-01 00:00:00-04:00,65.75100006817652,67.10864053609349,65.03444570950143,65.4148178100586,48872000,62.495849014072526,62.99916963636976,58.060781375144145,1.4139837972424445,66.92291239184844,59.263498639238804,2.5671040398952747,416432000,53.88784412291109,17.295212826222023
2020-05-04 00:00:00-04:00,64.95848107992241,65.76988613646292,64.35662926324224,65.6919174194336,30806000,62.62118502996904,63.025963146649,58.613591454777016,1.4832158005768221,67.14434664720223,59.78686113681471,2.4846863851328034,447238000,47.583140282090596,16.749677212674097
2020-05-05 00:00:00-04:00,66.41690941525768,68.08093128907053,66.29425835464866,66.98896026611328,39666000,62.792470333347254,63.065395953807844,61.192157224434965,1.6240224598978514,67.79606703530992,59.68991217204686,2.477852634025956,486904000,53.324561929561895,17.095122956990327
2020-05-06 00:00:00-04:00,67.43488850605091,67.96572731795499,66.79579518922701,66.8106918334961,31732000,62.950047647078584,63.10266257947639,60.632999495467686,1.7016128455400477,68.2938333909757,59.775654117162325,2.3844297407903867,455172000,51.777611931727755,17.415894005283967
2020-05-07 00:00:00-04:00,67.59926435808376,68.32873785890114,67.16376853413021,67.99503326416016,30652000,63.14789022029747,63.15134288479663,63.048764532680195,1.8374888134261838,68.99809520963603,59.811952702961634,2.322545189691433,485824000,50.48967842007809,17.845307984130194
2020-05-08 00:00:00-04:00,68.61773777696003,69.35365934273877,68.13059625287245,68.74287414550781,33326000,63.36730135461944,63.206980011768884,64.52894096404015,1.9826611228071513,69.7950835443016,59.712420728159344,2.2536938246119456,519150000,55.662418166002745,18.608621522459554
2020-05-11 00:00:00-04:00,68.36795122594977,70.2916792988954,68.30389414076711,69.69876861572266,32718000,63.6155941883882,63.271574923251016,66.38261707175661,2.150059372820124,70.68777694387319,59.76282120065806,2.2347003484345414,551868000,61.93200800020086,19.632113155655727
2020-05-12 00:00:00-04:00,69.92869401506682,70.23209760902837,68.25473844878208,68.28800964355469,33918000,63.79882616702218,63.32148969658738,61.29177687923649,2.144170569519787,70.70679309551154,60.823160416044445,2.216318834992524,517950000,55.90049407552257,20.549577503384977
2020-05-13 00:00:00-04:00,68.33666731406043,68.79203030967484,65.94565735609089,66.95469665527344,40368000,63.92258579401243,63.35764100960913,56.854050915232094,2.008760692432759,70.70846728216154,61.416844505761645,2.2613227006061973,477582000,50.12987228550259,19.98952379371039
2020-05-14 00:00:00-04:00,66.2192897181681,67.40361868434019,65.71178835545417,67.3782958984375,36660000,64.05810383732322,63.397647525915886,57.897037383806115,1.9135698657658935,70.75303708624452,61.93962953973204,2.2206446740547556,514242000,50.01479899385425,19.34054349572047
2020-05-15 00:00:00-04:00,66.95122766332483,68.25820745732415,66.4913941497389,68.18273162841797,41544000,64.21985394677792,63.445260303055214,59.88046083209355,1.8813546054895482,70.85901264080114,62.47231517902308,2.1882281478783625,555786000,50.02524802527816,19.115216040173184
2020-05-18 00:00:00-04:00,67.61268164695454,69.16100108573535,67.24620591288222,68.78459930419922,47094000,64.39886356863758,63.49838805431038,61.347607457424765,1.8826870269252254,70.89546755383914,63.1927750405619,2.168697221090846,602880000,60.02567883527067,19.28426078709915
2020-05-19 00:00:00-04:00,68.79948120448985,69.14757473329719,68.21749670817653,68.24927520751953,31586000,64.5498601034957,63.54566056329754,59.27143473955105,1.819571907495245,69.80570103871005,65.22146570933683,2.08022442137869,571294000,54.4172834291828,19.44123090924469
2020-05-20 00:00:00-04:00,68.9822221805776,70.11789063162281,68.89582011929386,69.97537231445312,38262000,64.76262528823914,63.60963779465232,63.55439574289786,1.887081233765656,70.27973612415207,65.19090596569168,2.065109493001875,609556000,63.655717442839595,19.996468380322774
2020-05-21 00:00:00-04:00,70.06624345555898,70.337868556823,69.24192704274618,69.85569763183594,30894000,64.96235361543901,63.67178764377853,63.05926979236708,1.908921258483673,70.63910496856441,65.22912724986007,1.995883208792942,578662000,71.99472762705685,20.603096866657093
2020-05-22 00:00:00-04:00,69.71417454610717,70.36468668266832,69.31939827034222,70.177978515625,28544000,65.16688792525024,63.73652586140884,63.87545629828888,1.9299873169156143,70.8136468325739,65.6896734799261,1.9279835804738819,607206000,77.90542177050484,21.178112576660713
2020-05-26 00:00:00-04:00,71.60413885227362,71.76056121271995,70.4838671234599,70.5816879272461,44590000,65.37923302336772,63.80463692674056,64.92101860928257,1.9567026454811582,70.99408384263702,66.16120587090464,1.903312088803958,651796000,78.22661761364364,22.292708174869688
2020-05-27 00:00:00-04:00,70.51366096089717,70.77933044570575,69.25236359877518,70.5275650024414,31684000,65.5811283950961,63.871531733463954,64.65085993106254,1.9510173545383367,71.25433878481063,66.3727648935748,1.8764302858130024,620112000,71.84717576401962,22.373340302000916
2020-05-28 00:00:00-04:00,69.52050647162248,71.72827870282323,69.47482393143548,70.42626190185547,35170000,65.7711336306553,63.93675292916935,64.11307777626706,1.9162480917353975,71.3673543757218,66.74182531177819,1.903360606211199,584942000,72.1709366302606,22.858347298507713
2020-05-29 00:00:00-04:00,70.53501605536583,71.34443588719381,70.31404407757432,71.1850357055664,37044000,65.98344351594594,64.00887514584993,66.36959402483137,1.9276985956275894,71.7328076404594,66.80170570589478,1.841005692168934,621986000,72.43695080313093,23.30871093812117
2020-06-01 00:00:00-04:00,70.79671210149603,71.5852720478794,70.6268782127255,71.25206756591797,25162000,66.19005622378798,64.08094671221876,66.56957916313573,1.920048983883106,72.06972333053344,66.79934913854208,1.7779619880964315,647148000,72.05581044033241,23.83616168883454
2020-06-02 00:00:00-04:00,71.25852322228091,71.65578479748356,70.59360695439943,71.62152099609375,23442000,66.40305484230977,64.15597730210807,67.70931951335103,1.9216468667311233,72.41496608560324,66.71047336752177,1.7268345491669812,670590000,78.35840703739332,24.359414526842766
2020-06-03 00:00:00-04:00,71.64087769777096,71.95421488753679,71.09067174662701,71.46955871582031,27732000,66.60174126872195,64.22874925647338,66.7020080629969,1.8888773125106724,72.68886907483176,66.86077692126199,1.6651708771486098,642858000,86.00904437673908,24.992312541338688
2020-06-04 00:00:00-04:00,71.34691509398992,71.572365163048,69.81895555154722,70.2306137084961,26982000,66.74404999185036,64.28846930077212,58.995853402901524,1.7428442730071367,72.49030550191563,67.49612943460781,1.6714736438880509,615876000,87.44004274533827,24.431834723872583
2020-06-05 00:00:00-04:00,70.29714555481402,71.8196493316685,69.89889140911707,71.50779724121094,42642000,66.93086360947234,64.36030340963221,63.657121651046864,1.7104530364273955,72.44120973798888,68.095825377571,1.689279663792578,658518000,87.52379842063641,24.05724075657568
2020-06-08 00:00:00-04:00,70.82550690785413,71.95371938382533,70.73611946163942,71.90605163574219,33878000,67.12596902226724,64.43538548153381,64.9934630380304,1.6973525260050053,72.52399405672493,68.5094837264782,1.6555882536778161,692396000,87.21549249220607,23.791284681125017
2020-06-09 00:00:00-04:00,71.76701395697853,72.88728563936604,71.62399555303219,72.1066665649414,33624000,67.32129049452897,64.5117166365926,65.67809448785741,1.6837490147440235,72.66353912341121,68.8128809612242,1.6275669560103903,726020000,87.31880865058456,24.091437041271
2020-06-10 00:00:00-04:00,72.57494508918839,73.13408456859595,72.21989572507418,72.73335266113281,31762000,67.53352822655265,64.59352396021987,67.79683488888483,1.7038950233981893,72.69816664853303,69.37613042991748,1.5846991736992584,757782000,87.17836687257493,24.507184224444718
2020-06-11 00:00:00-04:00,71.55795600242254,72.0828392479217,69.44155631952972,69.61486053466797,47144000,67.6151491013807,64.64348750822433,50.943833553591915,1.451492723527224,72.74385986162477,69.28236897952107,1.706634685692389,710638000,77.67579962393725,22.885640788212807
2020-06-12 00:00:00-04:00,70.80465018402187,71.23419033508823,68.81537214700396,70.1620864868164,36676000,67.71502899884877,64.69839894084714,53.14489161977531,1.2808537585743096,72.71571558895579,69.35136509952076,1.757504935863238,747314000,70.47727320349564,21.77230285581305
2020-06-15 00:00:00-04:00,68.99860289022061,70.76193818640867,68.88488527437143,70.55039978027344,30468000,67.82622000988503,64.75662780492104,54.698185899395035,1.1635421968092174,72.6998001680315,69.41693668906485,1.766044077018524,777782000,63.06443090498295,20.738489061441843
2020-06-16 00:00:00-04:00,71.95372336605863,72.35942585801052,70.9600807295404,71.82809448242188,30648000,67.98315626371,64.8269906574335,59.460369166033594,1.1602960526141146,72.80401472320237,69.47890967458407,1.7691142199269927,808430000,69.80107104757691,19.824248951221154
2020-06-17 00:00:00-04:00,72.14939147973531,72.60921751305307,71.2649882465539,72.12952423095703,30610000,68.14575892909224,64.8996526830407,60.514919324679774,1.1685757081550605,72.9448140505344,69.55170491105414,1.7387652946821481,839040000,69.54436639709165,19.128894382310175
2020-06-18 00:00:00-04:00,71.99593242934094,72.1508620838223,70.82351494180952,71.2148208618164,34862000,68.26611429900298,64.96249017735688,55.773642515756656,1.088777725548809,72.94014687779492,69.66151327845509,1.7093782837771934,804178000,61.744008121487234,18.148524518863432
2020-06-19 00:00:00-04:00,71.50681672541624,71.73027401225617,70.46400595064995,70.74407958984375,52784000,68.36328940844773,65.02001843021745,53.45257299255105,0.9762982049387006,72.93365628084779,69.60920972663921,1.6777275536221243,751394000,53.030431000647745,16.967274199698682
2020-06-22 00:00:00-04:00,70.76245451523369,72.05056746369593,70.47344743240869,72.03616333007812,29442000,68.50732367988422,65.08983081728074,58.55131424421968,0.9801195261324978,73.02896448750143,69.61844762187359,1.6705413020267752,780836000,53.61615831574712,16.104926080447388
2020-06-23 00:00:00-04:00,72.10270529949794,73.25476320519093,71.75510423386123,72.69760131835938,37752000,68.67164829315776,65.1655300262467,60.91177302601119,1.0247082694249343,73.23039045143497,69.5604990342421,1.6583354212626982,818588000,54.60202830286763,16.112797219468263
2020-06-24 00:00:00-04:00,72.66283584354171,73.284047173786,71.01023261158954,71.1443099975586,31592000,68.76861541882054,65.22502037421995,53.24345137492783,0.9240556037420191,73.212374733699,69.53514825620985,1.7022982170436813,786996000,54.047304879749234,15.510243353515731
2020-06-25 00:00:00-04:00,71.07081245432276,71.62201107158246,70.49081315049759,71.56143188476562,23958000,68.87813763317133,65.28806924497165,54.88595229333683,0.8679408099073385,73.19739722284254,69.72756819056892,1.6615053387609096,810954000,47.364433500265115,14.54857651739592
2020-06-26 00:00:00-04:00,71.14083539885146,71.3588295538996,67.2859228390437,67.66033935546875,97640000,68.83038083796731,65.31167392268804,40.541817795574545,0.5028869000370264,73.77527127392993,68.6366997547159,1.8482198892581245,713314000,35.91919793497378,15.24266988361895
2020-06-29 00:00:00-04:00,67.5510965388041,69.42120160808253,67.11957113332669,69.3799819946289,45074000,68.85193382450306,65.35215460002078,47.10432704773182,0.3483245669373076,73.7294651857666,68.34569655739747,1.8806063596508185,758388000,29.183783847531316,15.964047633783254
2020-06-30 00:00:00-04:00,69.36558782541128,70.71229477578841,68.871490423538,70.41683197021484,40286000,68.91330237923685,65.40254939972422,50.641700332906105,0.30597089014595724,73.56943753405196,68.28041292981524,1.8777633591222174,798674000,30.086115846641547,15.683517172954435
2020-07-01 00:00:00-04:00,70.4724491856165,71.92791062096299,70.22465415984608,71.60612487792969,42182000,69.01890326153854,65.46427651891035,54.40793677862512,0.3641733309944044,73.34426843832244,68.35528498778433,1.8652985806932667,840856000,37.87464909544683,14.645367357112002
2020-07-02 00:00:00-04:00,72.09476521463468,73.91620239471897,72.05652341416425,72.9930648803711,57218000,69.17475273678687,65.53918983593982,58.394944072884826,0.5162624990220763,73.68993110985004,68.46004956235048,1.8970685047001246,898074000,46.492040799594534,14.57311146838004
2020-07-06 00:00:00-04:00,73.89782139127526,74.98283672357624,73.34314484733716,74.46887969970703,44712000,69.38236555886218,65.62804247140019,62.18448561476247,0.7472661632754267,74.42111666117633,68.30310310607628,1.9036901717361976,942786000,52.99432687474462,14.986344185426427
2020-07-07 00:00:00-04:00,74.29408433333198,75.54495545817291,73.97478391717789,73.98571014404297,42364000,69.56288887592808,65.7112033437648,60.249635342297765,0.8811926460616917,74.87861622472977,68.30364492435876,1.879867412397542,900422000,54.028680703890004,15.610802110704467
2020-07-08 00:00:00-04:00,74.52597578258904,75.04092532276252,74.10388400811686,74.6650161743164,31766000,69.76297229939429,65.80029600874542,62.03803505749532,1.0302683754908344,75.40919558462193,68.15132179005255,1.8209636814205425,932188000,54.203140820228136,16.190655898462648
2020-07-09 00:00:00-04:00,74.97936929494496,75.93329275890603,74.26728526224998,75.41287994384766,41836000,69.98453730505913,65.89594361008973,63.960439110753626,1.1949832975362114,76.05672443804754,67.94157369834569,1.8098953825087931,974024000,60.4911807636082,17.12288865590684
2020-07-10 00:00:00-04:00,75.14421398739223,76.53909607873655,74.5220100892504,76.42339324951172,35918000,70.23704145974357,66.00069435277054,66.43387905626707,1.3910261548892748,76.93302994466737,67.75974451008523,1.8246947115786043,1009942000,68.2019725042405,18.24221877822476
2020-07-13 00:00:00-04:00,76.9661571516268,78.2781076228488,74.81201579568408,75.09357452392578,42954000,70.42749373677033,66.09117077238402,60.54496763444601,1.4226864307756841,77.32984647051168,67.94286064211852,1.9419373626918983,966988000,69.03173355399053,19.92642029209173
2020-07-14 00:00:00-04:00,74.12822804579645,75.61844566329884,73.78757526860957,75.52210998535156,38108000,70.62728260926372,66.18501096355783,61.722487183550925,1.4654637044667993,77.76134370240487,67.97615629759514,1.934004007834568,1005096000,62.71082035828231,20.694853748022727
2020-07-15 00:00:00-04:00,75.63980057926288,76.29031268421016,74.37850328273365,75.32447814941406,31026000,70.81148635593628,66.2759509355564,60.82097024982782,1.4665127188284544,78.08521888499541,68.00253135914522,1.932418678808993,974070000,67.84400094258763,21.668565571901905
2020-07-16 00:00:00-04:00,74.56074103049501,75.27631040859266,73.90377320654089,75.2271499633789,26484000,70.98464963465952,66.36501759254966,60.353451546193234,1.4428581287007063,78.35865206667603,68.27347683957396,1.89586769767072,947586000,67.42962239073296,22.203829943983912
2020-07-17 00:00:00-04:00,75.32596823132394,75.64973918687603,74.39191213481628,75.32299041748047,34264000,71.15478064575055,66.45415165050917,60.674019512731526,1.4155278948400394,78.60957409526003,68.52409594868527,1.8502933658413652,981850000,80.57216995372654,22.860461139561075
2020-07-20 00:00:00-04:00,75.23112844043321,77.91313106864892,74.62034318261358,77.65640258789062,30166000,71.40974621210898,66.56561683396572,67.5529018326148,1.5641250882316058,78.57024337230712,69.89623510262777,1.9533286887123633,1012016000,87.91932033920462,24.306838134275182
2020-07-21 00:00:00-04:00,78.70864268855435,78.80894879349559,77.09923661453773,77.26310729980469,27486000,71.63928978417549,66.67205952516811,65.47406875478345,1.6313486203209209,78.48326216385593,71.03429968510241,1.9359275094441843,984530000,87.70950076900463,25.925561534286746
2020-07-22 00:00:00-04:00,77.25268025403719,77.81231981573042,76.6329540174062,77.70655059814453,24482000,71.87722158080172,66.7818554562425,66.71770372967892,1.7008001564941253,78.44114598560432,72.04837834707797,1.8818873872213293,1009012000,82.40016927541592,27.044100054422024
2020-07-23 00:00:00-04:00,77.76017946109586,77.97966630423089,74.91281370486792,75.31802368164062,33910000,72.01215499652089,66.86679245351014,55.186885231238776,1.545293655524162,78.03048398278185,72.95396019039524,1.966527759517161,975102000,74.59679989318668,26.79790319810385
2020-07-24 00:00:00-04:00,74.44605184386472,75.25248635844663,73.87002286080032,74.89395904541016,29902000,72.12516692000675,66.94666475790716,53.42156990014855,1.372019375742724,77.81176324530443,73.4261334832112,1.9294901210402429,945200000,67.54273264837529,25.893126112779957
2020-07-27 00:00:00-04:00,75.14472111823234,76.35139490251304,75.09853848495182,75.94767761230469,27124000,72.27506930009687,67.03622707486633,57.094219345655276,1.304684946768873,77.82601014298425,73.60905964054439,1.8957719593304312,972324000,66.506761019077,25.543467624884993
2020-07-28 00:00:00-04:00,75.72769600259622,75.77784905273722,74.5120812359818,74.66751098632812,30910000,72.36889054269419,67.1121602481147,51.755047565005086,1.1349402935431527,77.745821113653,73.78015544884701,1.8629022748298927,941414000,59.72183583170396,24.839017505944717
2020-07-29 00:00:00-04:00,74.7345424271181,76.14133579722454,74.63572144968626,75.65370178222656,22676000,72.49770666973468,67.19715071114071,55.22850869166426,1.0676861666881763,77.72520104134013,73.93260026888122,1.837381708594778,964090000,57.969777777371675,24.35649688167172
2020-07-30 00:00:00-04:00,74.38545685591691,76.51676082705961,74.24641643772134,76.3916244506836,36042000,72.6504093278111,67.2886380120317,57.68352634871095,1.0616924492093318,77.79604786397661,73.99225271382286,1.8683076143621709,1000132000,57.97671092639925,23.640059243150194
2020-07-31 00:00:00-04:00,74.33978652811277,74.73555548269604,72.20202648707584,73.88790130615234,91468000,72.69893842500095,67.354302323416,48.055148619740756,0.8451702550486715,77.84680924058142,73.60342574477013,2.0341140678797123,908664000,43.50268924511075,22.17356305739138
2020-08-03 00:00:00-04:00,74.03934550111532,74.37353500496488,73.08194428652723,73.63016510009766,45482000,72.735457118142,67.41674871920388,47.182072436413684,0.6453386362911004,77.97862002178854,73.2764937070526,1.9810766857767077,863182000,51.991760647823405,20.811816599186766
2020-08-04 00:00:00-04:00,73.82630920596793,74.1441169234356,72.70007436598213,73.160400390625,37212000,72.75212156020015,67.4738994821036,45.557418152691945,0.4439470078901593,78.12501769688778,72.81520141932315,1.9427171051821908,825970000,45.18718611997233,19.768671372861228
2020-08-05 00:00:00-04:00,73.33520430169227,73.98968686206358,73.05711589231713,73.44792175292969,29134000,72.77940784226797,67.53334248977352,46.765650099927406,0.3040384959320619,78.18591106939877,72.50410052728091,1.8705638097939234,855104000,50.70408682823521,18.800036519844657
2020-08-06 00:00:00-04:00,73.30193223362062,74.79761308231619,73.09088631186657,74.73206329345703,33306000,72.85598256584402,67.60497155249675,51.89998587328713,0.2933973801558949,78.16907326138414,72.45492677930596,1.8588611641264732,888410000,50.56906996957014,17.565761420928503
2020-08-07 00:00:00-04:00,74.93518083114327,75.4838942571812,73.8044751996764,74.40533447265625,27718000,72.91674146415038,67.6726368551849,50.56372693525393,0.2556529261915301,78.14341281299271,72.35823310172084,1.8460438707963538,860692000,50.23928602487054,16.858641523534033
2020-08-10 00:00:00-04:00,74.029405602229,74.84130303996274,73.36845981921181,74.3283462524414,20546000,72.9720985146716,67.73886281933672,50.235513956034325,0.2170261264451483,77.64695624881604,72.41094882117095,1.819386681507395,840146000,45.23432679586214,15.887100044001034
2020-08-11 00:00:00-04:00,74.18831458702142,75.00469020881044,73.40323253058286,73.51992797851562,31098000,72.99358202305764,67.79638585574646,46.800240716236274,0.11980052500366867,77.2044929640342,72.3543215297809,1.803820324130266,809048000,44.73723776564867,15.09729504888529
2020-08-12 00:00:00-04:00,73.84667366406597,75.06576635475058,73.74139696217233,74.84577941894531,22512000,73.06621721505324,67.86652907528078,52.53325841692384,0.1480272994641041,76.44661195403646,72.73076638255208,1.7853930421377435,831560000,50.51220262220103,14.408104860751989
2020-08-13 00:00:00-04:00,74.89395048360689,76.32210394410787,74.89395048360689,75.31305694580078,22388000,73.15432857704334,67.94062387996257,54.3984272507389,0.20573107305587257,76.44576249546803,72.73095360967521,1.7633167194966586,853948000,56.045741475329976,14.618439547126375
2020-08-14 00:00:00-04:00,75.16210085388852,75.46898996737282,74.43660535149617,74.71617889404297,21942000,73.21557760908256,68.00804233781413,51.608789565452,0.20098186506811544,76.42821922332212,72.72479286163883,1.7111072835238008,832006000,50.84605674945476,14.419479023223216
2020-08-17 00:00:00-04:00,75.27929776949405,75.66712584393001,74.73455480772037,75.2927017211914,19990000,73.29703345661625,68.08052651078306,54.05939691307948,0.2409610089520271,76.2811644928387,72.78451747330713,1.6568101168354608,851996000,56.441367896068186,14.36996341120774
2020-08-18 00:00:00-04:00,75.78330609729768,77.33510302225619,75.56233415529296,77.25614929199219,28378000,73.4522929011408,68.17182623994931,61.25560361962785,0.42616600187136555,76.92135412490362,72.48947961533077,1.6843523442804125,880374000,57.02514880391984,15.328177882617092
2020-08-19 00:00:00-04:00,77.09276772827658,77.90566529727208,76.47254907655582,76.70146942138672,30472000,73.57971158820926,68.25669831140641,58.46921320578515,0.5221650693026447,77.16556570677197,72.38497038535043,1.6664069068829728,849902000,56.547483530357695,16.510058176773647
2020-08-20 00:00:00-04:00,76.47107420399901,78.46730826674126,76.19746386445098,78.27265167236328,26382000,73.76374845425453,68.35635953887862,63.529823052476125,0.7167638906523166,77.76697577035766,72.03436395132202,1.7095095851263515,876284000,72.3777362075052,17.883100378591784
2020-08-21 00:00:00-04:00,78.05166813375689,79.04879629821302,77.58042340984966,78.23888397216797,34838000,73.93924396476093,68.45469311532926,63.35115502735556,0.8583653855328919,78.44300900422712,71.93846173958798,1.6922855353575665,841446000,71.78403785346772,19.430717421987744
2020-08-24 00:00:00-04:00,79.07808224126646,79.8880020701012,78.21255382768275,78.71459197998047,25638000,74.1265125143774,68.5567816612462,64.85086571496453,0.9974730031077428,79.10455654752488,71.9548377802746,1.6910828715762005,867084000,80.71010758187828,21.23269397143897
2020-08-25 00:00:00-04:00,78.46382111596415,79.89296708362019,78.35358139397559,79.74250793457031,25150000,74.34674762889478,68.66808242018476,67.90691586850768,1.1770922325925568,79.87301471529432,72.06399395169788,1.6802473585810864,892234000,80.61012252979131,22.90808523899185
2020-08-26 00:00:00-04:00,79.76484873330355,82.07342705625949,79.50067197158586,81.64338684082031,52188000,74.63289034308794,68.79718992685775,72.64371056871931,1.4560424563901506,81.09141030774454,71.93832703763307,1.7439979104448395,944422000,81.74895451434125,25.26536442456066
2020-08-27 00:00:00-04:00,81.76654758378608,81.83507518777941,80.38606945778591,80.86824798583984,31350000,74.87741417221545,68.9172999572954,68.22183762112337,1.5961656865306821,81.87183830759534,71.97605699676663,1.7229270404126011,913072000,73.68513857351459,27.45426652544598
2020-08-28 00:00:00-04:00,80.91542895930002,81.50535438108338,80.72375017545737,81.4100112915039,22418000,75.13359445140324,69.04160554271041,69.61402036273167,1.730976507331576,82.61437078729791,72.16748142624375,1.6556896950707019,935490000,78.89918115542258,29.48681847626807
2020-08-31 00:00:00-04:00,81.61558324793981,81.66176587955309,80.70983538327083,80.91839599609375,26422000,75.36044941394013,69.15978256214707,66.75604457476335,1.7776541182131638,83.05800418888462,72.60252132381068,1.6054211808715273,909068000,79.30637885290822,31.43041047696149
2020-09-01 00:00:00-04:00,81.0490103277119,82.39273951408276,80.91841082248867,82.1871566772461,22652000,75.62816342426586,69.28940817523264,70.16081472406859,1.8951784076486433,83.51703180773741,73.29912419812196,1.5960584906656334,931720000,79.42442622594164,33.490172553540596
2020-09-02 00:00:00-04:00,82.82921400260896,85.7138213739487,82.44089345757524,85.28130340576172,49522000,76.00671793334413,69.4485315108598,76.48570443292682,2.2124848873141616,84.8812422327704,73.32631697133115,1.733958933953989,981242000,80.9677236178776,36.21856205245448
2020-09-03 00:00:00-04:00,84.39392209014869,84.41775975388319,79.83486660961577,80.91740417480469,63726000,76.19929386438181,69.56264964681945,57.85837095615298,2.0877560095134697,84.94237658192345,74.01242891937862,1.9991359241105573,917516000,73.12452935535246,36.355461178364116
2020-09-04 00:00:00-04:00,79.89892947828622,81.1895276607906,76.37175816674525,78.51895141601562,55850000,76.29026082719098,69.65176707735871,50.568913874859945,1.7749122981763463,84.61033551717816,74.85150632038696,2.200466893391614,861666000,64.00974462962034,34.326162979427615
2020-09-08 00:00:00-04:00,75.7277080820205,77.24474148231081,75.30561618644694,75.65818786621094,54032000,76.26547365225059,69.71153245834232,43.52515073301341,1.281370847450006,84.5486997844359,74.96187353913182,2.272814631689976,807634000,55.807225880851846,31.920877118259455
2020-09-09 00:00:00-04:00,76.9145205406051,77.40215464450723,75.73614722752552,76.83159637451172,39242000,76.28767454331965,69.78237886546839,46.79853266602598,0.9736957930137464,84.58368423858467,74.87028202931897,2.235039785018999,846876000,56.498005212961665,29.762821532950852
2020-09-10 00:00:00-04:00,76.97807902829125,78.14403332463914,75.47941275782985,75.77983856201172,33024000,76.26775940679778,69.8420550813544,44.31893016395764,0.6376426822102701,84.69406998612186,74.63701216719846,2.2657241265754484,813852000,51.07802771883905,28.118271342882554
2020-09-11 00:00:00-04:00,75.88412323830671,76.40800631879937,74.13965471276924,75.26886749267578,30706000,76.22858717487142,69.89605321480039,43.12348695726314,0.3263253997566977,84.92085401309042,74.00972358293824,2.2659118036793537,783146000,45.13949986215976,26.318696463720123
2020-09-14 00:00:00-04:00,76.05791146519486,77.3167309902052,74.74000545183158,74.92472839355469,42660000,76.17745545795704,69.94608978374322,42.29599960805084,0.051244348334606116,85.13201237246263,73.35667781308426,2.2881127847289444,740486000,46.65592118658971,24.685926132373066
2020-09-15 00:00:00-04:00,75.87121244803245,77.01829969804521,75.58369807634028,76.23023223876953,23042000,76.17952513563596,70.00861856439025,46.490741527847064,-0.0607162182420069,85.15348016406708,73.003962055985,2.2742169647119144,763528000,46.36336009921586,23.169782253265087
2020-09-16 00:00:00-04:00,76.59571660244501,77.18614209314343,75.06179387507046,75.08662414550781,22128000,76.13666627327798,70.05914598310784,43.50712208413396,-0.23897068418769152,85.14403673103043,72.39262098381333,2.2635120542377036,741400000,38.888529065011646,21.560868062191812
2020-09-17 00:00:00-04:00,73.78161024085985,74.41971096306709,72.62211180691196,73.84268951416016,40008000,76.0467064003714,70.0967931824218,40.46509848274473,-0.47513668155532685,84.86896571972684,71.62759901822889,2.277869217406143,701392000,38.50552982359895,21.24837450486425
2020-09-18 00:00:00-04:00,73.90527037843776,74.24790839742937,71.09068317678832,72.05751037597656,63056000,75.89026734059122,70.11630280623828,36.51881871345367,-0.7971598109542555,84.79133407008631,70.53046565322099,2.3406803604943502,638336000,31.949564470525743,21.55658394910935
2020-09-21 00:00:00-04:00,71.09067964908306,71.50978608796002,69.65359282698576,71.0171890258789,56908000,75.69916623021035,70.12526684822475,34.41263802002274,-1.1233612899959127,84.51423940812796,69.42185067976266,2.3451973025298116,581428000,30.63649059262896,22.33590880632627
2020-09-22 00:00:00-04:00,72.01927539504912,72.69710310272775,70.98540572132968,72.49102020263672,33950000,75.57335658207022,70.14880668259701,39.71706198072122,-1.248559833093509,83.94717842909292,68.86526155300344,2.2999473081632584,615378000,31.52269513432408,22.33827186788986
2020-09-23 00:00:00-04:00,72.10717911063132,72.15633956441027,69.65360420010029,69.98680114746094,37726000,75.35427597679143,70.14719468722252,34.59709706543481,-1.5321880198866182,83.09600305273251,68.0897228587258,2.338337929189914,577652000,23.266874746513352,22.808030452436356
2020-09-24 00:00:00-04:00,69.65360174059556,71.40700382535697,69.62727877351824,70.65568542480469,34552000,75.17001752377233,70.15225429655169,36.93559779033633,-1.683584713684155,80.4456499622437,68.78999355175368,2.2984370093791147,612204000,24.797626384135413,23.253332445457858
2020-09-25 00:00:00-04:00,70.76443424115384,71.80177424957328,69.90188356916153,71.46013641357422,30326000,75.02453199003908,70.16526804895987,39.726841269150334,-1.7188414779406855,78.93201810291583,69.04265637625085,2.269969414452875,642530000,31.597286175880768,23.40762082962476
2020-09-28 00:00:00-04:00,73.09536442492873,73.14501739118445,71.81867020192774,72.43342590332031,30784000,74.92291998663835,70.18783678382914,43.01319905236433,-1.6492350350514897,77.93585842375803,69.22741265371592,2.2281773832498293,673314000,39.03436441134178,22.714018483285816
2020-09-29 00:00:00-04:00,72.69412780151184,73.0958523244427,72.20201563977825,72.79890441894531,31816000,74.83962525849353,70.21381755631786,44.24261208617848,-1.546750390116344,77.61326812626295,69.16876515824227,2.1328673333508736,705130000,37.897677598672416,22.069959161685368
2020-09-30 00:00:00-04:00,72.54663995974896,73.80098915091598,72.28941896718779,72.77804565429688,40924000,74.75877899950542,70.23933226376045,44.18402522536626,-1.4504933145964714,76.92588193363217,69.31567792151107,2.0884889655206824,664206000,45.34540113469656,21.034857244686503
2020-10-01 00:00:00-04:00,73.67485304245847,74.24144839111797,73.33420025236212,73.8853988647461,32884000,74.72452879814232,70.275611533422,48.11233615093833,-1.2702125199556633,76.55614251147188,69.43282538403594,2.043839949184998,697090000,51.61774329173318,19.805232914639102
2020-10-02 00:00:00-04:00,72.4815909596404,73.44494787809407,71.8717983052176,72.2814712524414,31222000,74.62872261987954,70.29557033659633,43.35296647333151,-1.2424401682134487,76.15432768058037,69.43632071622952,2.041679992780962,665868000,44.21756408016599,19.426325991326614
2020-10-05 00:00:00-04:00,72.6315529369491,73.7265018849997,72.5044313545936,73.6336441040039,21602000,74.58969993298247,70.32878500094866,48.02118817759444,-1.0986567002769476,75.90792592672562,69.51057789814416,1.9990621813364862,687470000,43.95263947543242,18.890416271724284
2020-10-06 00:00:00-04:00,73.26965381491353,73.71756095605366,71.7555984119484,72.05403900146484,26096000,74.49026224939354,70.34595170742146,43.510249958204405,-1.0994939150560015,75.02506227603993,69.8366157838559,1.9964122072485415,661374000,43.69637314274653,18.773770058891408
2020-10-07 00:00:00-04:00,72.46570105992748,72.94539430554703,71.1706323457871,72.45726013183594,36108000,74.41053667615598,70.36695975144549,44.93228555382734,-1.0554542191973724,74.42958141404853,70.08151477735771,1.9805800467136405,697482000,44.10114286648746,18.951957251760906
2020-10-08 00:00:00-04:00,72.77058531432361,73.89184952600075,72.77058531432361,73.6634292602539,26076000,74.38123834612061,70.39976044307542,49.06298779981171,-0.9127035957397851,74.3843167596512,70.10287806456756,1.9415807143887245,723558000,53.190947796494704,18.442758979824013
2020-10-09 00:00:00-04:00,74.13170347927738,75.07470056543451,73.84071121636063,75.00518035888672,32966000,74.40570666034674,70.4455855168646,53.26287181103155,-0.6834264829320631,74.98031917654343,69.89989831206334,1.9037014708738589,756524000,63.35918622429334,17.21207434452095
2020-10-12 00:00:00-04:00,76.3732501983166,78.87697791738763,75.94122471846515,77.69364166259766,55344000,74.534645287886,70.51770547851369,60.32226284896801,-0.2815409317703512,76.4179381839115,69.35247298959109,2.04427976284722,811868000,65.33229470025063,17.683471974403005
2020-10-13 00:00:00-04:00,78.31037728461482,78.71508712820557,77.39767369347942,77.81678009033203,39072000,74.66335645660936,70.59033308659149,60.61569178250447,0.046358117440803426,77.53210523115723,68.94840726070476,1.9923607394100007,850940000,73.41213344491773,18.121198345007773
2020-10-14 00:00:00-04:00,78.1907273915378,78.65005334909316,76.76555154147793,77.63654327392578,33174000,74.77995201807275,70.66044463074407,59.91723046796297,0.28835291859159895,78.18993908931272,69.31053901941125,1.9846565299960879,817766000,73.1184895469922,18.125248642152595
2020-10-15 00:00:00-04:00,76.69601789191054,78.03180603986702,76.52867688240575,77.24076080322266,31210000,74.87645432337274,70.7259204135548,58.32783888904716,0.44309152104862903,78.6204248170973,69.75806334208238,1.9502617176721724,786556000,66.42638551486262,17.976799615898912
2020-10-16 00:00:00-04:00,77.55659111297165,78.3451511286696,77.34952316792459,77.84808349609375,34194000,74.99298880073435,70.79678770790842,60.07784972928375,0.6077233871223484,79.14210169627992,70.08811274056904,1.8898423325132274,820750000,66.83487340724872,17.989135864712534
2020-10-19 00:00:00-04:00,78.25675894228921,78.654020527849,75.62441694848839,75.97350311279297,29734000,75.0314403423837,70.84829731392718,52.71868496770113,0.5802436688584294,79.2662779227966,70.43594680864871,1.9712538501451833,791016000,60.36008286832601,16.909491023583026
2020-10-20 00:00:00-04:00,75.63384710979612,78.1529714473702,75.50424022967013,77.02276611328125,41670000,75.10953154908557,70.90973481441827,55.96978216967349,0.6358034033759878,79.52713744026369,70.73826885042641,2.0196450906848185,832686000,60.603209506989735,15.836374881460728
2020-10-21 00:00:00-04:00,77.95483812956394,80.20383009011108,77.82026822454186,78.75630950927734,60322000,75.25254244948525,70.98781018451638,60.76933837842912,0.8103758491501054,80.08083035684508,70.98167778117575,2.1026035825523195,893008000,63.025290800755194,15.891514322726222
2020-10-22 00:00:00-04:00,78.70714832278779,80.11841230278098,78.33372441699296,79.78273010253906,30512000,75.43019686725206,71.07532182549173,63.318913218797356,1.019793785909684,80.84152402873013,71.00729494099642,2.0798953184977265,923520000,69.12054796141061,15.942715232472752
2020-10-23 00:00:00-04:00,80.19935535511631,81.14632281760413,80.04342551674175,81.08971405029297,30548000,75.6521387175674,71.17496751927085,66.32041397562494,1.276506914121498,81.64724215326002,71.37600918951343,2.028730846823965,954068000,69.82041446716515,16.46813280682909
2020-10-26 00:00:00-04:00,80.19687961430068,80.92088242116448,77.85205190328901,78.6718978881836,35826000,75.77056064582685,71.2495638413496,57.02443818385626,1.270214122277352,81.84340941174021,71.85160910225717,2.1150830825511076,918242000,68.17135477256495,15.58616973883602
2020-10-27 00:00:00-04:00,78.90230306606628,79.5513224818934,78.30939232777347,79.39639282226562,25902000,75.9127501429421,71.3306268162841,58.88418334142624,1.308602965320219,81.76484348765588,72.90915553578161,2.0527150162345946,944144000,69.13757170101907,14.767204032842455
2020-10-28 00:00:00-04:00,76.96964134164946,77.15833472903837,74.90736499185117,75.02256774902344,45174000,75.8778410294551,71.36736254695812,45.954900319849585,0.9748577172425144,81.32474728388982,73.69129275517267,2.226737360104585,898970000,61.91004758613528,15.045179215077445
2020-10-29 00:00:00-04:00,75.3314387178596,78.89287411467878,75.30810114143328,77.310791015625,55406000,75.93403514655981,71.42650113868615,51.904672577534924,0.8848032368279917,80.97603567981876,74.52631925995989,2.344135146215353,954376000,63.529084562704284,14.3943415272673
2020-10-30 00:00:00-04:00,82.80090867371322,83.49015505977545,79.52996615344526,80.25198364257812,99878000,76.10336646012917,71.51431688499353,58.26467873174986,1.0387895573219623,81.19406130094518,75.00786740999231,2.618080067496431,1054254000,66.51635518472946,14.715726495924633
2020-11-02 00:00:00-05:00,80.6209489181996,82.34406497588512,80.1591301740816,80.65968322753906,44228000,76.2820455490472,71.60531555506861,59.072602279358804,1.1801190965967692,81.632239906643,74.96516101295337,2.5871411199469376,1098482000,59.28025074853195,15.014155395392155
2020-11-03 00:00:00-05:00,80.97947599539556,82.38179892514135,80.05336078632573,81.71936798095703,31432000,76.49527387971034,71.70595289263964,61.176305473213965,1.3619319741178373,82.28715024884717,74.83059572283251,2.5686623355804157,1129914000,64.74322309109687,15.238490768815895
2020-11-04 00:00:00-05:00,84.69485294507058,87.89528301491228,84.56673875495531,86.69456481933594,71342000,76.89524607342115,71.8550933098207,69.18483962802743,1.885739167554945,84.627638325749,73.69784385198538,2.8263232426071894,1201256000,72.09625739105826,16.95883158445897
2020-11-05 00:00:00-05:00,87.91612327650903,88.97730839528302,86.4551989047055,87.52134704589844,39758000,77.31195591547909,72.01097643157273,70.28192979545052,2.3405936515114547,86.60326732771922,73.09295968237193,2.804593688890784,1241014000,72.541211877956,18.780923065795424
2020-11-06 00:00:00-05:00,86.96718320704757,87.81930775936743,86.23920242731536,87.3838119506836,28622000,77.7069306619577,72.16393996907632,69.83651205042408,2.6593162321837696,88.10563972043332,72.86201775026981,2.717130234830876,1212392000,72.24410980674735,20.360728131776888
2020-11-09 00:00:00-05:00,89.18388779864829,90.22222032962502,87.27554876417429,87.46772003173828,53440000,78.08970671567458,72.31621638761027,69.9615885558431,2.885415579835268,89.2078132004524,73.2924065261101,2.7335260441608655,1265832000,73.0329362866529,22.320017937637143
2020-11-10 00:00:00-05:00,85.89607149256915,87.36642960090843,85.2182437695995,86.29084777832031,43022000,78.41132009068029,72.4552674462243,65.8379490585834,2.9357951672686653,89.8559900426026,73.8799739059651,2.698951059730717,1222810000,65.39183749291007,23.114435469775742
2020-11-11 00:00:00-05:00,86.82118593096598,87.54121828786089,86.55601653319594,86.76309204101562,31838000,78.73884055932089,72.59763386010282,66.68647222488708,2.979481905817323,90.55507708620645,74.24845786659303,2.595481020431421,1254648000,65.61896884645247,23.893969300220594
2020-11-12 00:00:00-05:00,86.5033783796767,87.64450998714952,86.30325868083496,86.54409790039062,26474000,79.04492908250009,72.73640464657335,65.86941204944476,2.9622855797207706,91.12357557999582,74.58147507918386,2.505893183708788,1228174000,61.12701221253716,24.4883253837134
2020-11-13 00:00:00-05:00,86.80133091890704,88.24785142887573,86.20444969646104,88.00601959228516,29744000,79.39634439660931,72.88834111369486,68.63237017006963,3.0316749682609867,91.90508878682205,74.72213594462328,2.4728580800449245,1257918000,66.38235098626518,25.202930584250232
2020-11-16 00:00:00-05:00,87.60279824360163,89.10245712996237,87.46325773434673,88.09391021728516,25468000,79.73742540918482,73.03964030875547,68.79591810600758,3.058502089273844,92.46133881338493,75.42215422860725,2.413311031157119,1283386000,70.41673290075957,26.094646657015396
2020-11-17 00:00:00-05:00,87.78751124071985,88.24833735543017,87.37188272826951,87.4796371459961,21314000,80.04104155572644,73.18332186932503,66.19807838068577,2.995663923818981,92.80230327146356,76.15895568035936,2.3035355737288,1262072000,72.56235170976555,26.867759311238625
2020-11-18 00:00:00-05:00,87.23036759862198,87.64550364770136,86.33305301374617,86.43584442138672,20108000,80.29181813869351,73.31518776536544,61.91936082352744,2.8290276061995314,91.88224139317653,78.60078778162817,2.2327437923163997,1241964000,67.51614931977272,26.959900224251324
2020-11-19 00:00:00-05:00,86.06787530015252,87.57051186681568,85.90847513549838,87.3261947631836,20106000,80.56767604553627,73.45460077031885,64.05365519899965,2.7372575543481616,91.07665734546823,80.74175899567759,2.1919790022450356,1262070000,62.60347925957128,26.794721676899282
2020-11-20 00:00:00-05:00,87.49652779946634,87.81235033915841,86.15577659553901,86.22430419921875,27694000,80.78950460058265,73.58166249597956,59.60150760369489,2.5462640208224343,90.49788168969907,82.11684405899884,2.153735769486062,1234376000,64.41800189720306,26.7302801230264
2020-11-23 00:00:00-05:00,86.4149908162109,86.70151257860655,84.92328035546011,85.78632354736328,22530000,80.98545828477013,73.70310190942615,57.879436516613076,2.332669331207555,89.59191371490867,83.70636407643248,2.126914087604661,1211846000,59.05445107770907,25.922728739628752
2020-11-24 00:00:00-05:00,85.783333347751,87.71898025978574,85.44715109465693,87.59086608886719,27984000,81.24449388493079,73.8412886176793,62.66572073515536,2.282692049706654,88.38326821017704,85.69787599555214,2.1372651645706715,1239830000,54.864655666646456,25.58869880628183
2020-11-25 00:00:00-05:00,87.78504789071293,87.91266199664649,86.81920565967509,87.60230255126953,19600000,81.4938197149833,73.9782141294563,62.69465314837053,2.2184347857057816,88.45770243134099,85.74447347197933,2.0627073911707234,1259430000,52.560286173882346,25.356802467321554
2020-11-27 00:00:00-05:00,87.62265137734866,89.23503517364202,87.62265137734866,88.73895263671875,14790000,81.7779425746592,74.12508714942908,65.55198604648271,2.2334824086388636,88.75779594899522,85.60672736643447,2.031994907685135,1274220000,58.32772772042323,25.656318398431015
2020-11-30 00:00:00-05:00,88.17434731574909,88.40723809758074,86.79336923358123,87.11912536621094,32418000,81.9874007233475,74.25438106203387,58.656960000255445,2.0906020755842434,88.73665059307086,85.59258117776247,2.0258226573603055,1241802000,46.877181046312145,25.388606679507514
2020-12-01 00:00:00-05:00,87.72793854870284,90.46207946719032,87.5476785104843,89.15310668945312,37350000,82.26840880044969,74.40262708817734,63.805204062527814,2.1170891899956956,89.13458666803379,85.41936332382818,2.119903474761668,1279152000,58.10745853287269,25.898601178863256
2020-12-02 00:00:00-05:00,89.15310078662704,91.00930169788307,88.64709217732732,90.62345886230469,29424000,82.59605782248322,74.5640283993627,67.0039366762152,2.2310078810014176,89.98326767208039,85.14836379764617,2.1372110494612455,1308576000,57.94922245902345,26.553081673557195
2020-12-03 00:00:00-05:00,90.40348327891171,91.56000407514988,90.22769375454459,90.4680404663086,24728000,82.90476302420186,74.72227727565073,66.33659123932114,2.282437776769754,90.58306911009377,85.04255548300519,2.0797181402572487,1283848000,65.27669464500909,27.34214581258585
2020-12-04 00:00:00-05:00,90.38758786798329,90.84840643586647,90.05835381182969,90.5633773803711,20544000,83.20510084209086,74.87990016226486,66.55663230046494,2.3043263916499797,91.07665962160938,85.08486890215364,1.9875991748129291,1304392000,58.293096412112796,27.94923627114884
2020-12-07 00:00:00-05:00,90.15568880495259,90.83798705491886,89.53447741508414,90.22918701171875,22288000,83.48055520168411,75.03262938464749,64.95387332864007,2.2685564007758927,91.40968159615369,85.04826925020049,1.9387356366001995,1282104000,51.28152384201739,28.116694252250305
2020-12-08 00:00:00-05:00,89.80659591980766,90.17654191763987,88.95050099478975,89.94612884521484,19936000,83.73410710927355,75.18102241410588,63.55778758552008,2.192098845916675,91.64446732132556,85.06044600875255,1.891589235195114,1262168000,51.42026224265337,27.837234839254275
2020-12-09 00:00:00-05:00,89.8979570205451,90.79229370200468,87.49652084591008,88.28408813476562,31728000,83.91253773772422,75.31140117749553,55.9530928264969,1.9746305756530518,91.66552311117958,85.14665035073448,1.9918880652593631,1230440000,49.64320783302222,26.589791311441644
2020-12-10 00:00:00-05:00,87.526311537251,88.14156720772428,86.08276908538737,87.77708435058594,28688000,84.06408858528742,75.435437825984,53.83693727591149,1.741301793367768,91.60392490350985,85.38708054896411,2.0068474212678553,1201752000,42.970086875923904,24.772890900966768
2020-12-11 00:00:00-05:00,87.39721213285257,88.25678497137464,87.03669966329481,88.13214111328125,18628000,84.22362005697346,75.56177318207651,55.11713007816943,1.5669740641755823,91.60231961426356,85.49614535155675,1.9506501274687107,1220380000,49.29585986949296,23.020147956980583
2020-12-14 00:00:00-05:00,87.92953716084993,88.87699710887111,86.85742578686872,87.01285552978516,33050000,84.33300184022099,75.67571429996416,50.374499321084606,1.323247516818185,91.51699209194993,85.68661305127924,1.9555730699354024,1187330000,47.815871946069386,21.71720123434145
2020-12-15 00:00:00-05:00,87.39025704522699,87.59583985286919,86.48699444327288,87.45084381103516,21352000,84.45527015280193,75.79287976773601,52.11099919927781,1.1521531615032075,91.29898082512747,86.12656035325796,1.8950925227683246,1208682000,40.95055667175343,20.274051552104872
2020-12-16 00:00:00-05:00,87.84958566273735,87.84958566273735,86.85395784860822,87.2576675415039,24676000,84.56516808961378,75.90695725802226,51.259044833726094,0.9895648540829711,91.32028821067254,86.06082649473109,1.8308450435798111,1184006000,41.766672924200805,19.092097109594214
2020-12-17 00:00:00-05:00,87.59237404777944,87.73042186459409,85.96460093493897,86.42938995361328,34880000,84.63827482937846,76.01165808086397,47.66107448908474,0.7848303343740355,91.42992387431923,85.79480248473024,1.826200464013762,1149126000,35.73943516087229,18.041582927951513
2020-12-18 00:00:00-05:00,86.71044468172059,86.81919170428078,85.16261812232082,85.71977233886719,85256000,84.68068649641724,76.10825623268491,44.76218594565032,0.5588741877348866,91.573922511585,85.2482464744176,1.8140842581527763,1063870000,31.528398237223314,17.54816217223739
2020-12-21 00:00:00-05:00,84.87113629069282,86.25509235125325,84.11981793066384,86.13392639160156,33974000,84.73767629622839,76.20801414471393,46.796103480572896,0.40851201223590294,91.65054698194966,85.0402621407717,1.837026412612536,1097844000,23.052684472689336,17.66093321298398
2020-12-22 00:00:00-05:00,85.87421449147438,86.03709256654695,84.70478234258736,85.42183685302734,20370000,84.7645061219852,76.29969397265734,43.80921053516919,0.22924661795886436,91.67181127507556,84.52149520278903,1.8078919580697976,1077474000,16.413832446242566,17.765649179391527
2020-12-23 00:00:00-05:00,85.60606407600152,86.60814760303803,85.4704939973954,85.81958770751953,22974000,84.80588187043753,76.394419283452,45.88686747483774,0.11791343855074388,91.24793212898477,84.30485819490845,1.7634933003512898,1100448000,15.797447799730762,17.40306468998573
2020-12-24 00:00:00-05:00,85.85783111525326,86.52374001663743,85.62692551399726,86.11406707763672,9312000,84.85718325111202,76.49113219682698,47.43647468101068,0.052834077501884735,90.72950127386827,84.24275926486871,1.7015876719433525,1109760000,18.530900393251585,17.066379092680343
2020-12-28 00:00:00-05:00,86.64788871232548,88.73797322941687,86.49445172699299,88.09043884277344,27650000,84.98397758803992,76.60654818335381,56.4501870381491,0.15890316247450187,90.14667632395756,84.49585907643305,1.7674675633602663,1137410000,25.08442768957937,16.514591205157977
2020-12-29 00:00:00-05:00,88.749390051316,88.81096184437173,87.15438813378992,87.28598022460938,19726000,85.07425220123872,76.71281118873945,52.503546255345825,0.17602152261402182,89.4860567990172,84.76405102975883,1.7595465738760907,1117684000,25.124450033620008,16.04684821755685
2020-12-30 00:00:00-05:00,87.6454953550005,87.78255055222024,85.80816920576154,86.21784210205078,21026000,85.11909886401567,76.80738861076244,47.73178925856146,0.1022198004381778,88.72702568131794,85.02597724836957,1.7748919147748483,1096658000,25.845246035546353,15.134606022583768
2020-12-31 00:00:00-05:00,86.2685011129459,87.27307001104465,86.20989955570158,87.03173828125,21070000,85.1941043313582,76.90912343335437,51.359354937227415,0.10815923125716154,88.48848695111549,85.09753599810325,1.7240546676725785,1117728000,31.7189609615384,14.287523984394474
2021-01-04 00:00:00-05:00,87.39721327969764,87.52085695769506,84.77231967368576,85.71531677246094,37324000,85.21454403493085,76.99674724767384,45.8201799570874,0.006566366026675041,88.34391438636612,84.96720621910262,1.797231997410916,1080404000,25.738122450079175,14.397565948508666
2021-01-05 00:00:00-05:00,85.66366258618784,86.74321469351275,85.25696751822113,86.40653991699219,20360000,85.26128897148229,77.090377025478,48.93448551680498,-0.017963706211560293,88.03475180986358,85.04628863609996,1.7750187958309667,1100764000,31.662691624024447,14.499747772328986
2021-01-06 00:00:00-05:00,84.4306674741296,86.60119804549143,84.2240920775024,85.55391693115234,46588000,85.27276457774386,77.17459135289766,45.46307541955702,-0.10499321801833617,87.99082480914151,84.89569049033764,1.8180250224136851,1054176000,29.83255432589128,15.181348094091991
2021-01-07 00:00:00-05:00,85.7465892651924,88.28210281965931,85.7465892651924,88.10929870605469,41936000,85.38400121022664,77.28339441113803,55.62379555202737,0.03186588973800042,88.1773360264744,84.79697325900737,1.8830365128489197,1096112000,32.60645715410379,14.520235931424741
2021-01-08 00:00:00-05:00,88.24933551484223,89.3517327598918,87.4577901976101,89.2757568359375,35484000,85.53661907790159,77.40272140043953,59.34705973124905,0.2317793333584035,88.78956686095749,84.45382099711541,1.8838155163798331,1131596000,40.71719323092399,13.748179275471632
2021-01-11 00:00:00-05:00,88.24238133150995,88.60786440316203,87.00690685691502,87.21298217773438,34796000,85.6023588073068,77.50033593553701,51.17066133183019,0.22121349071591112,88.85845352307743,84.48941329821164,1.9113179779971647,1096800000,45.83168913245374,12.79488765524282
2021-01-12 00:00:00-05:00,86.67022716182484,87.78950631707407,85.23115504466647,86.27644348144531,29528000,85.62879350041027,77.58766038873013,47.94119810938024,0.13570481782234367,88.84785842913404,84.57423121116544,1.9575346418836248,1067272000,46.31161966629636,12.934129954359
2021-01-13 00:00:00-05:00,85.7744115724748,87.21796188202141,85.7744115724748,86.76409149169922,23432000,85.67331499026474,77.67896816089899,49.72056345777677,0.10606504565735975,88.86749323958588,84.63861841405995,1.9208214752881236,1090704000,51.88923326320634,13.063426374966882
2021-01-14 00:00:00-05:00,86.8445221294171,87.77213007031222,85.71233156118241,85.95317077636719,29212000,85.68428972697464,77.76129853518225,46.85267676062073,0.016945451477027973,88.82903500486925,84.74792117188856,1.930748406276815,1061492000,45.33983361385207,12.77748173804387
2021-01-15 00:00:00-05:00,85.85882685355558,86.7824568694247,84.99926151347154,85.789306640625,31444000,85.68840803731386,77.84117921284835,46.27186797079999,-0.06614248586279814,88.83090260766029,84.7420160935116,1.9202089026822688,1030048000,40.7758824945871,12.929212433361723
2021-01-19 00:00:00-05:00,86.553029347771,89.57419165204705,86.04801339029697,88.6123275756836,41660000,85.80307154862248,77.94835481844869,56.31832490908906,0.09471213908490483,89.15238282407586,84.7536372768356,2.0534000533065386,1071708000,42.729490485127805,12.690364857572254
2021-01-20 00:00:00-05:00,90.69297541443379,94.33535679156603,90.3523301990079,93.35958862304688,64152000,86.09940555154108,78.1017004284447,67.3683624270426,0.5983573887443043,91.17000708192631,83.4385663230216,2.31551642206196,1135860000,52.62686331156791,14.285301996888034
2021-01-21 00:00:00-05:00,94.03393956655104,95.94227110893598,93.32681109981424,93.56218719482422,58634000,86.39206365519924,78.2555361176624,67.74338824282808,1.0022940671235716,92.69124581529742,82.75415518567915,2.336940963994802,1194494000,60.47379282430873,16.196860815098123
2021-01-22 00:00:00-05:00,93.92518905965122,94.56726028066227,93.18231164160541,93.97981262207031,32744000,86.68962243821379,78.41199658039284,68.545870074818,1.3406613669773861,94.02392331319447,82.45640709045136,2.2689415122135204,1227238000,54.95860857765185,17.882183376060844
2021-01-25 00:00:00-05:00,94.98190543815457,95.43279798699298,92.32125523928354,94.06522369384766,50586000,86.97886170314061,78.5677500840093,68.71727879335052,1.597299178947921,95.13022681220401,82.28790164645484,2.3291273147489426,1277824000,63.03049029594811,19.680698298116898
2021-01-26 00:00:00-05:00,93.65356299193041,95.13136939895124,93.16394372149756,94.7440414428711,31462000,87.28337855567906,78.72870820698306,70.11135084301525,1.83431655373073,96.17424150172307,82.44771691299046,2.3032914835135663,1309286000,63.936044678184004,21.35074786859752
2021-01-27 00:00:00-05:00,93.10335885414129,93.37945448291312,89.24844618847803,90.32402801513672,82512000,87.40261971095192,78.8440845234821,53.41858918846269,1.6465163710349486,96.26958282048564,82.87470734064716,2.531313181433531,1226774000,59.691658068208,20.635449050018625
2021-01-28 00:00:00-05:00,90.92289423121268,93.75287039579504,90.92289423121268,92.0252914428711,55278000,87.58390095534091,78.97524081123721,57.602766123566035,1.6163290783029964,96.4386536398348,83.56848645619385,2.5954224099495877,1282052000,60.75145352513299,20.11227043460215
2021-01-29 00:00:00-05:00,91.0728532576244,91.74422520694112,89.46097713995385,90.74213409423828,44530000,87.70775323529767,79.09232432649097,53.68579958193943,1.471898230507506,96.54114070592394,83.81704410852919,2.59320040230442,1237522000,54.09955990005977,18.931799978024674
2021-02-01 00:00:00-05:00,91.59774264388165,95.12094344819168,91.59774264388165,94.00514221191406,40252000,87.95470966575323,79.24071057410713,60.956527337920825,1.602263333724423,97.10982574292893,83.87894378832107,2.7207438988507753,1277774000,60.11526231109469,19.047256610993305
2021-02-02 00:00:00-05:00,95.00127331523198,96.80085795144261,94.66558351835431,95.29872131347656,66332000,88.2427101225267,79.40049177549389,63.40896473254131,1.7893333191759808,97.80731835020809,84.25954973247421,2.726099030327759,1344106000,66.89369231971037,19.643322373910816
2021-02-03 00:00:00-05:00,102.57305055467793,104.60950398983356,99.9878761837272,102.23885345458984,97882000,88.79157848848996,79.6277391553854,73.15243766248601,2.469135634485511,100.39243733831123,83.80275207412367,3.196433576472704,1441988000,70.78426554200448,21.759360881054985
2021-02-04 00:00:00-05:00,102.32525035691263,102.7562756387138,101.05798980789827,101.9781494140625,48596000,89.30869891694378,79.85013129726279,72.37282423168429,2.952809084734568,102.22982535453508,83.99390511421493,3.0894230232114777,1393392000,68.34215882200712,23.724253780545997
2021-02-05 00:00:00-05:00,102.27261325937808,104.0791536293732,101.79789063853698,103.72608947753906,29866000,89.87408678206518,80.08770302044962,74.34685781055228,3.4375420883154675,103.98687123619419,84.60658172604539,3.031697306613244,1423258000,72.32999612559155,25.7513183878804
2021-02-08 00:00:00-05:00,104.28077001063603,105.02563265356915,102.46082562034202,103.51206970214844,28828000,90.40890964167629,80.32078129588942,73.65292077003812,3.761071586664613,105.05220172507687,85.90428631203251,2.9983480013713786,1394430000,72.0610732376116,27.774833438923707
2021-02-09 00:00:00-05:00,103.02939215435124,104.2067727221709,102.79103824523523,103.0586929321289,21892000,90.9049795746352,80.54702917286693,72.11728969602798,3.935521091333584,105.96515403056765,86.91751605406776,2.885304178197399,1372538000,67.10161294025778,29.653811700606777
2021-02-10 00:00:00-05:00,103.44353437120024,104.22514605872993,101.90911925986293,103.60939025878906,25102000,91.40319175832752,80.7765054025776,72.85754981834481,4.071279081547587,107.12487767523518,87.1244326274992,2.844641508245228,1397640000,61.49321227773468,30.928539939016364
2021-02-11 00:00:00-05:00,103.83385461877602,103.98282108445419,102.73443512383678,103.72212219238281,20480000,91.88628706946695,81.00481999750104,73.0154863637203,4.140238697283451,108.11663992870695,87.4873283737019,2.730623254843241,1418120000,65.82582756213694,32.11221616039669
2021-02-12 00:00:00-05:00,103.2761844765235,104.25592298130817,102.9683028144849,104.0339584350586,18990000,92.36266633870584,81.23396565359614,73.47526517374439,4.1719605045004045,109.0105705363614,87.93395054111255,2.6275516056989576,1437110000,64.23337403339625,33.26799388395795
2021-02-16 00:00:00-05:00,103.8710913957422,106.52230792742778,103.8710913957422,104.81210327148438,31004000,92.85087955175598,81.46857398810249,74.63660744703498,4.211344294775557,109.89114075289535,88.48629760159685,2.629241957555145,1468114000,64.40581804683823,34.780537285921824
2021-02-17 00:00:00-05:00,103.98182767192168,105.3950844927026,103.7022617169391,105.20539093017578,20294000,93.33537019404696,81.70476122135696,75.22697540697675,4.225581387624345,110.7019462638579,89.07033868894158,2.562354873141455,1488408000,70.75275167413972,36.08076719817712
2021-02-18 00:00:00-05:00,104.5290554725159,105.37273908849392,103.94954865023567,104.56927490234375,22546000,93.77591547672527,81.93226882017275,72.29581686973228,4.137836732933806,110.5744123462236,91.0972388582035,2.480985984935512,1465862000,64.6596507627565,37.288123545271326
2021-02-19 00:00:00-05:00,104.66760224999184,105.203404154816,103.45794305157632,103.72509765625,37938000,94.16607948376546,82.14911288819343,68.48229699860218,3.954594311673816,110.21421489551221,93.01741047069874,2.428448493385809,1427924000,64.76725056899355,38.071217930523346
2021-02-22 00:00:00-05:00,101.97665119838959,103.30399835015275,101.69857038647423,102.0094223022461,29466000,94.47366155507844,82.34672790723873,61.39424841616074,3.629098719066107,108.70629311296588,96.0276373476461,2.39973983455652,1398458000,58.339254952886854,37.67037823652689
2021-02-23 00:00:00-05:00,100.0097261156716,102.91518589418928,98.82986020333311,102.30042266845703,34658000,94.78059336344623,82.54527213371851,62.11057244066535,3.3559372586972245,107.42770888340628,98.41225897141142,2.5201388242922094,1433116000,48.60755189416347,35.80730535053901
2021-02-24 00:00:00-05:00,100.80673050303888,103.7007716404692,100.68209421429081,103.47681427001953,22608000,95.12162163429224,82.75354618482598,64.94249620636475,3.1975207749579653,105.39503366120913,101.53534658781432,2.5557487244269366,1455724000,38.8499883338555,34.35774545068992
2021-02-25 00:00:00-05:00,102.09235563455893,103.43658466161583,99.63728846063752,100.10704803466797,41548000,95.31712855195403,82.92621784502342,52.77447453685916,2.768153052114755,105.82300864225097,100.82313088411622,2.6474470876380134,1414176000,39.58739448729477,32.51832477093577
2021-02-26 00:00:00-05:00,100.80225428942666,102.12165310365899,99.3651674256296,100.40300750732422,40042000,95.51657478549797,83.10011624962343,53.59682296478932,2.4238172379951948,106.04596421564132,100.39015638982742,2.6552355583802547,1454218000,31.09346031682759,30.68232140424092
2021-03-01 00:00:00-05:00,101.69856536116698,103.10039566930428,101.02421563702748,102.7741470336914,26060000,95.80118546189772,83.29587774996241,59.657867411525615,2.315567348831152,105.97676942227712,100.33242552401195,2.6582464586373833,1480278000,30.54301428164102,29.377217847372332
2021-03-02 00:00:00-05:00,102.53479645552336,104.01955853998743,102.12910156171527,102.51692199707031,25564000,96.06454767896332,83.48713192157544,58.76120033772399,2.18384857407095,105.92046317252661,100.25604541308536,2.6034043528970097,1454714000,36.7225030545361,28.523593934812535
2021-03-03 00:00:00-05:00,101.89472276716697,103.0884850858545,99.01706363524661,99.88160705566406,33892000,96.2142362819712,83.65026102738727,50.40281712479312,1.8455383868495403,106.12971623455425,99.62318090086242,2.7082627170192155,1420822000,35.998137555530505,26.690209913752085
2021-03-04 00:00:00-05:00,100.05342577855534,103.0189723022075,99.58465876832166,100.9999008178711,49216000,96.40190940102609,83.82289425913339,53.43004752579617,1.6486573905774833,106.05784964948778,99.34711556047317,2.760123489652546,1470038000,40.12024865763346,24.987781894195955
2021-03-05 00:00:00-05:00,102.35156636872838,104.58863175555176,100.69449268365985,104.13526153564453,53100000,96.7051781121876,84.02500736636236,60.67694351057179,1.7257320246530838,106.12496819832121,99.33508225740796,2.8411246026696437,1523138000,44.500475323861885,23.673125810922482
2021-03-08 00:00:00-05:00,103.489220368684,104.96304865733514,99.57272873677378,99.68743896484375,36868000,96.82212951817411,84.18085245689451,49.02261334608214,1.4116396152221853,106.07412568517202,98.80638884119517,3.0232099825190515,1486270000,37.32997060287441,22.014215706469507
2021-03-09 00:00:00-05:00,101.78547258921868,102.48911554648285,101.0828146593542,101.31918334960938,33920000,96.99848457038726,84.35138311254343,52.61815977631082,1.2796364007465542,105.64586598889666,98.76892588122054,3.0073861681704837,1520190000,43.26944771150542,20.47379918090603
2021-03-10 00:00:00-05:00,102.36398540325158,102.36398540325158,100.2748937042112,101.11212158203125,27100000,97.15980366888311,84.51815662965276,52.11582937727857,1.1451145800172782,105.00832318293745,98.86069944076048,2.941793706089762,1493090000,42.93718302739912,19.414769971800528
2021-03-11 00:00:00-05:00,102.20607603435747,104.84040311495322,102.11818127805286,104.30757904052734,27702000,97.44010858541817,84.71506630538286,58.672856759679526,1.2815785396106492,104.93329229708318,98.90083754503921,2.997971408006348,1520792000,49.73966813205044,18.734225755168875
2021-03-12 00:00:00-05:00,103.10933995899494,103.16892653845659,100.92490535157664,101.79788208007812,33818000,97.61100166364014,84.88504457179775,52.582670258450754,1.1736861174942987,104.64579534182192,98.93137242347757,3.0254501423595164,1486974000,49.30463967441786,17.54584245495752
2021-03-15 00:00:00-04:00,101.54861197733112,102.04567957460087,100.69500231836219,102.01837158203125,26168000,97.78383969965549,85.05552543757122,53.0438152285969,1.093368583313989,104.64657989697655,98.93178110562762,2.9058235076365997,1513142000,50.170817955472,16.336628350131495
2021-03-16 00:00:00-04:00,102.59191553889649,104.96008072594401,102.25921114107965,103.48078918457031,31900000,98.00724948337763,85.2388613952528,56.09377856455621,1.1346417931095658,104.8399653398846,98.895777864868,2.908386767370611,1545042000,51.15895221142776,16.386542434315242
2021-03-17 00:00:00-04:00,102.71505934343303,104.23109987836469,101.5059003100196,103.3978500366211,26382000,98.21864558350484,85.41954784939577,55.87212747457861,1.1474317343596283,104.82354191375317,98.9016727265463,2.895301967440217,1518660000,52.73251245236561,16.06535891416543
2021-03-18 00:00:00-04:00,101.70751288989462,102.72897123956768,100.26744816681611,100.37471008300781,31700000,98.30319713250495,85.56835543380981,48.36954849578175,0.9032140369384223,104.80181300405782,98.95908990935364,2.9120948176091295,1486960000,53.65085648122319,15.189945065379844
2021-03-19 00:00:00-04:00,100.79134100852927,101.15433122246223,99.46051580491086,100.6537857055664,46072000,98.39537707654657,85.71845921760838,49.04970739151536,0.7238447904798875,104.78722192589264,99.00711808061779,2.825074860462147,1533032000,46.104075688258874,14.190460732753618
2021-03-22 00:00:00-04:00,100.68705266414705,101.71545922515175,100.01021756030983,100.83900451660156,33536000,98.49120560360755,85.86891240466305,49.52496487341142,0.5898396758672817,104.66286712617966,98.87345387805212,2.7450867750607024,1566568000,46.91443087268349,13.343319529896004
2021-03-23 00:00:00-04:00,101.29882774538657,102.49855328173614,100.70542448407849,101.36735534667969,28510000,98.60399578961038,86.02312576727019,50.93104816193432,0.5202757386030328,104.56365897622081,98.81938647462556,2.6770897766747694,1595078000,53.25205882982208,12.90399069275407
2021-03-24 00:00:00-04:00,101.88529017608958,102.67186495267238,100.75508476350407,100.93038177490234,25218000,98.695226612563,86.17145667281876,49.69797021926692,0.42498671948094113,104.50198050838885,99.02090157168927,2.6227819489957365,1569860000,45.412158407580456,12.573775690277836
2021-03-25 00:00:00-04:00,100.75756896645461,101.58138535114085,99.12085484807301,100.9269027709961,35616000,98.78274332465841,86.31827703200462,49.68765589331375,0.3452093996921235,104.5027593738227,99.01038963333875,2.611192560000887,1534244000,35.195998625734816,11.907126497575948
2021-03-26 00:00:00-04:00,100.89362388193071,101.27101819730069,99.50619002125315,100.54304504394531,27978000,98.85177476463045,86.45981701222294,48.49182227234934,0.24815066209067993,104.00626870685636,99.02791810141187,2.550737961147077,1506266000,35.93454196697232,11.288095104352767
2021-03-29 00:00:00-04:00,100.4154264492917,101.75866292820697,99.5856468975078,101.58882904052734,26492000,98.95911022643034,86.6103544453404,51.88903473697383,0.25270392823181,103.93304287675288,99.35466260827316,2.523757823257941,1532758000,34.79676004701781,10.5122282748886
2021-03-30 00:00:00-04:00,101.94587523975986,102.42705359401143,101.1101400271924,101.62260437011719,27312000,99.06356097716316,86.75973006648246,51.99914752553134,0.25608581342952164,103.94679099350773,99.38137062758602,2.437554662083733,1560070000,41.15376958290919,10.146069002372858
2021-03-31 00:00:00-04:00,102.01638423893236,103.59847472541622,101.64891595703786,102.41960144042969,42570000,99.19517040709519,86.91554968214363,54.63749810152827,0.31939519560731355,104.04282824873688,99.45966402014334,2.404577211599112,1602640000,43.10399978035838,10.386841258735728
2021-04-01 00:00:00-04:00,103.89591807192116,106.05601499739915,103.85519855403845,105.75955963134766,39880000,99.45259743549725,87.10305226870288,63.65351901977484,0.6317921433627589,104.63294443269831,99.06314524829128,2.492565521982708,1642520000,51.57060856594099,11.614791133335222
2021-04-05 00:00:00-04:00,106.62211337456482,110.68608655978105,106.52577769061983,110.18801879882812,48510000,99.87359435170632,87.33275342820663,71.68838810527691,1.222615074270891,107.41254292988043,97.40223164694248,2.666419908157757,1691030000,59.70197074399972,14.038222328782512
2021-04-06 00:00:00-04:00,109.78876861526743,110.63692268035109,109.33539838290059,109.70633697509766,35240000,100.25919210164324,87.55537615006624,69.87890381668775,1.6331528367728794,109.09786724607886,96.7419693831529,2.56892736453581,1655790000,60.170186956984395,16.288551295983567
2021-04-07 00:00:00-04:00,109.89703385350786,111.45627935995104,109.89703385350786,111.18465423583984,24134000,100.68764159710193,87.79049334494955,72.19827283025828,2.05411624600859,110.86607005543871,96.000948580629,2.5104284374156367,1679924000,65.69245159803233,18.5665794535527
2021-04-08 00:00:00-04:00,112.42459741103764,112.81143286154771,111.38228678145336,111.75074768066406,28664000,101.12148889449652,88.02890383585219,73.05392976956175,2.4056806021648924,112.50208478605025,95.47865353588985,2.447310593722225,1708588000,72.24819939885937,20.975897589739084
2021-04-09 00:00:00-04:00,111.50295716552093,112.91968428318657,111.09675457023529,112.75581359863281,26146000,101.57773692210971,88.27494273896444,74.55148044076512,2.7338837965735934,114.12849801492143,95.50305410910201,2.4027119593814428,1734734000,81.05061171945314,23.02052350496519
2021-04-12 00:00:00-04:00,111.93397929114465,112.07152700708663,110.62798445173745,111.46223449707031,25024000,101.96536427799052,88.50566205994063,69.21939595937208,2.856676185269734,115.11813508424375,95.95454354531354,2.383077472775294,1709710000,74.83170909226614,24.594766999674977
2021-04-13 00:00:00-04:00,111.77854480380566,112.39827100127401,111.38426106868891,111.9493637084961,25682000,102.35689366742211,88.73893272311034,70.08702916223623,2.959185644159433,116.00839676598412,96.54566308915912,2.28528693419028,1735392000,74.82071911198125,26.143982699176426
2021-04-14 00:00:00-04:00,112.59492016611924,112.59492016611924,111.03518222254296,111.3276596069336,21002000,102.70868841014806,88.96369617469068,67.47298342972259,2.956181780268494,116.60077054767955,97.28132987549755,2.23346200628928,1714390000,75.16499449782583,27.321432974177974
2021-04-15 00:00:00-04:00,112.32279939947108,114.01363687359006,111.78749002966799,113.47981262207031,29174000,103.13108543806658,89.20763763187854,71.44356092930244,3.0918213664016747,117.38380618966345,98.1715516798027,2.265784524886936,1743564000,82.77811110953616,28.818796913330342
2021-04-16 00:00:00-04:00,113.67794535392196,113.9262328802501,112.76821949375322,113.35566711425781,26282000,103.5320494253682,89.44791653220072,70.90586818993074,3.152953920539204,117.84276822497355,99.36975822359415,2.186658015001932,1717282000,88.91203857325732,30.2092062854004
2021-04-19 00:00:00-04:00,112.73147563383928,114.41535723805603,112.73147563383928,113.70376586914062,30290000,103.93094026630045,89.68926826689665,71.55237519466945,3.1926872591214703,117.95864182616691,101.00864739909352,2.150745414231562,1747572000,89.09262719178035,31.64039622126681
2021-04-20 00:00:00-04:00,114.08761909590847,114.16260241434755,112.08295189776874,113.16995239257812,22288000,104.29325446733095,89.92290691491338,69.01951351371845,3.144850056072727,117.76864479591781,102.74279420961604,2.1456672072563654,1725284000,83.64436176578019,32.418050838332924
2021-04-21 00:00:00-04:00,112.82433942501434,113.21911569548593,111.47216193615608,113.1371841430664,23204000,104.64007523892843,90.15389474802934,68.85837750736793,3.0689180274430328,117.05877140867295,104.98794489992079,2.1171876752616137,1702080000,77.20693619423038,32.63598257579302
2021-04-22 00:00:00-04:00,112.99068363198703,113.66007037632106,111.24870053743062,111.85452270507812,24146000,104.9229947474049,90.36982139436815,62.68881663598751,2.8721331264555374,115.56233971801642,107.74236609253045,2.1382006869493866,1677934000,70.20673318634437,33.00924302721741
2021-04-23 00:00:00-04:00,112.5735722203721,114.51617525978173,112.28804305693671,114.20879364013672,29066000,105.28714372359046,90.60702509830614,68.3025401024808,2.873031148974775,114.76546189902942,109.66580844602265,2.175590106074688,1707000000,68.78036367047908,33.67515378116649
2021-04-26 00:00:00-04:00,114.43672073608383,115.43037100832214,114.07918606462448,114.70536804199219,32038000,105.65648585372386,90.84680960520849,69.35004113211625,2.8806064049544062,115.10436069910128,109.92922287837268,2.1167040230477574,1739038000,68.63197599392032,34.60824925817309
2021-04-27 00:00:00-04:00,115.0877200248245,115.12843954137769,113.52499681437367,113.76435089111328,44386000,105.9744413453862,91.07484484188417,64.96846372131486,2.778647115922965,114.95792282828485,110.61672927132453,2.0800425019017763,1694652000,58.7692592176808,34.97668654581333
2021-04-28 00:00:00-04:00,118.80558735314312,120.73627149792708,116.85504353918805,117.14405059814453,81106000,106.41246523765123,91.33423992403601,71.84798870965768,2.936704662502862,116.09267479125866,110.27656348999135,2.4294623665383495,1775758000,64.01575082177106,36.78653461868259
2021-04-29 00:00:00-04:00,118.64319966263592,119.38458431397586,117.8794624667464,118.81848907470703,41234000,106.8989759763593,91.6077150399631,74.51797466325398,3.16064564256898,117.59084985175926,109.72075394869648,2.41596746291642,1816992000,65.36883602071386,38.46710782920404
2021-04-30 00:00:00-04:00,117.58996717984161,118.27672829890145,116.52431905123296,116.86894226074219,44856000,107.2899550463351,91.85907053469721,66.59822654076447,3.144559819654134,118.13964057395009,109.72038038145357,2.407267645813395,1772136000,62.40923354728714,39.02836770763002
2021-05-03 00:00:00-04:00,117.43553948952028,118.2618411752265,115.97511498373677,116.35151672363281,28242000,107.64531040622913,92.10277646692543,64.63479581732051,3.0548454161804557,118.40755020888669,110.10437504339195,2.398657541933132,1743894000,56.699761295603366,39.16607033730933
2021-05-04 00:00:00-04:00,114.88512675108498,115.45320725454022,112.06110599855704,114.55142974853516,44818000,107.91613861573133,92.32614615131956,58.20571533142692,2.8061466186798327,118.39425624853456,110.46461114241595,2.5337827693004633,1699076000,53.98543226142848,37.08176117762812
2021-05-05 00:00:00-04:00,115.63397073423225,115.95028579947221,114.62343858766027,114.94571685791016,26636000,108.19180835071873,92.55121650660902,59.163859678363,2.610771357355361,118.27515962122713,111.06611540318694,2.4527165751316486,1725712000,53.800166192443754,35.33390675460168
2021-05-06 00:00:00-04:00,114.52660004687345,116.06697845458984,113.86665436169554,116.06697845458984,25190000,108.50063855087055,92.78520418768346,61.84283779357577,2.5173925608122687,118.45079775062823,111.23543271812179,2.4346885406861243,1750902000,53.74081636687155,33.3437110315579
2021-05-07 00:00:00-04:00,117.38488841676944,117.7503639113892,116.50445572255295,116.79097747802734,28898000,108.82574988134729,93.02406760350777,63.507564854388036,2.473299208571973,118.7090781400287,111.43519371055724,2.3810240346942124,1779800000,53.692503295060824,32.1471630015951
2021-05-10 00:00:00-04:00,115.60962996809558,115.75165577723939,113.44456228631331,113.80259704589844,30914000,109.02092035838852,93.23081914024797,53.191943021282555,2.1721780666916857,118.70607259811204,111.45137674270826,2.4499805459099133,1748886000,52.761482695285316,30.01283540204674
2021-05-11 00:00:00-04:00,111.38526620724798,113.2330185640915,110.93089578077006,112.72551727294922,34186000,109.16619866876346,93.42479623609574,50.037229842181496,1.825581884565139,118.74493851560214,111.35325280926764,2.4801034544255183,1714700000,51.676867405796344,28.904855031945708
2021-05-12 00:00:00-04:00,110.54704678651926,111.62908428486004,108.92969990964455,109.25892639160156,46376000,109.16983505005122,93.58234976998138,41.50514175777386,1.2566906529389286,119.41194848127112,110.16914181007003,2.5740830193454576,1668324000,49.68727357842314,28.467941947813273
2021-05-13 00:00:00-04:00,110.54355688396663,111.20499516697443,109.58020014350784,110.68856048583984,33204000,109.22939291027822,93.75256082188048,45.62311382650697,0.9107017735363883,119.5627092343376,109.86291942777177,2.5292248590617006,1701528000,49.981444457774224,28.062236941118872
2021-05-14 00:00:00-04:00,112.15347769132586,113.45350946011777,111.72940060439642,113.13867950439453,31996000,109.38269826691024,93.94545752518908,51.87592185235149,0.8247005871822211,119.5500528924405,109.73289388490323,2.5460622958628596,1733524000,49.92713203272475,26.70199004434216
2021-05-17 00:00:00-04:00,112.4032439386327,113.70476832857226,112.00300454103483,113.66206359863281,21598000,109.55051651521308,94.14164266024822,53.11615129863433,0.7896738807507404,119.50441522469514,109.63942429353402,2.4857552595539003,1755122000,56.21319935325781,25.335218239416367
2021-05-18 00:00:00-04:00,114.32896221785582,114.59363909579048,112.33471351228613,112.34861755371094,22204000,109.66024596770319,94.32280658953641,49.65754401647119,0.6484558492707606,119.521159339877,109.4339157333652,2.4695531398360755,1732918000,45.550353396812035,23.695129489355605
2021-05-19 00:00:00-04:00,110.65829036295091,112.97033944882926,110.50981640277661,112.79703521728516,23684000,109.78325731082406,94.50662975996177,50.834579532988855,0.5661963407978163,119.08254954754553,109.29292347491541,2.4689081331372598,1756602000,37.860706931742016,22.844750081157798
2021-05-20 00:00:00-04:00,113.76535047048326,114.80815356114391,113.39391177615245,114.55738830566406,32352000,109.97047813415112,94.7061397952424,55.25720384010134,0.6357226549897206,118.14093545063311,109.6663908026221,2.4362088624745093,1788954000,46.64332150313458,21.298959036933386
2021-05-21 00:00:00-04:00,115.07679690474603,115.15029510370941,113.68092214088712,113.92076873779297,40632000,110.12539149115669,94.89733013297922,53.386867923669854,0.6321656688997592,117.63843697205412,109.7757994781412,2.3671491553564934,1748322000,45.39563768003743,19.826314663956435
2021-05-24 00:00:00-04:00,114.95166574781729,117.46731220686212,114.80616961581151,117.24336242675781,31832000,110.4045276062783,95.11967871301681,60.83735492749977,0.8872248980754733,117.87887826807705,109.65427094253494,2.4513916063359686,1780154000,54.306417918664444,19.307514104258292
2021-05-25 00:00:00-04:00,117.78760640059416,118.38349497580484,116.94343028761784,117.33423614501953,22440000,110.67628088230737,95.34071908547456,61.02086265006992,1.0841959879397223,118.42459915187484,109.47959091160172,2.3791539693253276,1802594000,53.90001988871773,19.12850165840569
2021-05-26 00:00:00-04:00,117.51548046613217,118.63128926079746,117.51250265235855,118.20026397705078,21572000,110.97133904288555,95.56817724359969,62.80938323841123,1.2952473983607575,119.10507850075032,109.23305117861165,2.3018610512147992,1824166000,53.55668562678608,19.0450097391082
2021-05-27 00:00:00-04:00,118.63426373987288,118.63426373987288,117.00599824507955,117.32479858398438,35224000,111.22049431900707,95.78466103803139,59.821190610437455,1.3760027182082837,119.35499676540803,109.15084226453988,2.25374708289898,1788942000,45.779967549234264,18.716946882603263
2021-05-28 00:00:00-04:00,117.90777016561503,117.98970171247785,116.8366589664959,117.03528594970703,21482000,111.44852536334825,95.99611004212767,58.824510922862515,1.400496588081424,119.40503687483867,109.13337661799987,2.175125344547763,1767460000,46.753618848186655,18.325722110520367
2021-06-01 00:00:00-04:00,117.90877961712468,118.46841921616031,116.90768099049576,118.24346923828125,23354000,111.71499375060054,96.21747680029836,61.69284935035213,1.5001061605682224,120.0588999492092,109.07162983594705,2.1312405503418193,1790814000,53.7455091911569,18.156044745205552
2021-06-02 00:00:00-04:00,118.63922746306862,118.86219221155922,116.81232738781806,117.71759033203125,21158000,111.95038969497038,96.43140827822606,59.74206412123635,1.5191021674531129,120.50915869259794,109.28698083376926,2.125427998441772,1769656000,56.92689332764365,18.16015498353975
2021-06-03 00:00:00-04:00,116.48310125637171,117.04373341126214,115.67815198832696,116.57496643066406,18696000,112.13174564538974,96.63184169267818,55.62624208771147,1.4255238882088292,120.16101799831638,110.61059353325915,2.1192858802462378,1750960000,50.29857952525768,17.513043397039798
2021-06-04 00:00:00-04:00,117.65203751158097,119.12984382575019,117.31138472478672,118.85871124267578,24458000,112.39554821783233,96.8530045737727,61.35658734741414,1.5181413594091566,120.28346805866138,111.57749690715892,2.150399559877658,1775418000,49.4528809677581,17.772261477741626
2021-06-07 00:00:00-04:00,118.6536353921515,119.40197591277536,118.23452893652797,119.29222869873047,24120000,112.66600627590677,97.07628043571258,62.3505206754746,1.6079867380757804,120.72370363168807,111.95773456004369,2.080188661046925,1799538000,49.9630889177,18.115873622970728
2021-06-08 00:00:00-04:00,119.77441274086057,120.1473365797577,118.91881026682869,119.10055541992188,24240000,112.91834153645638,97.29542745048083,61.5961667875842,1.644763605239234,121.03946675657888,112.36710367799144,2.01935563618136,1775298000,56.302362969705214,18.717706054880363
2021-06-09 00:00:00-04:00,119.74560799112477,119.81760592267354,119.02408294020918,119.57230377197266,17942000,113.17928123196683,97.5170879113912,62.78942633258598,1.6924659924370076,121.05952125936638,113.31020733763883,1.9317961609158594,1793240000,62.07453025953745,19.27655045593931
2021-06-10 00:00:00-04:00,119.52163996137934,120.96568253894894,119.36571770257208,120.92247772216797,25904000,113.48293599628845,97.7499773622447,66.04158529998634,1.8182584799444186,121.25223065673177,114.2008902742578,1.9080939234487875,1819144000,61.54779955163202,20.234654941141446
2021-06-11 00:00:00-04:00,121.16431477759886,121.24972423320611,120.11951891042602,120.67767333984375,21958000,113.76508255878082,97.97811364062878,64.93346195239248,1.8765643985760079,121.51223293491536,114.75692600063151,1.8525304519724517,1797186000,71.34758467663539,21.229203929047078
2021-06-14 00:00:00-04:00,120.77997160978902,121.6072658902099,120.07185807853914,121.60677337646484,22098000,114.07259984574881,98.2132246827764,67.18398967861049,1.9749765668232158,121.61990895245458,115.67405060158188,1.8298788348080455,1819284000,70.57948785236422,22.287793037398313
2021-06-15 00:00:00-04:00,121.61122735260894,121.93449819679269,120.22677889432583,120.5877914428711,21562000,114.3280975554399,98.43585718785198,62.45014892436914,1.9482869538889247,121.88963628545321,115.85024713739836,1.821153153926532,1797722000,63.78233082898352,23.396522933344368
2021-06-16 00:00:00-04:00,120.73925165647537,121.051103781599,118.65165259558208,119.94522857666016,26472000,114.54837720333089,98.64988078376052,59.59836872224383,1.8539150119334096,121.98964633406273,116.09836941300757,1.8624601562187024,1771250000,56.24834371255824,23.19673010813349
2021-06-17 00:00:00-04:00,119.8707512752381,121.68324740306925,119.67460198441277,120.90958404541016,25842000,114.79783629517713,98.87137036845355,62.37528030190435,1.8357782855502052,122.27168492474269,116.17757349810887,1.872901960678543,1797092000,65.9522057149909,23.301653891083728
2021-06-18 00:00:00-04:00,120.53565476719979,120.77003827045989,119.19291832944006,119.28826141357422,46116000,114.97393139785939,99.07452351318112,55.47202194157867,1.671311771051677,122.22860810713972,116.48244535965715,1.8617422289136538,1750976000,61.13300011435337,23.039961843444797
2021-06-21 00:00:00-04:00,119.67510169323509,121.16432693348352,119.07722028973333,120.97811126708984,27414000,115.20938943194686,99.29246965998618,60.39224912177341,1.6582127890777087,122.30997900119803,116.92678450791655,1.8778396871162637,1778390000,61.64448543890649,22.994027548365814
2021-06-22 00:00:00-04:00,120.91602469124716,121.56157377176068,120.23472669279211,121.49254608154297,22390000,115.45578773193103,99.51336594278774,61.77691451887963,1.6700905771276524,122.57169779025647,117.09827596462635,1.8384830722485712,1800780000,67.79890484287603,23.15043539585003
2021-06-23 00:00:00-04:00,121.2571798519572,122.25231524209634,120.99995886509124,121.29045104980469,19148000,115.68459805812215,99.73005335678792,60.8765371579294,1.644242624183363,122.6484412240554,117.49791395986387,1.7966168797311803,1781632000,73.09527938164601,23.63239827606736
2021-06-24 00:00:00-04:00,121.85951566334282,122.2125798006143,121.46226168040718,121.660888671875,21362000,115.91896239591638,99.94827062360471,61.97064822238303,1.634804150854464,122.30459846365422,118.51987968575985,1.734153441951068,1802994000,72.9048875057924,24.07993523626916
2021-06-25 00:00:00-04:00,121.16431081080576,121.79297802960265,120.73229294694187,121.66932678222656,34594000,116.14446688165404,100.1644005356308,61.99671936153206,1.6094522144469892,122.39360517040795,118.80562171761288,1.6860485591446193,1837588000,63.98592313998261,23.83033154875914
2021-06-28 00:00:00-04:00,121.8381657792052,121.94394257241956,120.57389063199965,121.69664764404297,28526000,116.36219946057126,100.37865175063989,62.08734668245811,1.573427692398596,122.48639483757104,119.03342124315812,1.6634773720928546,1866114000,64.45592538934399,23.456633217386237
2021-06-29 00:00:00-04:00,121.83022815163642,122.17832928237152,120.85743775374725,121.43495178222656,23108000,116.5611309241656,100.58816717383976,60.59670183287326,1.5063965286841778,122.42256480303304,119.40850412600342,1.6390069547022417,1843006000,64.98880471213027,23.25838941085882
2021-06-30 00:00:00-04:00,121.15885387013645,121.41956032796028,120.5232383872112,121.25320434570312,24474000,116.74513380344158,100.79378943425633,59.527777716848874,1.4222139521632329,122.35807482978609,119.69711417574777,1.587057414724608,1818532000,58.149554070022525,22.748453455839797
2021-07-01 00:00:00-04:00,120.89119713899787,121.74729205960752,120.69902586362701,121.60577392578125,18110000,116.93574714157255,101.00087385705758,60.96624327287787,1.3681765843292482,122.4325869564787,119.71370820953692,1.5485723276714576,1836642000,57.71612671527281,22.504948138016346
2021-07-02 00:00:00-04:00,122.3064434757173,124.545001749682,122.21656350765055,124.39950561523438,25982000,117.22844355230438,101.2336960636066,70.0499725004089,1.533109646474628,123.44510724494333,119.19743222445771,1.647904863116407,1862624000,58.231208891807746,23.78175942094049
2021-07-06 00:00:00-04:00,124.78782026461114,125.56198362512214,123.72912036717764,125.32561492919922,26404000,117.54597968473163,101.47341664933388,72.34730342412021,1.718737037628756,124.48792986864362,118.650455141122,1.6611161770326992,1889028000,64.67979359445992,25.36194757986561
2021-07-07 00:00:00-04:00,126.29095680695026,126.41211517987149,125.28886567902163,125.607666015625,24060000,117.86212424672745,101.7135584340731,73.02591804756756,1.8670846582463696,125.39144909631636,118.41625252314978,1.6226971287339254,1913088000,71.65476945988836,27.12675266999457
2021-07-08 00:00:00-04:00,123.17643727760102,124.73518256604955,123.17246685935096,124.18746185302734,23790000,118.11017670187645,101.93717936361493,64.44937758392615,1.8487414687424604,125.68109776331092,118.69223495967084,1.6807329878439334,1889298000,64.928148996158,26.931499618348745
2021-07-09 00:00:00-04:00,124.16860255332142,124.87323817975565,123.69834285244087,124.65872192382812,18632000,118.36698239685495,102.16326436421407,65.88130838294987,1.85089514108968,126.06371024749613,118.80950752594136,1.6446017263775647,1907930000,75.5584636623436,26.814332057941947
2021-07-12 00:00:00-04:00,125.31370552891468,126.19910128355673,124.75058804003152,126.10574340820312,17668000,118.67046322082939,102.40149798654232,69.89148235743681,1.9469215823820747,126.53478385188465,119.24743152083671,1.6371572716169247,1925598000,74.90327834958381,27.289309568837123
2021-07-13 00:00:00-04:00,126.16829714742079,127.18031431277677,125.80679208640693,126.46922302246094,19240000,118.97629693854043,102.64097783764599,70.8192869298775,2.028964357952148,127.15314929702083,119.36121430975001,1.6183261969564189,1944838000,74.72908838749478,28.11149247515954
2021-07-14 00:00:00-04:00,127.08150857342966,128.44064190439045,127.03830375300998,127.35859680175781,23742000,119.30501458023524,102.88692429500034,73.01080946109927,2.141067980944385,127.91699840245356,119.37950530034591,1.6435471030259252,1968580000,75.16535693737657,29.311453218044612
2021-07-15 00:00:00-04:00,127.7677685685234,127.818414131509,125.66328024495255,126.13502502441406,24218000,119.57285812706579,103.11824868036766,65.70030663441463,2.1068919542590834,128.21051255940694,119.73193434000711,1.6800890161352489,1944362000,68.0038578964183,29.338847561327572
2021-07-16 00:00:00-04:00,126.78853463100182,126.93601597931935,125.28937581428032,126.10028076171875,20424000,119.82883548528748,103.3469256165005,65.49974952691366,2.05333407815948,128.43930480277925,120.09506104194729,1.6776998124855191,1923938000,70.79541727546784,29.087924830429586
2021-07-19 00:00:00-04:00,125.22580675306436,125.34051699003123,122.65900702825122,123.72466278076172,27968000,119.98161302628648,103.54968917037375,53.478986938193145,1.7984649735816163,128.35519163632253,120.4532190082087,1.8036693782699482,1895970000,62.03795546410553,27.198123260032023
2021-07-20 00:00:00-04:00,124.66765836432434,126.17278040531404,123.49872621377297,125.3449935913086,26312000,120.1919416758952,103.76655787107957,59.00525939977729,1.7075430335305555,128.34266677417344,120.95218999665988,1.8658397220750287,1922282000,62.49463732791638,25.854356896480375
2021-07-21 00:00:00-04:00,125.26949980768543,126.72198337355782,125.1602526883188,126.67530822753906,20746000,120.44619134458712,103.99450563582047,62.901736056533785,1.7229706807279541,128.38960084477853,121.60397011876314,1.8441176480153132,1943028000,69.63186179171797,24.870343854266082
2021-07-22 00:00:00-04:00,126.96828072290918,127.60290356409935,126.62564273259673,127.54181671142578,14302000,120.72445116289452,104.22880723856282,65.2205694016357,1.7845460590903457,128.382205735796,122.4498468765087,1.782199303978692,1957330000,69.34022417167348,24.365419868189317
2021-07-23 00:00:00-04:00,129.5370519004451,132.48522359900522,128.91137768320658,132.10385131835938,41506000,121.17070214938335,104.50617086124737,74.32103953115963,2.176375158256846,129.9752589819605,122.25653728268794,2.00799984566446,1998836000,70.98542093877649,25.539426352581753
2021-07-26 00:00:00-04:00,132.4152245404215,133.31749453004386,131.3952513476987,133.11688232421875,30572000,121.63917980329846,104.79085455739634,75.83323760020448,2.5393733628204274,131.77922402793723,121.61488913124246,2.0018743697130823,2029408000,71.50456165757834,26.83616870327799
2021-07-27 00:00:00-04:00,133.33089933666326,133.47838066984616,129.21280286257922,130.99649047851562,54710000,122.00613316311089,105.05160715362639,66.94659337322202,2.6256868702962635,132.5234652829528,121.62676461613574,2.1635674723955005,1974698000,58.59977302715129,26.795841930842236
2021-07-28 00:00:00-04:00,135.37828272257383,137.3496864200583,134.3508687484611,135.16177368164062,95130000,122.52204063442579,105.35121080067131,73.51295501532871,2.9956623596471843,134.4147355203983,121.00937540082568,2.462826648763156,2069828000,71.13281310631062,27.748762494173747
2021-07-29 00:00:00-04:00,135.21737333735683,135.72487458929427,134.61453659090066,134.84742736816406,31716000,123.00538913378807,105.64470549288518,72.34489546486444,3.226314534449372,135.71449262503452,121.13094703154103,2.3662203165939033,2038112000,64.76722583808734,28.63361730298158
2021-07-30 00:00:00-04:00,134.11002362301198,134.3776782948477,133.3353677791156,133.8036346435547,25576000,123.42884974201422,105.92489384264309,68.45534809789379,3.28699229411815,136.49068402629248,121.57407732624657,2.3052088360549443,2012536000,59.73316632214602,28.782397593405438
2021-08-02 00:00:00-04:00,134.19146975087898,134.40946389978131,132.877534075771,133.93077087402344,21634000,123.84068978640674,106.2035592857414,68.67625263329086,3.307215169290714,137.21251784140313,121.89558050657863,2.2499746209088998,2034170000,55.22266266770354,28.68473903484561
2021-08-03 00:00:00-04:00,134.20933862806302,134.80224938250032,132.40628376383424,134.70095825195312,20762000,124.26658266740857,106.48711549436044,70.04480914036812,3.3468096894540054,137.97519031213676,122.2304727331106,2.260402549320127,2054932000,55.03672361882161,28.346203639463113
2021-08-04 00:00:00-04:00,134.42238532887288,134.72033341925697,133.5657902518696,134.19992065429688,19676000,124.65612533356106,106.76286479943444,67.9644912944191,3.2997219445899475,138.53451072675884,122.58332883216045,2.1814125934677877,2035256000,59.876864773744195,28.031849343750793
2021-08-05 00:00:00-04:00,134.75111884255372,135.4160427554173,133.9223318061905,135.31820678710938,17870000,125.07424617487668,107.04699755553071,70.09904049574723,3.3144341785009885,139.10411122733643,123.2381525666089,2.132291047450574,2053126000,64.11535709317911,27.981969161508726
2021-08-06 00:00:00-04:00,135.1101493986969,135.5376968094334,134.28384768963306,134.8087158203125,20488000,125.45599008254084,107.32323355816536,67.87990409458456,3.2475463737751227,139.3842263629716,124.1191621054529,2.069545195475558,2032638000,64.88483672074904,27.978835017280577
2021-08-09 00:00:00-04:00,135.01131691269555,136.24431365244018,134.41243537983704,135.97515869140625,17760000,125.86850649857477,107.60832734058566,70.20542767684796,3.251181896840393,139.13817815912174,125.99860976405537,2.0525689866989576,2050398000,64.34739023632247,28.23054640471844
2021-08-10 00:00:00-04:00,136.40122739389997,136.82878994271528,135.4304297601133,135.86990356445312,19414000,126.26071814821707,107.88953705425598,69.71493311221698,3.2085833147916674,138.76417946249384,127.77592979043588,2.005839786406316,2030984000,64.36179403663695,28.670770233399907
2021-08-11 00:00:00-04:00,136.24181905832265,136.73937911872332,135.33804886119853,135.3455047607422,15352000,126.61698428988471,108.16273076277824,67.19603682931317,3.096810922123666,138.13760864974935,129.55852680760742,1.9626605343433499,2015632000,60.924409113521854,29.01107954404002
2021-08-12 00:00:00-04:00,135.0440977894179,136.3595339182404,134.4978772690755,136.25425720214844,16506000,126.99491656095388,108.44224843879188,69.26827643644747,3.046441738896249,137.25549031052364,131.60230387892946,1.9554459711163177,2032138000,54.54087733882635,28.704729996124776
2021-08-13 00:00:00-04:00,136.30986557995257,136.9122174832124,136.09435671368865,136.78408813476562,15948000,127.37880564227983,108.7242567939757,70.44069912721066,3.0145271342528304,137.504576572792,131.97724919218197,1.874189885288277,2048086000,52.92680971199219,28.657994096072553
2021-08-16 00:00:00-04:00,136.58297984358083,137.41475225696215,134.3722294840913,137.3621063232422,22384000,127.77030762976855,109.00921052063507,71.70875456750625,3.001278941840866,137.9301788596049,132.1176767719055,1.9576422344013182,2070470000,57.41163186643967,27.43292819926632
2021-08-17 00:00:00-04:00,136.80644785628982,137.3184197232231,135.14987395556926,135.72540283203125,21716000,128.08227214750434,109.27504327995246,63.41334330376198,2.826133453423296,137.3024907303223,133.37588654832354,1.9758272439207187,2048754000,38.856349994833,26.29536700937482
2021-08-18 00:00:00-04:00,135.56500550987712,136.16537221527594,134.39458063861548,134.52120971679688,19258000,128.33477950316288,109.52624891613996,58.08895051115029,2.560643566371766,137.3008023979745,133.2921663520255,1.9611818391164142,2029496000,40.620701067302505,24.747930958878317
2021-08-19 00:00:00-04:00,133.51464330667287,135.418504459747,133.33041285553048,134.7506103515625,21782000,128.58638071290403,109.7772375871392,58.79866533989943,2.341757311581972,137.30070419653606,133.27935561791708,1.97024682233785,2051278000,41.16862524729861,23.288843439540297
2021-08-20 00:00:00-04:00,135.06841620237648,136.6117723361515,134.32355361302515,136.48812866210938,31194000,128.89625318150033,110.04301759783542,63.798962542979055,2.2821839878833714,137.3946944891426,133.5432978611178,1.992959100965599,2082472000,50.88222243983818,22.014502250000128
2021-08-23 00:00:00-04:00,137.0244315162413,139.9095315780669,136.66491163586002,139.08224487304688,28454000,129.29570383607077,110.33196513291216,69.70959933317961,2.4164399820075744,138.2796220036434,133.34523354648684,2.09499080203645,2110926000,52.34122215867345,22.303190362950737
2021-08-24 00:00:00-04:00,139.64832759063572,141.1067743975744,139.3772025716941,140.29388427734375,19268000,129.7270050298462,110.63009368161298,72.00844064544346,2.5907435198321878,139.43445873252514,132.93612028765713,2.089957853642956,2130194000,52.417614047491405,22.985995369745503
2021-08-25 00:00:00-04:00,140.65488897401852,141.21552113852167,140.407601620042,141.10577392578125,15848000,130.17323126105933,110.93333428105744,73.4618340323699,2.762548103817039,140.53341145702532,132.7579479993549,2.0065063541811674,2146042000,52.20115277488991,23.65712682161825
2021-08-26 00:00:00-04:00,140.77902317776307,141.44194660984968,140.38870986385695,140.47164916992188,20610000,130.5770907868971,111.22724786204117,70.38775120713093,2.8150853545763255,141.2408161922997,132.73766891512219,1.9384156678819937,2125432000,52.0171209228319,24.36148435752263
2021-08-27 00:00:00-04:00,140.68219932895803,143.52260939124648,140.52776217570977,143.01759338378906,28780000,131.06495363383402,111.54356970802873,74.92465503057048,3.0272615384189976,142.5665039169191,132.5064981989663,2.017883135985037,2154212000,54.00460639843291,25.69263364957573
2021-08-30 00:00:00-04:00,143.41088134582995,144.9706345087551,143.17550523578328,143.60008239746094,24434000,131.556527310839,111.86253998354547,75.8368046616138,3.205464093364526,143.82598829905064,132.2636703109754,2.0132515637693937,2178646000,54.970752971157154,27.32180622995899
2021-08-31 00:00:00-04:00,144.15275891770565,144.17708151735482,143.29269360899076,143.70632934570312,22448000,132.03299013573562,112.1793936090396,76.00823778124203,3.3170275144110803,144.86138313975107,132.27313224110833,1.9326184455261557,2201094000,53.505134266526994,28.834609340314874
2021-09-01 00:00:00-04:00,144.00677094284313,145.25217904174795,143.8910681023776,144.22079467773438,21936000,132.5109432550297,112.49821352017089,76.86418977913083,3.4076738392744232,145.7900111842837,132.52787618550795,1.9049921062774893,2223030000,59.61344126436398,30.521695144907632
2021-09-02 00:00:00-04:00,144.2213144723881,144.5227329152527,142.20422043422548,142.30552673339844,32342000,132.89504456790692,112.79480370139704,67.24564184851337,3.2870742425191963,146.1737468062606,132.95097650103108,1.9345292759024706,2190688000,51.738774000145995,30.83811697089383
2021-09-03 00:00:00-04:00,142.10043075100694,143.16756408093735,141.4250807432199,142.75491333007812,19850000,133.28170608799206,113.09291424496601,68.24958724755908,3.190976346876056,146.57375504091047,133.34707829242288,1.9208117088892556,2210538000,51.99225839054509,30.61120989933249
2021-09-07 00:00:00-04:00,142.8492616821158,143.57475715594347,142.63523794111092,143.29220581054688,20124000,133.67427470456286,113.39340470830513,69.4550552177281,3.1221825085961825,147.00939951691916,133.7021137480548,1.8507193878852057,2230662000,58.354263638314585,30.552973507133753
2021-09-08 00:00:00-04:00,143.11293622697437,143.41086913513237,142.02046504950178,142.70672607421875,18344000,134.02848848376505,113.68507954776696,66.4925111173196,2.9859988385718736,147.0790529296974,134.56330343423485,1.8178397234384478,2212318000,58.33192842052054,30.074469550279296
2021-09-09 00:00:00-04:00,142.85523305878948,143.3220149038084,142.1967799984015,142.5577850341797,15314000,134.36297070142837,113.97237014962182,65.72448611354221,2.8333924176827736,146.67043378698435,136.04346595259898,1.7683679507219086,2197004000,59.293535678280705,29.630144447485872
2021-09-10 00:00:00-04:00,143.2246427259932,143.72718852242127,139.77395555302834,139.9110107421875,36840000,134.5805408991052,114.23046607591603,53.826219156527095,2.470400920272482,145.7849573058329,137.61699581916707,1.9244297377698385,2160164000,48.87072956301027,27.686766207486972
2021-09-13 00:00:00-04:00,140.9771566588483,141.97080687143628,140.2824546953372,141.3575439453125,22094000,134.84630572444667,114.50038724874585,58.272298003307284,2.2732461174764182,145.03267528750334,139.0185332085904,1.9340987657326203,2182258000,47.94229754904598,25.882200698916566
2021-09-14 00:00:00-04:00,142.01599943041023,142.38098998687326,140.779032265316,141.56808471679688,19674000,135.10990490061727,114.76971757181104,58.89272811147022,2.109669440447192,144.77555009462822,139.60710371396556,1.91037440543438,2201932000,48.03733049377023,24.4355505852556
2021-09-15 00:00:00-04:00,141.79353785175581,143.4610378207638,140.3792960231764,143.440185546875,27408000,135.43658257301954,115.05499586012014,64.01608405844718,2.106810635026534,144.8419925865222,139.96016805800903,1.9940435048738814,2229340000,49.882052872656985,23.666771659457883
2021-09-16 00:00:00-04:00,142.9644645098526,143.31157304134615,141.42607889210248,142.6262969970703,26190000,135.71853215827645,115.32933716496542,60.486567680553684,2.0156360098831954,144.8440416458191,140.16085540821737,1.9954765870094984,2203150000,56.80916345998145,22.952905514074285
2021-09-17 00:00:00-04:00,142.0507769006327,142.4673980896483,139.50781463441865,139.83555603027344,53384000,135.87998407482536,115.57318013874958,50.25495174049633,1.6986094770505247,144.96458027984286,139.95550435557382,2.0756912852696527,2149766000,45.046292832798805,21.549414434009773
2021-09-20 00:00:00-04:00,137.21514106541576,138.04789860348356,135.3882481500226,137.76931762695312,46518000,135.95407558667353,115.79403722818445,44.28237451132519,1.2660413581612033,145.51127103460726,138.70904349989797,2.2450924706254516,2103248000,36.174047564006905,22.01935272308049
2021-09-21 00:00:00-04:00,138.79222650353563,139.05244043758358,137.33080952468467,138.0806427001953,25332000,136.03747037543909,116.01579449656268,45.336515211097876,0.9375419391400328,145.58457474542075,137.8998144961157,2.2077023593592706,2128580000,42.422504477087266,21.877684944175503
2021-09-22 00:00:00-04:00,138.3497879973125,139.92193727417347,137.60244009203043,139.32257080078125,25056000,136.16629784309956,116.2477027184952,49.445485175277916,0.7685575483395439,145.3170762224282,137.58281187978534,2.2156877038438254,2153636000,42.75146628355107,21.26941654036468
2021-09-23 00:00:00-04:00,140.02176781696548,140.72591094990884,139.4397832505702,140.2487030029297,20952000,136.3263921630929,116.48651864172342,52.32355128463297,0.7012833716918863,144.79230487296996,137.57797100593626,2.1576628785069514,2174588000,49.64731144755536,20.27980566127632
2021-09-24 00:00:00-04:00,139.57583007870915,141.35556254003694,139.28036730337084,141.2408447265625,22984000,136.51911579303288,116.73283034406013,55.26190273841452,0.7197290588623559,144.67190982047333,137.55640845752146,2.1517723326611766,2197572000,55.31806624495445,19.035785128308163
2021-09-27 00:00:00-04:00,139.84001289276725,140.96624781578487,139.10806172640446,140.10568237304688,21882000,136.65976546283736,116.96539603589085,51.361524733438685,0.6354245056942602,144.41405610389447,137.4610313798295,2.1504159517680956,2175690000,49.757316327903666,17.96619370098257
2021-09-28 00:00:00-04:00,137.70521237643976,138.14368592030414,134.43278493690093,134.89956665039062,45772000,136.5907380584277,117.14384549474158,38.085205447657046,0.1468299462117102,144.74579491858893,136.01027401044755,2.4020217720807993,2129918000,46.62860853036317,18.788377561474594
2021-09-29 00:00:00-04:00,136.0417012440677,136.21153513021474,132.94804827238903,133.43319702148438,30848000,136.46691291972405,117.30592859451018,35.31617480826107,-0.35462068983366635,145.14161381886925,134.3779845698026,2.4635549924911504,2099070000,45.08892569642098,19.970306717215994
2021-09-30 00:00:00-04:00,133.3418297784705,134.6140457457326,132.64115703529495,132.7603302001953,37996000,136.3215567346445,117.45970373486526,34.09131726463505,-0.7971298441049726,145.29003767614083,132.92323340133314,2.4285074009159002,2061074000,45.190595694892224,21.15167408174452
2021-10-01 00:00:00-04:00,133.5265607466969,135.97270238352604,133.15462949952996,135.6077117919922,35360000,136.2935628153248,117.64028092946354,43.086830341223774,-0.9075993981730335,145.22266747661072,132.41683040750385,2.4844977425169597,2096434000,46.68088370988167,21.47184848537808
2021-10-04 00:00:00-04:00,135.02919100762176,135.02919100762176,130.152335016585,132.74395751953125,51202000,136.15436260764665,117.7905662686682,37.53769108233457,-1.21225423978251,145.1596249064601,131.3313947875503,2.6967033877234043,2045232000,39.48718585194888,22.615713229276476
2021-10-05 00:00:00-04:00,133.12284448248417,136.28454028271238,133.12284448248417,135.0912628173828,32404000,136.11267241979317,117.96271250298378,43.913798399438534,-1.2498796419011455,144.65247125952072,130.97497218123448,2.756980485970385,2077636000,39.91933427518675,23.020307850263745
2021-10-06 00:00:00-04:00,133.82699091338657,136.80644154596658,133.62836390206846,136.62271118164062,24364000,136.1326739398656,118.14838413162714,47.66723212638223,-1.1429477695814967,143.5137824481966,131.20466441052736,2.7870588543937944,2102000000,39.524987283198115,23.129304800867725
2021-10-07 00:00:00-04:00,137.94062025981415,139.08275211863085,137.7012737211679,138.27134704589844,25110000,136.21654347343554,118.34861261833632,51.43515334199841,-0.9146290796514052,142.57937485393873,131.55841201129564,2.763700431722111,2127110000,47.870292567453205,22.160555920140364
2021-10-08 00:00:00-04:00,138.62091984045634,139.3697529009224,138.26388525704718,138.8280029296875,26526000,136.3189536481905,118.55238764630997,52.67415873042846,-0.68091819419422,142.39907164524027,131.60437480658265,2.6452838040187623,2153636000,56.43796274972488,21.135250696465373
2021-10-11 00:00:00-04:00,138.33788008148647,139.7481514962856,137.90783223964974,137.96246337890625,17954000,136.38340501017936,118.74552272822635,50.51608796586423,-0.559097513693871,142.42012692394027,131.60907229480975,2.587786336348555,2135682000,51.30214619917778,20.011415877128904
2021-10-12 00:00:00-04:00,138.52458748141476,138.55141053862306,134.83006747630324,135.5143585205078,36332000,136.34932475568243,118.91237681571174,44.91138842099536,-0.652572895012355,142.2656708120656,131.42135718272607,2.668754673917931,2099350000,44.05990811637984,20.0722873285742
2021-10-13 00:00:00-04:00,136.46129734353676,137.05470814080826,135.58385011505686,136.6395721435547,19654000,136.36070700618723,119.08876681897387,47.77923243232042,-0.6286112335799316,141.9224077246555,131.4068871158393,2.5881543129452536,2119004000,43.815090492866126,20.12881081920197
2021-10-14 00:00:00-04:00,138.51862826245136,140.36935854476863,137.8740717298719,140.18414306640625,31894000,136.51064567521544,119.29867106024186,55.61748079703781,-0.3199163969187282,141.90645386016178,131.41423298879658,2.6696994621073027,2150898000,44.96458782266273,18.717634576720936
2021-10-15 00:00:00-04:00,140.64447543325574,140.74726684594384,139.79086571869038,140.399658203125,30274000,136.6631559704276,119.50863113131533,56.04943629911621,-0.05722360632717027,141.66813872864194,131.5403899171914,2.5473210096177423,2181172000,51.09303079746207,17.500263955263303
2021-10-18 00:00:00-04:00,140.1101505005765,141.81786982944135,140.10319469147404,141.79998779296875,20396000,136.8646003556253,119.73043567521239,58.851743059717606,0.260949158213009,142.15056752954598,131.28386850561026,2.487846304499854,2201568000,59.095769424729745,16.781199095119298
2021-10-19 00:00:00-04:00,142.40532593908162,142.67845134559514,141.6232292235095,142.255859375,20164000,137.0760222779537,119.9545692443645,59.75144459174172,0.5436218588186534,143.1958447886069,131.21943027649723,2.3855160057559814,2221732000,65.55571239953434,16.432553693329226
2021-10-20 00:00:00-04:00,142.35615012808168,142.56273311314936,140.40808409613712,140.7978973388672,23288000,137.22197816269542,120.1619655438123,55.566869853791935,0.6425892896436096,143.5750675391608,131.82216756826105,2.3690255065600003,2198444000,67.70283758109782,15.562407752141292
2021-10-21 00:00:00-04:00,140.7979053406626,141.18226306865893,139.5376005482952,140.9141082763672,26292000,137.36676757891786,120.36845452622578,55.83238684756762,0.7220753083566933,143.68323004149966,132.80117547607847,2.317285293260267,2224736000,60.10023065226583,14.520241316080844
2021-10-22 00:00:00-04:00,138.19684070584688,139.6200235721843,135.12403988549715,136.6241912841797,50588000,137.33764693990852,120.53020315068304,45.11491952409368,0.43390630018407705,143.6422959684812,132.97764014805526,2.5653412288038218,2174148000,59.936515594372665,15.071795461447278
2021-10-25 00:00:00-04:00,136.6078150016208,137.0547295671816,134.4963706145337,136.50552368164062,34412000,137.30501465527058,120.6891615639264,44.858401591504055,0.19372169813479445,143.12023348560706,134.0012447858773,2.5648424947926842,2139736000,51.441392772179334,15.760839670342879
2021-10-26 00:00:00-04:00,138.3095581124509,139.12343319491293,137.3571275635801,138.354248046875,49236000,137.3461610627845,120.86493356873186,49.66050066595411,0.1508118117258732,142.94973886903435,134.60680409971567,2.5686329961126577,2188972000,54.418251917953604,15.495929364839414
2021-10-27 00:00:00-04:00,138.45009190052772,147.63175995262506,138.45009190052772,145.21592712402344,85782000,137.65477933969584,121.1072320120681,62.65872055836646,0.6628447124404317,144.44044469873074,134.26186039567028,3.0478386325153295,2274754000,60.537151391206564,16.011487386621447
2021-10-28 00:00:00-04:00,146.1266466491927,146.1499842212663,143.63631554919505,144.84994506835938,36206000,137.9369427016042,121.34347791312572,61.74297127672819,1.0272611548568022,145.52415736220917,134.05529413518667,3.0096836353407523,2238548000,61.450289668262776,16.490219835419047
2021-10-29 00:00:00-04:00,144.0842642091845,147.2265932584735,143.65870196665412,147.0319366455078,43320000,138.2936091307769,121.59908446767679,65.02491965526815,1.475127938917268,147.0766177998794,133.5966915262925,3.0495556108035125,2281868000,67.00598522732562,17.175167307763424
2021-11-01 00:00:00-04:00,147.0319042836874,147.0319042836874,142.24441345744162,142.51405334472656,46924000,138.45911674701023,121.80719361073203,54.5837228026938,1.4488091965784804,147.3348638118511,133.94532417643012,3.1736961520365603,2234944000,65.35647218774446,17.288558966648207
2021-11-02 00:00:00-04:00,143.589155856485,145.6047494341665,143.3468239373789,144.43630981445312,33482000,138.69351647514523,122.03235894609244,57.69623115768066,1.5650208496350615,147.57852017445185,134.8912613196888,3.1677675761368023,2268426000,66.34758214252889,17.393851221326933
2021-11-03 00:00:00-04:00,144.90110958293442,145.66435436896379,143.60058532417827,145.59384155273438,27494000,138.9641174585801,122.26680155909386,59.49634300568861,1.7305735842900276,148.01664847868784,135.6470356033434,3.088910538183139,2295920000,66.13946352619607,17.508035673404812
2021-11-04 00:00:00-04:00,146.1167009898018,148.7078381986551,145.30579615633354,147.2518768310547,38412000,139.28912763004968,122.51540927324274,61.9912241188664,1.9728234289792965,148.97187805712647,135.6341705268579,3.111277074193027,2334332000,66.76182353375373,18.392905591044478
2021-11-05 00:00:00-04:00,148.14769705089574,149.29776958351854,147.18187010538642,147.83238220214844,38354000,139.6241572211124,122.76731945163982,62.85393561399563,2.1864461183361357,149.91741573253373,135.6796627179871,3.040178674474391,2372686000,67.9384630432919,19.351420853342397
2021-11-08 00:00:00-05:00,148.79871470403364,149.58331179052777,147.41376612492647,148.01016235351562,23052000,139.95302016748116,123.01849201782765,63.129940804529255,2.343079449783602,150.7603865144649,135.6647152107955,2.977990602412028,2395738000,68.16085487974351,20.309881101748477
2021-11-09 00:00:00-05:00,148.21076684871005,148.80814807366832,146.23637795284716,147.89842224121094,19530000,140.2646045625294,123.26605351258769,62.81402483542246,2.430182370593883,151.46368458780285,135.71375885295237,2.9489748537269658,2376208000,68.51013943920262,20.64311431131538
2021-11-10 00:00:00-05:00,146.48965185190764,147.0557547297235,143.54745049930153,144.89414978027344,29970000,140.44615535538213,123.48125845057461,54.86447842953582,2.231073951318052,151.61384964988417,136.10976078305856,3.04911748859714,2346238000,67.9480619197233,19.82621533625062
2021-11-11 00:00:00-05:00,145.4860600290093,146.52490022179515,144.60314209474012,144.76800537109375,16518000,140.61563966972375,123.69306687764447,54.552293370934635,2.0395891804828636,151.7168952684202,136.52056811048604,2.9685918199155603,2329720000,75.22426939172759,19.067666287976202
2021-11-12 00:00:00-05:00,145.6111891207511,147.83039521534081,144.41494154872743,147.65956115722656,22360000,140.89187188491996,123.93153945754081,60.14985649867509,2.096987736921932,151.4825660061225,138.22628002252333,3.0005105232511196,2352080000,81.08421308827832,18.793483254869532
2021-11-15 00:00:00-05:00,147.8805490402253,148.52510553842666,146.56412805215115,147.43511962890625,23508000,141.1484698356645,124.16540592690762,59.53690011669135,2.100156652249808,150.58274767582085,140.58337781246038,2.926258163467147,2328572000,80.18925706666606,18.76063106441137
2021-11-16 00:00:00-05:00,147.13467743083916,147.74346975637175,146.30340532706882,146.86305236816406,18904000,141.37257111144882,124.39125315517883,57.91684993072101,2.033071016367728,149.3459027699734,142.95472996114637,2.8201014681697036,2309668000,72.53848591497483,18.606844380147784
2021-11-17 00:00:00-05:00,147.0135155370304,147.54186906071254,146.23141896443005,147.0328826904297,19594000,141.59454411454612,124.61654300130074,58.279795501932384,1.970889862779103,149.45389436141664,143.08899911189064,2.7122692273206175,2329262000,66.52541372855526,18.428076463849784
2021-11-18 00:00:00-05:00,147.22608793107534,149.5490709192898,146.87153861578025,148.81214904785156,35608000,141.877587445264,124.8572953002714,61.97945701914749,2.0416479292173335,149.8569506416056,143.21423669563396,2.7097880184769685,2364870000,65.9221523167422,18.949909448704858
2021-11-19 00:00:00-05:00,148.9481825616675,149.9324068330107,147.87906407861217,147.9063720703125,33682000,142.1140103717365,125.0866393477345,59.10595317056526,2.001562804381308,149.97814691044672,143.2096318167668,2.662899071042794,2331188000,76.93770892698481,19.5568098876502
2021-11-22 00:00:00-05:00,148.30959419909644,148.80318386713506,145.14641349880958,145.2998504638672,30594000,142.23894527731025,125.287765826502,51.68061221274937,1.7394195977491052,149.48573032255467,144.0734880205443,2.7338898779915577,2300594000,68.72419894156934,18.7510457028088
2021-11-23 00:00:00-05:00,145.15186234817517,145.65539319292498,143.12782807825988,144.7834014892578,27218000,142.33872787385724,125.48175225100704,50.33141604843868,1.4730160891909634,149.43320386432654,144.17229336874638,2.71915239489681,2273376000,61.60614424418894,17.64708472329345
2021-11-24 00:00:00-05:00,144.47705402388848,145.24773967106333,143.38409763239986,145.11912536621094,18040000,142.4477630696358,125.67714899842201,51.222878608704235,1.2742902753574583,149.46951832316716,144.0726834183693,2.6580445123087144,2291416000,59.379526675431904,16.621978099457767
2021-11-26 00:00:00-05:00,143.359739569914,143.56730760150222,140.87090840018158,141.20907592773438,30470000,142.39918710328675,125.83169553503208,41.81064142998686,0.7921588104485977,150.2179600516015,142.5185349028256,2.771628259003046,2260946000,49.83872552793078,16.593526473875322
2021-11-29 00:00:00-05:00,143.01362696483886,145.29539012622988,142.9078501657201,144.5336456298828,32596000,142.48289135923167,126.01778459070225,50.19119788310279,0.6706008718971361,150.0152065900945,142.28145682136383,2.865534397538221,2293542000,51.06696079541184,15.81931282785583
2021-11-30 00:00:00-05:00,144.01521986367607,144.9999291351749,140.63155943723774,140.925537109375,42068000,142.42181864355103,126.1661204366592,42.959826921779765,0.27989467485025443,150.19377346048262,141.15827325175698,2.9728797761381456,2251474000,48.21500980898118,15.863131397183455
2021-12-01 00:00:00-05:00,143.01361658018308,144.95075636470054,139.9467715705473,140.08531188964844,34020000,142.33019092771173,126.30461985410189,41.46172536362045,-0.09643036514873415,150.2876626661415,140.0226359992231,3.1179587059963665,2217454000,47.81104414749899,16.11517088670524
2021-12-02 00:00:00-05:00,140.2824605205018,142.87905356135158,139.2540463739242,141.98670959472656,29194000,142.31672107151624,126.46066054803846,46.04691158272039,-0.23849454975541562,150.33266225425587,139.58997771970246,3.1541764546700093,2246648000,42.21713126402393,16.56305314153313
2021-12-03 00:00:00-05:00,142.69682410009432,143.41089332697956,139.3399713287488,141.02882385253906,41230000,142.26621529822302,126.60561739683948,44.16989191152001,-0.4234930493254012,150.43188966265353,138.99219277549753,3.2196582792100634,2205418000,34.98714022936166,16.71849683959154
2021-12-06 00:00:00-05:00,142.06069032750446,142.86712473038352,139.189986920454,142.17440795898438,30618000,142.26261501040975,126.76053073576631,46.9548091141244,-0.4722231353766233,149.96617248266378,138.72655619572166,3.2523353885471673,2236036000,35.90481845439214,16.914885894837507
2021-12-07 00:00:00-05:00,144.5991976891351,146.52045607098424,144.2327219717644,146.2607421875,32240000,142.4194043114721,126.95456269050993,55.484720391117705,-0.17904513743968664,149.74446797961912,138.79167703991214,3.330457725936646,2268276000,42.267069211469,15.941138447094326
2021-12-08 00:00:00-05:00,146.5854775642507,147.37653035976174,145.4031415660559,147.1714324951172,24270000,142.60575835788956,127.15572557413786,57.138902418421985,0.1253407844853882,149.80600112320445,138.7712612465872,3.233524230777303,2292546000,47.40541483417685,15.353709332343211
2021-12-09 00:00:00-05:00,146.58002202898808,148.0786882197915,146.10728463519155,146.627197265625,23270000,142.76346184446743,127.34947156111784,55.8043283025995,0.31897662199443744,149.72862964751656,138.79454133230118,3.1433727560503497,2269276000,45.81808488695492,15.064816721704474
2021-12-10 00:00:00-05:00,147.68141834397827,147.9570138625122,145.6990885419643,146.98770141601562,24458000,142.92911829825363,127.54487683330588,56.52863480502217,0.4958087161196545,149.2672503574723,139.0126609381006,3.0801265106573186,2293734000,38.6033748252209,14.60741623664642
2021-12-13 00:00:00-05:00,146.76923217899508,146.95644803822196,144.52074758444502,144.82763671875,27070000,143.0035700010182,127.71684459336005,51.12239832610189,0.4563892844857662,148.6743105898874,139.19510265881053,3.036328462151125,2266664000,38.95329800396913,13.648203949782502
2021-12-14 00:00:00-05:00,142.9818514180104,143.49033777775247,140.24770295550135,142.9212646484375,38446000,143.00034234013268,127.86813235510212,46.86269464093963,0.26822883204698655,148.4814699446041,139.07079852870316,3.146585983658091,2228218000,37.97978501611055,14.12081335527834
2021-12-15 00:00:00-05:00,142.4266677500338,145.7159775606796,140.70752203650918,145.43789672851562,36370000,143.09593270830456,128.04295588120573,52.49057306165472,0.31850991037558174,148.57354470152214,139.06598980368622,3.279576665123257,2264588000,40.525246079691385,13.646959467754586
2021-12-16 00:00:00-05:00,146.16240684047588,146.66543763733537,142.6233092253354,143.45558166503906,33650000,143.1100365889608,128.19631534174138,48.163439416941465,0.1961407796676724,148.41357992871633,139.00414874966907,3.334044647043023,2230938000,47.712208657234186,12.849632898058912
2021-12-17 00:00:00-05:00,141.5239120744954,142.84927424878302,140.33213479314318,140.7542266845703,50416000,143.01765188682785,128.32126968346108,42.96548599880218,-0.11746039844194911,148.4526645560285,138.90441755660171,3.319001948818227,2180522000,38.965198150382285,12.860805639030975
2021-12-20 00:00:00-05:00,139.0410217021847,140.80337222903077,138.36667189829006,140.6370086669922,27192000,142.92429332918724,128.4438143499639,42.749886743446325,-0.37117147217006163,148.3981472936281,138.43938322395,3.2559804046698324,2153330000,40.27403309328588,13.43442475759203
2021-12-21 00:00:00-05:00,141.0804596519441,142.88352978541766,139.54008877939256,142.48974609375,28756000,142.90725226113088,128.58357486482745,47.25506973880619,-0.4179213623048952,148.3524611097901,138.6936306057047,3.262227590480923,2182086000,47.10285872428718,13.158494529303045
2021-12-22 00:00:00-05:00,142.08750519327856,145.49648802406725,142.08750519327856,145.4120635986328,26322000,143.00548015671922,128.75102251392005,53.47418093133525,-0.21666678737938128,148.41896867720482,139.33735659948792,3.2727101076457634,2208408000,53.307912859544544,12.414857852436706
2021-12-23 00:00:00-05:00,145.49650530933746,147.2280624525813,145.44882997744546,145.91015625,26384000,143.11938902312238,128.9217601630353,54.45980189693235,-0.016785677714665326,148.666567843599,139.6128836537968,3.1686593038102435,2234792000,61.252440824061566,12.240308263802628
2021-12-27 00:00:00-05:00,146.24731469886467,147.3278595123335,146.16140515021237,146.8933563232422,15976000,143.26738774077415,129.10058201537566,56.42224558589574,0.21843953573102226,148.92639077514627,140.13499838500996,3.0435910151333334,2250768000,59.965822785723056,12.107736525460343
2021-12-28 00:00:00-05:00,147.22060612425986,147.28317810290264,145.0540608351718,145.68222045898438,18200000,143.36208706305692,129.26557344267525,53.37122521771526,0.3036286279117064,149.00441203188495,140.52468546160463,2.9854143188902973,2232568000,53.94835999534988,11.574751190781901
2021-12-29 00:00:00-05:00,145.63999500667248,146.40721009750993,144.64983033524757,145.65042114257812,17788000,143.4518256544107,129.42860675312204,53.2897457860259,0.3643753657426885,148.91696596527242,140.53075538889425,2.8976975648454446,2214780000,48.59919688032214,10.93013686673312
2021-12-30 00:00:00-05:00,145.6891702663354,146.2910220535515,144.99446827390025,145.1990509033203,15688000,143.52034429162285,129.58552659541257,52.07449556078395,0.371809795205138,148.58932875520347,140.59540838672362,2.783330151617288,2199092000,43.444914174471286,10.331566422973538
2021-12-31 00:00:00-05:00,145.0495788982198,145.69363529996593,143.8597869873047,143.8597869873047,18136000,143.53365576988486,129.72755903712294,48.53762995026548,0.2665614740453748,148.2651418924086,140.55060721240912,2.715510020263285,2180956000,44.21789016608372,9.859793992765772
2022-01-03 00:00:00-05:00,144.06136317550153,144.85191577320137,142.72856062954136,143.99830627441406,28646000,143.55187735829776,129.86955652207112,48.924031500853026,0.19211419719050582,147.81268629430747,140.60447679163002,2.6732132433630507,2209602000,44.069444136221776,9.84575842571669
2022-01-04 00:00:00-05:00,144.40004976188612,145.4815947191956,142.73206493911738,143.41038513183594,28400000,143.54632864353457,130.0042911351036,47.300689365217266,0.08469753076303732,147.72263881963846,140.50555738804383,2.678664424556992,2181202000,52.853305958787566,9.553501979549802
2022-01-05 00:00:00-05:00,143.4307559012557,143.5097096480899,136.74487381713,136.83126831054688,54618000,143.2829929442017,130.0722212562523,33.789295277493736,-0.5252558720480351,148.81952591074793,138.59667078521562,2.9705338107286283,2126584000,41.238778325153135,11.082255026154382
2022-01-06 00:00:00-05:00,136.06009260812084,138.98144174621683,135.62310409438905,136.803955078125,37348000,143.02891302788498,130.1392036823406,33.74619820901998,-0.9993326036511121,149.19177441890335,137.0732300570081,2.9982340850928537,2089236000,32.385743046887896,12.7542823336417
2022-01-07 00:00:00-05:00,137.1992096234285,137.50014307479,134.836507719824,136.0784454345703,29760000,142.7563456712844,130.1983006151986,32.558284532289875,-1.417247249792922,149.63988581569464,135.64150049615432,2.9743341757980786,2059476000,34.263350008994166,14.481039401993838
2022-01-10 00:00:00-05:00,134.15274434444186,137.8686166309049,132.25235351586585,137.71963500976562,44408000,142.5588276061268,130.27313976340324,37.88496908703378,-1.5976011830816503,149.80953364291832,135.06724044562333,3.1630433857438627,2103884000,32.87879045556318,16.608664157613642
2022-01-11 00:00:00-05:00,137.06167849311132,139.25554684251247,135.7561836931482,138.77882385253906,28730000,142.41059216480966,130.35777343593196,41.11729718740782,-1.6362041441199153,149.8629119817598,134.76610413152144,3.1870662260024645,2132614000,32.744605184079035,17.934941708314494
2022-01-12 00:00:00-05:00,140.1831500118632,141.63117081764554,139.73077989848613,140.46173095703125,26108000,142.33416623509285,130.45831032668917,45.93160281656475,-1.5135534284027017,149.78276050379236,134.57585359125972,3.163157707367037,2158722000,32.587930712315995,18.160998084678997
2022-01-13 00:00:00-05:00,140.57047082946312,141.871510304291,137.46092086663876,137.63771057128906,31436000,142.14999150317897,130.52974714504342,40.01869379360468,-1.6254890701831641,149.37149291169177,133.9505407797145,3.2522599738159808,2127286000,25.338404623975748,18.91635310803928
2022-01-14 00:00:00-05:00,136.14003076332514,139.77794951568995,136.06009199236166,138.52508544921875,29662000,142.0078383245923,130.6093027500601,42.52255933504025,-1.6238761033081346,148.67131536052625,133.66604222410916,3.2855169416382886,2156948000,20.467563690273664,19.925392493522224
2022-01-18 00:00:00-05:00,135.24224156457512,136.19218701307207,134.51079038865421,135.0664520263672,34872000,141.73562709721097,130.65365249410297,36.18271836607884,-1.8800090535530671,147.79598598423505,132.9644510274837,3.3375725215615923,2122076000,19.75700872839441,21.18351215436857
2022-01-19 00:00:00-05:00,135.58833902307862,137.01450730821685,134.09067289531706,134.19097900390625,28648000,141.43975854453237,130.6888497728075,34.76959049767353,-2.129096716607364,147.05489280473913,132.17337867963587,3.308019799514321,2093428000,19.33940089844711,21.988624698624164
2022-01-20 00:00:00-05:00,135.31671267129403,136.6832943570819,132.0537105865044,132.3943634033203,29908000,141.08503716644563,130.70582005768821,32.00696599260621,-2.4433074211369785,146.24202060030453,131.2187765188361,3.402417226018834,2063520000,18.80670679137893,23.169268157527224
2022-01-21 00:00:00-05:00,131.68526524961257,133.94169047418686,129.19543397045766,129.4586181640625,55652000,140.62909916635218,130.69341008859743,28.08071286859979,-2.8958304432461546,145.66763815767357,129.6944345962327,3.498405745855289,2007868000,17.497480381538594,24.79008839507927
2022-01-24 00:00:00-05:00,125.11505844265665,130.30427370622866,123.64718576692493,129.9080047607422,76622000,140.20866409162238,130.6855951102108,29.506225225709443,-3.1815218523629767,144.89074600005418,128.61108912364372,3.724025902530177,2084490000,16.128985531472836,27.067736503417912
2022-01-25 00:00:00-05:00,127.85814979874316,128.51263232248894,125.63398820188476,126.06550598144531,46960000,139.65403044024288,130.63962407410372,24.952046325022536,-3.675621612813103,144.3292584484093,126.78153663622614,3.7633109494106947,2037530000,10.242719154914994,29.182695461160943
2022-01-26 00:00:00-05:00,130.2208456457692,132.08895763036261,126.2710828970045,128.34776306152344,49130000,139.2106474057833,130.61681948691387,31.695484173931263,-3.838788990107531,142.9385312642016,126.16391421105882,3.924749570804024,2086660000,19.062541706744483,29.692317110134933
2022-01-27 00:00:00-05:00,130.40458604804593,131.74384451812946,128.04932480717565,128.121337890625,31950000,138.77577252283592,130.59198882426423,31.39408974234597,-3.9409422025881327,142.83830490485525,125.10281651441557,3.9083045808147228,2054710000,25.039654056687425,30.165537212753637
2022-01-28 00:00:00-05:00,128.7708642548901,132.4430469854513,127.6049098676887,132.4375762939453,34362000,138.52721580797746,130.61035287868893,42.59930898101607,-3.631750434294247,142.44210502509182,124.91683255628838,3.974721190596714,2089072000,31.068608384997134,30.326270542771258
2022-01-31 00:00:00-05:00,133.24301799963737,134.54504250233154,131.3038928647385,134.37669372558594,39986000,138.36445023611898,130.64782890701628,46.802987002757675,-3.1934312716049646,142.24514607388517,124.88689127963045,3.9223232225250237,2129058000,38.778793452239846,29.673420000848587
2022-02-01 00:00:00-05:00,136.65199616866573,136.8491380497125,133.44809584204324,136.70115661621094,68644000,138.2992230353383,130.70806102352566,51.397834806627785,-2.628199203902767,142.0613687912219,124.93487144315313,3.885088864321041,2197702000,43.01215064771786,28.279499868252373
2022-02-02 00:00:00-05:00,150.213959281509,150.50842187379808,144.52569849957,146.98622131347656,123200000,138.63988963448097,130.8700327677043,65.56893188012363,-1.3349415772441944,144.68529107805367,123.40526881777969,4.5938157495543335,2320902000,51.99700457801592,28.425382769643665
2022-02-03 00:00:00-05:00,144.70744115071966,148.64974827603828,141.68825627852442,142.10984802246094,71518000,138.77596643400958,130.98187172546307,57.07228250623935,-0.6954909747038869,145.08794566816408,123.22236316972652,4.762935481551443,2249384000,48.83859244791109,27.85373189169014
2022-02-04 00:00:00-05:00,142.46189858449821,143.88259579803744,139.5524615064177,142.31143188476562,57998000,138.9146121379608,131.09460366734666,57.318507810985295,-0.1704903258664956,146.0271584029247,122.9063132767628,4.732021110842036,2307382000,46.85777692527926,26.823977645373443
2022-02-07 00:00:00-05:00,143.26190864808652,143.26190864808652,137.94854930203064,138.24749755859375,54974000,138.8884507819072,131.1657767408914,50.97112478428062,-0.08141061475271272,145.98346825291952,122.91299170801796,4.773545270500167,2252408000,45.53113254224628,25.504708256339846
2022-02-08 00:00:00-05:00,138.0742067910711,139.04103406729655,136.07549495720775,138.44415283203125,54284000,138.87102733289248,131.23819839353956,51.25244198955147,0.004996538157683972,146.3787486178866,122.96807145047278,4.644401973327926,2306692000,44.01508562105312,23.866791287583425
2022-02-09 00:00:00-05:00,139.99791170532907,141.54822358083172,139.22672618566713,140.62210083007812,40144000,138.93969688180172,131.33157055708722,54.37475316759403,0.2463769508159146,147.1708764874092,123.03342649110641,4.534378314433107,2346836000,48.47921464221483,22.842804553225044
2022-02-10 00:00:00-05:00,138.74654529321856,140.51533620817344,137.0120030221674,137.6704559326172,39330000,138.88992272693173,131.3946440434109,49.72627758408661,0.19722609198072405,147.4939488292856,123.41383315313624,4.468358278252937,2307506000,49.302669996862925,21.394296267486464
2022-02-11 00:00:00-05:00,137.6506167768868,138.20329295411477,132.486223876279,133.36268615722656,39958000,138.6731683516492,131.41422655200608,43.836221516109575,-0.1871697606077305,147.38777857091486,124.04054581059559,4.557551906794568,2267548000,51.40146671333446,20.582615681920238
2022-02-14 00:00:00-05:00,132.34371646053006,135.36637180477342,132.34371646053006,134.59767150878906,34302000,138.51334494604683,131.4459026212278,45.817680455315546,-0.3876842636722131,147.306213679142,124.74739960210802,4.44791643804091,2301850000,52.079047365016265,19.855560973712674
2022-02-15 00:00:00-05:00,136.62817626062764,137.16250068888525,134.89116345210377,135.6727752685547,26680000,138.4019500567334,131.48796105552955,47.55239367853789,-0.45460120388477776,146.62504677603272,126.70953574349853,4.313410205330572,2328530000,50.77959407247748,18.760225621906788
2022-02-16 00:00:00-05:00,135.71049482174425,137.14013340541413,133.99979001083722,136.79452514648438,25022000,138.33891378574324,131.54076268827538,49.37367418479207,-0.41236404479897715,146.1430735137424,128.3177439504503,4.229619718848168,2353552000,50.417585061882754,17.93197348534456
2022-02-17 00:00:00-05:00,135.30974142598828,136.17427722960795,131.57103210398424,131.63111877441406,38950000,138.07586300098524,131.54166175380908,42.12275743073226,-0.7864686131470364,145.55453816329614,129.37425008540177,4.300610670537595,2314602000,45.563969631975546,17.661183967739202
2022-02-18 00:00:00-05:00,132.55277323596871,133.15165480974724,129.3046828967441,129.509765625,45620000,137.73993761369172,131.52144388188066,39.552743734031324,-1.2398326303172098,145.9544411131049,128.5839723797336,4.268207902142277,2268982000,39.96735372884148,17.840338711130034
2022-02-22 00:00:00-05:00,128.9486237480946,131.27507671013754,127.34518092700627,128.92430114746094,44990000,137.39422637972189,131.49560166561776,38.84827353214965,-1.6276069310910657,146.45786929802537,127.35355851772984,4.244042750784348,2223992000,31.80170128477988,18.356609691713036
2022-02-23 00:00:00-05:00,130.74672218976002,131.146461476255,126.65394836077941,126.71403503417969,32786000,136.97539534656337,131.4480238881905,36.22511530506182,-2.089188002772886,147.06386367766711,125.4159479271506,4.26179063397658,2191206000,15.26887660172217,18.957934583152554
2022-02-24 00:00:00-05:00,124.09759400552933,132.08897834726324,124.09759400552933,131.78208923339844,54456000,136.771736283302,131.45134792147616,45.339147065864644,-2.0227279603890906,144.58322711566151,125.8693668784791,4.528190184530675,2245662000,24.731476002669936,19.951386435652847
2022-02-25 00:00:00-05:00,132.63718249004066,134.34490176287858,130.84900920998376,133.53846740722656,36406000,136.6449414254167,131.47211527954335,48.10692792491932,-1.807497155932424,143.27868546261365,126.03105778282905,4.454454639413828,2282068000,32.1724174327949,20.178582905015748
2022-02-28 00:00:00-05:00,132.1386256771338,134.82161307191876,131.6842552568574,134.1318817138672,38864000,136.54639006417946,131.49858061719831,49.04570135613199,-1.5709328811881278,141.70041165013006,126.5187249058595,4.3603762948172236,2320932000,40.29261781147608,20.24531950299727
2022-03-01 00:00:00-05:00,133.95459346241825,135.3221600936974,132.30597577184693,133.1431884765625,26496000,136.41293117839058,131.51494487450543,47.503760784268,-1.446558247470449,141.0384466875004,126.50011532421834,4.2643625824624545,2294436000,47.63356015581508,20.149791656325107
2022-03-02 00:00:00-05:00,133.7058202345684,134.3359650140929,132.1599788001748,133.6497039794922,23520000,136.30456932745338,131.53618625863464,48.39880057911926,-1.2922229444953075,140.27666232019584,126.62263984451772,4.115192841852143,2317956000,41.03155133575369,20.094023081115786
2022-03-03 00:00:00-05:00,135.07834743813976,135.5049097951273,132.1142937033128,132.98231506347656,24604000,136.1742848465131,131.55057559997636,47.25555905776402,-1.2098177865246384,138.58925141557063,127.29141264692934,4.063437359706598,2293352000,47.4281919881557,19.64373687107141
2022-03-04 00:00:00-05:00,132.01696245071622,132.93462912207434,129.44469223141712,131.00294494628906,30430000,135.97148720336708,131.54512653874565,43.940430314278466,-1.2893667144255403,137.60997564218042,127.38168695547584,4.0258791791603725,2262922000,48.46242100962142,19.860473670394786
2022-03-07 00:00:00-05:00,130.5873302458659,130.8326323863865,125.42989327908792,125.51282501220703,45112000,135.56134358802746,131.48510363798408,36.32792524846152,-1.7749560206059982,138.1257110381285,125.81930340685848,4.136391499734713,2217810000,47.61118005075278,20.851977723274064
2022-03-08 00:00:00-05:00,125.38521713682621,130.3509683105619,124.8136586917926,126.2338638305664,40428000,135.195560068127,131.43285249562172,37.85078679892901,-2.0776572975380247,138.0151054557296,124.814734632161,4.2364570796657555,2258238000,41.071464110432956,21.882009647939448
2022-03-09 00:00:00-05:00,130.35096930824116,132.81944835755982,129.01071051027446,132.506103515625,37026000,135.09009118371517,131.44353161024864,49.22689740207211,-1.7907898068956172,137.43816517859645,124.96945200890359,4.404251897332017,2295264000,42.34184117084646,21.962697582920157
2022-03-10 00:00:00-05:00,130.3668413584077,132.3590970925639,130.01576245076538,131.52236938476562,27102000,134.95018052493285,131.4443160657165,47.75059035400888,-1.6241027314250118,136.33550179985437,125.36916128608313,4.267543980726846,2268162000,43.38069433298635,22.037622093973674
2022-03-11 00:00:00-05:00,132.57412490739122,132.87902880681497,128.74354993397455,128.9809112548828,31526000,134.7160915339505,131.41980457506145,44.073207946798036,-1.6777365518141778,136.21753518810814,125.13376689522518,4.258110758734959,2236636000,44.629828590957445,22.389807899213086
2022-03-14 00:00:00-04:00,129.35779732793398,129.5157047953753,124.41687721797516,125.08824157714844,38812000,134.33852879054652,131.35680394821657,39.10559019944654,-2.0111642024589855,136.57180796541056,124.18995757820922,4.3181619600681875,2197824000,45.26784798380647,23.54317965765535
2022-03-15 00:00:00-04:00,126.1062389125735,128.96503124625056,124.85933803680028,128.31301879882812,30920000,134.10223428106738,131.3265175288197,44.669440284611646,-1.992230256334949,136.5767504397062,124.1035107907626,4.302985620738337,2228744000,51.68084454813849,24.614167719066028
2022-03-16 00:00:00-04:00,129.83750304335058,132.41968439619922,127.85268781908668,132.3675537109375,35576000,134.0342075920427,131.336876097796,50.761058947682805,-1.6312538069089726,136.71011470974196,124.72394901096119,4.321843546193636,2264320000,49.78727127615339,24.342789365553212
2022-03-17 00:00:00-04:00,132.23693475136628,133.16205727305697,131.2795336415189,132.92221069335938,28264000,133.9905998705257,131.3526505713837,51.546940285500284,-1.2856015723574217,136.8666048781878,124.71947503717678,4.147606409432525,2292584000,48.86770569992386,23.842667744524743
2022-03-18 00:00:00-04:00,132.5105667989843,135.3107575128398,131.35255331585438,135.1930694580078,44566000,134.03775554062304,131.3908636946337,54.73249557516619,-0.8189895603880188,137.22729256567226,124.57940095646313,4.134077679972019,2337150000,49.52576507608226,22.688876612721028
2022-03-21 00:00:00-04:00,135.23079176119532,136.1112244178566,133.173978749984,135.16921997070312,26832000,134.08212669474383,131.42845927947022,54.69182690446038,-0.4459796575714847,137.45681371653754,124.48819157317601,4.048589679107773,2310318000,49.590532425875665,21.371777931570538
2022-03-22 00:00:00-04:00,135.16923238113208,140.0838376848272,135.16923238113208,138.90992736816406,35496000,134.27145221134856,131.50290174801444,59.74427389552289,0.14975096645625285,138.90674048483606,123.80716332375768,4.11044882446608,2345814000,56.04078231488555,20.62761997487646
2022-03-23 00:00:00-04:00,137.7524157003206,138.63234835797854,136.89086517154823,137.32833862304688,25154000,134.39133010984654,131.56086629403467,56.85734364607552,0.4886182965945238,139.6561124147787,123.54827601295567,3.9610640653339195,2320660000,50.63404532917789,19.936616157946244
2022-03-24 00:00:00-04:00,138.24650294781864,140.6489395534487,136.80693829894508,140.60226440429688,26396000,134.63489616060932,131.6508304543358,61.0527737030516,1.0097122124824125,141.32570840633787,122.8946732668392,3.9525595788460417,2347056000,56.79372411686154,19.797873079281636
2022-03-25 00:00:00-04:00,140.94390742955568,141.06209557943052,138.78033233561635,140.70257568359375,24126000,134.87284437719694,131.74089757104483,61.17734570698607,1.4144720239910953,142.8866898784189,122.62697589306549,3.833216983486622,2371182000,64.67357171423417,19.769474586050354
2022-03-28 00:00:00-04:00,139.9353507908975,141.02980723169944,138.85380578704,140.48655700683594,35050000,135.09298997051613,131.82791905796813,60.72689094802366,1.6982399360130387,143.7834146810771,123.72674868969115,3.714844444998967,2336132000,64.92103034304789,19.74310455662131
2022-03-29 00:00:00-04:00,141.67038342042937,142.80852953836705,141.06554628979546,141.5293426513672,34318000,135.3453959580005,131.9244506360119,62.17476443741689,1.9843972411664765,144.64597233130374,124.90358821557126,3.6153535940369776,2370450000,64.920697346703,20.172622968452732
2022-03-30 00:00:00-04:00,141.48417499062563,141.74288866121253,140.63006526780768,140.96624755859375,19884000,135.56582151096492,132.0144187645948,60.86977083805734,2.1410610797843788,145.58661752047044,125.09096223213373,3.4366014368489686,2350566000,65.74964056280444,20.388497583627103
2022-03-31 00:00:00-04:00,141.07995269395536,141.13458383266473,138.07220921119722,138.1149139404297,37524000,135.66578591996355,132.0751202091305,54.61828479302068,2.011947034178064,145.89839494601748,125.65819074734188,3.4098709500360074,2313042000,64.52875891789466,19.58459873629061
2022-04-01 00:00:00-04:00,138.54443389331385,139.5087756948705,137.3600975929248,139.1904754638672,25942000,135.80400903933233,132.14591976390398,56.43582087306369,1.9736609144567012,146.0164940227322,126.90136689849177,3.319785746600986,2338984000,65.9629262053682,18.580193750194503
2022-04-04 00:00:00-04:00,139.39707934303763,142.72760894504665,139.34940401086646,141.99217224121094,25942000,136.04668210607267,132.24389242536972,60.83590323704887,2.144669983358199,145.32883024282702,129.84288810027195,3.335310584785163,2364926000,65.80490187097382,18.583676484745272
2022-04-05 00:00:00-04:00,141.89037137348774,142.0110296598707,139.42090753807759,139.6279754638672,21418000,136.18712498284893,132.31736588843935,55.72143229013022,2.0656138701070574,144.3285217793403,132.35185745243052,3.2820828374285886,2343508000,59.52214388089521,18.586910452542416
2022-04-06 00:00:00-04:00,137.7995679034419,138.40589012417766,134.58871213025895,135.61265563964844,32468000,136.16459677331167,132.3501548411877,48.2952385331946,1.6598251473076004,143.86163355229613,133.25142593663614,3.4075957300128485,2311040000,52.30974829445434,17.577053146626895
2022-04-07 00:00:00-04:00,135.07834566419274,136.22494793186857,133.30805431972186,134.9576873779297,26234000,136.11726699310063,132.37610043856822,47.19044064951984,1.2707359430705196,143.49418274304008,133.89027363716826,3.3725455787366956,2284806000,43.78072145104883,16.998347796230707
2022-04-08 00:00:00-04:00,134.65475908711477,134.74066862943772,132.0546959534093,132.37449645996094,25142000,135.97049167807555,132.37608447858207,43.01134356662835,0.7453461406756503,144.00851268635583,133.0001339607796,3.339005996292674,2259664000,37.39712736236956,16.8006369587221
2022-04-11 00:00:00-04:00,130.92054420967955,131.18769883987585,127.78715636764832,127.94109344482422,36884000,135.65561331598727,132.3319552145646,36.961508848969714,-0.02843979848424283,145.51620088962835,130.52869555405653,3.428172717436955,2222780000,28.529705022800968,17.60650066332908
2022-04-12 00:00:00-04:00,130.6985743297183,130.6985743297183,125.92052403940545,126.83968353271484,32710000,135.30989057938837,132.27730574509349,35.62101970826352,-0.7222200025130121,146.52926531034598,127.90626528861235,3.5245925440709476,2190070000,28.159102117776,18.71797863231607
2022-04-13 00:00:00-04:00,127.12320332377392,129.44121512067846,126.86597479989753,129.0042266845703,27928000,135.06260964233667,132.24473779424252,40.2102739983179,-1.0848794550654475,146.83429732398483,126.49135168317665,3.4586596186347096,2217998000,28.04038287383912,19.750065317803983
2022-04-14 00:00:00-04:00,129.58575166232626,129.58575166232626,125.73380907373294,125.86193084716797,31598000,134.7017987091928,132.18122727735621,36.1783503915071,-1.6073185293643633,146.9303288109316,124.42994238861267,3.486751259346039,2186400000,21.67496001394524,20.934591585081794
2022-04-18 00:00:00-04:00,126.13006878953061,127.33425728221141,125.31767118048631,126.80193328857422,20808000,134.39200006524695,132.127701964035,38.1754637857128,-1.923333922399621,146.47624023931613,123.03061197422554,3.3817394623731145,2207208000,22.596047617116724,22.11821949253301
2022-04-19 00:00:00-04:00,126.81683876085387,129.44023984617706,126.1295774770653,129.11846923828125,26490000,134.1851949347777,132.0977593498484,42.91616502890657,-1.964211104175405,145.60715445053205,122.38395272720233,3.3766625271401614,2233698000,20.415714902935775,22.321791159142087
2022-04-20 00:00:00-04:00,129.99541803110722,130.4989489552914,126.62665415280647,127.16294860839844,31696000,133.90981272590008,132.0486567554061,40.11947097711497,-2.129849161749064,144.37242223713338,121.70316573487183,3.4120648325219314,2202002000,19.936412935327894,22.09093486991274
2022-04-21 00:00:00-04:00,128.36465210884853,129.2073354940893,123.67350445849084,123.95953369140625,36446000,133.51960570493955,131.96816796869965,35.982770076527686,-2.4908938536622998,143.24184691837053,120.56617920467636,3.563619561313113,2165556000,20.17880872884247,22.592099179081618
2022-04-22 00:00:00-04:00,124.1437652925247,124.54301206602497,118.11038133016164,118.81600952148438,56884000,132.9429940899021,131.83730072046865,30.538082526040498,-3.155686992178829,143.1600399636694,118.07479890351807,3.7685489309238425,2108672000,19.006312106078198,24.074014155730993
2022-04-25 00:00:00-04:00,118.2851793587275,122.43306957367948,117.69922438047917,122.23096466064453,46128000,132.52291450444102,131.74171528703758,37.319489305903424,-3.368155998523136,141.78963404876615,117.183936711325,3.8374986639435904,2154800000,21.668628100939443,25.51372832815698
2022-04-26 00:00:00-04:00,121.4568014084917,121.6708251413164,117.69921720652222,117.83726501464844,73054000,131.9470066813119,131.60336254800882,32.87277307351708,-3.846731334245277,139.51581264030114,116.237103822915,3.8870878632420705,2081746000,19.73030543234644,26.850606951184538
2022-04-27 00:00:00-04:00,113.68539340141608,116.43890115247335,111.9642701529319,113.5115966796875,91820000,131.22404942634626,131.42334497717977,29.185702800321636,-4.522913685713974,138.03281383201872,114.23791879330679,4.028938363133103,1989926000,18.019248609892088,28.899912050817843
2022-04-28 00:00:00-04:00,115.6175702979795,118.82991140062502,113.33332202730232,117.71063232421875,48884000,130.69411150077264,131.28690007516025,36.617524745479116,-4.666177200996501,136.37986235577273,113.5039338274955,4.133770578146646,2038810000,25.4120574838974,29.87558347704412
2022-04-29 00:00:00-04:00,115.9348925830269,117.11227327148157,113.03489573072191,113.32787322998047,42676000,130.01308254897685,131.1082032906311,32.75369987443213,-5.074866695404992,134.9772035872443,112.02261737629738,4.172482436385946,1996134000,24.878509193514873,30.82708066553945
2022-05-02 00:00:00-04:00,112.62819126516962,115.94580921166728,111.82870509334481,115.784423828125,35534000,129.45509593247286,130.95572787309374,36.78034511165626,-5.141267628261588,133.42601297795724,111.36179830133963,4.168526842238554,2031668000,30.711659402271906,31.897513019098277
2022-05-03 00:00:00-04:00,115.63296649848806,117.63069314671395,115.2396829127405,116.53028106689453,24968000,128.94824044754822,130.81219108895246,37.99435131976104,-5.075202623523609,132.6038496887549,110.66251994015134,4.041561370219618,2056636000,35.330553647272964,32.216537197911556
2022-05-04 00:00:00-04:00,116.22985941768594,122.01297109395705,114.32747578407296,121.42353820800781,49916000,128.65315408521332,130.7187716573013,45.40188220568037,-4.575259926235276,131.88422430222946,110.65999261671585,4.301842365909938,2106552000,37.403928915906,31.016372510594984
2022-05-05 00:00:00-04:00,119.38061812261219,120.20989755476226,114.21772570249654,115.70745086669922,45840000,128.14547944919315,130.5694052812754,39.469972395933645,-4.587411390900243,130.47468142907877,110.29663204748374,4.50926880445289,2060712000,36.73912732446368,29.92686488913959
2022-05-06 00:00:00-04:00,114.39551215463523,116.76616273959169,113.23452083053861,114.95365905761719,39710000,127.62815315932743,130.41402472183603,38.75095348019301,-4.60478511703576,129.6356245927834,109.68125264517234,4.439438311924332,2021002000,35.816967436028236,29.14554290844028
2022-05-09 00:00:00-04:00,112.47424700492478,114.28873566343553,111.23330949084597,111.74031066894531,40802000,127.00510051264578,130.2282166218073,35.76030232104674,-4.822256311058354,128.58522010676356,108.72344078190832,4.388074830127681,1980200000,30.931071478667334,28.868047803333848
2022-05-10 00:00:00-04:00,114.71628695611551,115.45370122184362,112.12714235556041,113.61140441894531,39900000,126.4798575285791,130.06287520685345,38.72570780288762,-4.788424197417271,126.101662322956,109.13938992313774,4.339883096039868,2020100000,36.507550244098454,28.196199247622776
2022-05-11 00:00:00-04:00,112.4608505325777,115.56742256499777,112.4608505325777,112.8243408203125,37534000,125.9443470694314,129.89134750151476,37.932492757032165,-4.770134319128829,123.7446463477516,109.58459152659736,4.251789448638454,1982566000,36.65355299780189,27.531015670857837
2022-05-12 00:00:00-04:00,110.61459079443388,113.5121023113223,109.07222711218267,112.071044921875,53836000,125.40029600482136,129.71403105793624,37.14821483964573,-4.761536117847953,122.12106756449417,109.62303847391728,4.265224145102823,1928730000,37.05449500079595,27.692661858373224
2022-05-13 00:00:00-04:00,113.74846982950024,117.06758067088552,112.82683262018276,115.25557708740234,35038000,125.00246389041278,129.57016584429908,42.555414701512206,-4.446500361556218,121.68572352247875,109.58365819138842,4.317460688239087,1963768000,35.778922423292386,26.619628298802702
2022-05-16 00:00:00-04:00,114.16806533985789,115.37424657396184,113.10937301955866,113.66106414794922,25990000,124.55770311619852,129.41186632493245,40.668799833699374,-4.276202720183662,120.03781615282671,110.08891215934779,4.170847321536522,1937778000,38.697893215748344,25.62323999348722
2022-05-17 00:00:00-04:00,116.04015386240661,116.0992479298773,114.08315444400371,115.6751708984375,23054000,124.20936851942358,129.27518278835043,44.04337465009462,-3.9333775028849374,119.68472656802336,110.15372252865632,4.0470856401359185,1960832000,47.78699083040491,24.454524356882807
2022-05-18 00:00:00-04:00,114.2122672760028,114.60952885152011,110.79135782529033,111.13300323486328,35126000,123.69656988081337,129.09466358881326,38.69787392735767,-3.9822955935156585,119.85023344989588,109.67106985414057,4.106851885351007,1925706000,39.78361309064728,24.20457952453936
2022-05-19 00:00:00-04:00,110.66821695459474,112.2359033534811,109.24651920632846,109.62789154052734,34144000,123.14485700472373,128.90096436445222,37.091408503084665,-4.095305337079168,119.64832653845652,108.79527799442108,4.027032761193982,1891562000,40.52956684539967,24.317749481291543
2022-05-20 00:00:00-04:00,111.18414230539884,111.41505546027001,105.07180479603741,108.1619873046875,48962000,122.55729348707526,128.69460638375804,35.54377070179312,-4.254113817806129,120.08643615477419,107.66838358806436,4.192476897125312,1842600000,33.021170377965575,25.22366594783869
2022-05-23 00:00:00-04:00,108.836847701739,111.37930975737493,107.99614188533646,110.72432708740234,37184000,122.09325558904887,128.51579763454058,40.237725714033175,-4.125653313568748,119.84706693515955,107.2330732422493,4.134669109619109,1879784000,34.299423564725345,26.06487409534675
2022-05-24 00:00:00-04:00,105.0474835711035,105.72928171250157,101.18660771550725,105.24412536621094,76780000,121.4325053842317,128.28423870649752,34.457984342491415,-4.415158716058201,120.10080405791658,105.47451535940112,4.520601271210251,1803004000,23.915329929733446,27.846215868898007
2022-05-25 00:00:00-04:00,104.26636328189969,105.7704926632561,103.1450989268673,105.08025360107422,40258000,120.79124060842162,128.05335328256297,34.29932966442658,-4.604736380571595,118.38294894093757,105.01326586212234,4.38522930443729,1762746000,31.044565637646954,29.484716320307523
2022-05-26 00:00:00-04:00,104.95312769995195,107.90526250642102,104.5042203882763,107.05413818359375,37948000,120.25253070940876,127.84440586864288,38.00222489052229,-4.543329383159474,117.81601938496219,104.42642039368364,4.3149302197021076,1800694000,37.78276542869206,30.201937038141132
2022-05-27 00:00:00-04:00,108.7330625115349,111.54864235370516,108.39091700191756,111.54714965820312,37914000,119.91114321720462,127.68224411530518,45.52791114991037,-4.085025784555398,117.27735735101518,104.51088117437544,4.327756930445629,1838608000,44.78288790173176,29.665198685643066
2022-05-31 00:00:00-04:00,111.9742030382361,114.94223478737628,111.31077945637375,112.98274993896484,50012000,119.63944152001875,127.53598049166001,47.71191515265909,-3.5648821930577554,117.43377769064054,104.52011940408602,4.278021101913979,1888620000,45.76056062989412,28.22050262242138
2022-06-01 00:00:00-04:00,114.06826317353504,116.29937309388902,112.47425385777059,113.11185455322266,36606000,119.3834577173993,127.39245685048154,47.914166735901496,-3.1064379035041867,117.35074001836495,104.5365504275986,4.245670968642869,1925226000,52.447861380367264,26.53161662121152
2022-06-02 00:00:00-04:00,113.21911892677547,117.0919059988239,112.17283789402013,116.81680297851562,37992000,119.28280459038426,127.2872264636958,53.47569529685821,-2.4163054614829633,118.21142927005782,104.20818946366613,4.293770764082933,1963218000,60.97279498560065,24.760282368740825
2022-06-03 00:00:00-04:00,115.26749397177188,115.52472253823346,112.7409211603864,113.75641632080078,26136000,119.06608348177315,127.15259153690084,48.83693655577683,-2.0922005697856463,118.42876852182056,104.21556639842683,4.278207267943382,1937082000,55.35487729810969,23.115471991446608
2022-06-06 00:00:00-04:00,115.90509148996708,118.5294926139671,115.36829697900254,116.02030181884766,33542000,118.94664106361921,127.04182248497993,52.144014641467145,-1.633834639753701,118.60181312868848,104.14448508908497,4.313555055459306,1970624000,60.88164501117822,22.11651875521395
2022-06-07 00:00:00-04:00,114.68947198764029,116.88483293983977,114.26390982732367,116.34703826904297,31590000,118.84469585598877,126.93540672163728,52.62001864640916,-1.2300323892600602,119.12365147471645,103.9807766258695,4.192652773820504,2002214000,55.63637817812115,20.87281982065368
2022-06-08 00:00:00-04:00,115.9616951970942,117.75830946134262,115.80130242266203,116.3912353515625,26108000,118.7484817185603,126.83048959357684,52.68857080123655,-0.8961199483673568,119.28297475361104,103.91692860739157,4.032963792739081,2028322000,61.40753020355028,19.945213794011384
2022-06-09 00:00:00-04:00,115.53067360236983,117.48867330795103,113.98980271889602,114.04889678955078,25798000,118.56418427036385,126.7033095656761,48.66951536714823,-0.8111486626048645,119.56729984477055,104.02138932352374,3.994814278190219,2002524000,62.21531374323946,18.549114906191882
2022-06-10 00:00:00-04:00,111.67477148150725,112.50305836640055,109.6100098970209,110.40006256103516,41452000,118.2440226347039,126.54108820244585,43.148010017578606,-1.0264069536684985,119.5707844300564,104.12086087430556,4.026533750643052,1961072000,62.94660710538473,18.293069667331885
2022-06-13 00:00:00-04:00,106.05503282631635,108.04629624886985,105.3921093112375,105.66373443603516,47252000,117.75067799946198,126.3333533390985,37.24186355803464,-1.5611864115825256,119.8117237783506,103.5468211435244,4.096635143439809,1913820000,55.253583800561046,18.88727767672155
2022-06-14 00:00:00-04:00,105.80525248931403,107.18523046976311,105.07528653929919,105.98451232910156,33706000,117.28925973787923,126.13087730914827,37.86222736866151,-1.9367927485459688,119.97387543629016,102.75269418447807,3.9547286282272465,1947526000,59.57613561923718,19.49648679358008
2022-06-15 00:00:00-04:00,107.8014823825955,110.66026699950997,106.93198347818276,109.01263427734375,39698000,116.96468619040726,125.96054653271241,43.536353099986144,-1.9674399198279673,119.7001963520618,103.52884112352413,4.006230488383044,1987224000,59.65354115559036,19.019115650578886
2022-06-16 00:00:00-04:00,106.486540346712,107.90425989711072,104.41780864628439,105.30717468261719,51684000,116.50752887637628,125.75504034514928,38.86007518087566,-2.264622486994881,119.66707126605955,103.59222235373211,4.04827299857421,1935540000,51.20813635136004,19.08636120155104
2022-06-17 00:00:00-04:00,105.30718677609678,107.95492543163547,104.32644797510493,106.40958404541016,51376000,116.1115310398678,125.56254824266432,40.89413780030742,-2.383708680341641,119.72771330646287,103.44563976157099,4.018287602713948,1986916000,52.25305236378196,19.16708546859802
2022-06-21 00:00:00-04:00,108.18335221859772,111.71897210659334,107.85611092279677,110.77994537353516,47416000,115.90244924903122,125.4154576668521,48.2451865193684,-2.101212245189217,119.68655097568424,103.38450818772722,4.110509064033179,2034332000,51.900652816505165,18.175098402281268
2022-06-22 00:00:00-04:00,109.7992086229141,112.57009089350043,109.62639691916156,110.72383117675781,30774000,115.69936618737344,125.26927232864222,48.16236053652133,-1.860414036819094,119.50685658013366,103.26301341498352,4.027165129055015,2003558000,51.273591415951955,17.033118669990948
2022-06-23 00:00:00-04:00,111.46272602416786,111.9702273097303,109.74358796129896,111.47315216064453,28362000,115.53363230397231,125.13199750109996,49.41131281581285,-1.5907782789903564,119.34567447961662,103.20570186315682,3.898556144724753,2031920000,50.216038982402964,15.972708918578506
2022-06-24 00:00:00-04:00,112.22099465157132,117.27016923313741,112.1787824397462,117.16687774658203,41164000,115.59768114485897,125.05274257816944,57.74267397141395,-0.9071963333347526,119.4347344069125,103.16331857160313,4.034160496708191,2073084000,56.81236363854653,15.952772255683891
2022-06-27 00:00:00-04:00,117.46285844800849,117.76725468629267,114.39054242656216,115.04006958007812,36420000,115.57581402467149,124.95311399112376,54.15496426246677,-0.5309479238574966,119.64790900767835,103.1212977387409,3.9871999083526424,2036664000,57.03435947263715,16.038842955216495
2022-06-28 00:00:00-04:00,115.00927577339843,116.50595690725594,111.08186494127733,111.24027252197266,35792000,115.40579278927153,124.81666780735111,48.37222947069022,-0.5332334319067087,118.94952464651509,103.18234486032084,4.089835055325925,2000872000,56.665468926487094,15.192309343811264
2022-06-29 00:00:00-04:00,110.78788927074342,112.3853689488812,110.11303936843558,110.93636322021484,24716000,115.23052104146538,124.67855532389703,47.93138715670221,-0.5531908149127673,118.067129572384,103.34331659460818,3.960013235691617,1976156000,51.78742283084842,14.15520295716294
2022-06-30 00:00:00-04:00,109.24652068989226,110.12843854185274,106.0187825786,108.21662139892578,43170000,114.95546615352265,124.51475498633513,44.061364715136385,-0.7794822338959904,116.9455014643674,103.37499617560655,4.028410907543276,1932986000,50.339298882814845,14.053093044265381
2022-07-01 00:00:00-04:00,107.19367448668028,108.50165457610703,105.99941202989662,107.99266815185547,35476000,114.6824152514965,124.35035611236022,43.748131819591556,-0.9657583085477484,116.28398734949158,103.22901313878967,3.919398881733786,1897510000,50.99571897825172,13.962501038668776
2022-07-05 00:00:00-04:00,106.36688099642751,112.60038490089782,105.00725515042267,112.48716735839844,39342000,114.596327098826,124.23231443321633,51.239874665861116,-0.7421597601484251,116.5596193488173,103.2316617791124,4.181808229501027,1936852000,58.91068054281863,13.129567412193822
2022-07-06 00:00:00-04:00,112.5259035341935,114.7977330534994,110.71240730639667,113.78720092773438,37432000,114.56459666074397,124.12838295554984,53.18216942859718,-0.4548116695734592,116.95626692793469,103.9181430655549,4.1749166236154345,1974284000,65.3374705188277,12.856414375238012
2022-07-07 00:00:00-04:00,114.29171495203762,118.37306236499573,114.04690533231896,117.96934509277344,40936000,114.69811620709807,124.06709899671625,58.85955542830194,0.10911997774135784,118.29214257027031,104.18024512504219,4.204269824590143,2015220000,65.6015001086007,13.325743236544048
2022-07-08 00:00:00-04:00,116.44685795142414,118.8651762014679,116.10074202416587,118.53594970703125,38238000,114.84861948160525,124.01206268537611,59.57480086479808,0.5949024629260578,119.6855131336342,104.0566499523033,4.101424421212421,2053458000,74.26364821191817,13.855205046649903
2022-07-11 00:00:00-04:00,117.18974092087866,117.18974092087866,114.54050937124147,114.88414001464844,31196000,114.85001244368539,123.92123758417483,53.15999180655925,0.6774093067647158,119.6064771818171,105.41261461505789,4.093854129396518,2022262000,67.1634561199342,13.892888460382597
2022-07-12 00:00:00-04:00,115.41894329267954,116.172746938359,112.91124517680676,113.2394790649414,29960000,114.78685427196994,123.8149514297546,50.521531477517414,0.6031336322256209,119.27016234868819,106.65958211745763,4.034400388836212,1992302000,59.960361408740084,13.471271728962899
2022-07-13 00:00:00-04:00,110.93585975066051,113.41377206743013,110.43978477358259,110.59074401855469,43722000,114.62230092869876,123.68336727640933,46.51723371887517,0.32677201876126105,119.27571262997907,106.62880498883604,3.9586565963370215,1948580000,52.45228660734324,12.58362039962306
2022-07-14 00:00:00-04:00,109.4555813251154,110.33203606233151,107.63066634050548,109.61150360107422,37004000,114.42579907271349,123.54334873237615,45.094229067988444,0.028409444780663762,119.32915061492417,106.42705666046646,3.8873295307450344,1911576000,46.21903954032141,12.415954616724209
2022-07-15 00:00:00-04:00,111.23331281907532,112.36550334245979,110.14034911864573,111.01183319091797,46770000,114.29191805774111,123.41865703544622,47.564493935921014,-0.0939669572369013,119.32921946281915,106.36547861660792,3.806377402933644,1958346000,46.62696585680561,11.728571786055792
2022-07-18 00:00:00-04:00,111.86843780236956,112.90131491852276,107.62768978683735,108.28316497802734,43164600,114.05628068206607,123.26805512442714,43.46120205242301,-0.4064465945212845,118.67313874502767,105.83706429859211,3.9111808121301985,1915181400,39.07361101089088,11.662751381829136
2022-07-19 00:00:00-04:00,110.09068737178768,113.23897137891802,108.80952283001463,113.03041076660156,36530900,114.01605048930277,123.16618801638907,51.32809975103696,-0.2679372833960514,118.38302633248877,105.85922220266748,3.9857969256130903,1951712300,45.96120423986168,11.508308931928095
2022-07-20 00:00:00-04:00,112.39480901437034,114.60953734749081,111.70954051236691,113.11981201171875,35600400,113.9809038823387,123.0662240760441,51.46506107705705,-0.14923345275130373,118.50803013860747,105.98482366184825,3.908239776292434,1987312700,51.66417279068306,10.981523980388797
2022-07-21 00:00:00-04:00,113.49720662400904,113.76536142824601,110.3489222258498,113.55679321289062,32676200,113.96427209137994,122.97160287342565,52.173483452674915,-0.01967231066832653,118.67298697502478,106.16925749112106,3.873111163871275,2019988900,52.52614513611817,10.833334140907322
2022-07-22 00:00:00-04:00,110.23966006699301,111.57047755149821,105.77048465887167,107.16089630126953,48901200,113.69747304078737,122.81428241002112,42.41503090197377,-0.4281541061381233,118.81066096620039,105.89082015359129,4.152625263167538,1971087700,51.25093769290415,11.69033712558532
2022-07-25 00:00:00-04:00,107.66741148020654,109.11740979105046,105.571864055946,106.77357482910156,34690900,113.42594762072127,122.6546733793652,41.903890431696574,-0.7742078911818595,118.97275138342506,105.5661839599994,4.1092624397344615,1936396800,44.57877884707287,12.52521043944775
2022-07-26 00:00:00-04:00,105.86980776641253,106.4656963595138,103.35713902112693,104.30062866210938,47991000,113.06809197528551,122.47204606874575,38.69739938179304,-1.2337818284983086,119.51240114827588,103.93499570231005,4.059774823180189,1888405800,37.05683855259489,13.729896249943453
2022-07-27 00:00:00-04:00,108.51158697347695,113.12973666354446,107.27014929212193,112.28555297851562,59858500,113.03740417149062,122.37068792854447,51.580884573427824,-0.942812667782249,119.3419112829446,103.90526584107884,4.4004414787698245,1948264300,38.917018889454724,12.974942521675976
2022-07-28 00:00:00-04:00,111.60029563452916,113.55679525021378,110.69652527555763,113.4376220703125,32816600,113.05309899105227,122.28180170109937,53.11200220056609,-0.6121981252228039,118.34618980787062,104.29675757982469,4.290429228475991,1981080900,38.117482889105794,12.172245772589205
2022-07-29 00:00:00-04:00,112.30541954786877,115.91055182503115,112.2855523018916,115.52322387695312,37223400,113.14996663363662,122.21455217051086,55.834764971034424,-0.17982022695878186,117.44625204382642,104.79499856652514,4.242898535237673,2018304300,44.520041833279286,11.728793920574871
2022-08-01 00:00:00-04:00,114.51020776113126,115.9204790624543,113.55677701223817,114.0732192993164,26034300,113.18617262052602,122.13354388323529,53.50832354578037,0.04531673815976944,117.27539108059884,104.85773676770845,4.108670214878992,1992270000,44.83283715416975,11.319325766414426
2022-08-02 00:00:00-04:00,113.21912028499861,115.55302168772738,112.94103944751733,114.34137725830078,20236000,113.23147476318387,122.05600988696729,53.89095403055189,0.24258118632650394,117.47474614596962,104.80530146145225,4.001763930974068,2012506000,46.75720866143897,10.769190063652156
2022-08-03 00:00:00-04:00,114.91740298576683,117.80747356026012,114.68898269438547,117.27117156982422,28499000,113.38989424579722,122.00839955545344,57.96175664288053,0.6280844319766601,118.60529464250658,104.56547663841789,3.963501957473016,2041005000,52.961749237709064,10.81803721813004
2022-08-04 00:00:00-04:00,116.67528876714736,117.96637948017171,116.08932620935268,117.38042449951172,21602900,113.54638562829584,121.96235005240925,58.11027565581162,0.9316745654727896,119.59480633191917,104.61182106879697,3.814469908426303,2062607900,50.73166180956841,10.902186437804614
2022-08-05 00:00:00-04:00,115.43384777651602,117.30096737131531,115.20541990311378,116.66535186767578,19159500,113.66869802984016,121.90964360280991,56.69835687340105,1.1018698781740284,120.2767830151115,104.683646875839,3.69736524328142,2043448400,53.09039968460751,10.696831533195908
2022-08-08 00:00:00-04:00,117.57905107247159,119.32699753864578,116.07939215524291,116.49652099609375,19138300,113.77959304812461,121.85578168632517,56.35022895416794,1.2091888726921098,120.72136208935322,105.33418193733948,3.665239539004381,2024310100,51.43338077265914,11.034594674625083
2022-08-09 00:00:00-04:00,116.33760916719966,116.51637649913262,114.9174041349362,115.83110046386719,19086500,113.8600443193302,121.7958346094848,54.918964969682584,1.2264087960521124,121.03417263688355,105.39479668277791,3.5176490265180975,2005223600,45.265141642636046,10.95799501637569
2022-08-10 00:00:00-04:00,117.96637720002795,120.09171797963317,117.59891648269448,118.88007354736328,30930400,114.05690821062562,121.766822061603,59.93983385844734,1.4691469444215812,121.91204275942185,105.28496143165889,3.570718204321518,2036154000,52.59920146871922,11.758791195549511
2022-08-11 00:00:00-04:00,120.44925167448947,120.65781230139952,117.7478819937098,118.02596282958984,24293700,114.21255741136933,121.72959958168248,57.99136444039931,1.5744498017613608,122.49800004863445,105.29489342467284,3.5235190688478184,2011860300,55.24734215398718,12.628001142270707
2022-08-12 00:00:00-04:00,119.4362404313281,120.84651184082031,118.64171727202111,120.84651184082031,19096300,114.47271248703409,121.72081263898734,62.34457590749756,1.8640106532594984,123.26103277878858,106.3566094331255,3.4733069218751504,2030956600,61.89861583211458,13.478843559862911
2022-08-15 00:00:00-04:00,120.30026963748777,121.46226102037568,119.78383491619735,121.24376678466797,19494800,114.73824402811778,121.71606591406875,62.92727724564323,2.1013221346745325,123.61839367284925,107.92860746647368,3.3451011491825207,2050451400,71.08263715008934,14.417118815687202
2022-08-16 00:00:00-04:00,120.68759620521304,121.59136642864802,119.81362684941925,120.86636352539062,19041200,114.97856243977554,121.70761116393265,61.94653138241981,2.2331969996052266,122.21453259844724,111.54123318931319,3.233146751328681,2031410200,62.03977204864219,15.320718719462022
2022-08-17 00:00:00-04:00,119.29719726513474,120.45918110770077,118.56226070771955,118.7311019897461,22847000,115.12572085349989,121.67799415722433,56.57416288040833,2.140733970714834,122.10688100547225,112.5082913171189,3.1667864703531383,2008563200,53.972064195196715,15.610564111069996
2022-08-18 00:00:00-04:00,118.61191857047314,119.99239662453576,117.9067828978834,119.34684753417969,17987700,115.2912552331344,121.65479866843782,57.7130739174895,2.0930149006761525,122.12054350739379,113.28252554371298,3.0895598458030826,2026550900,45.358018576505096,15.598248752972353
2022-08-19 00:00:00-04:00,118.24445362994561,118.33384108294739,115.96021284676502,116.4071273803711,21809500,115.33501492518289,121.6025830337307,50.85552186136848,1.797268552613545,122.08425662022435,113.43666623133814,3.1107794773467674,2004741400,45.90547955195502,14.799496931250676
2022-08-22 00:00:00-04:00,114.41089701265592,114.83795189055648,113.07014579319794,113.45747375488281,21456600,115.26138585968093,121.52153717025958,45.06894161797768,1.309776753635333,122.19159807964307,113.24722536599494,3.1269367709057954,1983284800,45.740587728145165,14.414814612433279
2022-08-23 00:00:00-04:00,112.7026913948952,114.2222100339218,112.6530308525586,113.08008575439453,15870400,115.17584467908146,121.43754262880819,44.37326564096189,0.8828074780022348,122.39649808466164,112.87415316045555,3.0156683716527524,1967414400,38.10446521944093,14.188125054480832
2022-08-24 00:00:00-04:00,112.72253867644604,113.99376961834115,112.096856828301,112.91123962402344,17734600,115.08703663770665,121.35270379293969,44.045683131524974,0.5247576991945522,122.65942219654183,112.02990478913524,2.935757258680423,1949679800,31.222286166380954,14.15609191992459
2022-08-25 00:00:00-04:00,113.45746441845546,115.92047998120505,113.32835763422956,115.85095977783203,16956800,115.11699440790765,121.29796007139635,50.849144958642015,0.4727618141168932,122.60923490510052,111.87616345101927,2.941006051430508,1966636600,37.2915568030807,13.354247339646168
2022-08-26 00:00:00-04:00,113.93419313124014,114.33145473006633,109.43522389908544,109.58419036865234,37245700,114.90002170048588,121.18140514898099,39.75266942268385,-0.07327653092541198,123.36305108220508,110.17819240737826,3.189201039095942,1929390900,28.971455976727555,13.797841282966937
2022-08-29 00:00:00-04:00,109.2365740575108,110.18999721527851,108.05473062688017,108.67047882080078,21191200,114.65572590128255,121.05691831984487,38.43566894686334,-0.5731379614176575,123.98502627802252,108.51274492152176,3.1139200069032564,1908199700,28.89010006113854,14.562632995928059
2022-08-30 00:00:00-04:00,109.41534942426527,109.74309078993296,107.0615884349693,108.19377899169922,27513300,114.40231621855379,120.92892688374393,37.73330049736764,-0.9962631373565216,124.46136893271887,107.018092737203,3.0830330317647143,1880686400,18.924794649842084,15.517745011593064
2022-08-31 00:00:00-04:00,109.89206923641922,110.09069624211486,107.38932653270058,107.47871398925781,28627000,114.13080240564024,120.79509391961969,36.65135400332064,-1.3734602624337953,124.43081609606534,105.52846429944248,3.0557713658825407,1852059400,18.809096387701416,16.25080886131482
2022-09-01 00:00:00-04:00,107.53829818348746,109.69343221359867,106.62460185419623,108.98829650878906,28360900,113.92913550772451,120.67761334836764,40.528279969406995,-1.5329105695552698,124.12239866891726,104.63185955048378,3.0567041511339625,1880420300,20.578310962805148,17.134830593405947
2022-09-02 00:00:00-04:00,109.83246571965539,109.98143974980776,106.52528165136928,107.11123657226562,24160700,113.66176692202025,120.54262452472484,37.45850476315858,-1.7901039325263355,123.18429197494133,103.73859620865242,3.0852365759414284,1856259600,13.914164502833898,17.814981879681763
2022-09-06 00:00:00-04:00,106.56501052381782,107.2900058656168,105.05541810364878,106.07836151123047,25068300,113.3643784745383,120.3987015096652,35.8493989113763,-2.0536032510332234,121.87541035055226,103.02542379658315,3.0244759463719,1831191300,13.77632065430457,18.853327473089053
2022-09-07 00:00:00-04:00,106.32665848235399,109.22666283847823,106.16775838972423,108.70028686523438,23167000,113.18147292123227,120.28229937389972,42.59111561879458,-2.0274892614980615,120.06916742161444,103.20952317083349,3.033320616434462,1854358300,20.76274424728264,18.879305277359304
2022-09-08 00:00:00-04:00,107.29993636702643,108.84924807890526,106.42596701775983,107.63760375976562,24238300,112.96406628744927,120.15648150709242,40.72310726642379,-2.068696733819877,118.62849008684209,103.1710674082751,2.9897463624852456,1830120000,20.49877377620564,18.903427524181684
2022-09-09 00:00:00-04:00,108.32288788088225,110.22973437366748,108.27322734192177,109.8920669555664,23197700,112.84359572541466,120.0543480289678,46.12189403477609,-1.8975636810301069,116.54537502027472,103.99354506436069,2.9613452375864324,1853317700,27.420380276078987,18.280160557446546
2022-09-12 00:00:00-04:00,110.22973851202329,110.85542798702407,109.17700172532125,110.10063171386719,22966800,112.73602850927554,119.9553060755837,46.60638151497142,-1.7252227765465449,115.20085513460266,104.49719886116556,2.8697081678804603,1876284500,34.22366968015227,17.420549309801064
2022-09-13 00:00:00-04:00,107.06158881718635,107.55816389040682,103.3769951060123,103.60542297363281,38172900,112.37796554709348,119.7926206715842,35.80745543359593,-2.088673502721477,115.00940699564693,103.37504022928796,3.144988770735776,1838111600,32.29003180617333,18.381468793602703
2022-09-14 00:00:00-04:00,103.85370686767357,104.55884253765855,102.94994420622076,104.28076171875,26395100,112.0604281420604,119.63827381633213,37.43079384299387,-2.295752621878023,114.5102599851469,102.70094403503539,3.035268025071634,1864506700,31.68948831732493,19.374498637469745
2022-09-15 00:00:00-04:00,103.31740907499702,104.54891314157877,101.64891651695895,102.20508575439453,34188300,111.67394412685782,119.46480925850192,34.539678999161964,-2.597412662568857,114.12147244907095,101.66224438849414,3.025605782182218,1830318400,25.767915955457937,20.60007859193885
2022-09-16 00:00:00-04:00,101.37082992122032,102.42356659752467,100.24857304133235,102.09583282470703,42797200,111.29833191893034,119.29198362234476,34.38911693912492,-2.812871188412032,112.21987023570544,101.72982967477633,2.9648477660400827,1787521200,25.6381374507079,22.045466976925614
2022-09-19 00:00:00-04:00,101.05302529143925,102.62220430858018,100.85439829715003,102.36398315429688,23036800,110.94796530070943,119.1235458067423,35.13647330140019,-2.92823130415195,112.01049234055192,100.97651327468246,2.879344783567945,1810558000,31.26501783025941,23.284495995445894
2022-09-20 00:00:00-04:00,101.38076044616248,101.66877487424708,99.83144119242695,100.44719696044922,26517100,110.53617046383648,118.93771148986376,32.30386597747989,-3.1381490250625035,112.08694140122653,99.80362663262765,2.854573153446658,1784040900,31.501262181586895,24.66789509363631
2022-09-21 00:00:00-04:00,100.97357330597262,102.17528407076615,98.59001144532336,98.59994506835938,31487300,110.06808319342561,118.73534565482392,29.809712769019498,-3.414211219161274,112.31448951683333,98.29690066057552,2.9067659728749535,1752553600,31.469825831420835,26.22153904561116
2022-09-22 00:00:00-04:00,98.14309788632383,100.54651943978457,98.1133045940541,99.45405578613281,34298600,109.65184682451218,118.54349202428969,32.408285203248084,-3.523456684696484,112.24402432071493,97.29741142961059,2.872940892364634,1786852200,23.829215982454997,27.765416758789286
2022-09-23 00:00:00-04:00,98.94754744299671,98.97734831250827,96.802347043361,98.06364440917969,31625400,109.19740751410698,118.33971244602989,30.433057284706777,-3.679810516144016,111.85144505796092,96.23337041241669,2.857138595965147,1755226800,23.551182427399297,29.469632954816067
2022-09-26 00:00:00-04:00,97.42802313116289,99.19582909385643,97.13008264794297,97.49754333496094,27072700,108.73858931100322,118.13232767875557,29.640941785074233,-3.805533854211305,111.66281015393086,95.14017955147277,2.8006105852471697,1728154100,23.556356333890506,30.912760666651362
2022-09-27 00:00:00-04:00,98.74892590357743,99.31502122145433,96.20646378499133,96.83214569091797,30072800,108.27166995335283,117.92038556942386,28.695512866473607,-3.9137472917750102,111.52161253385965,94.04854839550232,2.822606788905443,1698081300,17.434827850284904,32.451738872587434
2022-09-28 00:00:00-04:00,96.98110806203425,100.01021129831565,96.44480610275087,99.36466979980469,32466300,107.92237582968427,117.73575158166645,36.939735055687756,-3.751904075575851,110.44321346371524,93.88219852358944,2.8756638179525384,1730547600,24.619062754635323,33.4132752953178
2022-09-29 00:00:00-04:00,97.96433766405387,97.96433766405387,95.30269475589749,96.75269317626953,31047200,107.48434905896212,117.52696493086648,32.73579855342926,-3.790709900937429,109.5778150485354,93.29627552763648,2.960400334092157,1699500400,18.53197132072677,34.57885859979699
2022-09-30 00:00:00-04:00,96.38523145843214,98.22255784193378,94.90543218159583,94.99481964111328,32941500,106.9945635915955,117.30276448022218,30.24139234088726,-3.918143580011673,107.81483258498695,93.07295834925786,2.9858807145382853,1666558900,12.550118740665084,35.75368859701113
2022-10-03 00:00:00-04:00,96.09721298076929,98.60988170924736,95.85885148341555,97.9643325805664,27982000,106.64043688528062,117.11034227226541,38.73408558042493,-3.736449349586252,104.97188764828962,94.29773006818172,3.030822239795128,1694540900,19.2736879106115,36.56048300942434
2022-10-04 00:00:00-04:00,99.75200940133061,101.14241363200935,99.69241523634811,100.94378662109375,28850800,106.41703883570466,116.949481022005,45.85654163214484,-3.3138384552839852,104.4183313050663,94.49640156439985,3.0413407263414003,1723391700,25.93524217993405,35.66645517016717
2022-10-05 00:00:00-04:00,99.14618310911277,101.23179694688893,98.1232396482166,100.73522186279297,22176900,106.19422248382577,116.78814510997306,45.45814879332031,-2.9616061575009667,103.53598223229588,94.90601198970933,3.0461419100793243,1701214800,26.739309713211213,35.34910998877149
2022-10-06 00:00:00-04:00,99.99035938714277,102.22494726893785,99.90097193176103,100.72528839111328,22324000,105.97975448018998,116.62831568988491,45.43790120497053,-2.6526825982038105,103.22222144040236,95.02246646649868,2.9945585834434314,1678890800,33.82354248939504,34.487108549019865
2022-10-07 00:00:00-04:00,99.16604271542337,99.84138513244945,97.6266645019863,98.00405883789062,27502800,105.6669821020606,116.44299970130787,40.160614271617746,-2.5974966104280384,102.65574640547545,95.04337163651674,3.001991819563685,1651388000,27.659345165252986,34.398414824354504
2022-10-10 00:00:00-04:00,98.32186494334555,98.42117844301296,96.34549826456681,97.1896743774414,18225100,105.33453866187946,116.25142432495099,38.71156820392778,-2.589623766589085,101.88871014326239,95.12050006181573,2.935826702341004,1633162900,28.291357526743226,34.66431417616675
2022-10-11 00:00:00-04:00,96.76261553045553,98.57014842775828,95.65028467937152,96.51432800292969,26507100,104.98864804780301,116.05503530682144,37.50311195945798,-2.6078179870000753,101.59311533338779,94.89171234402106,2.9346864913442725,1606655800,28.7114097076351,35.09214982724654
2022-10-12 00:00:00-04:00,96.63351766527795,98.07358242702338,96.07734839982245,96.89173126220703,21876400,104.67112189934826,115.86435566458647,38.65558025077296,-2.5622477516874085,101.53847852024737,94.71858731634117,2.8676541724768905,1628532200,35.387263442588406,35.48942578896349
2022-10-13 00:00:00-04:00,94.49823387339498,99.09651612531559,93.73350405042449,98.3814468383789,34574500,104.42446797538868,115.69039637278341,43.11473718455491,-2.3785074615149284,101.39705515711756,94.71699615310379,3.0458940226493345,1663106700,44.07448337454921,36.44319217545612
2022-10-14 00:00:00-04:00,99.30508010298726,100.0002897453495,95.70988145547351,95.89857482910156,25410700,104.09011922455389,115.49346282508509,38.1387443947812,-2.4055097595669963,101.42193654619061,94.40343882002034,3.1347878988798104,1637696000,50.89291648155012,36.752714045590906
2022-10-17 00:00:00-04:00,98.18282760627487,100.23864818008829,98.1530343131541,99.28522491455078,28419200,103.90169199671064,115.3321868259753,47.106027166793254,-2.129092068779144,101.59759455699748,94.46613835315878,3.2208797168874477,1666115200,58.606554878010385,36.887708559689806
2022-10-18 00:00:00-04:00,102.42356970435209,102.76124468709659,99.28521924820954,100.0797348022461,24060700,103.75181132241792,115.1804211341969,48.974733588358376,-1.8248826383026824,101.8899975232623,94.60674726840436,3.239104411315991,1690175900,57.72418224804366,35.55425191061491
2022-10-19 00:00:00-04:00,99.32494982352485,100.32802603161117,98.2424122068316,98.94754791259766,23811100,103.56340883575831,115.01890000761384,46.45601117834188,-1.6560624359548655,101.83392846474325,94.60720007529582,3.1567122265633896,1666364800,58.75415529893405,34.67554897679172
2022-10-20 00:00:00-04:00,99.31501820767156,101.61912632700415,98.709195990434,99.28522491455078,25323200,103.39563691727959,114.86234602658834,47.326116072619776,-1.477986192524213,101.94890450203685,94.82989493643971,3.13908494870673,1691688000,66.99015284717282,33.191971603930355
2022-10-21 00:00:00-04:00,97.17973986521672,100.61603844678358,97.05063307454373,100.43727111816406,32458700,103.27962257221623,114.71881294292243,50.29384453077152,-1.229723499035046,101.94424889763346,95.56021073778322,3.169536407530525,1724146700,58.42363241510794,32.39827984773048
2022-10-24 00:00:00-04:00,101.1026797115845,102.04616924307577,99.29514689523046,101.81774139404297,27176400,103.22229389856238,114.59044407178929,53.66283747250379,-0.9110787627664791,102.51132718383764,95.50692029337591,3.139642546124438,1751323100,58.24140984560315,30.954717026456812
2022-10-25 00:00:00-04:00,102.19514899283054,104.10199540713289,102.01638166791882,103.76432800292969,40611400,103.24355013794934,114.48272152384045,57.98702678749839,-0.49576240215751,103.33910920082546,95.05521046063286,3.078543365193401,1791934500,66.34651810056899,28.766221688687722
2022-10-26 00:00:00-04:00,95.7694645312069,97.63658399309821,94.04138547726846,94.27973937988281,88114100,102.89202814743693,114.28169682589063,38.92605301256887,-0.9213277373974478,103.48191085438579,94.0516778093512,3.553143305226817,1703820400,51.859046344293674,28.96536697910195
2022-10-27 00:00:00-04:00,93.87254327552247,94.77631349543512,91.17118139256064,91.58830261230469,60710900,102.44874479311802,114.05589190834252,35.37274116380583,-1.4589499189745965,103.94271451969064,92.37260937353852,3.556856790773079,1643109500,48.62363222674853,29.686290188112938
2022-10-28 00:00:00-04:00,91.63797145681076,95.88866094834553,91.49893102612556,95.63043975830078,43697300,102.18136028194873,113.8725540760038,43.68682693371894,-1.541087982136773,103.92086820817548,92.07797314110837,3.6163477287335715,1686806800,54.7115193243068,29.921109830022836
2022-10-31 00:00:00-04:00,94.76638013798231,95.37220230141001,93.33624915526933,93.86261749267578,31675000,101.85513507452626,113.67345022940351,41.19100611528689,-1.7289017681155343,104.0430304310622,91.51220333358624,3.521907934040563,1655131800,54.25202249100222,30.13915664036774
2022-11-01 00:00:00-04:00,94.79617956491805,95.37220847515945,89.75098252011932,89.85029602050781,47161400,101.3843570724079,113.43640391886724,36.143927708296175,-2.176417965529808,104.73593631162032,89.93075985537186,3.6718592212548176,1607970400,47.82180345634878,31.014617473755095
2022-11-02 00:00:00-04:00,90.31707478646692,90.55542869485429,86.2848801267709,86.374267578125,57038300,100.79572611184778,113.16712893040214,32.43595427455904,-2.7795236031751642,105.8412463656182,87.42312131016304,3.7146227460282866,1550932100,40.03428837400223,32.35284322102808
2022-11-03 00:00:00-04:00,85.72872394565061,85.92735095244444,82.76913305076104,82.8585205078125,61288000,100.09230628423856,112.86555073714256,29.17576707692703,-3.500825238242186,107.01211272265535,84.1825314423837,3.7068021589808344,1489644100,33.70273654448063,34.034771237537804
2022-11-04 00:00:00-04:00,84.81502856726082,86.04653269325414,83.13660230513511,85.98694610595703,51124900,99.53915490469811,112.5981019348422,35.39811040080288,-3.77649114121202,107.31216409144753,82.56092957717226,3.669745732299463,1540769000,35.46778053843826,35.547027986819316
2022-11-07 00:00:00-05:00,86.68214691275777,88.29105293982344,86.2550920302293,87.88385772705078,34078900,99.08208442714331,112.35218905715274,38.903180005082525,-3.798111179278223,106.78859776089051,81.56431361606262,3.5722000966971024,1574847900,36.08888587674329,36.03388581151465
2022-11-08 00:00:00-05:00,88.2910385131836,89.70130972658177,86.99000683129465,88.2910385131836,30429000,98.65890615600765,112.11277462387943,39.65998106265384,-3.7392849791054914,105.90211078624031,80.8789744188378,3.5107074394535323,1605276900,40.4970064854649,35.94678542367772
2022-11-09 00:00:00-05:00,87.8441196311482,88.8273436444615,86.68213588137829,86.72186279296875,31769100,98.1907868084375,111.86012873501465,37.72082274590864,-3.7757595523308254,105.12565240813487,80.0253414476594,3.413171748284223,1573507800,36.00593912185305,35.92323420435634
2022-11-10 00:00:00-05:00,91.61809793205568,93.74343856788602,90.98248246585224,93.29652404785156,51620100,97.99885493547333,111.67541625056526,48.97747388138847,-3.236833496179628,104.21792750540071,80.13457290150033,3.6709148930437263,1625127900,43.03125625490287,34.208746980877564
2022-11-11 00:00:00-05:00,94.04139140730278,96.26604565196418,93.27666153820596,95.7496109008789,33090500,97.91064928705786,111.51695052569276,52.432125907147395,-2.582023150564055,103.25750351434469,80.46997553025166,3.6222341230947612,1658218400,43.408394320422104,31.91278169598154
2022-11-14 00:00:00-05:00,94.43863434699801,96.1269939734426,93.86261307826928,95.0444564819336,30179500,97.79824956920986,111.35304511232204,51.35569307106004,-2.095821971315985,101.67270416291912,81.15167022672931,3.5252446068146583,1628038900,37.29371006404671,29.780813931435233
2022-11-15 00:00:00-05:00,97.58693396732818,99.45405348533612,96.04754823383983,97.76570129394531,41640800,97.79697316625831,111.21784766139292,55.17981053621967,-1.4739317521854645,99.65613805643463,82.36841943868257,3.588412635142363,1669679700,47.6577286145157,28.371478828374475
2022-11-16 00:00:00-05:00,97.22940010842291,98.95747922841689,96.97117895072545,98.17288970947266,29105200,97.8117149914824,111.0880470847569,55.74049463962008,-0.9374166157056862,100.50616016805735,82.03748403767183,3.4739760381815827,1698784900,55.66367364381149,27.062810518389487
2022-11-17 00:00:00-05:00,96.30577068517638,98.59994509335151,96.12700335615402,97.68624877929688,26052600,97.80679474786729,110.9546958578369,54.85725904621169,-0.5452075474725291,101.453687630971,81.90301606369046,3.4024735881112904,1672732300,49.246102983280515,25.582309876286484
2022-11-18 00:00:00-05:00,98.09343657704217,98.2225509453757,95.70988228857895,96.76261901855469,28342300,97.7658466800511,110.81348116291866,53.13629813222013,-0.30538791598185355,101.66658023183287,81.84108069752911,3.338916093017395,1644390000,49.47843817866767,24.07355343688763
2022-11-21 00:00:00-05:00,96.62357068705312,97.72596786484839,94.70679075943134,94.94514465332031,21647400,97.65523091429695,110.65558726730077,49.82399189642996,-0.2589985481832713,101.8145812102594,81.83741667385519,3.316077593903084,1622742600,51.795834950179945,22.3614887908629
2022-11-22 00:00:00-05:00,95.29275218122933,96.55405709268237,93.40577299121226,96.38522338867188,23438500,97.60542669760576,110.51359359686666,52.35813185479069,-0.1048239757411551,102.43588003063446,82.08744150256867,3.304092344443586,1646181100,54.96328433311896,21.182152727263308
2022-11-23 00:00:00-05:00,96.42494972921129,98.08351632954358,96.42494972921129,97.78556823730469,18868100,97.61249107171162,110.38694657836356,54.751304328508944,0.12887106439066542,103.02709619174665,83.01773209601377,3.1893923870455945,1665049200,63.66995568052169,19.764453701432654
2022-11-25 00:00:00-05:00,97.56706770161041,97.96432927332067,96.73282522043966,96.79241180419922,9701400,97.58033110043662,110.25167757563557,52.7283021577224,0.2312706987260924,102.48856584051859,85.41411462009339,3.0495432203195527,1655347800,58.01431111282586,18.448018891732765
2022-11-28 00:00:00-05:00,96.37530652428394,96.9116085983394,94.95510128478581,95.39208984375,26237500,97.49451771782147,110.10382098128845,49.92716906876605,0.19715617381086759,101.99118372221756,87.16551590343349,2.9714692269791265,1629110300,50.899304593061146,17.64178520446926
2022-11-29 00:00:00-05:00,95.07426584986467,95.46159379672028,93.46535990183312,94.5379638671875,20061700,97.37857442956133,109.94893683089938,48.24368450322441,0.1000460701337289,101.51906389222617,88.5248498854431,2.9018095604011287,1609048600,44.77198045094154,17.359556085222124
2022-11-30 00:00:00-05:00,94.17049833327081,100.34789357132563,93.77323675188165,100.29823303222656,43647500,97.49307084535212,109.85290992743002,58.42511469222793,0.4823311807586492,101.73781334166625,89.90705970520875,3.164155793189903,1652696100,54.07574777146663,16.75773049444531
2022-12-01 00:00:00-05:00,100.32802632483222,101.54960436160536,99.563304031794,100.29823303222656,28687100,97.60307720562172,109.75783851553746,58.42511469222793,0.7763456556840538,100.59683505574732,92.85822068969539,3.0800232600914357,1681383200,51.70835076891555,16.52456534167737
2022-12-02 00:00:00-05:00,98.37153591017106,100.07974798608856,98.22256185630994,99.75201416015625,21480700,97.68734924305446,109.65827807419039,57.18790611544684,0.9542786174042135,100.83632739962643,93.47946036079024,3.008283825507521,1659902500,44.396680693590326,15.848056794962561
2022-12-05 00:00:00-05:00,98.71912252760538,100.68555550376762,98.32186096786398,98.79857635498047,24405100,97.73092677685548,109.55022134066593,54.998605607228576,1.006752097342968,101.04281027692521,93.67950621070499,2.9622417333929576,1635497400,44.95393840004045,15.398257528928301
2022-12-06 00:00:00-05:00,98.6198123778136,99.09652020396926,95.75953511234248,96.31570434570312,24910700,97.67542785798678,109.41853460439765,49.66635981289713,0.8383269757874814,100.96529195173693,93.92652425106255,2.9890091161239454,1610586700,35.10285118972284,14.469448699373055
2022-12-07 00:00:00-05:00,95.74960470986467,96.21637889173988,94.0711786173766,94.2896728515625,31045400,97.54265315185249,109.2679986665585,45.76704832980969,0.5351956419788166,101.06131103215262,93.36703471166248,2.9358317312812723,1579541300,26.583785342289218,14.107698137164858
2022-12-08 00:00:00-05:00,94.72665114806772,94.92528570876573,92.80987120585085,93.0680923461914,32213300,97.36718017908146,109.1068055688434,43.54708757149922,0.19415246956944543,101.19543769840193,92.55226839697566,2.8772305006836723,1547328000,26.215502230605722,14.125269583965576
2022-12-09 00:00:00-05:00,93.12769363601662,93.61434270374613,92.11468373641269,92.19413757324219,28225400,97.1643157631662,108.93852031515583,41.97828381227007,-0.14497635075375115,101.38662519857319,91.6287994026638,2.7788325340157987,1519102600,26.316250754644784,14.333709261143273
2022-12-12 00:00:00-05:00,92.07494125173915,92.91911728821455,90.98247769999843,92.67082977294922,29420000,96.98810062629495,108.77665274757169,43.18065754619574,-0.3709966886285656,101.47082102715741,90.99903167466552,2.7186758950301075,1548522600,25.834080911204964,14.836606325804022
2022-12-13 00:00:00-05:00,97.09037531252866,98.84824800710734,94.3790716634168,94.97496032714844,40593700,96.90915394789705,108.63932247473166,48.71301002364469,-0.3600449810601276,101.47087094084519,91.00295718415482,2.965728919253537,1589116300,35.33733647545368,14.22205764166477
2022-12-14 00:00:00-05:00,94.54789188781861,96.20645840814433,92.95885315251148,94.41878509521484,28733600,96.81149242426247,108.49782459035836,47.51048979367782,-0.39172876165439163,101.41629706443184,90.79533928810723,2.9858629432806305,1560382700,29.59167145915677,13.230859417595967
2022-12-15 00:00:00-05:00,92.49206485576933,92.998573521634,89.39344143432389,90.23761749267578,40107000,96.5536934073375,108.31613098739636,39.59681354207069,-0.7456285265771783,101.5707716490204,89.63447127090149,3.1315401373956537,1520275700,27.597422429683945,13.195149900988616
2022-12-16 00:00:00-05:00,90.13831399003944,90.70440929917321,88.90680229037655,89.64173889160156,58011800,96.28263636750472,108.13031614067204,38.609782031065436,-1.0619377062852493,101.74463638136288,88.50718348354599,3.036259199638583,1462263900,25.85975039205134,13.279145650907983
2022-12-19 00:00:00-05:00,89.64173867837027,89.93967919044347,87.60577774876408,87.8342056274414,29493000,95.95132535809049,107.92836479228168,35.702528256710906,-1.441847122214213,102.16867524739602,87.07542672200502,2.986090788355783,1432770900,25.435716007347764,13.671117303551878
2022-12-20 00:00:00-05:00,87.50645464738024,88.56912493587465,86.84104590854801,88.41021728515625,23453800,95.65559562974012,107.73415436932521,37.322207234235286,-1.6771159953640478,102.3726977164616,86.05437137533528,2.8962328054251296,1456224700,16.42802140721338,14.217703217783267
2022-12-21 00:00:00-05:00,88.46981744062983,89.60200800878793,87.71502120281298,88.96639251708984,24745600,95.39327393904796,107.547410470298,38.922076041173966,-1.7979637721179103,101.31671325588869,85.5994437672233,2.824143805464403,1480970300,15.016339919567471,14.345908047518535
2022-12-22 00:00:00-05:00,87.55611316403909,87.9335074600943,85.72871310857447,87.15885162353516,27658300,95.070355416871,107.34453923799191,35.73005644171613,-2.01634675940673,100.11827287105395,85.04596663089917,2.853682062825187,1453312000,14.916953283781965,14.963599293284414
2022-12-23 00:00:00-05:00,86.5133086638046,88.93659741222335,86.47358174924135,88.61878967285156,23003000,94.81735283867415,107.15821337167212,40.009460548140645,-2.0480039362897458,98.55334142266189,85.12646814765061,2.8257773199792453,1476315000,20.066245622967315,15.157211952631211
2022-12-27 00:00:00-05:00,88.19173478905765,88.33077520142463,86.4139951427837,86.79138946533203,20097300,94.50260917697447,106.95555840742993,36.714174816383,-2.1952430066835262,97.07192127371522,85.00693004464415,2.7814214064141463,1456217700,20.40184974647991,15.353220053345938
2022-12-28 00:00:00-05:00,86.38420938152522,87.43694618896947,85.3513322445214,85.43077850341797,19523200,94.14685111134482,106.74138149296215,34.43973149851929,-2.394123004589929,96.25088545267845,84.3766424200429,2.7317208734165694,1436694500,21.071261247854338,15.830341187830756
2022-12-29 00:00:00-05:00,86.02667237661274,88.24139306203571,86.01673875309298,87.84413146972656,23333500,93.89968563520293,106.55334915442249,41.376892083162836,-2.3301390283770047,95.53400183868347,84.23412051645975,2.7373561366452246,1460028000,27.046303595888816,15.92986012129728
2022-12-30 00:00:00-05:00,86.3842031844642,87.69516107639714,85.97700798686586,87.62564086914062,23986300,93.65364466398479,106.3650137485988,40.954381113489895,-2.270884291181403,95.00319138855953,84.03927076964361,2.6751966613749016,1436041700,27.43015586822088,16.03463826366876
2023-01-03 00:00:00-05:00,88.97631091009568,90.42631667651999,87.91364064095848,88.50953674316406,28131200,93.45191494159967,106.18734731073378,43.469264156032025,-2.1280704040982954,94.5839138946371,83.96726815288895,2.6841594575180774,1464172900,34.38124653137314,15.007542703501402
2023-01-04 00:00:00-05:00,89.73112470288972,90.02907281249857,86.67222007582812,87.47667694091797,34854800,93.2175918827494,106.0011714861585,41.257890726908435,-2.0743210419861526,93.97783671611356,83.88079162047498,2.732208977457532,1429318100,24.34074725692983,14.486484043054228
2023-01-05 00:00:00-05:00,86.8708478238016,86.97016132679408,85.3116023377022,85.60954284667969,27194400,92.9192370185898,105.79826970865126,37.540029110748,-2.15751590207131,92.4426517469793,84.16725425888009,2.6916993792974067,1402123700,24.599337986582384,14.449403478887108
2023-01-06 00:00:00-05:00,86.19549412333996,87.08933068765106,84.27871421542477,86.7417221069336,41381500,92.67698153185817,105.60865231957945,41.01123121324601,-2.1077936901853462,90.39251594558118,85.19378166184069,2.7001934573637554,1443505200,34.67742950742446,14.737581175272723
2023-01-09 00:00:00-05:00,87.75475111447206,89.43317735489786,87.25817602105704,87.41707611083984,29003900,92.47071073103393,105.42764161103479,43.04459025196409,-1.9909427068840273,89.85445636034555,85.35576906283154,2.6995692995495064,1472509100,45.2413916564823,14.04287112261677
2023-01-10 00:00:00-05:00,85.39105735353961,88.06262623356912,85.24208330842042,87.81433868408203,30467800,92.28810790566328,105.25238486549297,44.26169882804971,-1.8450135237325327,89.4595858664688,85.5069861957057,2.7082102728065918,1502976900,45.18235804494993,14.04432668786973
2023-01-11 00:00:00-05:00,88.56912924744373,90.97255075305516,88.40029554318691,90.89309692382812,26862000,92.23340159265014,105.10950637851124,52.69807236086996,-1.464056799588704,90.29624677565822,85.07817745936784,2.7403532582470587,1529838900,51.96847319957709,13.0877378238257
2023-01-12 00:00:00-05:00,90.85338408510943,91.24071205887914,89.1352308965623,90.50577545166016,30258100,92.16565154790544,104.96419562302019,51.639155474947906,-1.179799463072456,90.7778610245646,84.8759709659953,2.6950052513948997,1499580800,52.72932562015902,12.289184285123602
2023-01-13 00:00:00-05:00,90.22768590186173,91.55851098824732,89.51261661092427,91.4889907836914,26329200,92.13911583166175,104.83011398282787,54.1574013115892,-0.8652125836105284,91.43382691426464,84.55635151184214,2.6486401889611964,1525910000,59.82527100131819,11.658918724688245
2023-01-17 00:00:00-05:00,91.42940278257716,91.6181037407099,89.43317638425138,90.66468048095703,32602400,92.08129483751647,104.68916439574458,51.725554723067795,-0.6746383565167804,91.87852249835912,84.57909977540389,2.615517843782434,1493307600,52.39732207680069,11.04221811683567
2023-01-18 00:00:00-05:00,91.50885177199906,92.1643344905254,90.0191265867673,90.49584197998047,29116700,92.01912021565231,104.54793730703051,51.21825042762228,-0.5311084766036629,92.17333468161274,84.53456123310079,2.5819242766378387,1464190900,58.51027000649211,10.681201057511261
2023-01-19 00:00:00-05:00,90.09857897517838,92.96878218001514,90.00919152538334,92.4126205444336,37000400,92.03455160109472,104.42718788650717,56.44129231612145,-0.25969836068570373,92.94386346789929,84.51352992402778,2.6089004464945496,1501191300,64.91693628065187,10.656329758945663
2023-01-20 00:00:00-05:00,94.44857523506278,97.62666017673301,94.36912140666584,97.34857177734375,63191100,92.24294454918291,104.35675389537123,66.41391024005202,0.3496555135071162,95.19385826125206,83.85257423386513,2.794981816909183,1564382400,68.35421987142072,12.066106735213376
2023-01-23 00:00:00-05:00,97.2790527522602,99.35474047579733,96.83213822208886,99.10645294189453,40005100,92.51210174105395,104.30451209483913,69.12500344044524,0.963314675776104,97.59794894187084,82.95012641620207,2.775526133823418,1604387500,74.53766688443224,13.783134040336853
2023-01-24 00:00:00-05:00,97.42803093472394,98.9276898249223,96.5341942592039,97.03076934814453,33078500,92.68930439231241,104.23213654512078,62.690123450134315,1.2675422264765785,98.79857508597557,83.0035174026312,2.761007030171076,1571309000,67.6215527664717,15.231630001411121
2023-01-25 00:00:00-05:00,94.91535768313268,95.50132020032594,93.11775837133916,94.56775665283203,42330000,92.7629691868426,104.13597356111792,56.02542332056006,1.2949725742485612,99.29107812360778,83.3187770196214,2.8432930263592398,1528979000,66.22613194836356,15.079596256087664
2023-01-26 00:00:00-05:00,95.83898757649443,96.90165791285827,94.7266567027606,96.85199737548828,30114000,92.92332323345616,104.06349618613653,60.24644307131243,1.4839246983929684,100.0855107557959,83.77438711204266,2.806907900192597,1559093000,71.78375694611276,15.339105743990805
2023-01-27 00:00:00-05:00,96.6434441075587,99.63282834879519,96.6434441075587,98.68933868408203,33879800,93.14944148642188,104.010021982136,63.29810784533352,1.7616218265603862,100.86437283883488,84.73949780732399,2.8199419245528756,1592972800,71.64076019573608,16.273344189149793
2023-01-30 00:00:00-05:00,96.8122800793185,97.61672927716072,95.73967609743931,96.2759780883789,27226200,93.27205076492999,103.9330663215016,57.09800585104991,1.7665965452501524,100.97489981245927,85.90020496455897,2.8292076861307214,1565746600,65.88538756621463,16.766481887123852
2023-01-31 00:00:00-05:00,96.20645682604395,98.20268315266414,96.15679628817142,98.16295623779297,29870700,93.46385097955206,103.87565229081792,60.36686264866846,1.900890133974599,101.29870597437046,87.00918281957486,2.7732561988708637,1595617300,71.90111599540273,17.37643306662723
2023-02-01 00:00:00-05:00,98.03384603535108,100.49686163170139,96.91158914355285,99.7420654296875,35531100,93.71005546779267,103.83452207329425,62.913484276317945,2.1104121674115532,101.74089281424781,88.15735954577823,2.8312573623906983,1631148400,72.56316958435383,18.500915371749937
2023-02-02 00:00:00-05:00,105.07528520126132,107.11123839079693,104.88658425472231,107.00199127197266,69883800,94.23130785227032,103.86603917974877,71.86439046282958,2.8296567090340687,104.7332116113178,87.31289332846085,3.155394190870607,1701032200,75.07334407255404,20.716264562326963
2023-02-03 00:00:00-05:00,102.22494486291488,107.07151484914603,101.87734382713276,104.06227111816406,65309300,94.61683582348184,103.86799173634992,65.0211171205793,3.126412999072272,105.96654682002283,87.88709087528967,3.301021107380797,1635722900,64.83360083194687,21.62812277515721
2023-02-06 00:00:00-05:00,101.69856961377758,103.64514285952902,101.18212732945823,102.19514465332031,31999600,94.91402440504413,103.85134649174266,61.045055878950734,3.174341166447192,106.53972181249858,88.74140306543111,3.270958441761157,1603723300,64.46149584655872,22.227077449459532
2023-02-07 00:00:00-05:00,102.51295768495851,107.43898142309807,102.413644187333,106.90267944335938,49010200,95.38416773988003,103.8817080136493,66.59199793245112,3.5512467376249788,107.91043625592432,89.53575515032567,3.411878322333771,1652733500,65.99393488110812,23.445557990073535
2023-02-08 00:00:00-05:00,101.35098153887236,102.43351162623514,97.36844709177582,98.68933868408203,94743500,95.51378228671147,103.83004264718595,52.53606770172651,3.1508778027635316,107.34175060319296,91.19690703027058,3.8491893244230413,1557990000,54.58682942383879,22.990340792477152
2023-02-09 00:00:00-05:00,99.31500870743477,99.34480199770559,92.988639925003,94.35919189453125,119455000,95.46850423211617,103.73580532626403,46.91386820344567,2.4558661833749937,107.07950582915556,91.71869465098767,4.0282588064430085,1438535000,41.727711411899556,21.482618641986157
2023-02-10 00:00:00-05:00,94.79618781017761,96.0872861589294,93.60441054758755,93.9222183227539,54980700,95.40786556900393,103.63815769438831,46.374524767861345,1.8484960407108417,107.27361887856304,91.06773447430155,3.9178742925072116,1383554300,35.46251046928609,20.082590930815943
2023-02-13 00:00:00-05:00,94.0910437433125,94.54789190623137,93.19720708667369,93.9619369506836,50076100,95.35116248593255,103.54187689096837,46.43480440067825,1.3547391979374765,107.33776124432235,90.31765664304744,3.73450361586796,1433630400,34.74214908595728,18.682156042082795
2023-02-14 00:00:00-05:00,93.78316845750277,94.20028969972182,91.62803446223668,94.03145599365234,54726100,95.29940929015686,103.44724583726374,46.54805934021004,0.957999724002164,107.4331173009023,89.82239213920187,3.651485874554901,1488356500,34.220076045692124,17.702369004638932
2023-02-15 00:00:00-05:00,93.84275567149737,96.4547454186921,93.50508825709151,96.2759780883789,50169000,95.3377061057734,103.3758899392649,50.20850847896787,0.8152967736435244,107.37655398304854,90.10671831512853,3.6013552522010213,1538525500,35.86278373209089,16.66294450664137
2023-02-16 00:00:00-05:00,94.71673350951889,97.01090795498209,94.09104405920391,94.85577392578125,42462600,95.31880680459724,103.29111266549889,47.97003223769316,0.5809086967320383,107.41567749825983,89.80143167328966,3.552677298170818,1496062900,31.168675694125582,15.83700255791661
2023-02-17 00:00:00-05:00,94.20028752420988,94.90542320133379,92.571521930855,93.7037124633789,34284100,95.25546977160829,103.19571564856238,46.17173724106574,0.298748933527321,107.41604317570203,89.13631583308704,3.4656218676213872,1461778800,30.932017965003354,14.76124475001745
2023-02-21 00:00:00-05:00,92.36296567753287,92.46227917896354,91.09173467409758,91.1612548828125,33629300,95.09491232498885,103.07596977029621,42.39458840215217,-0.12853808319994187,107.70783288246177,88.16256303225178,3.4046472905970973,1428149500,27.09177548915315,14.154888767770887
2023-02-22 00:00:00-05:00,91.07186976029493,91.4790649768656,89.98933968584355,91.022216796875,30884000,94.93519877486675,102.95603192976466,42.191317265325246,-0.47293364922116155,107.81906585374898,87.09923146884216,3.2678671477703083,1397265500,22.742772008496175,13.876684458000545
2023-02-23 00:00:00-05:00,91.29036136551639,91.31022861201542,89.14516094882144,90.26741790771484,41206400,94.75214854478236,102.82977706387362,41.04087698153362,-0.7975815550771017,107.6964735737407,85.95853741258743,3.1890957560148565,1356059100,13.690459240229018,13.835634346294686
2023-02-24 00:00:00-05:00,88.82735191404939,89.27426645106479,87.9732421781732,88.51947021484375,36585100,94.50772978674556,102.68738595094796,38.427708864331414,-1.1822835017735827,105.73744724627583,85.45322759910177,3.125172896981056,1319474000,14.397478731162906,14.096210243467153
2023-02-27 00:00:00-05:00,89.25440216064453,89.54241659872595,88.72802624317121,89.25440216064453,27502300,94.30171693866316,102.55372442069618,40.15313163368334,-1.4115877947992743,104.12492801967755,85.09136429803078,2.975013860331138,1346976300,18.15795905044537,14.23960723081059
2023-02-28 00:00:00-05:00,88.71811217771574,90.60509913680653,88.70817855378289,89.44310760498047,30142000,94.11118323930306,102.42327052203235,40.613304869561254,-1.5601022590769276,102.67104766133922,84.84497304992381,2.898007197666317,1377118300,15.08452825592451,13.976880364883685
2023-03-01 00:00:00-05:00,89.36364878290716,90.40645183522004,89.05576710134766,89.74104309082031,31111200,93.93980519426452,102.29707920430886,41.3796960159024,-1.6349138688676135,98.30898204279016,86.91882048813433,2.7874841645381787,1408229500,21.484758073214394,13.732919703665845
2023-03-02 00:00:00-05:00,89.04585177857054,91.64790048854901,88.9763239895768,91.36981964111328,32204400,93.83902144708212,102.1883502534313,45.51902682827086,-1.5449645634794962,96.82181528789442,87.43005137063423,2.7792050455691815,1440433900,30.832627443907782,13.026651945149847
2023-03-03 00:00:00-05:00,91.8465229964728,93.08796060004295,91.81672212919472,93.00850677490234,35160100,93.80645224425155,102.09700852727678,49.39097271722268,-1.326163546437499,96.60716818564751,87.46460712359729,2.703414753666359,1475594000,38.72986667128035,12.344703370607318
2023-03-06 00:00:00-05:00,93.37597339821141,95.31262072930046,93.35611372922939,94.4783706665039,32639300,93.83280198630067,102.02120118537854,52.64216057385276,-1.0223711736820889,96.71334178581381,87.43258716926431,2.6748932680043422,1508233300,46.58733282484492,12.435512894123425
2023-03-07 00:00:00-05:00,94.3294024032927,95.01467083852157,92.88933017275697,93.21707153320312,27835500,93.80865569402233,101.9335979052574,49.69212468330717,-0.8733227079554808,96.59723016129368,87.44938340478706,2.635639510701503,1480397800,49.189452599844024,12.33171498914464
2023-03-08 00:00:00-05:00,93.47528622554559,95.30267869600031,93.35610549076799,93.6043930053711,34103300,93.8006453925066,101.85072024456201,50.60748668407404,-0.7156970095869752,96.5234977666139,87.46617406769599,2.5963514858511947,1514501100,47.33017254502181,12.331782724601046
2023-03-09 00:00:00-05:00,93.40575962887051,94.8756173714821,91.27048563406338,91.68760681152344,28813500,93.71778113442883,101.7495947377656,46.1338248890515,-0.7369510219460693,95.59690512917594,87.7809838682199,2.668407218106018,1485687600,48.89372098303144,11.48306206308018
2023-03-10 00:00:00-05:00,91.53864552759404,92.15440133504755,89.78077313404465,90.00919342041016,35941000,93.57234632211437,101.63277482416008,42.584016229490956,-0.8790952506131475,94.96203656699795,87.76964169634842,2.6473515740272235,1449746600,48.84148996162568,11.170626570537737
2023-03-13 00:00:00-04:00,89.47290622541813,91.93592228506377,88.80749734787294,90.48592376708984,37335600,93.45131014348597,101.52186088329371,43.90431875496199,-0.9424138607953694,94.54211946467863,87.76052030582919,2.6817139571103383,1487082200,48.49796496956674,11.214130045957734
2023-03-14 00:00:00-04:00,91.92597154460599,93.7136447693308,91.806798381047,93.3263168334961,36050200,93.446408445055,101.44031318130568,51.11688543947693,-0.7546986371416864,94.85594648202326,87.73536821524237,2.720714460333954,1523132400,55.73723977679086,10.535911304886833
2023-03-15 00:00:00-04:00,92.58146426998951,96.26605065899415,92.00543532668166,95.45166778564453,50622100,93.52504606625459,101.38072466990607,55.706127445282355,-0.429484085251417,95.70348357981385,87.47842458262105,2.830707379760992,1573754500,65.3291056117032,10.548159771831426
2023-03-16 00:00:00-04:00,95.54105352317379,100.49687885609787,94.84585136080732,99.6328353881836,65492000,93.76456721613417,101.36333273675461,63.05455757057085,0.16374848164866762,97.88385003124797,86.5467804619161,3.0321588165845315,1639246500,74.60430969488317,11.701409124625343
2023-03-17 00:00:00-04:00,99.57323488486855,102.13555648041809,99.41432722588,100.92391967773438,61028500,94.04532613619693,101.35896046751064,64.98622162754418,0.7296582311596183,99.82300753100354,86.2615495572126,3.0099495621526424,1700275000,76.46164981540326,13.13613151485943
2023-03-20 00:00:00-04:00,99.43420102629747,101.05303312899842,99.18591347561197,100.52666473388672,32960400,94.29949627728281,101.35067891792235,63.8795169434054,1.1330297689463578,101.1985480731855,86.3889773581296,2.928318854383629,1667314600,70.28585896412315,14.371197629056043
2023-03-21 00:00:00-04:00,100.55645742962116,104.38008417201192,100.52666413605763,104.2013168334961,42110300,94.68780296576176,101.37904347429622,69.11843249633756,1.7292842208113939,103.42610122910936,86.1291854326745,2.994397510210105,1709424900,71.1573447983364,16.210619108096875
2023-03-22 00:00:00-04:00,103.55575527784055,105.85986315524171,102.62219935716337,102.66192626953125,43427400,95.00051368355665,101.3918084772339,64.87348473032216,2.053927815080968,104.67450590358135,86.60356518203062,3.011773673629265,1665997500,71.99831266465655,18.18628853658271
2023-03-23 00:00:00-04:00,104.34035358194444,105.5718652382067,103.7444650002461,104.87665557861328,40797800,95.38781336571574,101.42648357277001,67.92555248669021,2.4615451877821215,106.35232747916626,86.72665506477904,3.004499766132564,1706795300,72.51212048602152,20.020838720176698
2023-03-24 00:00:00-04:00,104.27083604812334,104.76741114179761,103.12871181724563,104.71775817871094,30393300,95.75369355446065,101.45923257382415,67.47258474807632,2.74017615514515,107.72997308793853,86.91024297651458,2.914745765792213,1676402000,66.84206312989102,21.423109894398635
2023-03-27 00:00:00-04:00,103.90335583254658,104.04239622651613,101.23177990516989,101.75814819335938,31120900,95.98916236382924,101.46220685859565,59.51206395451619,2.6911554480637108,108.3183716689305,87.29248139910337,2.9555480877742726,1645281100,66.15393105134703,21.84109234238698
2023-03-28 00:00:00-04:00,101.7383046499017,101.74823069594882,99.05679467597474,100.33795928955078,32057900,96.15970341973988,101.45102031562008,56.09216962666826,2.5087890504959205,108.56201744009151,87.99828732878869,2.937391332746441,1613223200,60.415511198963614,21.332424870996647
2023-03-29 00:00:00-04:00,101.57939095840531,101.78795157003168,99.96055902408595,100.69548797607422,28779600,96.33757732390987,101.44350258089824,56.7657433436342,2.365840012574367,108.78027704858007,88.72550704972721,2.8581057051178185,1642002800,65.32281252452285,20.8718859535139
2023-03-30 00:00:00-04:00,100.21878081953102,100.46706834599645,99.09651635054152,100.19891357421875,33086200,96.48900227490238,101.43111861068253,55.49243078676204,2.187268990549626,108.62120737402878,90.01941762597122,2.7681675565760244,1608916600,65.26710505478638,20.088158190206745
2023-03-31 00:00:00-04:00,100.60610755392301,103.17836266038097,100.34788640788328,103.01946258544922,36863400,96.74509875766893,101.4469230283419,60.862455375749384,2.247437837545206,108.18936725836667,92.18596029697187,2.78325909440361,1645780000,71.46053575813646,20.18344260959227
2023-04-03 00:00:00-04:00,101.68864224254398,103.81398293626825,101.23179408733668,103.64514923095703,25035400,97.01568897230767,101.46879592588037,61.95894093403246,2.3188791698752027,107.31289593380632,94.81699501671451,2.76889693401275,1670815400,71.06513320184145,20.447469000276644
2023-04-04 00:00:00-04:00,103.6153575922124,104.85679528719108,103.32734313772123,104.002685546875,24420100,97.28968883797698,101.49400875793006,62.60368318212955,2.3769471657639514,106.60808061323098,96.94532616574037,2.6803651636882573,1695235500,69.85417384631305,20.97736350131755
2023-04-05 00:00:00-04:00,105.05541876730959,105.37322650348958,102.9499453565425,103.75439453125,28290500,97.54320670830141,101.51650015865962,61.8200934888738,2.375547626643865,105.86453688972587,98.79590012199289,2.662002019635316,1666945000,61.88849284935357,21.609398441912813
2023-04-06 00:00:00-04:00,104.53898710670686,108.42220026038169,103.6153571623888,107.67733764648438,48711500,97.940623607838,101.57780202421011,68.52369593955781,2.6603206849400465,106.99267308211479,98.74036423071074,2.8152049538037134,1715656500,61.14361648812702,22.93462687631694
2023-04-10 00:00:00-04:00,106.24720898582663,106.85302362121595,104.39994905536618,105.71090698242188,27067400,98.24534060291973,101.61892744667989,62.59119339558938,2.696250171258967,107.40097192315929,98.97033036362456,2.848218070754748,1688589100,61.70107175515599,24.165196136835053
2023-04-11 00:00:00-04:00,105.82015698023338,105.99892431955422,103.9629633760187,104.62837219238281,26311800,98.4956555672124,101.64887217051773,59.53542443066912,2.6073175043973578,107.4764977916635,99.44169882291983,2.790199704524803,1662277300,54.572336705713916,25.06859759638244
2023-04-12 00:00:00-04:00,105.84994678392115,106.01878049406454,103.62528495080397,103.92323303222656,24370300,98.70850174231099,101.67150262685314,57.56401857006911,2.4516774762238214,107.4466380065969,99.43448076781716,2.761863693005929,1637907000,46.97602225133343,25.716901959928375
2023-04-13 00:00:00-04:00,105.11500209869247,106.75370126589488,105.11500209869247,106.6941146850586,24843600,99.02166303418345,101.72147886623827,62.77967079799291,2.5228369310006826,108.00131624090429,99.4174276555801,2.7667640173389567,1662750600,44.98797807699726,26.52450027984823
2023-04-14 00:00:00-04:00,106.15781931069009,108.19378015639614,106.10815877215703,108.12425994873047,26578000,99.37862761906766,101.78518813074068,65.15980687431426,2.663924024227043,108.72875312439807,99.12300468810194,2.7181109721175396,1689328600,51.90936869658147,27.654279406630824
2023-04-17 00:00:00-04:00,103.94310106029505,105.43282632433963,103.80405306468714,105.24412536621094,37571200,99.60864713856348,101.81960541666577,57.223582566052315,2.5143499109216094,108.79407072561582,99.12786937855086,2.8325463943979536,1651757400,51.021362521921816,27.411885990793074
2023-04-18 00:00:00-04:00,105.76056170452979,105.81022224492733,103.35714006112804,103.78419494628906,26596400,99.77239411141547,101.83915357118939,53.65613505800442,2.2520469691538096,108.78648119515147,99.40559847607248,2.805441807926621,1625161000,51.54040998922531,26.957391928686405
2023-04-19 00:00:00-04:00,102.87048871639287,104.26090036560062,102.36398004606087,103.46637725830078,20905700,99.91725619560704,101.85534485165816,52.8832212984672,1.9955216354602783,108.56673632072079,100.04246574633649,2.740547415898987,1604255300,45.66124489644816,26.031672891269178
2023-04-20 00:00:00-04:00,103.19824205773932,105.52220991435789,103.1585151400448,104.56878662109375,27820800,100.09966915346926,101.88234427224955,55.28910446410291,1.8597407489948665,108.36337085641314,100.76227102998008,2.713629370071423,1632076100,52.934528247022776,25.625399587155336
2023-04-21 00:00:00-04:00,104.74755961365022,105.27392804151619,104.06228350643256,104.68797302246094,25800100,100.27960263852778,101.91026097623175,55.553349282706726,1.741673832938801,107.8640556203861,101.86012752577275,2.6063447390008654,1657876200,51.72222915245553,25.24814580476391
2023-04-24 00:00:00-04:00,104.76740994777748,105.89960054228061,103.98282039945786,105.24412536621094,23542800,100.47428980431928,101.94343375623156,56.83530646939306,1.673688557661933,107.84894346495831,102.17186138530211,2.5570901249881426,1681419000,51.601700209874664,25.129553069955282
2023-04-25 00:00:00-04:00,105.10507420960258,105.95918387989818,103.12870010568425,103.13863372802734,46664100,100.57877387975881,101.95532629326435,50.85513390883201,1.4333909200524602,107.89039198034989,102.0628774695199,2.5766182427899844,1634754900,43.033697678332324,24.52076162213202
2023-04-26 00:00:00-04:00,104.20130635010432,105.62151129178214,101.92699171890646,102.99959564208984,53347600,100.6737080665169,101.96571703305366,50.47742464058807,1.217697243616385,107.95302598268124,101.86649814655054,2.6564683377961056,1581407300,40.63021901480834,23.298768667729632
2023-04-27 00:00:00-04:00,103.73452148035895,107.62767550211079,102.83075885938467,106.85301208496094,50089200,100.91603371429902,102.01434683456519,59.46343022789213,1.3422246236904556,108.23752046335416,101.99515267303907,2.8093575024339636,1631496500,40.767061633259544,22.98510816454178
2023-04-28 00:00:00-04:00,106.30680342947261,106.61467758159495,104.37015590005983,106.60474395751953,36139800,101.13912039050375,102.06002242782843,58.724098192494296,1.404687938383475,107.9711085632267,102.11855208130456,2.7860359797530454,1595356700,48.029686530184655,22.693851983010205
2023-05-01 00:00:00-04:00,106.10816356457741,107.25028780821327,106.08830389454782,106.4656982421875,26681700,101.34800579645213,102.10385999812057,58.286996419582934,1.4265266271520005,108.09065161897867,102.099647860188,2.670032260746789,1568675000,53.951380671074496,22.676107606115306
2023-05-02 00:00:00-04:00,106.4061047175776,106.46569130091618,102.99959945592909,104.59857177734375,30997200,101.47547897217338,102.12868300089892,52.62276859895386,1.2784354359471877,108.08993986265969,102.0963862278351,2.7268941554261907,1537677800,53.16771072551439,21.07884172228577
2023-05-03 00:00:00-04:00,104.80714620483953,106.7537198140868,104.24105085713565,104.68797302246094,21795400,101.6014591310082,102.15414857325277,52.858991728922206,1.1549722323522218,108.0850739813103,102.20321744121574,2.7115923555351173,1559473200,52.829334812354844,19.68205658487448
2023-05-04 00:00:00-04:00,104.76740834360812,104.8766554674694,103.25782343309649,103.97289276123047,23419500,101.69445652827181,102.17224553034708,50.682261382242146,0.9880362858209537,107.8337229085206,102.09173892416169,2.633538046880674,1536053700,47.25636369699852,18.625035028536708
2023-05-05 00:00:00-04:00,104.10200016796126,105.1547369199555,103.39686445887698,104.84686279296875,26639300,101.81808030335797,102.19885863743785,53.217925182421304,0.9157047486394276,107.06583504539051,102.42264049985687,2.5709905050376634,1562693000,54.4746394772626,17.502215340618026
2023-05-08 00:00:00-04:00,104.45953635489589,107.22049264611049,104.43967668521239,107.03179168701172,26511400,102.02253957330518,102.24694752350327,58.90631158913339,1.0228956811571805,107.44446272361388,102.28236833107361,2.585978037599123,1589204400,60.52636390018123,17.008192170442705
2023-05-09 00:00:00-04:00,107.64753918803392,109.39548549302289,106.45576209384788,106.61466217041016,36360100,102.20262281240734,102.29040737073618,57.469611335624194,1.0619449610800018,107.70288993903198,102.40133674553833,2.6112455634259715,1552844300,66.47662070496628,17.376010437037035
2023-05-10 00:00:00-04:00,107.2304286612031,112.1663863838794,107.19070174381547,110.98453521728516,63153400,102.54701153416725,102.37691610552771,66.64704471585429,1.4290310506724637,109.39209807158032,101.71454967418792,2.8212797527147764,1615997700,69.08915406602442,18.555946901029728
2023-05-11 00:00:00-04:00,114.60953101340723,117.11226610524719,113.62631446773452,115.77151489257812,78900000,103.0656195090069,102.51019569544862,73.41473318802349,2.082216182705068,112.63180886977149,99.96853597886131,3.057454833803866,1694897700,72.48506573740067,20.712647265431006
2023-05-12 00:00:00-04:00,115.88076166873074,117.22151287736642,115.31466637721192,116.705078125,41102300,103.60050023904584,102.65143830668794,74.50138274415735,2.644714237081004,115.20680988433197,98.99581564463939,2.9752685242574826,1736000000,73.5333450010327,22.734761543634395
2023-05-15 00:00:00-04:00,115.31466773479636,117.66843638362967,115.21535423245682,115.71192932128906,36266800,104.07545824227108,102.78139344116158,71.16870870987538,2.976053101756662,116.88776935150103,98.71056337148075,2.9379694976085804,1699733200,74.32017518290138,24.69578204113474
2023-05-16 00:00:00-04:00,115.69205805683869,119.92287978836107,115.63247147293116,118.69137573242188,45035600,104.64863147717895,102.93970172266667,74.8093201615102,3.4394105800771655,119.04129484744438,98.63073680945668,3.0345722703101043,1744768800,83.4617291071985,26.910195110810935
2023-05-17 00:00:00-04:00,118.79069754797297,120.83658456146485,118.07562818248286,120.01226806640625,33323600,105.25112702969767,103.10957800469393,76.24164999399919,3.8686147099044774,121.07098509002925,98.86940289011399,3.0150282780723816,1778092400,83.09123202221329,29.11214543288266
2023-05-18 00:00:00-04:00,120.12150510967228,122.46534002102402,120.00233194352047,121.98863220214844,35234200,105.90749978155849,103.29742929024074,78.23568332561658,4.318457651966256,123.43242157971586,98.52604908271904,2.9755982637460363,1813326600,83.2215540268428,31.40198187561725
2023-05-19 00:00:00-04:00,122.7037026780781,125.10712419543219,121.31329096834843,121.91911315917969,41353400,106.53540618852404,103.48271967699637,77.98773342424252,4.616139832182768,125.3315233361706,98.66886321981899,3.03404361827016,1771973200,83.83364943703737,33.87283928971228
2023-05-22 00:00:00-04:00,122.0978731372896,125.56396479141199,121.89923857520877,124.19342041015625,35253000,107.2278773344704,103.68879630120692,80.19870284275414,4.978187248872658,127.45144020681694,98.91264263823514,3.0790923752653785,1807226200,89.33062553831799,36.22213517614346
2023-05-23 00:00:00-04:00,123.30952819924319,123.77630241228727,121.37288083002176,121.7204818725586,34046300,107.79621476733661,103.8682160581358,71.75872066982728,5.0078397034068445,128.40179799992336,100.24520619115737,3.0606243184703152,1773179900,83.15653652831247,38.07851967857617
2023-05-24 00:00:00-04:00,120.29034788119394,121.07493740233252,119.03897658115086,120.07185363769531,34182600,108.27761237009578,104.02944628280804,66.71779855551088,4.842487782059536,128.69242303462585,102.00576523848613,3.033544387965845,1738997300,81.05139061592817,38.46636442071391
2023-05-25 00:00:00-04:00,123.66704760178328,124.46157071574463,121.12458576052133,122.6341781616211,42317000,108.8406149501556,104.21456799304498,70.21938639165418,4.862155466307911,128.9014951886933,104.28486447113745,3.1304138658289498,1781314300,81.72047616220549,39.442550198626165
2023-05-26 00:00:00-04:00,122.32630058666038,124.4019883136242,121.61123127549837,123.75643920898438,35635900,109.42554923481556,104.40901447280558,71.62736819370511,4.911680539325715,128.90042296629377,106.80721354900571,3.106152663850156,1816950200,82.13286969987311,40.349008420973256
2023-05-30 00:00:00-04:00,124.77939071533267,124.79925796255891,121.16432458789733,122.82288360595703,35076700,109.95093489642896,104.59223705124491,68.71693159762602,4.820036995273924,128.54750482590785,109.26561061191768,3.143922714622401,1781873500,76.09857785171985,40.94261307154538
2023-05-31 00:00:00-04:00,121.90917771682845,123.210201954541,121.66089018583695,122.02835845947266,37325800,110.42455934988166,104.76573079660041,66.24967104472348,4.629926377903843,127.07781758134968,112.79045736168419,3.030021932771091,1744547700,68.53153658234142,41.49381738993378
2023-06-01 00:00:00-04:00,121.97869149626527,123.56773009546939,121.7800645127899,122.87252807617188,30772700,110.91271498620678,104.94589793371058,67.58150728545507,4.495557785251961,126.1546903375238,115.29865032002827,2.941282193478833,1775320400,65.84637890435405,42.08172357975108
2023-06-02 00:00:00-04:00,123.14068238937887,125.28589030532665,122.91226210287383,123.81602478027344,26980100,111.4187271349937,105.13366038989528,69.05147607007066,4.414316513441605,126.19352941832125,116.3324125575902,2.903573624598543,1802300500,65.04185681819578,42.97579705119857
2023-06-05 00:00:00-04:00,123.160542808381,126.55711424322588,122.99170153716558,125.14684295654297,32305500,111.95708461819171,105.33279653483706,71.04577500988749,4.406522476786151,126.46538763320109,117.1861229869161,2.950847844702954,1834606000,71.8567053551397,44.03855896827981
2023-06-06 00:00:00-04:00,125.14685186297365,127.41122540355373,124.50130275345192,126.43794250488281,26638300,112.52496139806196,105.54279798727534,72.87215563701108,4.4531929536126995,126.43772021739619,118.64392549386682,2.9479246165171573,1861244300,70.9219201213843,45.17390362431456
2023-06-07 00:00:00-04:00,126.10027088310036,128.15608373390776,121.28349435723253,121.660888671875,52539000,112.88323305585855,105.70317699906239,58.235220161439436,4.0579339849193445,126.09795527336918,119.37962549648758,3.2282578136713056,1808705300,61.53785992765271,44.32313564406097
2023-06-08 00:00:00-04:00,121.39274743989765,122.38589760029983,120.40952332556272,121.30335998535156,29389200,113.21343411191711,105.85840270041851,57.307461212360366,3.673493085907907,125.95877942571838,119.6909469333311,3.1388375608902916,1779316100,55.2155955146397,43.090437974138034
2023-06-09 00:00:00-04:00,121.41259801006571,122.91225676148075,121.0749306178595,121.39273834228516,23778300,113.53419114055899,106.01297320431769,57.48978732179394,3.33755967970383,125.97505408150884,119.5952197628922,3.0458724596567888,1803094400,53.547893363366796,42.0983342113817
2023-06-12 00:00:00-04:00,121.94890708399343,123.20027838695897,120.8266501491064,122.79308319091797,28306400,113.89728494645541,106.17993947284108,60.34710849746387,3.1480375439111867,125.99966678781857,119.68713639414759,2.9978550152422017,1831400800,52.81796384923733,41.26287509016747
2023-06-13 00:00:00-04:00,124.12391285793474,124.30268019345986,122.33623950268348,122.9817886352539,22278300,114.25353999307497,106.34712205157156,60.73016162383501,2.9787298941185583,125.83752527179833,119.68772700684751,2.924182563494643,1853679100,59.02953983016014,40.81195874440658
2023-06-14 00:00:00-04:00,122.25678829416454,123.2002855319085,120.61808894619637,122.82288360595703,30592300,114.58959268377623,106.51105997748586,60.20276362975727,2.7994596260565743,125.86014844676231,119.81209072966999,2.8997549936530356,1823086800,59.41530483022818,39.44048042971048
2023-06-15 00:00:00-04:00,122.29650693637248,124.60061494495433,121.56157795855897,124.23314666748047,35246300,114.96777127137248,106.68739914853057,63.25280287303987,2.739602655975034,125.81903520626703,120.40804304080329,2.9097037074203445,1858333100,58.7942710498321,38.613947512193285
2023-06-16 00:00:00-04:00,125.0673997869077,125.24616711855725,122.43555035095251,122.683837890625,45535600,115.27036211918632,106.84656769322804,57.994319519081635,2.5378940430169905,125.8201120365429,120.41358750772793,2.9026260688620873,1812797500,49.70467348725221,38.042863221273414
2023-06-20 00:00:00-04:00,122.08794882394656,123.7167144715317,121.30335929245436,122.25678253173828,26097500,115.54433939026679,106.999903164258,56.59759868222701,2.316871265853578,125.72903344366027,120.30471187697775,2.867678148163177,1786700000,50.71119589626619,36.88591917864675
2023-06-21 00:00:00-04:00,121.56158475873276,121.81980592970349,119.27733629111745,119.72425842285156,30306300,115.7082577837015,107.1265136643435,49.052884353583956,1.9152774657618892,125.98300999597835,119.63758530024562,2.8756615833387236,1756393700,51.571277470384224,34.81419439342021
2023-06-22 00:00:00-04:00,119.17801777862638,122.39582213705168,118.01603392379701,122.30644226074219,26952200,115.96701011613447,107.27755772997932,55.55802119031707,1.7847980998720772,125.9862690543335,119.67140408205974,2.9830991997612912,1783345900,51.1039655904171,32.34062230139868
2023-06-23 00:00:00-04:00,120.54856799361531,121.9489134061973,120.23076023416286,121.50199127197266,34913600,116.18406820067715,107.41909438213847,53.27576877744601,1.5980583685195597,125.96313779238993,119.51179710344341,2.9182836873911513,1748432300,51.89805713898674,30.043733930235835
2023-06-26 00:00:00-04:00,119.9328098317089,121.16431385089092,117.45986059347797,117.52938079833984,33969900,116.23682555744824,107.5196942469763,43.72374607249689,1.1166374202068994,126.39576379523709,118.24095190300511,2.9985584724699756,1714462400,44.51057565711847,28.985393661559815
2023-06-27 00:00:00-04:00,116.27802486079214,118.26432522024346,115.3047343507218,117.51946258544922,39535900,116.2871250487424,107.61919442944868,43.702678436719935,0.7259393563102066,126.23691157659624,117.38282007216677,2.9957750722593817,1674926500,37.487904318997444,28.69379131997505
2023-06-28 00:00:00-04:00,116.28794321343172,119.56534162054723,116.04958930766475,119.35678100585938,27091400,116.40750371372738,107.73598633568163,48.63966528167798,0.558130783018612,125.15881539675821,117.51676138546834,3.0329163037324602,1702017900,45.93303521748478,27.806720718063666
2023-06-29 00:00:00-04:00,118.42322773873825,119.23761059973769,117.4896717030926,118.28418731689453,24090900,116.4810991491457,107.84094355937529,46.098147228091975,0.33473333550213624,125.21830922923436,117.00704070566147,2.949644375092054,1677927000,52.064246283338164,26.983012302003097
2023-06-30 00:00:00-04:00,119.3468553444313,120.25062564550082,118.87014750109746,118.88007354736328,29532200,116.57517657652679,107.95078564880801,47.7321400204588,0.20342730428869515,125.20216266532468,116.70008241117272,2.879415371771642,1707459200,52.63789685451828,25.730470930032773
2023-07-03 00:00:00-04:00,118.4232220961238,119.36671928754727,118.0061008504676,119.07870483398438,14467900,116.6733541552506,108.06151121283962,48.294804650247656,0.1140791795723004,125.13955550767552,116.45415176771509,2.770929876436501,1721927100,47.62459969875886,24.898400261714688
2023-07-05 00:00:00-04:00,118.42322188319095,121.77014061981656,118.4132958372177,120.91603088378906,27584800,116.83973363480114,108.18941688120728,53.30243634330653,0.18934436013992695,124.88331526824338,116.46011836619674,2.812780941162383,1749511900,48.2118454537103,23.19725824564484
2023-07-06 00:00:00-04:00,118.97938784922883,119.47596291107514,117.58897616063236,119.28726196289062,24745200,116.93571513786347,108.29984320042801,48.79118060357404,0.1162247516794821,124.49763542022494,116.35319465790006,2.8495147827334066,1724766700,48.97473155672537,21.800888424337266
2023-07-07 00:00:00-04:00,119.27733118880711,120.2208283751295,118.58212911647212,118.66158294677734,21709500,117.00339622840912,108.40294508845139,47.14065303966673,0.007701094173725664,124.09413202708883,116.20185796314554,2.7630279595851195,1703057200,47.12778835244206,20.3055754324135
2023-07-10 00:00:00-04:00,117.48967002628223,117.49959607260462,115.34446198765048,115.65233612060547,35315200,116.9504134790835,108.47507833255243,40.11235018597192,-0.31746620304447504,123.47495921977551,115.67692269754218,2.8026060309809586,1667742000,48.6433992764932,20.013475329177673
2023-07-11 00:00:00-04:00,115.49342464859208,116.90369595511098,114.55986114114224,116.33760070800781,23078800,116.92638160570799,108.55331238603955,42.22477696746277,-0.5139440761942211,122.98784236444895,115.31787459518647,2.769836658337229,1690820800,49.18417364892736,19.995553564023634
2023-07-12 00:00:00-04:00,117.98623440184863,119.50575283595185,117.59890647069032,118.11534118652344,30404400,116.97300747162232,108.6484569512185,47.40755393630784,-0.5202087639804347,122.35815261380371,115.39537216646973,2.798287763309144,1721225200,56.94464784852983,18.85551932314051
2023-07-13 00:00:00-04:00,120.10165493888594,123.97494226494403,119.62493950517667,123.68692779541016,44297900,117.23629846471204,108.79809347703137,59.63036114746315,-0.07473163872818134,123.36224769342495,114.91963300318965,3.0169530001028195,1765523100,58.85293633431174,18.672753102765093
2023-07-14 00:00:00-04:00,123.94514195311505,125.91157501012879,122.64411010204061,124.5608901977539,33283100,117.52353735620387,108.95493722549627,61.15538609382426,0.34485834208351207,124.07564216114199,114.50683159374083,3.034846707816059,1798806200,58.77444633729402,19.00274222334856
2023-07-17 00:00:00-04:00,125.07733004581449,126.22938025879756,123.34924336063862,123.7961654663086,25716200,117.76952277228642,109.10261113834017,59.05324005460528,0.6086632391616007,124.63123150395155,114.2571321435094,3.023796007126265,1773090000,66.47512700908308,19.38891161111485
2023-07-18 00:00:00-04:00,123.7465044333863,123.82595826213851,122.11773882963688,122.91226196289062,26193600,117.97119881897679,109.24002059928098,56.63019959080309,0.7379008335893076,125.15280665272483,114.45327448334287,2.929826251795934,1746896400,68.48520042801869,19.238634710123044
2023-07-19 00:00:00-04:00,123.74650254253834,124.32253142648887,120.96568677290944,121.19410705566406,37224000,118.09758737727826,109.35896673317534,52.15079762773941,0.693685442509306,125.29257280212877,114.80346092996757,2.960327566209041,1709672400,59.86561344595074,18.642157712092
2023-07-20 00:00:00-04:00,120.58829377086548,123.24000294908879,117.41021620638075,118.38349914550781,37906800,118.10879960348335,109.44876307558661,45.772571836037216,0.4269304687161082,125.28406935120634,114.68219346617647,3.1652889359589693,1671765600,52.073167452803624,17.74835665544915
2023-07-21 00:00:00-04:00,119.79377211980879,120.16123282072522,117.91671896913194,119.1978759765625,72937900,118.15150848085901,109.5457691741038,47.76600644514939,0.27803363567205963,125.28616433180406,114.80192364020115,3.099519287075706,1744703500,40.71572129005265,16.91839853142365
2023-07-24 00:00:00-04:00,120.82665465609776,122.15747226159789,120.15131222994013,120.69754028320312,29686100,118.25135286526466,109.65673207071175,51.31520016143541,0.27783943896589847,125.37804807891743,114.95236879119975,3.0895247869299687,1774389600,45.717340175077126,15.96084874926066
2023-07-25 00:00:00-04:00,120.52869533917904,122.30643490674167,120.19102036900003,121.37287139892578,52509600,118.37376535678078,109.77331057149001,52.86829166164453,0.32839359677267055,125.5291270379786,115.10717870746412,3.019945483416517,1826899200,48.49305688479625,15.121647009832026
2023-07-26 00:00:00-04:00,129.1790446188331,130.08279971943918,127.44103189219841,128.384521484375,61682100,118.76634402845114,109.95849674972769,65.25979900690584,0.9235930879474381,127.40531081316696,114.22679367902053,3.426372828923437,1888581300,57.02396565550122,16.323169429776296
2023-07-27 00:00:00-04:00,130.76806570410903,132.32731856189324,127.9077887011387,128.51361083984375,44952100,119.14858978576066,110.14312475062438,65.43995146079092,1.3896899246266514,128.98643005143612,113.87585429101178,3.4973126169113726,1933533400,59.07496743586328,17.840204832078307
2023-07-28 00:00:00-04:00,129.8841712389039,132.82390225649658,129.67561820048323,131.67184448242188,36591200,119.6396978130807,110.3573408673587,69.59428685459552,1.990967452776104,131.24240664369336,113.3545792368405,3.5553825311786196,1970124600,65.4798359038422,19.334916598437896
2023-07-31 00:00:00-04:00,131.82082387376738,132.61534707710356,130.87733419979864,131.81089782714844,28055500,120.11699977441668,110.57080909581433,69.76660696705657,2.450457321956577,132.7406836316396,114.01077714309999,3.425570413044784,1998180100,69.83188816724484,20.722863238628943
2023-08-01 00:00:00-04:00,129.88419580245696,131.72152993021047,129.7848747101515,130.64892578125,23166800,120.53001648056701,110.77059135139079,66.38109679386869,2.6898381409071135,133.54710166941624,115.11253578175562,3.3256027490413658,1975013300,65.19353824077479,21.546697039929416
2023-08-02 00:00:00-04:00,128.5632807351884,129.19889620943687,126.68622760387115,127.50061798095703,26273300,120.80337340215094,110.93705927805314,58.14776302329235,2.5955867284842356,133.66037837313033,116.25062931729937,3.3711095653511864,1948740000,59.103758096195484,21.127673819101233
2023-08-03 00:00:00-04:00,127.09342158195221,128.50369292843845,126.54718598719074,127.57012939453125,20089500,121.06873638224428,111.10256246329173,58.27082805924325,2.4977087633840824,133.98368418958964,116.44508371405618,3.270066520772367,1968829500,54.19702800767762,20.68883765007585
2023-08-04 00:00:00-04:00,128.39445152048964,130.60917213492286,127.03384065014664,127.23246765136719,26147200,121.3104513339746,111.26305903232732,57.388057275177886,2.3656238509491203,134.2098528327863,116.57512539800797,3.291871161058356,1942682300,54.304602057761564,20.824215491726495
2023-08-07 00:00:00-04:00,128.27528247274873,130.7084974129968,128.1362420519994,130.62904357910156,22746300,121.67588632397958,111.45575539597681,63.39533072786707,2.5061317701888726,134.9885152749967,116.70751337083664,3.305025346813445,1965428600,59.05289547872026,20.974924030347573
2023-08-08 00:00:00-04:00,129.7252678010533,130.60917082877378,128.6526638200663,130.4999237060547,23535200,122.02192700562959,111.64524960801738,63.03154932311808,2.577356255273955,135.62735164858736,117.08036522966783,3.2101220905435754,1941893400,65.22804806823581,21.114867673352858
2023-08-09 00:00:00-04:00,130.75815086279874,131.1355376104998,128.11636785754888,128.7718505859375,24912900,122.28662989113187,111.81566354809618,58.2166814167263,2.4659353464819986,135.77175572547895,117.94632695681271,3.1964826378583853,1916980500,66.60092161382462,21.003057058758007
2023-08-10 00:00:00-04:00,130.42049066551243,131.14548606346665,128.56328949903425,128.80165100097656,20857800,122.54212091504735,111.98467834862235,58.27587280642888,2.3529151764460323,135.25795323757515,119.849216358779,3.1526050611851,1937838300,78.4448927007967,20.902391806051007
2023-08-11 00:00:00-04:00,127.77868690101995,129.0399765320376,127.2920379292445,128.67251586914062,19591100,122.7825285603059,112.15072648315488,57.89314542562554,2.2272513839757124,134.46831372750933,121.90214118785526,3.0522717427285286,1918247200,73.48578217860468,20.20815153152633
2023-08-14 00:00:00-04:00,128.50370607466445,130.47013926270824,128.07665875506092,130.430419921875,24695600,123.08244586860273,112.33261398005757,61.59115036647151,2.2436467258883113,133.75206850325233,123.91610369726848,3.005215225937014,1942942800,71.87773673813821,20.061603146868986
2023-08-15 00:00:00-04:00,130.20200257868774,130.51980277539664,128.39446186710262,128.8910369873047,19770700,123.31023375561065,112.49737440799039,56.88016537341088,2.1081236773254943,132.2227364632706,126.44785781570076,2.942367060391086,1923172100,63.191742881238675,19.94263727653156
2023-08-16 00:00:00-04:00,127.81842041015625,129.3875994550616,126.99411154985026,127.81842041015625,25216100,123.48702538912225,112.64982262691741,53.79271900626724,1.8923555940655348,132.24783266641307,126.34728146932909,2.903161406449676,1897956000,53.73306534252858,19.14173791302411
2023-08-17 00:00:00-04:00,128.91090189592276,131.08590330762058,128.40438558377576,129.0300750732422,33446300,123.70439988653872,112.812810213448,56.65490324091395,1.798397432509006,132.256808944751,126.40716708877764,2.92918437009358,1931402300,53.22964632862349,19.026208495764994
2023-08-18 00:00:00-04:00,127.6297171477929,128.3646536960574,125.51431010865518,126.5869140625,30504800,123.81743965814505,112.94986597314008,49.937902680981466,1.5093928955891585,131.93312418933868,126.05286112153374,2.971082983985968,1900897500,44.60778846748037,17.67533197447174
2023-08-21 00:00:00-04:00,126.30882582321787,127.84820388077635,125.69307005391427,127.49066925048828,25248700,123.96148787745263,113.09455058286494,52.19571633355466,1.3378582119092641,131.3120700393121,126.0978847946723,2.9128009013342617,1926146200,51.696282208570665,16.42094663327086
2023-08-22 00:00:00-04:00,127.62971321202188,129.38759312280365,127.4410274236173,128.19581604003906,22054900,124.12753996225995,113.24481193069752,53.941158555374386,1.2444697197378076,130.9396372976867,126.14323623746954,2.8437841011808396,1948201100,58.81497334075872,15.84661621593264
2023-08-23 00:00:00-04:00,129.28828598704578,132.49617204970477,128.98041184919285,131.46328735351562,27819700,124.41521633054448,113.42609029311363,61.03982120329637,1.4177730888296765,131.53689910645127,126.07433034504614,2.9478249517869015,1976020800,65.54787541886638,16.332721109595294
2023-08-24 00:00:00-04:00,133.03247167127745,133.3304197742527,128.68248392321104,128.8910369873047,28500700,124.59073870924097,113.57997035972251,53.98590851131142,1.3322013620235111,131.54391960048454,126.24343086338267,3.0692614445908135,1947520100,57.57568234502304,17.022118292005178
2023-08-25 00:00:00-04:00,128.6526586317479,129.86430297876237,126.37835154683795,128.99034118652344,26762900,124.76327213972263,113.73330738287476,54.205930015772864,1.257897906919041,131.5079561877955,126.51377741409252,3.0990250151146426,1974283000,50.47574902269455,16.64014527269874
2023-08-28 00:00:00-04:00,130.410527384116,131.63209767191532,129.2485436731459,130.11257934570312,20543300,124.97304889289835,113.89628521335067,56.724305188757164,1.274871202291223,131.39637799265438,126.55649371144716,3.066362977277302,1994826300,50.05848157201433,16.826742156363064
2023-08-29 00:00:00-04:00,131.33418219305656,135.6345241905877,131.33418219305656,133.64822387695312,43075600,125.31325183344951,114.09282191647108,63.52924365533624,1.555686639023918,132.48497889125443,125.88766616896694,3.2417616821063935,2037901900,59.46976902968318,17.99782748165755
2023-08-30 00:00:00-04:00,133.85674775386124,135.3464726644511,133.1516197825707,134.94921875,28315800,125.69113288900051,114.30034825312312,65.66850823761106,1.8617531774589793,133.95855823934224,125.23773590942078,3.1669824820902526,2066217700,60.38957613667809,19.085263855145286
2023-08-31 00:00:00-04:00,135.07835124446333,137.05472556870842,134.8598569913601,135.2372589111328,30053800,126.0654907722214,114.50867572235705,66.14203306136892,2.1033099007397027,135.18350373966888,124.87087146378165,3.0975457746086867,2096271500,66.61574814705872,20.471270690929288
2023-09-01 00:00:00-04:00,136.51843204322375,136.51843204322375,133.9263094362553,134.7307586669922,21543700,126.4053051994673,114.70989047802507,64.45842474805386,2.228189822287561,136.02976340489346,124.83237750493724,3.0614441197772413,2074727800,60.60639917848357,21.31942874468205
2023-09-05 00:00:00-04:00,134.51227020074484,135.48555318747054,133.65816039280637,134.8400115966797,19403100,126.736077999358,114.9101901906485,64.66734374199736,2.30935307347778,136.7403032045188,124.70978326195257,2.9732975965548794,2094130900,60.53730306441789,21.97903286289445
2023-09-06 00:00:00-04:00,135.08826726403294,135.59476830857517,132.75435870196637,133.53895568847656,18684500,127.00285751657835,115.09555104137317,60.134094670700804,2.2428371656535546,137.1188042483875,124.95100471157345,2.9638055972730166,2075446400,61.42784169044865,22.154763098490655
2023-09-07 00:00:00-04:00,132.67492193999442,134.65129614991582,132.03930646435293,134.33348083496094,18844300,127.29033294082865,115.28697322837405,61.89100047457322,2.228545088124463,137.5026375358761,125.43584614739211,2.938675889293722,2094290700,54.66155429629547,21.976854060843454
2023-09-08 00:00:00-04:00,133.98589926905944,135.72391214694886,133.9263126807864,135.44583129882812,23558300,127.61015640584823,115.48755888081638,64.26540333911909,2.2806855762021883,138.08569254004826,125.7082253066314,2.8571704304986327,2117849000,62.249925450816534,22.146609263222746
2023-09-11 00:00:00-04:00,135.60471479290905,136.53827835845289,134.85985218052008,135.98211669921875,20763400,127.9384685742157,115.6914848292582,65.38517136717248,2.3383262688731463,138.3252335211392,126.72137801043633,2.772974412458217,2138612400,61.935395078268144,22.55037757393805
2023-09-12 00:00:00-04:00,135.32662963976946,135.9324518179946,134.26396689359834,134.41293334960938,18405500,128.19236915364291,115.87776789911244,59.50912586527217,2.231661743573909,138.181779356912,127.78780072121299,2.697629797684088,2120206900,56.267874505749695,22.608982559170858
2023-09-13 00:00:00-04:00,134.1646460710429,135.96224536352338,133.231082533579,135.7735595703125,20749500,128.48967073861036,116.0757359754428,62.64397316333448,2.231200611802109,138.17462687933886,128.8053190028226,2.700025014274108,2140956400,55.45409335131385,22.128015676126743
2023-09-14 00:00:00-04:00,136.65744721261478,137.74990312925547,135.30676259506888,137.15402221679688,24751000,128.82944922795102,116.28547016689906,65.55753333626566,2.3155349149847666,138.75351395395074,128.9851965766482,2.6816761228392854,2165707400,63.386721881778506,22.29263495909535
2023-09-15 00:00:00-04:00,137.03486072317858,137.57117031901896,135.5451354191522,136.45883178710938,38919600,129.1286407008592,116.4862001332693,62.89706848348596,2.299764150551823,138.61839789710777,130.12935194013184,2.634844606912677,2126787800,60.84701121228196,22.44549572185191
2023-09-18 00:00:00-04:00,135.6742591682765,138.2067953909421,135.6742591682765,137.2633056640625,21861300,129.44764717000442,116.69293750173492,64.68318308204113,2.325374554350759,138.2864964185572,131.56431534902094,2.627536865180742,2148649100,61.11152606863321,22.804736695186133
2023-09-19 00:00:00-04:00,136.4786884171114,137.46191249681675,135.6841652859194,137.0944366455078,20353700,129.747521267083,116.89593749321524,63.986853942631726,2.3054686577916925,137.73778304266713,133.0439430315516,2.5668376041605003,2128295400,52.20076445596261,23.138317598996483
2023-09-20 00:00:00-04:00,137.1341818172231,137.1341818172231,132.70472524498294,132.82391357421875,29927500,129.86816410265695,117.05442481740434,49.480118432269705,1.9229312156805918,137.87426884481272,132.79754918904143,2.69988181616619,2098367900,43.37889914603836,21.813140754323737
2023-09-21 00:00:00-04:00,130.53965894518316,131.32424090064023,129.17904808066385,129.5465087890625,31503900,129.8555501687905,117.1787241604059,41.671839766848116,1.3398632514992244,138.82571324577808,131.1257434599511,2.767380650265384,2066864000,34.1794178319477,21.318577774449608
2023-09-22 00:00:00-04:00,129.86430445123077,131.12560934891957,128.71226182736228,129.35780334472656,26397300,129.83603068549388,117.2999090279116,41.26802951886171,0.8527210988004299,139.3383298585365,129.8291994383385,2.7420925696433764,2040466700,33.78774207153769,21.01657353334617
2023-09-25 00:00:00-04:00,128.94066799947953,130.27148537980514,128.07663233758052,130.21189880371094,20094600,129.85077061169847,117.42838653811856,43.91697347630732,0.5294723707781941,139.51069637603976,129.05431827239775,2.7030040319706083,2060561300,33.795408302659766,20.952545646267744
2023-09-26 00:00:00-04:00,128.8811005871863,129.46705554492908,126.34856464674498,127.68932342529297,25718700,129.76600797693746,117.53048541261782,38.40720527784497,0.06894986284390825,139.96485949227028,127.64673006664898,2.7858847551845622,2034842600,33.21520354066128,21.444531091906832
2023-09-27 00:00:00-04:00,127.6893361771831,130.00336294677095,127.6893361771831,129.6458282470703,22746500,129.76129504635443,117.6510360875875,44.24935002809879,-0.13656966457358521,140.0470525325249,127.04545336754019,2.752181524205521,2057589100,39.281360046274244,21.615641922622103
2023-09-28 00:00:00-04:00,128.9506045787111,132.38691057211608,128.9009440431534,131.4036865234375,22513100,129.82570255525965,117.78787838048153,48.93582539139125,-0.15580487723235592,139.92106978405644,126.78079687447223,2.804594738831032,2080102200,38.97146254835919,20.622302494635342
2023-09-29 00:00:00-04:00,132.36704447692242,133.13177429920455,129.46704799551972,129.963623046875,30859800,129.83111120198967,117.90903006870435,45.557230079519286,-0.2839765049132552,139.65791822729048,126.31298733097773,2.8660327077491603,2049242400,31.978433082760162,19.37681833444504
2023-10-02 00:00:00-04:00,130.31123025855513,133.49923356795875,130.27149576847927,133.25094604492188,22288000,129.96522237230076,118.06168594906474,53.45691623164704,-0.11892307940692604,139.28514275878015,126.3216067122485,2.9138596944159167,2071530400,37.86394302026609,18.05944226387685
2023-10-03 00:00:00-04:00,133.0225239837871,133.34032412879503,130.93690275652745,131.52285766601562,22989400,130.0263061093092,118.19562795619859,49.39906079152254,-0.12610567279008933,139.0613804420782,126.16002560447129,2.8773998142624646,2048541000,31.82156835222787,16.836164484063527
2023-10-04 00:00:00-04:00,131.88041418877737,134.64138580810248,131.62220058096094,134.3136444091797,26752300,130.1944370230296,118.35600622936259,55.30029332058871,0.09233090361840368,138.81250554043126,126.2142451513005,2.8946232662499214,2075293300,32.08825369879304,16.159871687400017
2023-10-05 00:00:00-04:00,134.14479064941406,134.56191187093788,132.53587719008763,134.14479064941406,19832600,130.34935285151525,118.51310856190042,54.88323897501347,0.24894865183611614,138.18514996624506,126.44036984983566,2.832581224435659,2055460700,39.82243947595208,15.531885519069615
2023-10-06 00:00:00-04:00,133.0920354756824,137.2136173603073,133.0920354756824,136.63758850097656,27597600,130.59595032796472,118.69345164587135,59.71365059854273,0.5676735122243599,138.2312997189344,126.41805432566194,2.9246527001634623,2083058300,40.79854496029018,16.025722461527884
2023-10-09 00:00:00-04:00,136.00197439996847,137.9882745602618,134.68108297486128,137.47183227539062,19278100,130.86559275727552,118.88030120437404,61.210410058411526,0.8774668690376473,138.29242291594306,126.38473467683038,2.951976906251823,2102336400,46.66721613558278,16.754139007841903
2023-10-10 00:00:00-04:00,137.55129206777264,138.76293643045838,136.3893082421022,137.1143035888672,27786600,131.11064024086735,119.06173406392124,60.17850884943985,1.0816620326412192,138.29798597884064,126.38182053971406,2.9106662835449915,2074549800,55.21829707875326,17.693202100467264
2023-10-11 00:00:00-04:00,137.63075788905127,140.14342670743898,137.63075788905127,139.58726501464844,25884300,131.4430568986627,119.26596820273446,64.62120854150245,1.4265906417075769,139.76428161866724,125.81730509194475,2.919127486046906,2100434100,63.78177063669143,19.002353176628173
2023-10-12 00:00:00-04:00,140.08383585702484,140.25266956903684,137.3129383696769,138.01808166503906,24765500,131.70090100714805,119.45255639638923,60.04361425981082,1.5553993913866577,140.55510981396384,126.15601994677837,2.9205991798549786,2075668600,63.77311450919101,20.012134041588943
2023-10-13 00:00:00-04:00,138.42528082227236,139.04102910178543,135.68417654981894,136.4191131591797,23420500,131.8859289346787,119.62137785671551,55.71281340277335,1.5110395350679369,140.83972542398615,126.81291231201642,2.9517601350058,2052248100,62.92883154280105,19.954146530903017
2023-10-16 00:00:00-04:00,137.22354879733518,138.67355462493762,137.04478905169177,138.14718627929688,28501900,132.13146843838922,119.80571425893027,59.14268672973956,1.5969168249122845,141.39546041509053,127.31521565099021,2.9019516586309524,2080750000,70.51280613737175,19.900300985266085
2023-10-17 00:00:00-04:00,137.6804245719955,138.94171448359813,136.24034458016837,138.76295471191406,23515800,132.3915267236255,119.99434351716891,60.32189601335644,1.6951222480485342,141.47435907246353,128.7128011651667,2.8876243904022965,2104265800,70.70676000032651,19.3685885386652
2023-10-18 00:00:00-04:00,138.49476796952968,139.75607274460307,136.4389552977886,137.01498413085938,23375000,132.57283877881116,120.16370312526534,55.43113710969013,1.613306937794249,141.31366789549082,129.8560464599779,2.9183024658603096,2080890800,64.03800075586796,19.238139588889545
2023-10-19 00:00:00-04:00,137.55128958091115,138.70334734005715,136.43896631236626,136.80642700195312,26066000,132.73886184638536,120.32930236781945,54.859619436172544,1.5141843233199381,141.2399768806344,130.65010287196975,2.871593791705351,2054824800,64.66825315974484,19.117008421240723
2023-10-20 00:00:00-04:00,136.38930324394852,136.92559762296315,134.15471554856344,134.67115783691406,26335700,132.81463815973945,120.47200739736269,49.25972161390698,1.2489336313119566,140.56404692963372,131.95370412830897,2.8644000976120907,2028489100,57.58532847459181,17.833033080540666
2023-10-23 00:00:00-04:00,134.11499648001524,136.7170603116326,133.0324663979107,135.56500244140625,26317900,132.9224955825499,120.62218645252732,51.49193319508048,1.0981871187716195,140.43247285005032,132.39381906075698,2.9229853701913626,2054807000,56.95516972900141,17.188561412452565
2023-10-24 00:00:00-04:00,136.88590883542307,138.40542759504592,136.47871357192383,137.85919189453125,44814300,133.1160915163531,120.79369894448756,56.75101979290932,1.1505781878992707,139.93742695378018,133.73370952082922,2.917088211866242,2099621300,59.17234666080748,16.19928235713101
2023-10-25 00:00:00-04:00,127.28211608218771,127.43108253036509,124.21327843846119,124.74958038330078,84366200,132.78799304054712,120.83306094885386,34.04017260228267,0.13273234443508386,142.92489774649374,129.4710301913318,3.6834328721665153,2015255100,46.567693358963076,18.24523116122156
2023-10-26 00:00:00-04:00,122.42562228078602,123.47836664919942,120.43932187331096,121.4424057006836,57061100,132.34306804682697,120.83912408071286,30.702211162168965,-0.930058047142353,145.31705242995804,125.38522418137006,3.7282061320110373,1958194000,38.05166780884153,20.672267818195305
2023-10-27 00:00:00-04:00,122.0382807989468,122.46533564236815,119.38657186700053,121.33314514160156,44566500,131.9113063642691,120.84403971315952,30.595468596266116,-1.76084557178487,146.45994788794818,122.20173627546326,3.6818173922507933,1913627500,32.31502410736209,23.057831593941977
2023-10-30 00:00:00-04:00,122.36602995491228,124.54103122378429,121.90918179187298,123.60746765136719,28940100,131.58566563042982,120.87153650856457,35.61352938675773,-2.2102534256769104,146.51117890413124,120.3019233094104,3.64796515581736,1942567600,32.052045729596614,24.43839661556102
2023-10-31 00:00:00-04:00,124.2033472324064,124.5112289112743,121.84958637981057,123.23006439208984,26292300,131.25799499363217,120.89500444770414,35.1592469604106,-2.5672717657834028,146.3465207744287,118.61534954620932,3.5775135397921005,1916275300,26.575678353011767,25.72997720934378
2023-11-01 00:00:00-04:00,123.2201446747215,125.62356633365168,122.87254362109682,125.5838394165039,30082400,131.03547908864675,120.94165952202056,40.27610134873393,-2.6299648022009308,145.25820795680312,117.83653895074893,3.518478480703726,1946357700,32.30745243977188,26.472101586064507
2023-11-02 00:00:00-04:00,127.54034444912548,128.09650612590542,126.06055280075913,126.61671447753906,27124600,130.86219420193663,120.99812773053318,42.42328606747657,-2.566717577406166,144.24067286269656,117.33389175318888,3.4466347827535686,1973482300,37.55348196815132,26.21724857396449
2023-11-03 00:00:00-04:00,127.1430941962939,128.64274555866953,126.9841865255831,128.2156982421875,26393100,130.75841004665236,121.06994435253971,45.67916778317191,-2.3603603052171422,143.39724236715526,117.0835335931312,3.3451630897804905,1999875400,37.008805749616585,25.782427822496146
2023-11-06 00:00:00-05:00,128.16602622960193,129.44718321865057,127.78862433400963,129.35780334472656,19052700,130.70348429363568,121.15241061116843,47.943516310858385,-2.080677587428113,142.11499994022992,117.19385829544714,3.2246913608419514,2018928100,36.217457172497106,25.08208497049577
2023-11-07 00:00:00-05:00,129.8146623938561,131.00643953950896,128.99034595326017,130.0728759765625,29757300,130.67875455571127,121.24117146057534,49.36663913053276,-1.7807986944563368,140.55750846847727,117.59267260248626,3.138362948371011,2048685400,41.940468160349404,23.874296979954604
2023-11-08 00:00:00-05:00,130.0728843319122,131.30439604894627,129.88418336716097,130.93692016601562,26425800,130.68887869729184,121.33764657207227,51.106015110595365,-1.4566302396137303,139.40777989184937,117.93199265046832,3.0156379293291744,2075111200,47.47390370200681,22.647240513582183
2023-11-09 00:00:00-05:00,131.05610465685587,131.64205962708724,129.17905141944397,129.34788513183594,23747800,130.63629071433277,121.41735043833857,47.8504601374784,-1.3128129601745968,138.0104219635947,118.33487832937408,2.9761643777801816,2051363400,47.83119039350907,21.732031933300174
2023-11-10 00:00:00-05:00,129.2088437191894,131.89034615855235,128.52356767433983,131.68177795410156,26913300,130.67729021393154,121.5194840454606,52.624029656384835,-0.9989952886364222,137.38851182648733,118.5582044821064,3.0040653853824915,2078276700,53.45608357802307,21.092025313100937
2023-11-13 00:00:00-05:00,130.8773218098438,131.68177098364296,130.35095345774636,131.18519592285156,18324800,130.6972080848696,121.61566028304658,51.54295213861745,-0.7813555622759054,136.38115169207666,118.98159041404313,2.8845481790233998,2059951900,50.49176767014893,20.49773345148736
2023-11-14 00:00:00-05:00,133.27081474682353,134.7704659468235,132.40677900657556,132.7047119140625,32395200,130.77593372523012,121.72599910524575,54.615371395154774,-0.48072081939227473,134.70791062980643,119.9675674789175,2.9345997393768664,2092347100,64.65515459363039,19.338765948497127
2023-11-15 00:00:00-05:00,133.94616352823743,134.1050711983341,132.6550803829433,133.6978759765625,23861500,130.8905196958706,121.84512225819418,56.5543380893557,-0.16047571591488463,135.8017355985619,120.06684858926363,2.8285562448064314,2116208600,76.10710430094528,18.262581838577624
2023-11-16 00:00:00-05:00,134.26396344963493,136.28005692536698,133.3999277183977,135.99203491210938,28013200,131.09057911611526,121.98588755823313,60.72812601042103,0.2752671801399913,136.91729596687668,120.89123878247227,2.832240027818064,2144221800,86.66662240174772,18.01452436696398
2023-11-17 00:00:00-05:00,135.06842424103002,135.12801082704152,132.73451526045164,134.38314819335938,37240600,131.21969947208564,122.10924338544832,56.62002895930337,0.48517999942637857,137.115931148372,122.43260400787801,2.8626171438066117,2106981200,76.83968911294421,17.49774820335282
2023-11-20 00:00:00-05:00,132.774249400923,135.72390663480266,132.70472161458173,135.31671142578125,27815500,131.38036660752468,122.24066097788945,58.37941814636473,0.7185847738248583,137.59143462121804,123.51833303828717,2.8738005635504917,2134796700,83.63510968508311,17.22559735807659
2023-11-21 00:00:00-05:00,135.35640367556994,136.24030654878638,135.028677518967,136.03175354003906,22635300,131.56277393821154,122.37788577950288,59.726711957443996,0.9503031586211819,137.7558541988017,125.06080534709676,2.755074025426842,2157432000,83.40732928880823,17.154880840859608
2023-11-22 00:00:00-05:00,136.52834920416745,138.46498892143381,136.52834920416745,137.54136657714844,17813900,131.7972285515032,122.5287661854496,62.4875936170652,1.2414442076911314,138.42908323161453,125.98191326903653,2.7320855508531214,2175245900,83.06195575104547,17.80993944670393
2023-11-24 00:00:00-05:00,137.0845255620382,137.18384664712832,135.05850575292112,135.7537078857422,12514300,131.9523846038263,122.66035764515401,57.463832913891274,1.3127934051387342,138.49590874451752,127.13335354389392,2.714283784665564,2162731600,78.74901350082095,17.705887673156845
2023-11-27 00:00:00-05:00,135.098214546326,137.47184281366268,135.06842125397912,135.47561645507812,23436500,132.09055055877735,122.78787265818809,56.700160474972996,1.3315492331129235,138.55106208007962,128.0461893033839,2.6920793400239917,2139295100,79.08172693362934,17.707162731868358
2023-11-28 00:00:00-05:00,135.14786959064773,136.30985340774254,134.49238687712713,136.26019287109375,18730000,132.2540659435741,122.92192559562994,58.38066612801392,1.393656912340532,138.75264604331076,128.76492394366838,2.629606996494807,2158025100,72.87809094781426,17.421693625358003
2023-11-29 00:00:00-05:00,136.62768277470195,137.34273698978822,133.91637176828155,134.0653533935547,23967200,132.32509682396548,123.03280547421627,52.26912022167872,1.2513477350389053,138.61378678863744,129.43611352060734,2.6865182982813685,2134057900,65.5889340949601,17.537286992821926
2023-11-30 00:00:00-05:00,134.12493508416668,134.6215101750712,130.3807546555512,131.6221923828125,38988300,132.29753194392026,123.11827201062022,46.441129933001406,0.9306955327628827,138.54787639259152,129.5933935455595,2.797535242655557,2095069600,62.72369570000668,16.50151021749683
2023-12-01 00:00:00-05:00,130.95677185058594,131.20505937380074,129.77492081540063,130.95677185058594,31442300,132.24495311673067,123.19626703390347,44.97041233032296,0.6157841006851186,138.25680080310553,130.09898736421218,2.7296592658524363,2063627300,54.604569949631326,15.768896769586082
2023-12-04 00:00:00-05:00,128.9903436695441,129.1393101272626,127.02390307918412,128.384521484375,36669900,132.09356364095203,123.24789145629623,39.73233053214164,0.15684737567644902,138.82971810794717,129.086435863407,2.8156028019631063,2026957400,47.31718758245177,16.021327851758123
2023-12-05 00:00:00-05:00,128.06670813818567,131.2348595247084,127.37150606769525,130.09274291992188,27384800,132.01510008326457,123.31599943105867,44.36675109375796,-0.06823749237133825,138.94938742521202,128.82110614575151,2.8904421344666815,2054342200,46.49629718462159,15.381931697333846
2023-12-06 00:00:00-05:00,130.53966601076132,130.93692003300382,128.99035410803816,129.12939453125,23576200,131.90193515965615,123.37384415842376,42.387187156696406,-0.32065670498235477,139.22166826352264,128.07211632306587,2.823022405216608,2030766000,46.35768391985516,14.788206696797017
2023-12-07 00:00:00-05:00,134.11498184317722,137.61087441248972,133.77731444870147,135.99203491210938,56767100,132.0623312283798,123.49939829527635,57.078972283595725,0.03268025802606189,139.49636600992528,128.10330643473617,3.2271979392182595,2087533100,50.310408630031034,15.327787071801469
2023-12-08 00:00:00-05:00,133.280756234884,135.46568368379624,133.11192251632352,134.0653533935547,32260100,132.1408811172102,123.60453217685127,52.993157644208026,0.15544339556362274,139.25007604282163,128.09270553269923,3.2024061146873737,2055273000,50.94574952727264,15.578467074007847
2023-12-11 00:00:00-05:00,131.47321332216674,132.42662891897587,130.4601959905728,132.37696838378906,31138000,132.15013944138977,123.69182009930836,49.639807932596014,0.11516792253553376,139.1378144645719,127.93747646967287,3.2311740638512676,2024135000,43.523578161271935,14.88182095708305
2023-12-12 00:00:00-05:00,130.9071004769167,132.0889514142532,130.36086494021498,131.61224365234375,29032800,132.12904548887818,123.77063028391568,48.15351180636923,0.021296927511770036,138.88196755966212,127.69939433812432,3.14438330526004,1995102200,37.19379733635968,14.20169410514394
2023-12-13 00:00:00-05:00,132.4663754884051,132.5855486603067,130.66877609230048,131.66192626953125,30104800,132.1107270881195,123.84915064198151,48.26189695268638,-0.048528138187151626,138.4424136457383,127.55630461598045,3.0566968240276244,2025207000,38.91707377882151,13.726499243633956
2023-12-14 00:00:00-05:00,132.46636290932295,132.80403030049175,128.8016366786629,131.03622436523438,38722400,132.06858972643772,123.92066381335717,46.9312577591322,-0.15259490124918784,137.5054157871711,127.62595017962576,3.12424659529914,1986484600,36.67859370749723,12.864650788376391
2023-12-15 00:00:00-05:00,130.71842854717318,132.59548187748211,130.2814400208757,131.6917266845703,50847100,132.05381078361938,123.99798782202596,48.53222611134796,-0.18009893343054273,136.9425766551405,127.6471918181668,3.06637482824966,2037331700,40.25204449549486,12.064362937065793
2023-12-18 00:00:00-05:00,131.72151251769395,136.21054039619156,131.52287035934194,134.8697967529297,32258000,132.16424160594528,124.10616502531855,55.535920358140906,0.05392599191961267,136.8003388186845,127.70865369433629,3.1821816288639435,2069589700,45.90879477213584,12.255088332911706
2023-12-19 00:00:00-05:00,135.9026749689795,136.52836446846126,135.1478862434252,135.71397399902344,25476800,132.3034467978307,124.22166561212158,57.201905355288204,0.3040060870599177,136.64210872330636,127.79405460677174,3.0733520636259173,2095066500,51.15315814737667,12.523787742033425
2023-12-20 00:00:00-05:00,138.01806916656724,140.72936466802966,137.12424014761805,137.3923797607422,49107200,132.50301279637625,124.35271749419742,60.380389053820856,0.6303632470128093,137.5000037229695,127.3797631227336,3.212069106867368,2144173700,60.22378514599892,13.831091599096359
2023-12-21 00:00:00-05:00,138.5345379146942,139.72631521899663,138.22664859852475,139.45816040039062,27488300,132.7757636828082,124.50302040868691,63.93098877891705,1.0436641698309188,139.08354838294923,126.84101419843098,3.1493452748235877,2171662000,66.33356956452187,15.045016609226227
2023-12-22 00:00:00-05:00,139.80572852338986,141.01737272515956,139.74614194859237,140.5207977294922,26532200,133.07949050816836,124.66240127755066,65.63694852649778,1.4403506151599856,140.67138882062642,126.52837721127463,3.035764349819684,2198194200,73.12132133318826,16.464408062506145
2023-12-26 00:00:00-05:00,140.62012603356706,141.7026560595198,140.22287203546634,140.5506134033203,16780300,133.37247571974294,124.82049294049365,65.6859885059161,1.7371090449948383,141.69140084523562,127.13051077585813,2.9246228979792392,2214974500,72.61756138503145,17.934414532481515
2023-12-27 00:00:00-05:00,140.62012214444914,141.10677115979163,138.9317699678128,139.40847778320312,19628600,133.6091816830159,124.96564701853056,62.033867604078566,1.8587054400413763,142.32238266450517,127.74162693835942,2.8710784904077813,2195345900,68.11937362518586,18.690425205263235
2023-12-28 00:00:00-05:00,139.8156753043673,140.1732099604458,138.7927318739171,139.26943969726562,16045700,133.8311525855355,125.10797331384136,61.58496934262452,1.9217000852589763,142.55045144284352,128.86556418215648,2.764607032987848,2179300200,61.188689836104224,19.32667630702472
2023-12-29 00:00:00-05:00,138.67355245713628,139.39854778247008,137.82936881563538,138.73313903808594,18733000,134.02338734838062,125.2435471021423,59.78779248800898,1.9063733292383631,142.8981958977329,128.8833002773973,2.6792193139769087,2160567200,63.09132377101073,19.45503790491289
2024-01-02 00:00:00-05:00,137.60095843072804,138.49478751777463,135.54513031454442,137.2235565185547,23711200,134.14888417858356,125.36275117593745,54.92876729520832,1.752217597701332,143.06636171547913,129.13622820965108,2.715561414660095,2136856000,64.07121069427463,18.581869666188044
2024-01-03 00:00:00-05:00,136.30987048262347,138.67357290392897,136.14103676028307,137.9684295654297,24212100,134.29867027218538,125.4881808116538,56.794649611215625,1.6708920955617828,143.19619893982593,129.75191914285637,2.702488181016224,2161068100,70.76565029271983,17.834522021184807
2024-01-04 00:00:00-05:00,137.47184312113336,138.20677969396053,135.41603017325698,135.45574951171875,27137700,134.34404592863768,125.58736059971416,49.36982772099278,1.3876923150075697,142.96710258352175,130.4934829470772,2.708792562422461,2133930400,63.78583439491967,16.830570398315036
2024-01-05 00:00:00-05:00,135.81327982358127,136.22047501254474,134.22423355918488,134.80026245117188,22513900,134.36193677265865,125.6790312649028,47.6208379759938,1.0977084215381865,142.67238660383194,131.20664375098576,2.6578960546322747,2111416500,66.2677357927603,15.850236821191913
2024-01-08 00:00:00-05:00,135.35644088283485,138.05781077474165,135.32664758768124,137.88897705078125,21404000,134.50025207768306,125.80052326277224,55.6023313615403,1.1043967531587668,142.1899377087859,132.6027930041047,2.7007283595563822,2132820500,63.64845983847843,15.226938856293561
2024-01-09 00:00:00-05:00,137.55131245616278,140.52083722032057,137.20370379980002,139.98452758789062,24759600,134.71532170553434,125.94165763416646,60.050138350393844,1.2642176056433527,141.80459552717292,134.09384197282708,2.744757292482394,2157580100,62.973113218688425,15.479341423339621
2024-01-10 00:00:00-05:00,140.03415853912,142.02045866024227,139.94477867069364,141.30538940429688,21320200,134.9737557329368,126.09453058710308,62.59387648704582,1.4803942292048191,142.19958982413345,134.55692669604883,2.696966056558554,2178900300,62.617366697991294,16.15423705356014
2024-01-11 00:00:00-05:00,142.50712641269087,144.2252720005351,139.67664230562886,141.10678100585938,24008700,135.21426652795338,126.24390621316037,61.95508519542619,1.6170493842085705,142.50313863794358,134.9724188164835,2.8292277450119614,2154891600,59.70620881314395,17.35631102690872
2024-01-12 00:00:00-05:00,141.6927340680432,142.21910245000933,140.8485655093565,141.67286682128906,18785500,135.4675449708293,126.39742820926116,63.11065821002933,1.7508453184570953,142.9812719108509,135.06501715164913,2.725035544700596,2173677100,52.33364875537343,18.472522573589544
2024-01-16 00:00:00-05:00,141.0273279986293,143.36123702369463,140.48109235933,141.51397705078125,22670500,135.70465995435683,126.54784163056983,62.53649853811061,1.8230435722186087,143.30696141781988,135.0134365313989,2.7361147675337407,2151006600,51.75215749428865,19.798903715385233
2024-01-17 00:00:00-05:00,140.38180337382323,140.86843733043412,137.9485729736841,140.5009765625,20968600,135.89275080173502,126.68667879407163,58.85988657034999,1.7780245745652792,143.3039171604911,135.013837966462,2.795349718216842,2130038000,45.50035711748611,19.79380540331408
2024-01-18 00:00:00-05:00,141.0769645983356,143.2221722972094,141.01737802130023,142.49716186523438,25746400,136.1517473140291,126.84399703358568,63.42334504672633,1.8817307450029546,143.7123618810516,134.86493304082342,2.790053005109167,2155784400,52.97371021581558,20.432745359685736
2024-01-19 00:00:00-05:00,143.74853865835965,145.44681669799516,143.3910040467101,145.37730407714844,34271900,136.5135338537593,127.02840804894453,68.80072667611915,2.1712927274073763,145.05479521575134,134.31834321198303,2.8014531356557115,2190056300,60.597761394545465,21.54802277845887
2024-01-22 00:00:00-05:00,146.09238746431797,147.37354444028344,144.84100862508816,144.989990234375,32200400,136.8459439079011,127.20713025974484,67.3664132327142,2.3425166210082864,146.04205162338292,134.09382687596604,2.7822447556228234,2157855900,67.6942590045899,22.982419657247796
2024-01-23 00:00:00-05:00,144.89067452886135,146.17183155228614,144.5033465771963,146.0327911376953,21636100,137.20621242671658,127.39445026848068,69.22657187963833,2.533157445934762,147.16937439701732,133.9397910489462,2.7026904855847524,2179492000,67.83625199813494,24.150385329580676
2024-01-24 00:00:00-05:00,147.5225193379935,148.8235587881105,147.08554599350785,147.68142700195312,25233500,137.61700515515724,127.59631073349037,71.94891503079586,2.785167136163409,148.49033831339167,134.01320986369169,2.708981711644068,2204725500,68.10111380433922,25.757329490744997
2024-01-25 00:00:00-05:00,149.04202357031832,152.00160624364875,148.51564014323992,150.82968139648438,29149100,138.1351493214838,127.8274885510326,76.26664839869053,3.202013629938648,150.5379756696871,133.68040608487019,2.8240672495048935,2233874600,76.0634845560127,27.76261833900612
2024-01-26 00:00:00-05:00,150.06499195893298,151.49511542850038,149.9755969292419,151.14752197265625,26115500,138.6454384450592,128.0595286845811,76.65729278119582,3.517467383218559,151.910105788645,134.4005122940373,2.730885195915864,2259990100,82.56095451353615,29.624672269534305
2024-01-29 00:00:00-05:00,151.01841608442453,152.72663563055315,150.39272661279912,152.45848083496094,27784300,139.1871263819181,128.30230432786846,78.24764459523297,3.829110576277344,153.02549298870278,135.63955421181808,2.7025297546185896,2287774400,82.9969096111277,31.541893008401296
2024-01-30 00:00:00-05:00,151.75333332236926,152.56770849737956,150.15436110776048,150.42251586914062,36331800,139.62772989122092,128.5224059352443,70.24351450713534,3.8672257236935366,153.6293774218918,136.7068082877436,2.6818738714043384,2251442600,73.37748359637563,33.19080554844825
2024-01-31 00:00:00-05:00,142.63621252421888,143.01361441161524,138.91189964891637,139.1403350830078,71910000,139.60861636933024,128.62805697154047,43.61731315477492,2.9530140445851316,153.72021260352864,136.50341410545576,3.3124983248914748,2179532600,59.81883357312361,31.047024405126262
2024-02-01 00:00:00-05:00,141.14650041457003,142.08006401958028,139.8256088409139,140.19308471679688,40466500,139.63153669668188,128.74313187447837,45.6861686007892,2.287078779094969,153.79383182194138,136.28148759537632,3.2858719400115457,2219999100,61.28504774817068,29.05637048632727
2024-02-02 00:00:00-05:00,138.3061002525656,141.64308574441233,135.56501098058345,141.4047393798828,62499600,139.7010740568074,128.86911801881075,48.048916737045396,1.8359272618306761,153.77921987130952,136.33582732921133,3.485314998855641,2282498700,55.89213913461181,28.183873135750108
2024-02-05 00:00:00-05:00,141.84172140070675,144.47356341654853,141.801986905598,142.69581604003906,38505400,139.81851491889495,129.0066971035991,50.5189551461876,1.5645305957035305,153.75600713678833,136.49543329289915,3.455565644413504,2321004100,57.31227572991282,26.608349973251414
2024-02-06 00:00:00-05:00,143.65916602671757,144.36430931528574,142.20917526492912,143.11294555664062,29128200,139.94770827723792,129.1470577847239,51.32419601335854,1.3673437606524317,153.71984736368847,136.74478886678025,3.362677673409441,2350132300,62.091242674420116,25.14536417950263
2024-02-07 00:00:00-05:00,143.7683892524717,144.62249886284854,142.9440729299003,144.5430450439453,25208900,140.12791756220682,129.30025168780074,54.0831175660991,1.3113523958743087,153.61997233109213,137.38360636356936,3.2423739776622122,2375341200,62.07484558182807,23.71404222889936
2024-02-08 00:00:00-05:00,144.83108389157408,145.32765895182595,144.10608854680143,144.91053771972656,22563800,140.31547129387425,129.45557791697414,54.792216051017604,1.281855985687372,153.63056420383884,137.69479793808824,3.0980308653309487,2397905000,61.166201427760164,22.1786198495796
2024-02-09 00:00:00-05:00,145.6752695511064,148.41637390512574,145.17869443239508,147.97938537597656,26829500,140.61601694415276,129.6398944091035,60.30511505743408,1.4889465772282335,153.88452601849286,137.7877802966113,3.1271598167643937,2424734500,60.753330100472866,21.273927196086003
2024-02-12 00:00:00-05:00,147.40331201857148,148.31700814326214,146.36050155254162,146.5194091796875,21564100,140.84752252201687,129.8078497799551,56.758970342606254,1.517763650928316,153.97977348687016,137.8964553542757,3.043541729189831,2403170400,60.7344134056214,20.43385544641338
2024-02-13 00:00:00-05:00,143.92731874169158,145.6653315141202,142.70574829340842,144.14581298828125,27837700,140.97686724618413,129.95051608053546,51.460814762926404,1.333697973732967,153.9030027646508,137.7216289899065,3.098550240410492,2375332700,55.17914006605862,19.35913386646299
2024-02-14 00:00:00-05:00,145.07936327887248,145.5163517320503,143.10298919446083,144.94032287597656,22704200,141.13229687872501,130.09966838695777,53.040923236223655,1.2376678419147709,153.6667880366601,137.592363167767,3.0496082616375624,2398036900,54.463358926702725,18.361178113651913
2024-02-15 00:00:00-05:00,142.15951393413914,142.53691584599866,139.49787876744466,141.79205322265625,37590700,141.15816967652623,130.21601052462643,46.571416525172424,0.897182064391643,152.7640461142281,137.29008800035524,3.2205251078443005,2360446200,47.81728930701849,18.344754729489015
2024-02-16 00:00:00-05:00,142.0105467049223,142.20917370588808,139.18006268978624,139.55746459960938,31468900,141.09539692841184,130.3089603164173,42.59971059702873,0.44193762415872584,151.7016234469459,136.8071696845645,3.206852672719839,2328977300,41.71771926437493,18.403338218887964
2024-02-20 00:00:00-05:00,138.70334492917732,141.1067663236611,138.5345112327269,140.15333557128906,25144700,141.05845334577958,130.40691429905286,43.971865460415515,0.12776217015974112,149.70348666261424,137.1646204337399,3.1615242740208642,2354122000,42.912825823291506,18.612920271703434
2024-02-21 00:00:00-05:00,140.4810913513108,141.71260304250615,139.71636146177912,141.5735626220703,23223300,141.07865370955568,130.51802522764012,47.21095593930214,-0.006548203368737404,147.9247866579921,137.76346000541938,3.0782897959284474,2377345300,52.92577945084636,18.57833488134171
2024-02-22 00:00:00-05:00,143.9372392880377,144.00676707032724,141.8218398421828,143.10299682617188,27191900,141.15803971412888,130.64324882563545,50.52787721464602,0.010303642238085331,147.78737181736372,138.42922974513627,3.0322122710947674,2404537200,51.51180598005251,17.72483831679435
2024-02-23 00:00:00-05:00,142.68587020226934,143.6889463277241,142.44750872748762,142.97389221191406,19493800,141.2292496160028,130.76594179465314,50.24090196436039,0.013090291166037105,147.70897809413563,138.87839780104665,2.9042997946048894,2385043400,62.29754106946671,16.932305792571803
2024-02-26 00:00:00-05:00,141.16635848967314,141.46430655871978,136.44889538495062,136.62767028808594,53641800,141.04879552471195,130.82426745130422,38.627320978192564,-0.49112693554815223,148.4512677340915,137.4991656155179,3.1629210112019295,2331401600,50.364570440840694,17.716437745945324
2024-02-27 00:00:00-05:00,137.0746162845425,138.29618697839072,136.15097857387303,137.92872619628906,33099200,140.9264398647738,130.89495858309513,41.60742706540601,-0.7767840984385259,148.6867997918004,136.6280215786423,3.090227253581627,2364500800,42.639692891864165,18.50657430126776
2024-02-28 00:00:00-05:00,136.95540871597794,137.06465584590177,134.48247437702784,135.44583129882812,37328600,140.7115140386583,130.94024089867457,37.83202434991712,-1.1898030173274208,149.15495269042887,135.13758677897218,3.115657579701598,2327172200,35.31353884907506,19.58477462770867
2024-02-29 00:00:00-05:00,136.3396411924551,137.9088201307194,135.4656642763921,137.51156616210938,42133000,140.58602588663678,131.00562721970377,42.506292917216406,-1.3350463633481127,148.91897707398178,134.43603187784115,3.0690383834294317,2369305200,37.99470778391787,20.24638270446604
2024-03-01 00:00:00-05:00,137.48177969327108,137.9187682211517,135.98212829465342,136.20062255859375,31151100,140.41404928553706,131.05731871561312,40.42883481429035,-1.5382035018117222,148.60030388725812,133.5933830430804,2.9881527793629212,2338154100,31.297044055365305,20.856578691568778
2024-03-04 00:00:00-05:00,134.73075899682425,134.73075899682425,131.0064457681699,132.43658447265625,55999400,140.1012075281692,131.07104275299665,35.121178352161735,-1.9801079618587494,147.7661985070891,132.3551149694734,3.1457259230101307,2282154700,29.244621835285997,22.418030868819407
2024-03-05 00:00:00-05:00,130.97663333896386,132.32731801205793,129.77491511154423,131.76121520996094,40194800,139.77414900588653,131.07791014062815,34.25227208201653,-2.3576396827162114,146.99810048005241,131.15545380054652,3.1111504543031225,2241959900,28.686732937279302,24.070691321512463
2024-03-06 00:00:00-05:00,132.20814317715227,132.6649989142327,129.95370324672783,130.4999237060547,35318600,139.41045389608922,131.07215903182643,32.62873236691077,-2.7271748012754813,146.66420182794621,129.66990054835588,3.0825893981032486,2206641300,23.260354125563367,25.45537761406533
2024-03-07 00:00:00-05:00,131.88039821915834,134.01568007704142,130.70848834758843,133.4595184326172,37738200,139.17708387791384,131.0959138517348,39.835126300012874,-2.7495246760759073,145.37248235099096,129.43084609952987,3.113529896166355,2244379500,30.808810966821227,26.141877284368906
2024-03-08 00:00:00-05:00,133.29069048269943,137.1441028229162,133.08212227990484,134.4824676513672,39370400,138.99298128079437,131.12961090446746,42.138882977403576,-2.6540988605226516,144.6419967334996,129.18672030751603,3.1812763709409992,2283749900,38.19381533172083,25.551122126681122
2024-03-11 00:00:00-04:00,135.1975299783761,138.14718703170163,135.1975299783761,136.7269744873047,32437800,138.90411826928496,131.1853060644957,46.93969681636993,-2.370039925692197,144.32305281571766,129.12826554365736,3.215808014469103,2316187700,44.10475137627981,24.648036466728694
2024-03-12 00:00:00-04:00,136.09136807062538,138.42527705734926,136.09136807062538,137.55130004882812,27563400,138.8510665743651,131.2486492882204,48.625617673655,-2.054719462718424,143.94466934174412,129.15971094796944,3.152815226773016,2343751100,44.51547416268707,23.70932494127666
2024-03-13 00:00:00-04:00,138.04787651328522,140.1235567749136,138.0379504669147,138.83245849609375,23347200,138.85033684580546,131.32411007635844,51.21979601518595,-1.6820572356754155,143.38214958033242,129.35675015925094,3.1113467624381914,2367098300,43.99848666078019,22.236398438020853
2024-03-14 00:00:00-04:00,140.22287627299642,142.6064306421688,139.49788088513242,142.1197967529297,42753400,138.97855095981032,131.4315298442845,57.192841830834546,-1.1086788522824236,143.0779463785728,129.52986001791157,3.1586771469836807,2409851700,46.524194095031014,21.209714855451185
2024-03-15 00:00:00-04:00,141.52388652336936,142.19922130430962,139.07080461128953,140.21292114257812,49475400,139.02695763364437,131.51890687212824,53.128915399048246,-0.7989316905947987,142.28127117709178,129.9584057434811,3.1565156859862813,2360376300,46.82321092465321,20.107680705927248
2024-03-18 00:00:00-04:00,147.59204880216603,151.10779377020597,146.16191011880434,146.6684112548828,69273700,139.32662248153608,131.6696482092701,62.772871748200785,-0.032179783554909136,144.8993892199277,128.6790531628848,3.7092554675321074,2429650000,56.61040867842812,21.119605425064027
2024-03-19 00:00:00-04:00,147.14515287800847,147.77082726547607,145.07939842436335,146.02288818359375,24070400,139.58922113651874,131.81246651747233,61.41214251912888,0.5174237707872464,146.65621151092827,128.00145247019154,3.6365535656450088,2405579600,57.760851880443276,21.694137754475825
2024-03-20 00:00:00-04:00,146.98622431157722,147.84033405901792,145.73486056013707,147.72116088867188,21311500,139.9081207346424,131.9707619838524,63.64491865319866,1.0776030246423147,148.73849517811033,127.55587941498861,3.5271907037332833,2426891100,56.24170951263837,22.24091608457211
2024-03-21 00:00:00-04:00,148.44614455149775,149.33997356709878,145.8937415566917,146.58895874023438,24755600,140.17011438192054,132.11621667794577,61.106388306895454,1.4138914079908034,150.1368448043021,127.36784879921356,3.5214079399242686,2402135500,61.73255218953082,23.03878453676779
2024-03-22 00:00:00-04:00,148.0985519993625,150.54170814315216,147.9595115784489,149.7372589111328,29211800,140.54529652032102,132.29155043150982,65.25623748647274,1.912398942389757,152.17641258017449,127.13316587034639,3.552218044423806,2431347300,70.72401564708014,24.004503374652504
2024-03-25 00:00:00-04:00,148.91292360567456,149.34991206023355,146.8074503110912,149.0420379638672,19229300,140.87850206712676,132.45822194924472,63.64141326831283,2.225714582465855,153.4698396331616,128.05379928285402,3.507760226967935,2412118000,73.2752721164172,24.447352106805376
2024-03-26 00:00:00-04:00,149.1910096788579,151.2170292210166,148.95264819861129,149.63792419433594,22149100,141.2220088172134,132.62916426014115,64.45335895161952,2.493360614215703,154.41228812502993,129.49491198890235,3.4189474266420325,2434267100,79.77066489258,25.23304776551436
2024-03-27 00:00:00-04:00,150.1444219519495,150.60127765702768,147.88004097990625,149.8365478515625,22879200,141.55983387738397,132.80038200731948,64.7360443121467,2.6904850548900185,154.65145431376843,131.83396235289823,3.3691109445334178,2457146300,73.95172462292254,25.532991255878102
2024-03-28 00:00:00-04:00,149.8167100033746,150.39272376928287,149.14136000396124,149.89614868164062,24485400,141.88674818343324,132.97048913840726,64.82643571911301,2.819020964314717,154.90439967441617,133.7725676921203,3.2178432888754327,2481631700,73.26850390354483,25.811510211215857
2024-04-01 00:00:00-04:00,149.65777329320292,154.67318373586866,149.578319476088,154.42489624023438,31730800,142.3784402640921,133.18396582598763,70.92498519813637,3.248867753132828,155.95358025156943,135.38237759348263,3.351916215368662,2513362500,73.44546608300632,26.929491990951853
2024-04-02 00:00:00-04:00,152.448545024683,153.64032215037406,151.1077862868628,153.50128173828125,24586000,142.814630125825,133.38612817337363,68.32317549406082,3.4749395191093413,156.5758736311909,136.99665851399138,3.349430053797442,2488776500,67.47417621451527,27.967617929278134
2024-04-03 00:00:00-04:00,152.54787531244028,154.01773335108788,151.6838243418592,153.85882568359375,24705000,143.2477358339728,133.58983660631117,68.80031984377453,3.6409828468468106,156.91252048468948,138.8343484117949,3.2768928363282446,2513481500,67.75010410394981,29.00323663365534
2024-04-04 00:00:00-04:00,152.44855873219765,153.7098637544804,149.41944753109482,149.4989013671875,34724700,143.49287958037337,133.74813575816069,57.43855364886581,3.38178086075294,156.2389335737229,140.930127705574,3.359927501769008,2478756800,58.9879199689554,28.950542618901515
2024-04-05 00:00:00-04:00,149.00231646564103,152.36909488318793,148.57526917325976,151.4553985595703,23459200,143.8051352266164,133.92432742782646,60.58420538515237,3.2962374184962187,156.14185775705135,142.27195042979758,3.3909202309232342,2502216000,62.38059627198435,28.549071026631605
2024-04-08 00:00:00-04:00,151.73347855806227,154.20642788470977,151.56464485123763,153.789306640625,20702000,144.1966713604991,134.12198891253092,64.0021140979689,3.377832945490354,155.48277504020365,144.74121787971825,3.3452137376529647,2522918000,57.28495876319511,28.629342018608387
2024-04-09 00:00:00-04:00,155.02079697777037,157.47387896093983,154.1269679407953,155.52731323242188,31079500,144.64101025743724,134.3349772142214,66.34268597544724,3.5419116426747905,156.36898446739843,145.036195382862,3.3694536364145264,2553997500,64.90692897677486,29.390932517776257
2024-04-10 00:00:00-04:00,155.1400081386409,155.53726217928414,153.62047430521832,155.0704803466797,22838600,145.05000908446635,134.54130062847472,65.14371645811283,3.5936571536555277,156.77389339539525,145.83763207660996,3.2656917962467618,2531158900,58.6199937961089,29.876029291773932
2024-04-11 00:00:00-04:00,155.83519407658596,158.58620908812793,155.38827953878376,158.3180694580078,27166400,145.57032517754644,134.7778853929477,69.38020272160712,3.8523120881919226,158.1433129436398,145.8811336709435,3.283551578046868,2558325300,59.09804763430133,30.902736500388045
2024-04-12 00:00:00-04:00,156.87801737370006,159.12253144332848,156.0636269091037,156.6495819091797,25353700,146.00480583368892,134.99551421400474,65.00858655677136,3.8779622513758056,158.4865862096811,146.87927682742827,3.2675053606310045,2532971600,51.46185185747231,31.949240932036144
2024-04-15 00:00:00-04:00,157.77184090027146,158.1492428244945,153.5310853159215,153.7992401123047,27136500,146.3104699230464,135.1826159642366,58.25550374652255,3.6264875378646195,158.5579716947803,147.34948883581865,3.3639805140554335,2505835100,50.20587774157824,31.81591184450648
2024-04-16 00:00:00-04:00,153.1338236644043,154.5838143933326,152.3790198535887,153.34237670898438,20779500,146.58623097347538,135.36331010100025,57.22932251047373,3.3516907525085173,158.4402927444179,148.04054628553,3.281181515890325,2485055600,44.33830527947294,31.23221990883344
2024-04-17 00:00:00-04:00,154.55404155336925,156.0040476284453,153.5211719311902,154.4050750732422,21763100,146.89285231072114,135.55278039923152,59.03686541385878,3.1829718784806857,158.4095787341652,148.7068804129702,3.236930759002511,2506818700,50.45501223298776,31.02650065804023
2024-04-18 00:00:00-04:00,154.27595164428578,155.86499805909074,153.56088227305054,154.9413604736328,19883000,147.2084800818157,135.7457015940017,59.95656182051483,3.057292144404812,158.35824605973116,149.43885477034698,3.170301118076632,2526701700,49.921336444989706,30.83547563944654
2024-04-19 00:00:00-04:00,155.13004750565483,155.28895516371534,151.25676805460682,153.0345001220703,32615600,147.43695145594333,135.91772944005214,55.210025050874464,2.771869964085056,158.0626549225854,150.15289276621667,3.2318644031503383,2494086100,40.963126142894104,29.705062547552043
2024-04-22 00:00:00-04:00,153.25298111285292,156.56017258323456,153.00469360145132,155.20948791503906,26446200,147.7417568072804,136.10968723582315,59.179566657053826,2.6901636357627012,158.15094401034787,150.1692159017615,3.254979730195546,2520532300,48.11824325713465,29.008533082409283
2024-04-23 00:00:00-04:00,155.88483566115886,157.8810617695658,155.20948575930765,157.17591857910156,21151600,148.11172393558712,136.31930147804482,62.42219685697946,2.75235783451501,158.64729745070997,150.16281404017542,3.213308035914303,2541683900,47.674661786963256,28.711187504396996
2024-04-24 00:00:00-04:00,156.41121249254869,158.47696648984666,156.09339719099466,158.03997802734375,22779100,148.50106723330308,136.5354276128637,63.783563778175846,2.8386474010950735,159.28049743532515,150.08710103472694,3.1540409832669956,2564463000,55.90126448788421,28.589877841764867
2024-04-25 00:00:00-04:00,150.2934175121377,155.4180760423038,149.8365617646382,154.93142700195312,57109700,148.7532382046227,136.71847238290442,55.932839346448354,2.625928348372014,158.7137296319859,151.37820558936826,3.514710646084036,2507353300,50.902811406802954,26.849026383682208
2024-04-26 00:00:00-04:00,173.17559264604492,173.51327522567658,168.48792256762354,170.7721710205078,64665300,149.61672576603,137.0573151554179,73.69855777951796,3.6929921079936605,164.66029208988508,148.00721279292745,4.590934758772566,2572018600,56.74017897815569,27.85842075359933
2024-04-29 00:00:00-04:00,167.90194156072766,168.38859053071332,164.07832303975508,165.01187133789062,45610000,150.22045696492648,137.33546994330322,63.6496689654534,4.027414257140947,166.32575207049572,147.8380947719522,4.7411428460568645,2526408600,47.48862760163529,27.766704993667425
2024-04-30 00:00:00-04:00,164.47561025657222,166.94855978571303,161.48623351871703,161.6649932861328,33562900,150.66926231085614,137.57755475268462,58.64612344162173,3.9765420307526824,166.9639783058544,148.01822587708833,4.792655947552517,2492845700,46.18440205820446,27.132227650226362
2024-05-01 00:00:00-04:00,163.1745831231535,165.97525884524785,161.9728646968349,162.7375946044922,33493200,151.14253024393992,137.8279034079265,59.738456917503385,3.9769317929585952,167.72170787139055,148.28277821259383,4.758199491235554,2526338900,47.0803051980414,26.54307011703109
2024-05-02 00:00:00-04:00,163.66120167403318,165.58791533230615,162.76737262737393,165.47866821289062,24294500,151.70473173291836,138.1030353960356,62.46693284960165,4.150577144724849,168.8928629310468,148.0663696535886,4.62192243670544,2550633400,52.613533984652044,25.995995264778337
2024-05-03 00:00:00-04:00,166.41223681348706,166.8095059662969,161.93313508971997,166.0944366455078,34662400,152.26903388635324,138.381556801503,63.072361066938605,4.288445176833392,170.12832756303445,148.09021898644474,4.640097325267691,2585295800,59.29692174651875,25.688052281961657
2024-05-06 00:00:00-04:00,166.31293186931515,166.98826670166156,164.89271926535207,166.94854736328125,21871300,152.8447010815269,138.66580546380925,63.94120397083597,4.415724459511949,171.26483170166054,148.7069558146155,4.458343761770676,2607167100,63.8439492277002,25.43237880131425
2024-05-07 00:00:00-04:00,167.34578737133612,170.5834511551503,167.23654025708916,170.0769500732422,28039700,153.52047555179024,138.9783541663907,67.0035231482182,4.714682239504725,172.8327157625505,149.37034820229326,4.399526621063417,2635206800,64.5054476378152,25.778687423229176
2024-05-08 00:00:00-04:00,167.84238566808955,168.98450234909356,167.58417206875262,168.21978759765625,19569100,154.09691916143203,139.2693137030202,63.55298287062081,4.74703013472859,173.67505435078402,150.3699712839816,4.263330291308142,2615637700,60.25817206978354,26.100259715007322
2024-05-09 00:00:00-04:00,168.22970402279228,169.5208022541753,167.02798566826758,168.79580688476562,15346700,154.67334613097452,139.5631096550774,64.16931719539005,4.764226974291915,174.4017948154858,151.4904903407642,4.136865026636683,2630984400,65.76596616978983,26.22692749253215
2024-05-10 00:00:00-04:00,166.87900279086293,168.68654316784418,165.05161032382293,167.4947509765625,29799900,155.1761463209976,139.84103643439568,61.63407831114094,4.6196191610527535,174.24623385285076,153.57408475066484,4.108817279087113,2601184500,59.46259518532362,25.74139182107361
2024-05-13 00:00:00-04:00,163.13485206008403,168.1204704803673,162.87663845465653,167.98143005371094,31327600,155.6783143105158,140.1210403510058,62.23512869407852,4.492500610839556,174.15137352332727,155.37187069867792,4.189889760988802,2632512100,53.62452397510288,24.671374405255655
2024-05-14 00:00:00-04:00,168.60709956951226,170.0769574991566,167.64374274389093,169.17318725585938,25127100,156.20752501425474,140.41011643961133,63.733437818523925,4.436778667557974,174.2478469825976,156.87503306297532,4.064412974865722,2657639200,54.02153140347201,24.096527460131174
2024-05-15 00:00:00-04:00,169.46121142592096,171.46736377620064,169.3420231054926,171.3283233642578,26948400,156.80049749856857,140.7177602896078,66.33460758722804,4.514479983690421,174.57733654788763,158.31732287594048,3.9379675138282613,2684587600,63.45475171542244,23.847829929900563
2024-05-16 00:00:00-04:00,172.102989637879,173.920456302831,171.50710861685377,172.9868927001953,27867900,157.4352580947108,141.03884618424053,68.22351953532893,4.656217543257128,173.67941223709082,161.62264261316957,3.841836472738614,2712455500,60.019557004119186,24.08964154812723
2024-05-17 00:00:00-04:00,172.98689196767407,175.0625873717897,172.50025807570452,174.85401916503906,24479300,158.11834676413545,141.37531556713407,70.24736895090848,4.863147741899411,174.79941173021436,161.04688953931688,3.7504431029776546,2736934800,69.92188744464586,24.522736512975857
2024-05-20 00:00:00-04:00,174.9831344869509,177.545463796925,174.8738873598263,175.7081298828125,22554400,158.80814218055417,141.71693561007615,71.15248836388153,5.037986242630723,176.32716685931732,160.94530221620354,3.674800355042531,2759489200,78.09224421492767,25.353314106730107
2024-05-21 00:00:00-04:00,175.68825488082155,176.92969256413505,174.60572485799662,176.6317596435547,16989400,159.5071075712601,142.0643467944889,72.13953416742353,5.191234892292755,177.33182402862516,161.9362138945519,3.578312308692239,2776478600,77.16957037222934,26.02839210455949
2024-05-22 00:00:00-04:00,175.4300428084482,175.93654393206373,174.00984536056046,175.1718292236328,17880000,160.12141038115706,142.39377448035103,68.16912217526877,5.135680440241657,177.674257016254,163.25167885614184,3.5099981639995237,2758598600,71.44947689362873,26.432651577809143
2024-05-23 00:00:00-04:00,175.85711428242732,177.02902425167093,171.76532512806048,172.36122131347656,21024900,160.60140296673822,142.69195803092938,61.18719125163805,4.809420561155065,177.6669213885995,164.17668823054115,3.635262518257447,2737573700,63.890625984248175,26.00156997305293
2024-05-24 00:00:00-04:00,173.78142537597992,174.5660225547883,172.46053373352476,173.79136657714844,16579400,161.11865644165627,143.00140488213555,63.24977872517636,4.613081297307161,177.79299664072667,165.07687030263273,3.5330867127613255,2754153100,58.19684155009029,25.601279911493585
2024-05-28 00:00:00-04:00,173.2550562310323,176.05574718016658,173.1756023933686,175.1916961669922,20572200,161.67054035245377,143.321706287955,65.19986161421,4.518390715450238,178.1174317727153,165.85152167780552,3.486448003763944,2774725300,57.30933452019207,25.581597890460746
2024-05-29 00:00:00-04:00,174.22831711133614,175.62866240818713,173.52318901724615,174.69509887695312,23388700,162.18130735341452,143.63387934854205,63.90481483277996,4.353096706921633,178.47482877501665,166.1098778493323,3.3878069599908747,2751336600,56.48484984470106,25.563321728073106
2024-05-30 00:00:00-04:00,173.99992196516303,174.01978921349524,170.61327595235952,170.93109130859375,22931500,162.52443613597057,143.9054933978958,54.98927573894098,3.8737222023999323,178.31806883909394,166.62814494671335,3.43737952889107,2728405100,50.53897609246922,24.445271563805754
2024-05-31 00:00:00-04:00,170.6827744434952,171.8745515162422,168.27935305307957,171.31838989257812,37638900,162.86929706760225,144.17825853714638,55.67452337595201,3.484894518065147,178.1910546621507,167.09150352469828,3.4486523099104676,2766044000,49.281356255764216,22.74525784616921
2024-06-03 00:00:00-04:00,171.35812097814537,173.33449524100553,169.9875840699293,171.9838104248047,27459100,163.22672896396313,144.45493069523255,56.88890604425085,3.1936255255808703,177.78759976722804,168.09349967938655,3.441385085708021,2793503100,57.93744702319616,21.511357319849914
2024-06-04 00:00:00-04:00,172.09306246094846,172.6591653391861,170.71258431304562,172.5995635986328,26879600,163.5942911064992,144.73497679377385,58.03465145336785,2.978148641910451,177.32121945668308,169.17563112925444,3.3346133671674822,2820382700,58.21269932457272,20.365592545410568
2024-06-05 00:00:00-04:00,173.99989738382425,175.43996202192773,172.73859249264606,174.20846557617188,22068500,164.0105332425648,145.02824533887235,60.95460856939939,2.903734162691336,177.04156776471868,170.12665326392718,3.299312299748013,2842451200,57.65647764363342,20.100756322630538
2024-06-06 00:00:00-04:00,174.69509279578756,175.9365303942632,174.5461263456775,175.5194091796875,23251000,164.46186171068726,145.33164000395507,63.201367249589424,2.9169179303905253,177.2226165830552,170.50441588764792,3.1870803367725355,2865702200,57.09949343484483,19.987305838839394
2024-06-07 00:00:00-04:00,175.83723941639084,176.65161466995326,173.10607646773101,173.26498413085938,19661400,164.80708219775283,145.60958372661085,57.11480812464869,2.7141656883065366,177.2246274483328,170.53948387979221,3.212684470018943,2846040800,50.259005122455434,19.33188988371165
2024-06-10 00:00:00-04:00,173.9709162293112,176.0489786130458,171.77352873315732,174.01068115234375,23726700,165.16800764695247,145.8921817109465,58.53718741609643,2.583869355757372,177.12926023386686,170.5224060258988,3.288596285009624,2869767500,42.963569778004064,18.241920058849434
2024-06-11 00:00:00-04:00,175.213770813787,175.83022570889565,172.77776354554194,175.61148071289062,21540600,165.5775556103226,146.18789612887628,61.49003113386689,2.5800386401484445,177.10845206290008,170.53032764087595,3.2717295620342015,2891308100,43.74692498020641,17.229805221477378
2024-06-12 00:00:00-04:00,177.2321908623203,179.3798608836739,175.1044108888481,176.77481079101562,27864700,166.0166636566243,146.49224353844983,63.52309210838692,2.640436477283629,177.15121348593334,170.50663970417082,3.3434238786621733,2919172800,50.88335288605053,17.37374533132649
2024-06-13 00:00:00-04:00,175.10439291663198,175.73080040148275,173.8814206015202,174.15982055664062,20913300,166.33600314289944,146.76754281226266,56.32481137491188,2.449063066288005,177.01225572902553,170.51066297214635,3.311278615150262,2898259500,50.88435802769246,17.03524745065068
2024-06-14 00:00:00-04:00,173.2251852008677,176.04896483669535,173.1555776264317,175.78050231933594,18063600,166.70637565962244,147.05622897651216,59.39581484203281,2.400502237417726,177.29456798998038,170.68425484530607,3.2814292290869327,2916323100,56.05400769740604,16.445630770788714
2024-06-17 00:00:00-04:00,174.45811620425826,177.34155090633004,173.81181865264895,176.2279510498047,19618500,167.07977077296292,147.34649486778872,60.227311831516644,2.3707937689394214,177.63672308394604,170.6669776810279,3.299165159415087,2935941600,55.94276169058415,16.299378782148683
2024-06-18 00:00:00-04:00,176.1285226693017,176.3770951589655,173.10588787052086,174.09022521972656,21869900,167.35469055518897,147.61260163745976,54.486513286562,2.1499694750662854,177.518686510501,170.63815146150424,3.2971681686314827,2914071700,56.20071547437067,15.877958079605763
2024-06-20 00:00:00-04:00,174.36863734568504,176.27767237873894,173.99081745179618,175.2933349609375,20160100,167.6660099436497,147.88803181978292,56.972305512797355,2.048432478025063,177.5998631118471,170.63673967135603,3.2250029370822886,2934231800,62.73834517404013,15.48663885581591
2024-06-21 00:00:00-04:00,175.9893366865349,179.81735940064124,175.60156417866833,178.6043243408203,57759000,168.0949634494211,148.19366657123604,62.96680738422408,2.209661248789388,178.33554426305435,170.924156257779,3.3177901872695346,2991990800,75.53405601631177,16.20441591359837
2024-06-24 00:00:00-04:00,179.1312749634446,179.85710235428542,177.6497775263464,178.19664001464844,18298000,168.4911076284496,148.49220362042422,61.824671564186275,2.278276934921081,178.74345440907902,171.43334612803037,3.2384712330316394,2973692800,74.9426834442182,16.881765355572778
2024-06-25 00:00:00-04:00,178.59436448189186,183.23769694925022,178.39550951673985,182.97918701171875,23130200,169.0592676042641,148.8353576840192,68.94176630181906,2.6875861140221957,180.84573900920938,170.79711173948854,3.367227354572364,2996823000,74.76420010003994,18.345943492559236
2024-06-26 00:00:00-04:00,181.58718512405983,183.45643998230676,181.4380325230597,182.83004760742188,19839000,169.59929819262325,149.17361330514757,68.51281340263975,2.965745021362409,182.30981852672073,170.69709675648238,3.2708830763348433,2976984000,74.67030975643574,19.754047815624066
2024-06-27 00:00:00-04:00,183.12831553961882,184.98764806113232,182.9692406782277,184.35130310058594,18848900,170.17780818901394,149.52364006928127,70.52720092950543,3.2712318397148294,184.02829754083237,170.33099607895932,3.1913628890045294,2995832900,74.40858848066338,21.39596270086829
2024-06-28 00:00:00-04:00,183.2675316089203,184.07290404421764,180.92100671054675,181.1099090576172,29156600,170.60651802699837,149.83793130299605,61.49917479325634,3.214721624572178,184.60447756660577,170.50021603690985,3.208429567649862,2966676300,72.0998963229403,21.91951002636962
2024-07-01 00:00:00-04:00,181.98489431830802,182.8300468722603,180.2647768963167,181.94512939453125,16006100,171.05116945317616,150.15740591087203,62.81986523151342,3.200439498563867,185.10505348748376,171.15699281785476,3.1624895968137006,2982682400,73.58058972581631,22.10437378121325
2024-07-02 00:00:00-04:00,181.01047903209437,184.51038372241194,180.52327152009687,184.18226623535156,17372500,171.5661144250262,150.49596173499623,66.1675223673877,3.3312386122289013,186.02267232344565,171.59558532629393,3.2213912114923704,3000054900,73.3182925991718,22.722896445957208
2024-07-03 00:00:00-04:00,183.79450966944947,185.027419540138,182.94935711411654,184.75897216796875,10242100,172.08348139533769,150.83688721194122,66.99258714985127,3.4417587487594687,186.9860707527527,171.85185242433062,3.13972486967302,3010297000,71.85937359606605,23.42941393252242
2024-07-05 00:00:00-04:00,184.79873308828007,189.77018290215648,184.7390781179793,189.5116729736328,20967500,172.76693988860418,151.22171095086352,72.86542499667986,3.868259105196728,189.194232966863,171.34193850123597,3.2748234349947465,3031264500,78.52278802248922,25.0908345141657
2024-07-08 00:00:00-04:00,188.8156499349587,189.0841124617017,186.7077601573061,187.95062255859375,21035900,173.36237842468222,151.58717275790562,68.55110717238487,4.033800843026825,190.2475207877835,172.12742428057587,3.2411869622327445,3010228600,71.86464426775046,26.633582197120177
2024-07-09 00:00:00-04:00,189.22333223651012,190.26733979712682,187.64241473790693,187.9009246826172,15121400,173.93251749362085,151.94850362282813,68.41223028821783,4.113565042467911,191.14402697210863,172.8469744113549,3.1971682548746836,2995107200,71.56593827841397,28.283150168665344
2024-07-10 00:00:00-04:00,188.06995606849796,190.65511625588667,187.95064611795024,190.08836364746094,15952500,174.5660800878891,152.3280047176006,71.17978087860998,4.303676682616214,192.34687350985692,173.49218288662743,3.165527063331455,3011059700,78.04558577925397,29.88569585498328
2024-07-11 00:00:00-04:00,188.76595095990965,189.77017833635344,184.02318370351583,184.51039123535156,25625800,174.9560530740641,152.648227469021,57.375130985822615,3.9586133400841845,191.78922879315124,175.43918307208313,3.3726451262324306,2985433900,70.10855157022122,29.46826697019444
2024-07-12 00:00:00-04:00,184.02319732602172,186.0416048375752,183.43656985987124,184.0132598876953,22898400,175.3112376549908,152.9603173438337,56.32664624491934,3.6034949631866766,191.0554556666094,177.33561285552602,3.317815829908968,2962535500,58.182814500400966,28.835384722701924
2024-07-15 00:00:00-04:00,183.8641124718461,187.16516268876106,183.8641124718461,185.4649200439453,16474000,175.70942127808706,153.2837462264219,58.700023209241316,3.4000047947406813,190.84281989045223,178.4629947254332,3.316618286123681,2979009500,58.00728083959937,28.554021332620145
2024-07-16 00:00:00-04:00,186.29017198367765,187.6026268731147,182.32294948626117,182.86981201171875,18290700,175.99022091470007,153.57813494070345,53.14034428420219,2.994811517236485,190.22363976898262,179.7052644465122,3.4568367933186708,2960718800,50.50554908716042,27.633526996723727
2024-07-17 00:00:00-04:00,181.92523630082098,182.5019263017259,178.8727588226684,179.9863739013672,20734100,176.14693279653017,153.84090348757573,47.73091918020674,2.4132056355486498,190.51446598939702,179.0153964780509,3.4954236787280766,2939984700,43.09408069473174,25.789944768267294
2024-07-18 00:00:00-04:00,180.89117984347467,181.4579324491382,175.46236471674348,176.67539978027344,25315700,176.16765699197109,154.06811240591102,42.394323576841025,1.6659073010843315,191.3429114695013,177.36633128766016,3.674005396847124,2914669000,35.374670039161074,25.05034181959784
2024-07-19 00:00:00-04:00,177.8585885239563,179.2605258026029,176.11858113676493,176.6455535888672,18881900,176.18639803498664,154.29276356196036,42.348359461698024,1.059051561650108,191.81765241008637,175.86415707884592,3.6360010589178984,2895787100,36.7958933321951,24.363567652976204
2024-07-22 00:00:00-04:00,179.5588097386944,181.6567620385204,179.20086476715244,180.6326446533203,24100300,176.3607606474703,154.55485193102862,50.12738585751167,0.8895843685266982,191.8328235273368,175.78535070768925,3.734230158256136,2919887400,44.404100426279754,22.888829892742383
2024-07-23 00:00:00-04:00,181.01047820725972,182.56156801417904,180.50338065154088,180.751953125,36352700,176.5329642740401,154.81551960460047,50.34330502474775,0.7561906979397861,191.84870645542776,175.61037761032748,3.614512815711995,2956240100,47.93967538267908,21.282086968508118
2024-07-24 00:00:00-04:00,172.60874962060436,175.18395707272086,170.8389146389314,171.644287109375,49585200,176.34125144405326,154.98297002753355,37.12858516362765,-0.0834750303811802,192.99412535436065,172.79322816126435,4.064407506451752,2906654900,39.50528384777307,21.979669782607022
2024-07-25 00:00:00-04:00,171.5348983988805,172.4297532433613,166.23533139265734,166.32481384277344,44852000,175.94844996949325,155.09582419484937,31.867134852172015,-1.1647269581065132,194.63613553906032,168.69333019987198,4.216551388184052,2861802900,31.104052210358972,23.309173889330943
2024-07-26 00:00:00-04:00,166.19553938370566,167.13017425343986,163.1231874434032,166.04640197753906,41336900,175.56013436196562,155.20478516781148,31.61461890127913,-2.0207979111509644,194.4912553221483,165.7095076173048,4.201582489744953,2820466000,29.759913202687443,24.93219295208886
2024-07-29 00:00:00-04:00,167.8659964365952,169.45685146547936,167.0307964085563,168.56199645996094,20293800,175.28569758149484,155.33769274285774,36.51002298101988,-2.467805532047862,193.62276709677596,163.9928456961928,4.145072989616049,2840759800,30.348753721892336,25.723221705071097
2024-07-30 00:00:00-04:00,169.26793984783785,170.25227726580664,167.47821476290122,169.31764221191406,18959700,175.05165619445245,155.4767967176742,37.94700171062826,-2.729622604879097,192.24241022663196,162.89543157024306,4.047143669136719,2859719500,30.534917553218747,26.21826722842534
2024-07-31 00:00:00-04:00,172.25080624759823,173.25503369271337,169.03923860189312,170.5605010986328,25729100,174.87553246520463,155.62688332843,40.33880457139649,-2.804497692574131,189.6772718544608,162.8568549359038,4.059190199256971,2885448600,37.253821287355095,25.814858995481888
2024-08-01 00:00:00-04:00,169.2778754387371,173.0561805386624,167.91570297002085,169.7849578857422,24531400,174.67590208953945,155.76775969218437,39.320333572925165,-2.8930671179495278,188.2877849104658,162.28295076661755,4.13642501135587,2860917200,37.28056133796406,25.641136037313174
2024-08-02 00:00:00-04:00,165.4896290110481,167.54780140914312,163.729731473792,165.7083740234375,29130100,174.32423432224135,155.86667127756996,34.403323431871755,-3.2546872651032572,186.99758993473654,161.13249429377908,4.273482254255465,2831787100,31.885257399524576,26.160541235523034
2024-08-05 00:00:00-04:00,154.61211037149235,163.49111367184287,154.0453577327485,158.3406982421875,53630700,173.69742898576865,155.8912884612975,27.668972414607822,-4.088652260208306,185.87478812840183,158.63873319321274,4.801306114000718,2778156400,29.67205703402196,27.776553608216012
2024-08-06 00:00:00-04:00,158.42022424958387,159.65314928592488,155.51689933013026,157.3861541748047,49004600,173.05777115004457,155.90616274700406,26.93338143850363,-4.771595275877189,184.7999814792204,156.31571879747233,4.753802102700283,2729151800,28.15861975201861,29.277136525716635
2024-08-07 00:00:00-04:00,160.329247442372,162.0493647327587,157.56512271570298,158.03244018554688,25138600,172.46854248477015,155.9273197364423,28.322814919593228,-5.2007318568020935,183.66821121980223,154.5202978947811,4.747331278075549,2754290400,33.50601246518522,29.994893249005223
2024-08-08 00:00:00-04:00,159.59347241017986,162.7553223007696,159.295197566251,161.10479736328125,25578800,172.02290542118237,155.9788369267591,34.681757089675926,-5.232594054382076,182.54018761461785,153.57224117769985,4.745584909300347,2779869200,38.44016554850976,30.46461385758283
2024-08-09 00:00:00-04:00,159.09633805981707,162.8547530607689,158.15176559045875,162.73544311523438,28602300,171.65869121310598,156.04606683908224,37.834067595891085,-5.067846610115112,181.06520509869472,153.19254229713863,4.742542235086761,2808471500,38.64559777014155,31.051826351655485
2024-08-12 00:00:00-04:00,163.41156183996847,163.95840918346863,160.9158843175958,161.36331176757812,15895300,171.25495084269312,156.09897474881853,36.24877798861589,-4.990475510743323,178.00392321294783,153.6845797981199,4.62111242300005,2792576200,35.340464704497094,31.2653090768225
2024-08-13 00:00:00-04:00,162.47692353255772,163.78937837052388,162.03943352934883,163.22264099121094,18551700,170.93995829949776,156.16985699998665,39.92231212313833,-4.724663053102489,173.8932112223782,155.45805017085095,4.464323435853315,2811127900,42.559828248361825,31.46354303590616
2024-08-14 00:00:00-04:00,161.47267673043564,162.2880017461777,156.80946975586303,159.4542694091797,40591100,170.4895391273284,156.20253772047616,35.462222148692604,-4.763173954051865,172.6175155149648,155.10841018490498,4.603526850102928,2770536800,43.233651074263825,32.38003625324641
2024-08-15 00:00:00-04:00,159.58354749716605,160.71703750803647,158.6986299901853,160.3789825439453,31524300,170.09304671229378,156.2440943853863,37.312954950987226,-4.665298837731143,172.27760913499253,154.65553905836686,4.418875469227801,2802061100,52.03637730114951,33.23106566934807
2024-08-16 00:00:00-04:00,160.5479977673965,164.11749500950546,160.20994282911744,162.0294952392578,24208600,169.77682900746885,156.30166056303676,40.58787946568459,-4.403785425173112,171.92365281018778,154.47390781806746,4.382352377167817,2826269700,52.40233937679669,32.93987364640801
2024-08-19 00:00:00-04:00,164.3362450435517,165.73819754258415,163.32206502598987,165.7183074951172,22416200,169.61767130110212,156.39535854246046,47.22397376843181,-3.854446184950291,171.3759220419067,154.64248005770267,4.334234514750568,2848685900,52.751713887954025,32.19803824922627
2024-08-20 00:00:00-04:00,165.9470028325088,167.67707297668008,165.8674729797842,166.22540283203125,18341500,169.48464116506014,156.49316992842634,48.082471697778296,-3.339674831005368,170.67566482079945,154.93043869482557,4.164558155237162,2867027400,51.78678856760625,30.968451806278118
2024-08-21 00:00:00-04:00,164.20698475195752,165.8972898617058,163.7297298078101,164.9029998779297,22902000,169.3049689577217,156.57684982842142,45.98184983572931,-3.003795802674773,169.24772400214852,155.60404601738276,4.045352074450305,2844125400,52.104759398831746,30.241658277784875
2024-08-22 00:00:00-04:00,166.30493512161505,166.63305263271135,162.3774927696954,162.8647003173828,22493300,169.05240940319862,156.6394155049285,42.87277233702546,-2.8690108217451495,167.55880581556198,156.37026319485466,4.060366916490708,2821632100,53.02792627053103,29.818426819897958
2024-08-23 00:00:00-04:00,163.77943106089057,165.2310857967722,162.89451367016122,164.67428588867188,13955700,168.8807182849819,156.71936446397072,46.34156924699779,-2.586360368643369,167.32673138623485,156.46445920621304,3.939368242412042,2835587800,62.66188271949501,29.425426180431536
2024-08-26 00:00:00-04:00,165.42995714825835,166.59327450173777,163.52092237549783,165.21121215820312,14190400,168.73681608393173,156.80386046092826,47.36285727971081,-2.2926046660096517,167.66584788743793,157.0414112271454,3.87743851982832,2849778200,73.51518207125531,28.621852120752028
2024-08-27 00:00:00-04:00,164.89304984017366,165.489629908409,163.5209399578905,163.7396697998047,11821900,168.54084956298558,156.8728734891758,44.8437042312029,-2.1537156322399653,167.40689531990856,158.14749921134145,3.7410993363061897,2837956300,68.59585919400539,27.875676208192484
2024-08-28 00:00:00-04:00,164.09763335723272,164.65444856397423,160.6076805270113,161.92015075683594,16407400,168.2812143156856,156.92309515353062,41.877724012099435,-2.165502488044808,166.95529209482316,159.11746384593204,3.7629328149245285,2821548900,62.24007631598411,27.82074448934527
2024-08-29 00:00:00-04:00,163.37178412416296,165.0223091315335,159.33496923436493,160.85623168945312,19699800,167.99003852642156,156.96223084045522,40.20330110853947,-2.2349301498136924,166.9732019171725,159.06641193373895,3.9003904636562448,2801849100,54.429315549533094,28.024053182747302
2024-08-30 00:00:00-04:00,161.69144289011467,162.72551303705623,160.76676042707592,162.44711303710938,22123800,167.77266889938969,157.0168067827105,43.82051132307336,-2.1369478382832483,166.96211890202483,159.03905093846998,3.761702045536535,2823972900,55.37203917901345,28.212839826620616
2024-09-03 00:00:00-04:00,160.79659215048164,160.9258547151699,155.58650669543206,156.46148681640625,38945300,167.32909313142954,157.01128121090647,35.19421601574389,-2.5133142404361593,167.76833875548036,157.5792544248582,3.983052352403733,2785027600,46.204598046536944,29.316060901446154
2024-09-04 00:00:00-04:00,155.76547872304474,158.09211373684093,155.06947874092558,155.55667114257812,19353800,166.8674295240236,156.9968074788833,34.10138233907428,-2.8517254726227748,168.35440995580362,155.9710539113839,3.914451112654563,2765673800,49.50210902222435,30.419930031606306
2024-09-05 00:00:00-04:00,155.40752807028366,158.5395354620366,155.08934799190737,156.3421630859375,18688700,166.454673977432,156.99029360432664,35.960458955590155,-3.0217038559468676,168.68154214178915,155.22897421563275,3.881289423902754,2784362500,47.19360224152326,31.25813792669614
2024-09-06 00:00:00-04:00,156.40181776056022,156.92879023916618,149.69036035813147,150.05824279785156,37912100,165.811676676272,156.92131797441147,28.929226953419814,-3.6217238219205115,170.23550876791165,152.29890895669774,4.12108517084075,2746450400,37.220384002288846,32.82205461637594
2024-09-09 00:00:00-04:00,151.84037111346015,152.7264627958575,146.57360452316883,148.05706787109375,39260500,165.11541750744146,156.83311648084612,27.111224737696233,-4.2101896148102185,171.44157411579982,149.22985329305436,4.266211820972744,2707189900,28.264626696624063,34.62798370418059
2024-09-10 00:00:00-04:00,149.78941235994157,150.60581925736298,147.6886761823768,148.0072784423828,31118800,164.44451009312544,156.7452971968813,27.065651190415963,-4.6272307503923855,171.42560972970716,146.8843471387824,4.169849767687989,2676071100,21.50992125587777,36.30491785714206
2024-09-11 00:00:00-04:00,149.26176148971257,150.83482618648793,146.8723049733769,150.49632263183594,29607700,163.89752234954545,156.6831183454878,33.11837248459193,-4.702684174833507,170.46888947653096,145.74385669859927,4.155040585218205,2705678800,29.67465850073698,37.955174854499596
2024-09-12 00:00:00-04:00,153.1247267348267,154.14025256310887,151.97976682488095,154.0108184814453,29621500,163.50980847236505,156.65652829708938,40.61261711047644,-4.427849619941526,169.3333518508133,145.4271034714523,4.118532681364972,2735300300,37.7186600921041,38.12738702633782
2024-09-13 00:00:00-04:00,154.74754539538486,157.68460496841567,154.52852532698242,156.76864624023438,29591200,163.24544916914425,156.6576438985137,45.74965019171153,-3.9420659210208555,168.56239946760778,145.3852486443714,4.08676509605107,2764891500,40.32978439727781,37.07190474536929
2024-09-16 00:00:00-04:00,156.61930555531896,157.555180781803,155.91243141908913,157.3660125732422,18379800,163.01488302812848,156.66469234303838,46.82265849957627,-3.468889173979562,167.3297606740078,145.64345099591407,3.9121925436698404,2783271300,40.90488481177497,36.0918140558985
2024-09-17 00:00:00-04:00,158.32179756550258,159.84507860249886,157.68460821141127,158.6204833984375,20715600,162.8425536308857,156.6841529505548,49.09947138524255,-2.958563404071498,165.93245002073482,146.16199781455165,3.8098263640688996,2803986900,45.661531406980195,34.448082581324265
2024-09-18 00:00:00-04:00,159.1581209112091,159.79531032602117,157.9036585234899,159.10833740234375,23677300,162.696113778786,156.70827418888106,49.99611215632986,-2.486102570879524,164.90664671619396,146.5702901327644,3.6728138953876406,2827664200,51.22295080510098,32.92176049779104
2024-09-19 00:00:00-04:00,162.9912145689688,163.07084994877528,160.631610061734,161.4281005859375,26587700,162.64638777122335,156.75523763561796,54.13353511454454,-1.902556962469447,164.7882590739911,146.6230710855141,3.6935066561764893,2854251900,57.46350443098663,30.616279470965416
2024-09-20 00:00:00-04:00,162.78213342108606,163.01111932448998,161.34845348503907,162.87173461914062,40896400,162.65522490251422,156.81609830212068,56.54333345433139,-1.3085198596423027,165.2761904211,146.40387346236355,3.548446597838948,2895148300,59.53450997995775,28.47547566034162
2024-09-23 00:00:00-04:00,163.6283970678755,164.76339107979564,160.9601562027871,161.13937377929688,24150900,162.59577976042726,156.85911596856025,52.94829653982224,-0.9663882949687661,164.96471944750266,146.54097920158586,3.5666457606367765,2870997400,61.71625819533905,26.984561731794113
2024-09-24 00:00:00-04:00,162.31419475907774,162.5033629705114,159.98447247380625,161.5774383544922,23332100,162.55584480333175,156.9060644500123,53.74910118379326,-0.6523782050241209,165.75342790521256,146.43439761562075,3.4918060989273747,2894329500,60.970747793184024,25.290402403445423
2024-09-25 00:00:00-04:00,160.7610283853223,162.0951411473419,160.59177663418174,160.78094482421875,18869200,162.48624088258222,156.94462047363626,52.01564054806164,-0.4624623397614016,166.37206478722135,146.51233055783075,3.34977455708686,2875460300,56.094072194013776,23.71725445569307
2024-09-26 00:00:00-04:00,162.9215110711205,163.35958160947462,161.56748176702274,162.0155029296875,20319300,162.467780570704,156.99507701548754,54.46687151538446,-0.2099143646633479,167.13111920374567,146.5097214538064,3.29469328767036,2895779600,64.03848623299709,22.651085987029774
2024-09-27 00:00:00-04:00,162.0951694277683,164.9724800827397,161.91596702181027,163.23016357421875,21101300,162.49767794339084,157.05711767776347,56.804886350302056,0.08723905031527579,167.79746644432814,147.59963031673956,3.2776804143317224,2916880900,72.85742983591894,22.135011319028536
2024-09-30 00:00:00-04:00,162.60293558835963,165.42049684043894,162.5431862628529,165.121826171875,20413900,162.60058571705687,157.13736353342628,60.22980958632131,0.4699592373586938,168.14839484754185,149.52400302029668,3.249082568849887,2937294800,80.6041801872698,21.784459058656605
2024-10-01 00:00:00-04:00,166.9537289039037,168.41727581616183,163.85738331840562,166.25680541992188,28338100,162.7439668818751,157.2281042487148,62.168033997505425,0.8549952300447501,168.06591651383798,152.03975161767244,3.342711849486053,2965632900,80.70388604927729,22.245361315952966
2024-10-02 00:00:00-04:00,165.6893137329917,166.78449014447432,164.00673142434744,165.13177490234375,17760200,162.83760641208957,157.30674773780564,59.0937162183782,1.0571720465014494,167.58036632582616,154.47669544175199,3.3023580545318265,2947872700,74.68977046937025,22.67334198344244
2024-10-03 00:00:00-04:00,163.68814431760305,165.90834901528822,163.2002902448892,165.13177490234375,15073100,162.92757380386425,157.38460870461697,59.0937162183782,1.2035251414860397,167.43426867109412,156.10558728593713,3.2599081056651973,2962945800,68.85244708955317,22.705661647137372
2024-10-04 00:00:00-04:00,167.32210163999207,167.49135340314862,164.75342774448882,166.3264923095703,19047400,163.06086472565664,157.4735826708354,61.44208052169791,1.3997789533297862,167.8225802969232,156.99165513601952,3.2226236451648123,2981993200,69.02033340986011,23.162379524330557
2024-10-07 00:00:00-04:00,166.9835979885841,167.74025561009242,162.0354184047515,162.264404296875,22463100,163.02963098335147,157.5212525377612,50.76995260358461,1.2135459564302096,167.43786369892675,158.02949063050036,3.3999246137488193,2959530100,62.23768793158135,22.42791353051008
2024-10-08 00:00:00-04:00,163.2202088485495,164.00673359681912,162.15489948946927,163.6582794189453,23072700,163.05428386317868,157.5823174818526,53.739271215966674,1.1649996471563213,167.2402122929545,158.89884817254026,3.289346720434607,2982602800,55.06672417961848,21.745909393391063
2024-10-09 00:00:00-04:00,162.7323530653501,164.11624952090352,159.0386507061608,161.1493377685547,31181800,162.97958009476207,157.6178102210238,48.11393132408583,0.9135449467293029,166.9631878709138,159.44800597674245,3.417079012885186,2951421000,46.23263464212404,20.426804475147666
2024-10-10 00:00:00-04:00,160.16366845010265,162.35402113493024,159.695730848507,161.3683624267578,14144100,162.9163950881737,157.65512914844405,48.619571819855224,0.7235975621861144,166.9668513685195,159.4363773912461,3.362879818137904,2965565100,36.771556769925766,19.2019213367788
2024-10-11 00:00:00-04:00,161.41814270869355,163.18036025385564,160.53205102817606,162.5232696533203,15344300,162.90097840445395,157.7035683574478,51.313807981569745,0.6586616116038613,166.9557553663121,159.4010113980108,3.3118390615337385,2980909400,43.122668694770695,17.907242840903645
2024-10-14 00:00:00-04:00,162.92152133437537,165.5001460300089,162.68256960973142,164.23573303222656,19016100,162.95332172319013,157.76856502087844,55.075474709842084,0.7368865168826346,167.03001558662248,159.73959907809103,3.28791315547337,2999925500,50.38374120307636,17.50395962639187
2024-10-15 00:00:00-04:00,165.06205820613152,166.94375916455598,163.9071629705859,164.7335205078125,20247200,163.02313344023415,157.83786806054943,56.136403183050554,0.8294858109012466,167.16234703531694,160.02807858317266,3.269961943937422,3020172700,57.15833300032156,17.570911046000056
2024-10-16 00:00:00-04:00,163.8075910141305,165.07201903329403,163.0210663798458,164.43482971191406,16406000,163.07849407833925,157.90350947001573,55.292617186596104,0.8687550995803122,167.08889102663684,160.58871924354546,3.1828898517596227,3003766700,50.8098497179726,17.256703141968877
2024-10-17 00:00:00-04:00,165.00232392781157,165.6395132678631,162.04536311131514,162.21461486816406,21453400,163.04461646225394,157.94640604114159,49.35421234951896,0.7125101376527425,167.073771932779,160.63038659586684,3.212265587815932,2982313300,43.34514250540178,16.559847429742653
2024-10-18 00:00:00-04:00,162.47349822564962,163.98682874694387,162.36398058545478,162.70248413085938,19757700,163.03119950808158,157.9937302012383,50.60948861006198,0.6208945657859886,167.07629180462385,160.5575094649074,3.1094047514562084,3002071000,36.24394249227943,15.912767125532591
2024-10-21 00:00:00-04:00,162.234547045473,163.77774463817317,161.90599412379152,163.34963989257812,20946500,163.04368736629712,158.04702283498298,52.29844550723013,0.59366522334048,166.88810136367798,160.509408401947,3.0210008773794548,3023017500,26.84992003274691,15.10799586786093
2024-10-22 00:00:00-04:00,162.26441234616763,165.0421710211609,162.26441234616763,164.41493225097656,16568100,163.09746167550023,158.11038511772918,55.02486212317136,0.6505468642785672,166.49202745169444,160.65989922473787,3.0036264343518697,3039585600,33.02789253528442,14.859122344386796
2024-10-23 00:00:00-04:00,164.0365946612512,165.09195335667494,161.21901831548328,162.06529235839844,18280500,163.0569844473786,158.14973742858163,48.44754687143597,0.5002629520526227,166.25238991484525,160.4906724223943,3.065719906268997,3021305100,32.6695299031754,14.140310526284662
2024-10-24 00:00:00-04:00,162.11507183508752,162.61287650871054,160.3030555310391,162.00555419921875,22412500,163.01575188862722,158.1881037646079,48.28950300608697,0.3720527066754755,165.95541235011513,160.37082056004112,3.011727125654886,2998892600,25.44187625177723,13.19620905870295
2024-10-25 00:00:00-04:00,162.95137630402328,164.86294438388538,162.70247397291948,164.5443572998047,19828900,163.07569719886948,158.2513500684407,55.007069845992405,0.469888770809348,165.4066555611618,160.68195934769233,3.000703058441439,3018721500,32.84292469278624,13.097092404073463
2024-10-28 00:00:00-04:00,168.00907708946656,168.00907708946656,163.23014919167423,165.9879913330078,32138600,163.18990481197295,158.3283315735608,58.322555418658844,0.6563477892801473,166.02800598994682,160.55708719039174,3.127719118395074,3050860100,43.08835032746283,14.010647859193202
2024-10-29 00:00:00-04:00,166.99356224559247,169.63193629969666,166.35637283025375,168.93499755859375,42169000,163.41520256674238,158.433870538586,64.13296752267439,1.0300429836925673,167.5739591687907,159.7146964301676,3.164592393273201,3093029100,55.74387504673486,15.290150708173934
2024-10-30 00:00:00-04:00,179.88667593834245,181.22080390832798,173.29574742034202,173.69400024414062,68890800,163.81829267173842,158.58571262520843,71.13205345352303,1.6907212792024495,170.63828350569509,158.3229937566747,3.8161076758775603,3161919900,67.01371109841668,18.351080798487477
2024-10-31 00:00:00-04:00,172.3698540409386,176.04365502457762,170.2492012343648,170.3587188720703,44769000,164.07477997371223,158.7028569659732,62.00054367153296,1.9230169137620692,171.6458537666901,158.51413768838802,3.9574181126157937,3117150900,57.6776469520457,20.082778860822962
2024-11-01 00:00:00-04:00,169.32328866587017,171.56340969304173,168.13851111414587,170.5379180908203,31796500,164.32823637046155,158.8206187682105,62.2807184082105,2.0973952897559514,172.55470151115466,158.67390973559012,3.91938100306437,3148947400,50.99219239621279,20.99469245495512
2024-11-04 00:00:00-05:00,169.18390599935867,169.98039659514203,167.27233768455534,168.4969482421875,21492700,164.49171526739198,158.91690065352373,57.115477721139875,2.047302174307447,172.93794613661564,158.85882713812393,3.8726809604358414,3127454700,45.76416858251251,21.563264401426533
2024-11-05 00:00:00-05:00,168.68606882874496,169.78124508626126,168.09866301416423,168.99472045898438,18242100,164.66830370627795,159.01717746750842,58.02971229965307,2.024432677511868,173.35375365304702,159.01117961518213,3.7162453255544983,3145696800,50.093557781362534,22.09122406600713
2024-11-06 00:00:00-05:00,173.03692280821232,176.1631358258417,172.73823693941065,175.73501586914062,33695500,165.10229241854708,159.18352411827092,67.98307180052424,2.5211319058752224,175.46085948371615,158.41076527214324,3.962828899933271,3179392300,56.852742320125316,23.59810124888299
2024-11-07 00:00:00-05:00,176.63105879108298,180.28494329004707,176.41202351829116,179.95639038085938,25352900,165.68480606412794,159.39021930496335,72.39803756869239,3.218300699335458,178.4310189787767,157.80617584544206,4.004764508574212,3204745200,62.204013599622705,25.493639872088387
2024-11-08 00:00:00-05:00,179.85681428948374,180.10571661492824,177.2981062836462,177.56692504882812,22006200,166.15077151450836,159.5710820486834,66.78428230382198,3.5372271554817587,179.99078739634146,158.22833288360644,3.919253495910485,3182739000,61.759303672220994,27.253782879350542
2024-11-11 00:00:00-05:00,177.79590334371593,179.7572547998241,177.68638571752442,179.55813598632812,17450400,166.67655051340324,159.76995820726694,68.94528564620359,3.9056310673572625,181.76580045724484,158.61445263520307,3.7957589427023057,3200189400,61.976895720796676,28.88820138609397
2024-11-12 00:00:00-05:00,179.03048606955645,181.68876129211964,178.60236613626623,180.82257080078125,25134900,167.23129640702592,159.97943693954073,70.2680983138217,4.250624589582401,183.5502858957852,159.01765233663664,3.745090100784527,3225324300,66.84737328630142,30.643792430497488
2024-11-13 00:00:00-05:00,179.66765368671196,180.16545831655327,177.75607053934468,178.09458923339844,23184000,167.6573078904131,160.1596872111214,63.94000145416919,4.254861730228754,183.99739660735426,160.70778120840097,3.6966193979739588,3202140300,66.37663771934882,31.939032883114553
2024-11-14 00:00:00-05:00,177.49723958577857,178.03487716000262,173.55463493650558,174.80909729003906,31007500,167.93777021981023,160.3054524855385,57.252649707548386,3.9476024491540045,183.48948333931074,162.92283355522054,3.7568576050395945,3171132800,60.18329542590738,31.64948067457504
2024-11-15 00:00:00-05:00,172.96721191394371,173.37541540242353,170.46823785970153,171.732666015625,32504600,168.08658966278335,160.4191561027533,51.79050541004826,3.416471999650412,182.9265908677697,164.44416718887092,3.7985720211323044,3138628200,52.990644627474175,30.467291853404934
2024-11-18 00:00:00-05:00,172.65858390052068,174.66971918387097,172.14086274809708,174.53033447265625,20135300,168.33928553768035,160.55956583777723,55.90997789630964,3.1845858320856735,182.53092855566933,165.97880858625774,3.7370349602118518,3158763500,50.66172140679652,29.631546819019544
2024-11-19 00:00:00-05:00,172.95724636134872,178.08462810700078,172.7979452295751,177.33792114257812,23434900,168.69217320846064,160.72651464678023,59.63740938623684,3.190584086641735,182.703388923726,166.926738029399,3.8477240971556967,3182198400,44.55175215941352,29.4899013754004
2024-11-20 00:00:00-05:00,176.56136580560948,176.8998693526181,173.0169988032986,175.20733642578125,18997100,168.9476698052183,160.87060242567577,55.78330134248611,2.988962467228731,182.7830267264856,167.0488783841915,3.8815239715931127,3163201300,47.794412117318856,29.358373463468343
2024-11-21 00:00:00-05:00,173.1364567662256,173.36545785068716,162.98124461770655,166.8939971923828,59734400,168.8671336243228,160.93053670196142,43.86995682510986,2.1337622001556724,183.24649453573943,166.12344768431268,4.477564531341797,3103466900,44.395403106211646,27.761757915902198
2024-11-22 00:00:00-05:00,165.12181631038618,165.7291386198519,163.18036592990532,164.03659057617188,38604600,168.677700563611,160.96144271066004,40.65603206683042,1.211475854002913,184.16108615808977,164.34201239334251,4.422997869280061,3064862300,42.60840619425754,26.279186336019347
2024-11-25 00:00:00-05:00,165.3607616780629,167.88961806266173,164.88287341953946,166.91390991210938,33135300,168.6085323027678,161.0206712400277,45.02365430456215,0.7046105913198062,184.3284087254704,163.96361804861812,4.38228569908076,3097997600,44.60605739898083,24.41732790580429
2024-11-26 00:00:00-05:00,166.89400838356315,169.07439539763973,166.844224875264,168.37745666503906,20486700,168.59947051305295,161.0938730850527,47.15415911756774,0.41621435051891353,184.3748112820762,163.83491365281967,4.228563186458973,3118484300,42.59829153994093,22.91665693760766
2024-11-27 00:00:00-05:00,168.25798309333703,168.73587133599466,167.28229016697128,168.48696899414062,19266500,168.59505868878188,161.1674362284267,47.31867371892663,0.1942557225773669,184.2162552041226,163.02706348077322,4.030350185213574,3137750800,41.476360202416245,21.52317675285365
2024-11-29 00:00:00-05:00,167.76018498222638,168.6860944381384,166.42607202365048,168.2082061767578,14257200,168.57988800203583,161.23749364084793,46.918275450900055,-0.004094717482303167,183.17796112205627,162.4989330022927,3.9038982015903136,3123493600,42.458074530791066,20.012110087981856
2024-12-02 00:00:00-05:00,168.02898676148365,171.32445113236562,167.82986793872016,170.73704528808594,23789100,168.66448240541035,161.3320165428105,50.971315589185444,0.042279934855912416,182.4474930204748,162.31875046910855,3.874661415308539,3147282700,43.26408140027608,19.24147068446183
2024-12-03 00:00:00-05:00,170.73705804160417,171.92182044267236,170.0998686460895,170.58770751953125,22248700,168.73990299812098,161.42411297043955,50.72500046354652,0.0662185449244248,181.11206474772993,162.45812161294717,3.728039299685275,3125034000,42.624408952009034,18.66341302534425
2024-12-04 00:00:00-05:00,170.39853725449947,174.14203820088363,170.3089360574109,173.60440063476562,31615100,168.93066761132275,161.5453098626219,55.412336714784246,0.3248671227469515,179.37658328093113,163.23118039094385,3.735543788527236,3156649100,50.018742362583566,18.62329837186485
2024-12-05 00:00:00-05:00,174.5900625293299,175.28698606114204,171.57336730521956,171.8820037841797,21356200,169.04640628476812,161.6481625384583,52.35033306907915,0.38641065150423515,178.1198195530821,163.6595993922304,3.7339777147697535,3135292900,57.100352033891554,18.82969684308571
2024-12-06 00:00:00-05:00,171.27469092717953,174.31130276071772,171.10543914521764,173.94293212890625,21462400,169.23842690610687,161.77049855428365,55.517716670163,0.5946295160472062,177.94889135166386,163.71503890549758,3.696255279107634,3156755300,64.73938830528539,18.86510994662174
2024-12-09 00:00:00-05:00,173.3947185178427,175.68723243233256,173.08571309629525,174.8001251220703,25389600,169.4565327184976,161.90014657983377,56.80385070638244,0.8193676171688935,178.41657333853598,163.6563514661515,3.618059854602611,3182144900,65.25646742467637,19.208763204557563
2024-12-10 00:00:00-05:00,182.2558148271153,185.75440321939527,180.46166108394456,184.56826782226562,54813000,170.04914978139047,162.1257000250321,68.11686323513746,1.7653320130243344,181.61771009562273,161.79360582234602,4.142075443368493,3236957900,68.2248592030922,21.153649284710713
2024-12-11 00:00:00-05:00,184.70782161706586,194.97435419169267,184.2493249317854,194.76502990722656,67894100,171.01839998240365,162.45046947659623,75.3687970444116,3.2997713839276344,187.9069529725116,157.82797744741026,4.61228643026412,3304852000,76.30550925853656,23.829164287567853
2024-12-12 00:00:00-05:00,194.36632666128313,194.54573443162946,191.08702455991943,191.33621215820312,34817500,171.81517693047422,162.73788980178634,69.63323282638953,4.190839316947688,191.57961771253645,156.30582947170836,4.545552067195764,3270034500,88.48067386164868,26.31357107593519
2024-12-13 00:00:00-05:00,190.38927563816205,192.10368742772263,189.02373254884577,189.20315551757812,25143500,172.497058443694,163.0012257790579,66.25532332488712,4.671052246791618,194.16671318274072,156.69328844486344,4.4408665537444145,3244891000,90.34312287571173,27.989455033045072
2024-12-16 00:00:00-05:00,192.2432425689094,198.3533273175459,191.99405497177682,196.02093505859375,44934900,173.41956340898417,163.32978010024732,71.08368361042129,5.537924537014845,197.84343672576603,157.28114416616108,4.777245499903226,3289825900,90.74962871949505,30.097234998313485
2024-12-17 00:00:00-05:00,196.60901291047233,200.76546017959686,194.34638528405358,194.7849578857422,43504000,174.25742201591586,163.6427669438841,69.1519336772447,6.055391263007692,200.5479994942706,158.29272112747415,4.89451902816323,3246321900,91.32165809555055,32.23682588739676
2024-12-18 00:00:00-05:00,194.58561039475242,196.35982485436523,187.12992181114345,187.7877655029297,34166100,174.78802372128894,163.88301568576517,59.32308290726327,5.833626014794731,201.3500437190948,160.0787180810354,5.204189314953126,3212155800,84.07831780491965,32.369759741872805
2024-12-19 00:00:00-05:00,191.00728679661606,192.40273129322728,187.7678479495074,187.8974151611328,32265200,175.3021175032436,164.12196493427632,59.42041904766375,5.602145225939893,201.8331988956922,162.18362239337029,5.1635246027221795,3244421000,80.5908188005244,32.493198321029126
2024-12-20 00:00:00-05:00,185.17627005377298,192.2631653156739,184.6180923176282,190.78797912597656,63462900,175.90940619433118,164.3872984088206,62.001783301369166,5.587529821885113,202.32137831884341,164.70607936344823,5.340778059531002,3307883900,69.87000300845816,31.881224457968404
2024-12-23 00:00:00-05:00,191.99406521325346,194.46601725929617,189.5320904055188,193.99754333496094,25675000,176.61874490572842,164.68192771156828,64.68783430502182,5.768437065329465,203.22721460751092,166.9016428143641,5.311717259120028,3333558900,70.2194198608803,31.606641849025124
2024-12-24 00:00:00-05:00,194.20685520618696,195.4727325439453,193.15030215624884,195.4727325439453,10403300,177.35811696997223,164.98830387905463,65.88161844124272,5.962115246347793,203.80791458694338,169.63894617152013,5.098196768304059,3343962200,69.14636706627252,31.484855006634206
2024-12-26 00:00:00-05:00,194.51583613513964,196.11064287242172,193.7483492712215,194.96438598632812,12046600,178.04855889218229,165.28657335275884,65.06532204918497,6.005361215525511,204.14689866064964,172.1479601446889,4.902775113510927,3331915600,68.70489585715391,31.458757961156373
2024-12-27 00:00:00-05:00,194.31647638353087,194.68528435280825,190.0304468655215,192.1335906982422,18891400,178.60091308065523,165.55370785370894,60.56504817106439,5.744987792720224,203.0022991810736,175.99277121280662,4.905001114032048,3313024200,64.80771435704364,30.513640446636405
2024-12-30 00:00:00-05:00,189.18322257123907,191.92428607864605,188.50542441334892,190.61854553222656,14264700,179.07219278463842,165.80310922364444,58.2431867797511,5.354663271094125,201.25120398715697,179.96728152716597,4.813798626236421,3298759500,61.206226137375864,29.284508941171953
2024-12-31 00:00:00-05:00,190.45907478557154,191.33622003458325,187.89741886934635,188.6848602294922,17466900,179.449160135417,166.0307883381305,55.32775954295319,4.833577558820309,198.1804953641671,184.88928816447873,4.715584521879312,3281292600,54.26522781043338,28.001067091427576
