Date,Open,High,Low,Close,Volume,EMA_50,EMA_200,RSI,MACD,BB_High,BB_Low,ATR,OBV,MFI,ADX
2018-01-02 00:00:00-05:00,176.71054576400638,180.5892759234034,176.58126538156765,180.43014526367188,18151900,,,,,,,0.0,18151900,,0.0
2018-01-03 00:00:00-05:00,180.88764383224344,183.77181498344245,180.3406416689374,183.66241455078125,16886600,,,,,,,0.0,35038500,,0.0
2018-01-04 00:00:00-05:00,183.89116191958993,185.1940271822732,183.09553893621182,183.32427978515625,13880900,,,,,,,0.0,21157600,,0.0
2018-01-05 00:00:00-05:00,184.57738569225208,185.8802356809349,183.92098312259165,185.8305206298828,13574500,,,,,,,0.0,34732100,,0.0
2018-01-08 00:00:00-05:00,186.1786068785027,187.86932839923514,185.31335857962668,187.25271606445312,17994700,,,,,,,0.0,52726800,,0.0
2018-01-09 00:00:00-05:00,187.67044401891562,187.76990448608524,186.07918277295812,186.844970703125,12393100,,,,,,,0.0,40333700,,0.0
2018-01-10 00:00:00-05:00,185.92004106245656,186.86485474235238,184.61719096774874,186.81512451171875,10529900,,,,,,,0.0,29803800,,0.0
2018-01-11 00:00:00-05:00,187.37208156888238,187.37208156888238,186.35765762588534,186.7455291748047,9588600,,,,,,,0.0,20215200,,0.0
2018-01-12 00:00:00-05:00,177.0884920261094,180.48983048940622,176.43208938173558,178.39134216308594,77551300,,,,,,,0.0,-57336100,,0.0
2018-01-16 00:00:00-05:00,180.5096881207517,180.7583240548023,177.06856011625652,177.41665649414062,36183800,,,,,,,0.0,-93519900,,0.0
2018-01-17 00:00:00-05:00,178.2819279885567,178.34161336797706,174.84081470986732,176.63099670410156,27992400,,,,,,,0.0,-121512300,,0.0
2018-01-18 00:00:00-05:00,177.1580985980903,179.99253942913327,176.11382453379676,178.81898498535156,23304900,,,,,,,0.0,-98207400,,0.0
2018-01-19 00:00:00-05:00,179.86327097396284,181.37496678052548,179.1869732284706,180.3008575439453,26826500,,,,,,,0.0,-71380900,,0.0
2018-01-22 00:00:00-05:00,179.81352421417822,184.37847666835495,179.42565273458544,184.35858154296875,21059500,,,58.312980944139746,,,,3.463852161608691,-50321400,51.13377295711457,0.0
2018-01-23 00:00:00-05:00,185.03486662306793,188.51576972738326,184.53759475102288,188.31686401367188,25678800,,,66.24812130839098,,190.7461860711673,175.27247847961394,3.5133761632376777,-24642600,55.01738330696349,0.0
2018-01-24 00:00:00-05:00,188.85393847446247,189.61974151813945,185.5023304247167,185.53216552734375,24334500,,,57.89832549955463,,191.05138027844023,175.64755364083058,3.556521515393755,-48977100,48.737217232601516,0.0
2018-01-25 00:00:00-05:00,186.92452914764763,187.59087176160563,185.58190394359593,186.45709228515625,17377700,,,59.714529294812415,,191.39260981151966,175.67894780566786,3.4495347095986206,-31599400,44.124431339045856,0.0
2018-01-26 00:00:00-05:00,186.72562452617444,188.96334838867188,185.79075079553417,188.96334838867188,17759200,,,64.2187853979106,,192.2188311819268,175.60460224906282,3.4297534869942696,-13840200,44.849249925805296,0.0
2018-01-29 00:00:00-05:00,187.72016185901578,187.8096671682372,184.61718973505404,184.96527099609375,20453200,,,53.87114611181091,,192.11896047691144,175.5891063362396,3.4952109988959528,-34293400,39.27864315354728,0.0
2018-01-30 00:00:00-05:00,186.59631673667937,187.15325887789336,180.847854360451,186.0990447998047,20858600,,,56.03461179518318,,191.93488516105583,175.61935881680876,3.6959391073635532,-13434800,34.81513639452885,0.0
2018-01-31 00:00:00-05:00,187.34223632756888,188.79427715105024,184.2094290000619,185.8703155517578,43275100,,,55.46940055943442,,191.78622793238048,175.6380620253018,3.7594326104796094,-56709900,43.11732509826597,0.0
2018-02-01 00:00:00-05:00,187.1930596826512,194.25432765450796,186.86485836474998,192.03648376464844,54211300,,,65.5560282828865,,193.0389390856822,175.08153210572405,4.089759717070362,-2498600,49.20174973005938,0.0
2018-02-02 00:00:00-05:00,190.9921823752174,193.15035574970292,188.9434245999699,189.24179077148438,26677500,,,59.0298010424019,,193.4864079253029,174.96689814566065,4.098129105117696,-29176100,55.24303231861272,0.0
2018-02-05 00:00:00-05:00,185.91007311607822,189.57000234621697,179.62456392539983,180.27101135253906,33128200,,,43.916533634387555,,193.33932108925424,175.36460754030307,4.515794056239085,-62304300,55.545288510754375,0.0
2018-02-06 00:00:00-05:00,177.59570379516427,184.75641652910323,176.7702305729462,184.29891967773438,37758500,,,50.09480382559426,,193.00254679486238,176.61901692584075,4.763679191947511,-24545800,54.07681152957769,0.0
2018-02-07 00:00:00-05:00,183.1452552151757,184.07018894406175,178.96817382237822,179.19691467285156,27601900,,,43.550398776236875,0.4842600709352496,192.56799690816334,177.3956892083731,4.804183953619557,-52147700,47.826484694527814,0.0
2018-02-08 00:00:00-05:00,180.02238632039666,180.84785958049957,170.5443841440323,170.6438446044922,38478300,,,35.23911181285274,-0.6495480472587474,194.48940670875493,174.38426069033363,5.196990488108679,-90626000,40.2482224551797,0.0
2018-02-09 00:00:00-05:00,173.80646868909847,175.9347918099662,166.26782487859535,175.14910888671875,39887600,,,41.5651393716081,-1.1710626923071175,195.0031898517397,173.1835777263853,5.516274519770264,-50738400,33.79939317174508,18.086452215243842
2018-02-12 00:00:00-05:00,176.09391134700013,176.58124324049695,170.90239183460693,175.4474639892578,32092100,,,41.9694108879972,-1.5425109366033212,195.2265111434814,171.77210742748213,5.527887154493103,-18646300,34.45735126621091,19.48064126117054
2018-02-13 00:00:00-05:00,174.6618012258066,175.00989767370407,172.15556143287486,172.2052764892578,21809400,,,38.825919857601406,-2.0745892084980255,195.10345812421187,169.74694877682978,5.368173968913807,-40455700,34.79579234686031,20.77524537524533
2018-02-14 00:00:00-05:00,172.5036385132349,178.82893840101423,172.26495768668127,178.54052734375,28929700,,,47.154943441276906,-1.9624414706384243,194.66024021316937,169.2579482633931,5.45785167911685,-11526000,40.33619777587179,20.984112052919446
2018-02-15 00:00:00-05:00,179.5151659011694,179.5151659011694,175.87513174824724,178.97811889648438,20922100,,,47.684783110921124,-1.8173048402381369,194.0023925593124,168.91859946542718,5.328007570102945,9396100,40.62371572293798,21.008592231467635
2018-02-16 00:00:00-05:00,178.01339945112957,178.89854282225932,175.33807421267736,176.3922882080078,20645300,,,44.82473292569657,-1.8891608703130487,192.71904065484884,168.5258100124689,5.207438792510379,-11249200,40.69845497112364,21.12071989331458
2018-02-20 00:00:00-05:00,174.81098653340143,176.97908496331436,174.15458391358837,175.04966735839844,21204900,,,43.37020098682755,-2.031033088485202,192.12001542330583,167.80275475898586,5.037228953740066,-32454100,40.765816645819854,21.42602025646871
2018-02-21 00:00:00-05:00,175.7458661044331,180.28098403732304,175.43754473595146,176.93931579589844,23200800,,,46.02487685656192,-1.968299673651586,191.1291320099017,167.57234097186915,5.051092362681819,-9253300,37.718472108241414,20.82696326244986
2018-02-22 00:00:00-05:00,177.72498625543818,179.22675720912773,176.44203134238373,178.01341247558594,18464200,,,47.530514055295654,-1.8110358707880323,190.08640277476434,167.56748313018358,4.8892090415434035,9210900,31.386010448585353,20.27069605371807
2018-02-23 00:00:00-05:00,178.91844424481403,182.38940797148356,178.5305727249713,182.28994750976562,19007300,,,53.13584003760318,-1.3260368103103701,187.2189335390088,169.13541419862145,4.852550931140134,28218200,37.21049631843106,18.957572174349536
2018-02-26 00:00:00-05:00,183.57292397211063,184.6470332583561,182.22034359412035,183.92100524902344,17599700,,,55.105751710476554,-0.8008273927268306,185.39880021624074,170.24610945172802,4.679275126361248,45817900,43.79677963756732,17.98172782814884
2018-02-27 00:00:00-05:00,183.44361669159866,183.69225266303633,180.46994018554688,180.46994018554688,15849800,,,50.289069315218526,-0.6555109322452779,185.42983547267622,170.24159803969357,4.591545836155199,29968100,46.65892382432879,16.737154437359276
2018-02-28 00:00:00-05:00,181.30534130923454,181.88217854554273,177.16803537845917,177.34706115722656,18783000,,,46.341683437591456,-0.7833073494291796,184.1350754973717,170.60944354559706,4.600302788364368,11185100,47.938376911803395,16.30223345405896
2018-03-01 00:00:00-05:00,178.03329865433852,179.1372429939473,173.45840580479344,174.9800567626953,23201600,,,43.551289078187075,-1.0633270314084768,183.8777225880937,170.30454873352087,4.677340959849332,-12016500,50.144013344534926,16.5962549578715
2018-03-02 00:00:00-05:00,172.344478549852,176.1436429324256,172.04612756737401,175.65631103515625,20025900,,,44.57805438989171,-1.2166517743992813,183.34774957637424,171.50285060266222,4.6359248459352065,8009400,53.31579373570163,17.113177278690596
2018-03-05 00:00:00-05:00,175.23861427157473,180.16160303935143,174.93030812210586,179.4156951904297,16189300,,,50.02057161493201,-1.0230191273258242,183.57715932660432,171.84231902626027,4.678451279600233,24198700,50.82355702809708,16.565465864713165
2018-03-06 00:00:00-05:00,180.7881751730786,181.38490753789173,178.13274498317557,178.79908752441406,15086800,,,49.167717038007275,-0.9088423757415853,183.69326687556807,172.17309461531735,4.576573513537085,9111900,57.365073607871615,15.769992284802157
2018-03-07 00:00:00-05:00,177.76477272534592,182.81705729057333,177.098430168735,182.70765686035156,19097300,,,54.46731778276873,-0.49723577290714616,183.97632544234,173.29035343135791,4.658148771272887,28209200,55.89769095053271,14.69832205722832
2018-03-08 00:00:00-05:00,182.558468010918,183.39388120888967,180.45997986507388,181.34512329101562,17225900,,,52.41577934311353,-0.2777775993182843,184.33088165748168,173.30974334251832,4.534988240740238,10983300,55.3434123830242,13.729144011327415
2018-03-09 00:00:00-05:00,182.90655515901562,184.49781614464735,182.21037752933088,184.21934509277344,18526300,,,56.166443120598146,0.12661077271428667,185.30524566724694,173.0342094922583,4.436252855946772,29509600,62.84596501286115,13.092897132147128
2018-03-12 00:00:00-04:00,184.21935944710438,185.08462294584402,183.21487558711397,183.75192260742188,15301200,,,55.40165364013277,0.40470914772356537,186.00257931278696,173.3181604333068,4.252931034717006,14208400,70.15631241719193,12.644375396816836
2018-03-13 00:00:00-04:00,184.5973096087336,184.97524117909458,180.12186167754615,180.88766479492188,18067500,,,50.83387171439561,0.3894926172011992,185.9104935134673,174.18864589082958,4.295820210919251,-3859100,62.37627884020602,12.064641028951575
2018-03-14 00:00:00-04:00,181.60372217638405,183.24471354086413,180.857814251523,183.18504333496094,16821700,180.711366822865,,54.10257916056697,0.5563988358867675,186.27103006753595,174.66087300863592,4.159468716520814,12962600,62.19671188089751,11.526316258790976
2018-03-15 00:00:00-04:00,182.24019926458482,182.9960470391634,181.19592530887428,182.8568115234375,15614300,180.79550190916197,,53.554755386652474,0.654641354611357,186.55098273084923,175.02670688503616,4.004443667204089,-2651700,55.31547048008932,11.026443257927564
2018-03-16 00:00:00-04:00,183.48340667611356,184.31881989678985,182.40929746001459,184.0801239013672,24403400,180.92431061473863,,55.36861894553134,0.8217378612006883,186.86075652678252,174.95562327464975,3.8548064364591723,21751700,56.53189928861295,10.316137896611083
2018-03-19 00:00:00-04:00,176.04421725111,176.2033479235437,169.1321399073437,171.61849975585938,88140100,180.5593768555669,,38.76172481889146,-0.05080028183905938,187.39108364404757,172.7849620916295,4.647176261999479,-66388400,44.57457015937433,12.152899060939609
2018-03-20 00:00:00-04:00,166.5562614049451,169.2713618928895,161.06637505002246,167.2325439453125,129851800,180.03675595712556,,34.80496070338327,-1.08371068327466,188.9138173719414,169.49724219837108,5.068958293702153,-196240200,33.965965750976224,14.743429395805236
2018-03-21 00:00:00-04:00,163.90083695824458,172.45390535133942,162.40902111549758,168.46578979492188,106598800,179.58299257821562,,36.759753432609266,-1.7822424037095175,189.689790074902,167.53709998043652,5.424381575283559,-89641400,48.597921277815814,16.342773075997762
2018-03-22 00:00:00-04:00,165.2235810715974,169.3409921634375,162.82672665790943,163.99034118652344,73743000,178.9715160530512,,32.90402223954648,-2.66623047932174,191.0732435378931,164.6883511072892,5.502230427443882,-163384400,44.322593107192425,17.827877921890824
2018-03-23 00:00:00-04:00,164.5373331537956,165.69100763515152,158.1523636060308,158.5203399658203,53609700,178.1695091476696,,28.912364453809843,-3.764782710249875,193.09244265599526,160.38435584660888,5.64768854184937,-216994100,39.13573572049544,19.72184314049242
2018-03-26 00:00:00-04:00,159.94255434664925,160.2210254194953,148.20693350693935,159.1866912841797,126116600,177.4250849177288,,30.025996083692064,-4.529412042871456,193.84022957586092,156.93936840590993,6.1024316397569836,-90877500,31.45216021295738,22.307751443561223
2018-03-27 00:00:00-04:00,155.45716168559227,161.96148758715185,149.92749977696226,151.3894805908203,79117000,176.4040808264775,,25.07579452644825,-5.698863090488288,195.41579198036325,151.70919174359508,6.526114223359313,-169994500,26.68708780711441,24.28866876768018
2018-03-28 00:00:00-04:00,150.82256252952544,155.0294937670007,149.97720939739276,152.19503784179688,60029200,175.45470659178415,,26.425364487048512,-6.485894380247032,195.20244534224645,147.85418917923795,6.420840662377072,-109965300,23.213341863456094,26.128091997219208
2018-03-29 00:00:00-04:00,154.3034839088221,160.5392785683399,153.2990000076655,158.9181671142578,59434300,174.80621484756745,,36.67702673426898,-6.492283005699363,193.87072731733303,146.19564638058364,6.55822638124607,-50531000,26.431091172537478,26.531985391679637
2018-04-02 00:00:00-04:00,156.94896969867568,158.33138510620466,153.2691603209508,154.54217529296875,36796000,174.01154662974005,,33.41356374854912,-6.772384176561729,191.7801662703823,144.3292514542271,6.4932821249647095,-87327000,23.964013574488988,26.910485050109223
2018-04-03 00:00:00-04:00,155.6958414645591,156.5312546495195,149.98715434959365,155.25823974609375,42543900,173.27612283038135,,34.44151792569974,-6.85753654292472,189.0990389396926,143.211221070073,6.496911994604791,-44783100,23.437793335864455,27.63929315120088
2018-04-04 00:00:00-04:00,151.20051178524466,154.711250628345,149.68880076927937,154.25376892089844,49885600,172.5301481672644,,33.65659315923044,-6.926231522080229,186.59898754418055,142.16008634904864,6.430663921905476,-94668700,20.734474769976387,28.349865589957282
2018-04-05 00:00:00-04:00,160.67850010760847,160.68845525833487,155.79528621882096,158.47061157226562,41449600,171.97879379098995,,39.85370560623288,-6.564734652966763,182.678089502009,142.78572682286082,6.430951237300545,-53219100,24.42946722139439,27.636274489311184
2018-04-06 00:00:00-04:00,156.86939216575317,160.53926128229992,155.954413674247,156.34228515625,41644800,171.36559737394134,,37.928011910750655,-6.376479843936465,177.94179234242418,143.98675380015393,6.299086692354286,-94863900,21.288180736900756,26.97365418156838
2018-04-09 00:00:00-04:00,156.95891308806515,159.65411834422238,155.1886111254914,157.06829833984375,34915200,170.80491898044733,,39.01060139977118,-6.098404741373173,170.86053937733968,147.46643002370197,6.168116729952621,-59948700,22.672173748202795,26.476992292676606
2018-04-10 00:00:00-04:00,157.06831829563714,165.07440010563298,156.15333968528566,164.1395263671875,57889300,170.5435310348293,,48.44242466356071,-5.246955576313269,168.71786173169352,148.61191121752523,6.364755564980814,-2059400,31.52483191889702,24.86494357430206
2018-04-11 00:00:00-04:00,164.4577678697643,167.72981038395645,162.35927978738982,165.41253662109375,56144600,170.342315567624,,49.943235044714214,-4.418520733560882,168.2167302449183,148.87037506107131,6.293739495808372,54085200,26.930786232335706,23.300612732453946
2018-04-12 00:00:00-04:00,166.06893855241105,166.53637540615168,162.21011848448316,162.9759063720703,38263000,170.05343677564153,,47.11610900480437,-3.913483646043801,166.66401367127963,149.69110717832973,6.153205026226954,15822200,28.23396760228104,21.81871047822932
2018-04-13 00:00:00-04:00,163.68203043305513,164.79591470099032,162.87645233388523,163.6223602294922,19990600,169.80123769540037,,47.957807725048454,-3.421632245305375,166.57400186037543,149.7320548616298,5.850794836289679,35812800,29.52310733537074,20.44265838502074
2018-04-16 00:00:00-04:00,164.81580747898693,164.8754776816997,162.4985184952549,163.9306640625,18119400,169.57101912156116,,48.37977544692027,-2.972691585736982,167.41641579138218,149.611017476847,5.602663718443615,53932200,37.38701300481685,19.080105772924693
2018-04-17 00:00:00-04:00,164.92520057072278,168.0779026032221,164.75612994538128,167.73976135253906,22743000,169.49920509140344,,53.40641349306982,-2.283221010679,169.11065492872098,149.05718768195612,5.498704777177792,76675200,44.937034861160534,18.48793926571255
2018-04-18 00:00:00-04:00,165.96948333780242,167.20270800535715,164.86553905200222,165.4523162841797,20969600,169.34050356955152,,50.24237898566965,-1.8994921495120423,169.61554625322034,150.42734111657134,5.31124174313201,55705600,47.88986228689558,17.93807036615842
2018-04-19 00:00:00-04:00,165.29320343636184,167.41158693142782,164.29865947443966,167.18284606933594,22235000,169.25588954993523,,52.53350033611684,-1.4391552851150777,170.26159686212554,151.77966493800466,5.154219294121735,77940600,44.22660870531364,17.275255831738736
2018-04-20 00:00:00-04:00,166.8745127700123,167.51102025314069,164.9053201152612,165.3727569580078,19119400,169.1036098404479,,49.94308495501733,-1.2064864425725261,170.85981416242828,152.04205961686858,4.972182211533004,58821200,45.66797255817516,16.683406052050298
2018-04-23 00:00:00-04:00,166.35735575796105,167.53091022883308,164.1892422512754,164.93515014648438,23088100,168.94014083284148,,49.3100361506875,-1.0453557111000578,170.9253578551808,153.3622459045848,4.855716909106194,35733100,47.320078145617636,15.92121362405099
2018-04-24 00:00:00-04:00,164.52738233151112,165.19374006754842,157.3268945475217,158.81871032714844,35079900,168.54322198948097,,41.40943023108521,-1.3951219246102653,170.57846870956405,154.18386446100885,5.070797524171945,653200,48.60899800425788,16.019558026881267
2018-04-25 00:00:00-04:00,159.2662520259295,160.18123054970303,155.33780684135272,158.81871032714844,41083600,168.16186859095814,,41.40943023108522,-1.6532564574218327,169.9377391362736,155.43325288846597,5.054556537327542,41736800,39.70009918621432,16.49029882364872
2018-04-26 00:00:00-04:00,172.27488891528034,175.30825072817728,169.868094591344,173.2097625732422,77556900,168.35982521771436,,59.233067145912045,-0.6886539155496791,172.2431623297706,155.09304982843253,5.871341099020492,119293700,53.036240323605796,16.716332564076502
2018-04-27 00:00:00-04:00,175.84530054137903,176.13372676413522,171.65827931567307,172.6428680419922,29804700,168.52778768141152,,58.47839477762535,0.02971436878661393,173.4712057826193,156.03841742701613,5.771634409694896,89489000,59.72832987145814,17.04016993784714
2018-04-30 00:00:00-04:00,172.84176547409083,174.76124295655387,170.77312766293167,171.06153869628906,20750500,168.6271504663087,,56.32272308967206,0.4660539671844788,173.89413886371807,157.4812497267767,5.6442401871182755,68738500,51.749425321680455,17.146749668296966
2018-05-01 00:00:00-04:00,171.06154006695928,173.07052286805813,169.30119322526005,172.91139221191406,26025900,168.79515994652854,,58.26105580730383,0.9501709817946562,175.17494607014697,157.37002463297802,5.5103180053811185,94764400,41.94302870798764,16.918976303038402
2018-05-02 00:00:00-04:00,173.2992673753636,177.1083721751804,173.24953714732248,175.10934448242188,30424500,169.0427750263675,,60.50386815093791,1.4939720036317965,176.828985348201,157.00889306976774,5.416508145230062,125188900,50.32734896896624,17.336448899458865
2018-05-03 00:00:00-04:00,174.1744704105649,175.1590591159628,171.18088369074968,173.07052612304688,24026100,169.2007260497667,,57.421591169226815,1.740360832487056,177.70836771362505,157.4754600044739,5.31377009380028,101162800,49.68258638818465,17.255439124087694
2018-05-04 00:00:00-04:00,172.13565418850925,176.01436919660026,172.11575906203478,175.64639282226562,17677800,169.45349729574707,,60.18154881572445,2.1190495851462288,179.0175602012024,157.7694718625997,5.212687239569222,118840600,49.76903247530397,17.31934848842632
2018-05-07 00:00:00-04:00,176.3823653043065,178.52062860174553,176.20333951248034,176.9989776611328,18697200,169.7493984865465,,61.5895036491415,2.4994928447729023,180.41241488559876,158.11705899135438,5.045654992419985,137537800,49.417891520682666,17.778232611870077
2018-05-08 00:00:00-04:00,177.27744405217223,178.06312702880058,176.14366465235227,177.94378662109375,15577200,170.0707470408425,,62.584720063025095,2.8444460524571014,181.85661409186443,158.03339648756267,4.82235551985058,153115000,53.994879546503526,18.188877675358103
2018-05-09 00:00:00-04:00,178.68969941041505,182.01147237046354,177.8045559527845,181.66339111328125,23282800,170.5253605338793,,66.28802328390069,3.3790137837521854,184.00460306806656,158.04688415524072,4.778395583981184,176397800,54.33343746163748,19.175576682553206
2018-05-10 00:00:00-04:00,182.1507113470113,185.11446313009012,181.50426387465833,184.51773071289062,21071400,171.07408093305622,,68.83703921458967,3.9870239824992098,186.59364842110517,157.7691567546761,4.694952989084798,197469200,59.37257427840862,20.508311089101117
2018-05-11 00:00:00-04:00,183.8414489653873,187.2925175683739,183.17509118711394,185.9697723388672,21207800,171.65822569406842,,70.0765713552389,4.533781459002881,188.99821636924347,158.1108575239857,4.6537010885258825,218677000,64.94542852284022,22.01617532703958
2018-05-14 00:00:00-04:00,186.68582749895822,186.83500300203974,185.18405661544364,185.6216583251953,15646700,172.20581128744595,,69.36424036793449,4.882715897235556,190.74245311484157,159.1248218688824,4.439218609816613,203030300,71.95655808696998,23.416334976553866
2018-05-15 00:00:00-04:00,183.87127318666833,184.27902463473896,182.20043161519092,183.3143310546875,15429400,172.6414395136123,,64.6718246347308,4.916393798519977,190.30458485195874,162.8287728954371,4.366504902687168,187600900,76.14550604940254,23.82440627797112
2018-05-16 00:00:00-04:00,182.69771140314745,183.31433894053953,181.6633924243364,182.200439453125,16975500,173.01630225633832,,62.47455950183949,4.797894889162137,188.29783623270194,167.9530853981574,4.172536446509737,170625400,65.60681004469308,24.048307885752944
2018-05-17 00:00:00-04:00,181.68327599937183,183.05575146497733,181.22579429452725,182.75738525390625,14840700,173.3983055111449,,63.14873724635956,4.694805723326823,188.8185167912626,168.70542119701867,4.005209355362619,185466100,58.5335228066677,24.124413000255085
2018-05-18 00:00:00-04:00,182.488881952529,183.1850597095222,181.6136783862879,181.68328857421875,13130500,173.72320680773606,,60.87720734515303,4.474852872816115,188.95486945078176,169.77445794179636,3.8313644959248827,172335600,59.94299256540132,24.219708196742175
2018-05-21 00:00:00-04:00,182.7673408581591,184.2889918453013,182.13083335488088,183.48341369628906,13532900,174.10596001905188,,63.26232319651862,4.3951293914379335,188.87427129798252,171.5113060945956,3.7438172655790014,185868500,67.74674686215842,24.5244133148659
2018-05-22 00:00:00-04:00,183.92098916197295,184.40832111766895,182.4291733685952,182.7971649169922,12731400,174.446791583677,,61.717594561089854,4.227837537406401,188.68134565001435,173.0223347699075,3.617769442971483,173137100,60.26155578031605,24.83138778716847
2018-05-23 00:00:00-04:00,181.5042470297611,185.89018891518384,181.18598572331544,185.88023376464844,16628100,174.89516186528374,,65.7623921681119,4.294530750301192,189.13215101876338,174.00764797212204,3.6953718536069773,189765200,68.92790497920745,25.417405658882597
2018-05-24 00:00:00-04:00,184.86581229259264,185.7807907966926,184.02044396543369,184.91552734375,12354700,175.2881173742432,,63.50150833953353,4.220886108590946,188.55750041037214,176.16163207660702,3.5642588497218184,177410500,68.33709895616002,25.961565111188573
2018-05-25 00:00:00-04:00,185.00506088086053,185.31336706236428,183.44361967061815,183.9110565185547,10965100,175.62627185049072,,61.144375805994294,4.03495732223729,187.9922950975736,177.8287925489108,3.443222317009269,166445400,62.394029796107255,26.219515376508546
2018-05-29 00:00:00-04:00,183.33420728158376,185.79073177316567,182.70765498359924,184.72657775878906,16398900,175.98314659199264,,62.36579663353365,3.908360026483308,187.4658837031487,179.3855506230232,3.417497636477638,182844300,62.63254530803119,26.139461333945807
2018-05-30 00:00:00-04:00,185.52221763420184,186.97425844617928,184.23926264443995,186.64605712890625,13736900,176.4012999463814,,65.14315761174913,3.9177552570388627,187.12490424294282,180.88683281760404,3.368747505424902,196581200,61.073391745630346,26.36700629008911
2018-05-31 00:00:00-04:00,186.84495704061595,191.6685010104385,186.45708552787505,190.73362731933594,30782600,176.96335200022278,,70.18859185362341,4.206543384408263,188.954815046352,180.26628684166883,3.5003666466490833,227363800,62.91909820258091,27.558705079107455
2018-06-01 00:00:00-04:00,192.01658582241922,193.48850645148198,191.02204198578917,192.9315643310547,17307200,177.58955640535345,,72.49412159384066,4.560198079043801,191.17777002543033,179.16517634501236,3.4471175384702946,244671000,62.37249661668515,28.970394558001377
2018-06-04 00:00:00-04:00,190.79331807343013,192.92164163483702,190.4253416481448,192.2254638671875,18939800,178.16351356071948,,70.6050011810066,4.72898279619568,192.55120263447282,178.6258359397459,3.379910763073122,225731200,54.29067265490415,30.009757231092554
2018-06-05 00:00:00-04:00,193.23987886744416,193.936056548151,191.56903725821252,191.88729858398438,15544300,178.70170120869065,,69.66864428167715,4.780353844920199,193.64564229137477,178.36681498401583,3.307561372134933,210186900,61.24330613882379,31.1568378744164
2018-06-06 00:00:00-04:00,189.9877143360942,191.47953014159702,188.07819192611478,190.2960205078125,22558900,179.15638039689154,,65.28134949029786,4.63918528904199,194.2478571464529,178.69549205602104,3.343386035401694,187628000,59.54757230367664,30.727753952508753
2018-06-07 00:00:00-04:00,189.70922885541077,189.9280297043064,185.7509488013124,187.1532440185547,21503200,179.46998289185873,,57.57035388255534,4.22500911889415,194.23771241897765,179.36601072555362,3.429220726194437,166124800,57.76100186759024,29.495867792390758
2018-06-08 00:00:00-04:00,186.50682652980763,188.44618420552266,185.41282210989843,188.06826782226562,12677100,179.8071705361884,,59.08566028736458,3.9253572192864112,194.28726292975705,180.02457789055546,3.400945109725136,178801900,57.78361704792987,28.23542478121274
2018-06-11 00:00:00-04:00,187.77981841218352,191.54914803216403,187.76987843706019,190.4949188232422,12928900,180.22629791999444,,62.87257473707066,3.8394327940957,194.41135687471274,181.0753679788029,3.427968287252187,191730800,57.75984152490781,27.84841587177473
2018-06-12 00:00:00-04:00,191.12149414384245,192.22543844926136,190.51482177463865,191.35023498535156,11562700,180.66253074608687,,64.13269707140734,3.7965892169880817,194.74793316591902,181.78770119280492,3.3067219543069717,203293500,62.93379065421196,27.64548080540541
2018-06-13 00:00:00-04:00,191.68838500377453,193.4387766973291,190.8629117962899,191.3601837158203,15853800,181.08204654882152,,64.14793962271484,3.7205499687845816,194.77649566968145,182.90087452888625,3.25451787907356,219147300,62.914678866890945,27.735443940821263
2018-06-14 00:00:00-04:00,192.04644126939826,196.20362766267888,191.85747549233346,195.73619079589844,19120900,181.6567188722363,,70.15573194012961,3.9676588152549357,196.1202113816499,182.87128642108448,3.368012598201061,238268200,64.08502840842227,28.393408890514447
2018-06-15 00:00:00-04:00,194.72171721449882,195.99474719612053,193.57799795412592,194.78140258789062,21860900,182.17141235128156,,67.49803394273722,4.039881686178347,196.7874030549192,183.51954478036726,3.300065215614886,216407300,69.99814414598407,29.004376343800974
2018-06-18 00:00:00-04:00,193.73716821659852,198.49108717487348,193.07082557836313,197.22801208496094,16826000,182.7618672427984,,70.57422094481234,4.245599146797105,197.6602813716023,184.42226053920496,3.451507814250277,233233300,70.17192749532187,30.048669924852934
2018-06-19 00:00:00-04:00,195.1692957406115,196.8799124218229,192.73265110334438,196.4124755859375,19994000,183.29718521703913,,68.2552123866227,4.293333856513129,198.0206070621089,185.62005455898483,3.5260687547764396,213239300,63.07949268930136,30.862281633203533
2018-06-20 00:00:00-04:00,198.01370161144516,202.43941904423588,197.7252753747876,200.8978729248047,28230900,183.9874082644025,,73.42698371587942,4.639615438376751,199.81792059983468,185.72298312737888,3.7047026621708636,241470200,62.943822301840115,32.50543055471015
2018-06-21 00:00:00-04:00,201.65369344296084,202.28026088697388,198.99826334412242,200.40057373046875,19045700,184.6310618120914,,72.0259221055273,4.818374970620567,201.31581235380222,185.51401756156238,3.6745094393623345,222424500,63.30809708078224,34.03121169610915
2018-06-22 00:00:00-04:00,200.06244497116325,201.13655415271342,198.22253277419094,200.6392822265625,17420200,185.2588351616785,,72.29915274714926,4.922560752316258,202.60190809851633,185.2556175362493,3.620188863588059,239844700,63.49940439689585,35.08311987745423
2018-06-25 00:00:00-04:00,198.90876542217848,198.90876542217848,192.0563590604058,195.2786865234375,25275100,185.65177050919846,,58.484389576477476,4.520464362770809,202.7792761313791,185.48534585755317,3.974669885200104,214569600,55.287590390766084,33.70835734430566
2018-06-26 00:00:00-04:00,196.52187499736937,198.01369080400264,195.15933957461377,197.9142303466797,17897600,186.1326512871389,,62.298639371852275,4.364159127656023,203.28592549119966,185.78228739942531,3.8946471240707297,232467200,63.065427401788625,32.43179213495342
2018-06-27 00:00:00-04:00,198.09325754035294,199.65469883291766,194.7317092940626,194.771484375,18734400,186.47142905529032,,55.72411143015899,3.9412603716040735,203.28608404823916,186.37885735801086,3.968100153698182,213732800,63.50991580819866,31.63079268917917
2018-06-28 00:00:00-04:00,194.1150733918387,196.26329188313403,192.20555090253254,195.1593475341797,18172400,186.81213174073696,,56.33654369122607,3.5959554401406706,202.757224690798,187.975197184202,3.9745030699055617,231905200,62.07949157355561,30.057183947312996
2018-06-29 00:00:00-04:00,196.24341262935616,196.5218837115662,192.90174446729958,193.25978088378906,15811600,187.064980726739,,52.506000186592374,3.1329054568815593,202.12546189845398,189.29916171808247,3.9491913680742092,216093600,56.63836880856703,28.663484718846096
2018-07-02 00:00:00-04:00,192.3149372279262,196.3726779107741,191.1712178836667,196.28317260742188,13961600,187.4264784475501,,57.46343674524871,2.9755966279298036,201.87407519790034,190.3223155898601,4.0386391294337205,230055200,57.05370561846432,26.816069752976944
2018-07-03 00:00:00-04:00,193.48852881421166,194.3338820677294,191.46960580655534,191.67845153808594,13489500,187.5932224903162,,49.06359048768392,2.4511108603661285,201.82590460869486,190.41424838609683,4.093991105964636,216565700,51.71396988708255,25.100612998955587
2018-07-05 00:00:00-04:00,193.6774839176977,197.56613902061153,192.97135107376445,197.3672332763672,19684200,187.97651703094567,,57.356920184621345,2.4660620260367807,201.6477278097084,191.3933651264895,4.22211227571899,236249900,51.839940125792204,24.4226186535716
2018-07-06 00:00:00-04:00,197.36723610457733,202.52892143079842,196.62132817132078,202.12115478515625,19740100,188.53120870758138,,62.806741352668816,2.8289028371518157,202.7568608549345,191.13556061316447,4.342503774558893,255990000,51.56069207726343,24.87152997533287
2018-07-09 00:00:00-04:00,203.8118601264543,204.6771235793137,201.01719438773117,203.62290954589844,18149400,189.1230401130056,,64.35643727120397,3.200739717518786,204.09398040346167,190.97730865903833,4.2937484472034395,274139400,51.91538769562905,25.669394094934056
2018-07-10 00:00:00-04:00,203.38422743887807,203.79199407978382,201.15644364090244,202.42945861816406,13190100,189.64486044654123,,62.14055038711215,3.3603851797817015,204.8746937480747,190.8901215188524,4.1753057323232925,260949300,53.16796495668374,26.410267920278013
2018-07-11 00:00:00-04:00,201.11665986307713,203.3842186417146,200.64922303650815,201.43490600585938,12927400,190.10721517435763,,60.277940608207814,3.3678310152764084,205.3749479698383,191.05952468641172,4.0724264375292325,248021900,44.78533909295394,26.89760811881006
2018-07-12 00:00:00-04:00,202.32005205777313,205.95014628622457,202.0813712414714,205.791015625,15454700,190.72226617242202,,65.19836092213632,3.6827807304782993,206.5551583570749,190.53173332586783,4.104055997731801,263476600,44.020722109813896,27.832301209775984
2018-07-13 00:00:00-04:00,206.67615955824772,207.2927719025554,205.3235792856596,206.1888427734375,11486800,191.32879858814812,,65.61724268104578,3.9193026931987447,207.7757659859968,190.08289490267506,3.951565756243514,274963400,50.18783132873994,28.931296598475154
2018-07-16 00:00:00-04:00,206.36783527016553,207.58117990121838,205.71143273031063,206.09930419921875,11078200,191.90803410230774,,65.42636945552165,4.052804826808995,208.8148158870044,189.77184793135498,3.8028644287195306,263885200,58.462854298418605,30.001741502009818
2018-07-17 00:00:00-04:00,203.78202906227682,209.3117056229845,203.72235885928407,208.84426879882812,15349900,192.57220016883795,,68.4557796996874,4.330186240554411,210.56180424487718,189.83360387686758,3.930470309789595,279235100,58.13305808516432,30.13423664180345
2018-07-18 00:00:00-04:00,208.6752092755378,209.83882382245466,207.30273383149125,208.21771240234375,15334900,193.18574966819114,,67.01241371120372,4.448179302423938,211.89772811809914,189.87147761106755,3.830871715587724,263900200,66.238847146712,30.370961604794854
2018-07-19 00:00:00-04:00,207.6309180518388,208.84426272921095,206.6264190788716,206.95462036132812,11350400,193.72570538164751,,64.07920494308615,4.3891730279395915,212.58304936643844,190.81057449423867,3.71565542521284,252549800,68.11309468915309,30.29274987022987
2018-07-20 00:00:00-04:00,207.71050641952252,210.34604177102543,207.36240997285486,208.7945556640625,16163900,194.31664068684026,,66.38724857399305,4.439699440707699,213.43366711317438,191.77798449815376,3.6924958526760157,268713700,75.65253388256777,30.571553647735055
2018-07-23 00:00:00-04:00,209.43104553495107,210.46536446063362,207.66075869784598,209.75924682617188,16732000,194.9222330844611,,67.56402892737188,4.50564621645546,213.84261553259964,193.56896487104618,3.6290751319697034,285445700,76.09895889667794,30.858255828234668
2018-07-24 00:00:00-04:00,213.9363352570683,215.02038444729791,211.44003557418867,213.4987335205078,28468700,195.65072329763942,,71.70007199114421,4.804274153510221,215.2634923020184,194.44349622337222,3.745651024052299,313914400,83.5046383141042,32.03871643125494
2018-07-25 00:00:00-04:00,214.5430065682993,217.42717774417895,213.10092098035946,216.31329345703125,58954200,196.4610201666352,,74.35107658795891,5.208015647238653,215.78620070598467,197.20543340859868,3.7871228626070983,372868600,86.1534937681234,33.511373974224185
2018-07-26 00:00:00-04:00,173.93578898512666,179.14720469168898,172.80200950103344,175.29830932617188,169803700,195.63110993759742,,30.10063795633539,2.193136138755193,222.77205400941847,187.27705691180552,6.624562940706435,203064900,53.74465154004451,34.37529823349818
2018-07-27 00:00:00-04:00,178.88858425680664,178.94825445532254,172.05607336712677,173.93576049804688,60073700,194.78031192036013,,29.47308536018248,-0.3026353044797645,226.73238276050887,179.55867558910052,6.643678522669958,142991200,45.372739404709975,35.22673450002144
2018-07-30 00:00:00-04:00,174.343534462718,174.343534462718,165.65121602361393,170.1266632080078,65280800,193.81350216693454,,27.732414016432543,-2.558422568846737,229.67117322128993,172.15371894993402,6.790009945272395,77710400,41.39998707248167,36.41960341586873
2018-07-31 00:00:00-04:00,169.7388146245821,173.2893438207805,169.07247199718697,171.63839721679688,40356500,192.9438902081056,,29.511701830821707,-4.1760272844576605,231.0795952518393,166.63982206586905,6.606214365152476,118066900,46.50221619003916,37.5272674091555
2018-08-01 00:00:00-04:00,172.98101408924907,174.12474868516745,169.96754727154513,170.7134552001953,34042100,192.07210844308955,,29.040581577989585,-5.469575900184168,231.8948027283151,161.72842114863803,6.431284868614607,84024800,47.8904163117787,38.38636284983948
2018-08-02 00:00:00-04:00,169.74874246917307,175.82540619427192,169.34099101102314,175.40769958496094,32400000,191.418602213359,,34.73505254749841,-6.046238928533512,231.05015639913535,158.52195867247923,6.435079891088477,116424800,49.481767742964166,38.830510605860795
2018-08-03 00:00:00-04:00,176.72050750876983,177.8741820715669,175.18890140889272,176.8100128173828,24763400,190.84571635469328,,36.37759807796789,-6.317271995696245,229.58665594368404,156.0682818004566,6.167237089058885,141188200,50.452372087865434,38.81765232848939
2018-08-06 00:00:00-04:00,177.99351349979605,184.7762946446069,177.40673627223342,184.67684936523438,49716200,190.60380000216549,,44.77446271161256,-5.830074224035627,227.64600839385014,155.15260203909259,6.295740284642114,190904400,52.99749731272731,37.518576852845925
2018-08-07 00:00:00-04:00,185.4824237110345,187.27260563450525,182.71759308638195,182.80709838867188,33398600,190.29804699771475,,43.31135210642185,-5.531080899935745,224.88145041091101,154.4455373006775,6.171402589176485,157505800,54.18120341784578,35.89713243895483
2018-08-08 00:00:00-04:00,183.7419853656358,185.8305336240386,182.75738144229697,184.1696319580078,22205200,190.05771699615764,,44.72875765096472,-5.125102473529381,221.91689285430994,154.20368413136714,5.950098988645423,179711000,53.39176992205379,34.391505483198806
2018-08-09 00:00:00-04:00,184.83596924660196,185.55204198868879,181.48434635847684,182.0910186767578,19732100,189.7452974542204,,42.963887454310196,-4.914437786119549,218.79997575568137,154.0054543387197,5.815641605900175,159978900,50.45934223770584,33.162005687873695
2018-08-10 00:00:00-04:00,181.04676088795824,181.10644626809247,178.44106078356697,179.27647399902344,21500400,189.33475535793818,,40.62637904385357,-4.91790419863915,214.66610867609762,154.20357719629823,5.660949912135223,138478500,47.38399301918898,32.4142149478865
2018-08-13 00:00:00-04:00,179.1173571817666,181.61365683400982,177.92389239650862,179.067626953125,17423300,188.93212287147492,,40.450514401275505,-4.881235719817198,209.47830766046286,155.29916222886004,5.520150949661364,121055200,43.38020442725131,31.78631346336126
2018-08-14 00:00:00-04:00,179.7240451768011,180.99706022793134,177.64543677291533,180.12185668945312,19102000,188.58662223688586,,41.81962503091608,-4.712782138129171,201.54869846378742,158.7785211813949,5.365256128615267,140157200,38.4941708489396,31.24107935662866
2018-08-15 00:00:00-04:00,178.36149505093454,179.88314596692624,173.8263774051919,178.5504608154297,33020200,188.1930472791817,,40.331167816925124,-4.6524494342999105,186.82129213046437,168.47088316250438,5.431700639732837,107137000,49.542860816538486,31.237966940265316
2018-08-16 00:00:00-04:00,179.43560305891845,179.51516838951818,173.06057321525645,173.74681091308594,31351800,187.6265282060015,,36.10110219301162,-4.935357998332364,186.85534446317465,168.229964374716,5.504764535056329,75785200,52.703520004204975,31.331705955905875
2018-08-17 00:00:00-04:00,173.54789271122425,175.25850925743492,171.10130829147002,172.85171508789062,24893200,187.04712376999714,,35.356946303071325,-5.172170266768433,186.9098779160692,168.03089153380057,5.408509994406941,50892000,57.69195700599263,31.666338424501095
2018-08-20 00:00:00-04:00,173.09041355954537,173.61753578767505,169.97750147405364,171.55882263183594,21518000,186.4397394116379,,34.258474200523835,-5.401901553156961,186.7313000104854,168.40042402922816,5.2821903029222605,29374000,50.31366309918766,32.11768315435723
2018-08-21 00:00:00-04:00,171.86712738848357,173.21970768736617,170.45487688422216,171.67816162109375,19578500,185.86085400808713,,34.46087840811879,-5.510810401718203,186.72711218060968,168.40991377967677,5.102378910080957,48952500,48.44959843670168,32.53678897493793
2018-08-22 00:00:00-04:00,171.27040599018568,173.28932882588035,171.19084065977222,172.69259643554688,16894100,185.34445175034045,,36.25741433563841,-5.45241301409078,186.51062234247715,168.89028911585618,4.887815285511469,65846600,46.24458243083092,32.904218892525506
2018-08-23 00:00:00-04:00,172.14560029087963,174.59218496612326,171.88702433964883,171.95663452148438,18053600,184.81943930999316,,35.49718421417056,-5.4032335267399105,186.6792521240279,168.26151732584188,4.7319113812945375,47793000,45.15910009555207,32.826853589713664
2018-08-24 00:00:00-04:00,172.75226886892256,173.86616833355143,171.97652585679876,173.69708251953125,14631600,184.38326845546524,,38.7670063584448,-5.164288121971367,186.66027187531557,167.86544020150734,4.530312983492574,62424600,38.71596794557053,32.75501437995981
2018-08-27 00:00:00-04:00,175.02977956416353,177.69514982744127,174.83085865153149,176.49176025390625,17921900,184.0737975456002,,43.70207514701421,-4.695290642308322,185.23897908347516,168.19538777850403,4.492295435236677,80346500,35.22616917977754,31.49545693532583
2018-08-28 00:00:00-04:00,177.1282817083961,177.26751725291504,174.8706627164123,175.29830932617188,15910700,183.72966075268144,,42.14014620881274,-4.369538951425085,184.10745464348932,168.32574034348985,4.342621085327109,64435800,36.115092634391104,30.325867879594277
2018-08-29 00:00:00-04:00,175.33808849682032,175.8254052840594,173.79654245283263,174.9402618408203,18494100,183.3849784424124,,41.659096667179725,-4.093087267069677,182.2585452916768,168.94406701301068,4.177352638605656,45941700,36.383309159761225,29.479813594464037
2018-08-30 00:00:00-04:00,174.94026453192131,178.8090396647652,174.74135878862916,176.6707763671875,24216500,183.1216764002467,,44.931140791360285,-3.691802455091647,180.9732377432065,169.50667558687164,4.169518941286399,70158200,44.42633545398498,27.79816164643921
2018-08-31 00:00:00-04:00,176.1834295860684,176.6508663900544,174.0252713429263,174.77117919921875,18065200,182.79420592177502,,42.13740859224904,-3.486868516598207,180.2521679325738,169.62703942419705,4.060660804356028,52093000,44.39518502246413,26.415595061179964
2018-09-04 00:00:00-04:00,172.5533488387684,172.94122031271024,167.87899602636963,170.2261199951172,29809000,182.30133980700413,,36.318656929472105,-3.6491401706231557,179.66185236007883,169.03848740229094,4.262912402105535,22284000,36.54333989960445,26.42385574983148
2018-09-05 00:00:00-04:00,168.56523115053136,170.19628234672695,165.760610399768,166.267822265625,31226700,181.67257441322454,,32.15424305136342,-4.050452081164877,179.2005031987764,167.65263197374964,4.277383630194366,-8942700,36.98349715075918,26.790066471750695
2018-09-06 00:00:00-04:00,166.06892064133135,166.06892064133135,159.12700911772035,161.64320373535156,41514800,180.88710889644523,,28.100222017488278,-4.6876266849311605,179.93364016115004,164.66519406736558,4.481914310030815,-50457500,36.130411032873276,28.045673938347342
2018-09-07 00:00:00-04:00,159.43530570278875,163.73174197541334,159.28613021090592,162.15040588378906,24300600,180.15233622928224,,29.155205129093275,-5.092956739460391,180.62573703226388,162.42690985901214,4.479321271064858,-26156900,36.38718667877631,29.211595157329945
2018-09-10 00:00:00-04:00,162.61785241667425,164.10966812714943,161.27522738256707,163.28419494628906,20197700,179.49084049269428,,31.57225734944869,-5.262038916918215,180.82926005631484,160.94771748274766,4.361829804887537,-5959200,42.893982232329776,30.168205970033455
2018-09-11 00:00:00-04:00,163.0455343321406,166.2778021050342,162.82673345347106,165.0346221923828,20457100,178.92392997111344,,35.24545923806653,-5.194909230999684,180.80151100344875,160.10557314368668,4.296775436792937,14497900,42.90076299472782,30.341358011716085
2018-09-12 00:00:00-04:00,162.35929931829006,163.59253927553937,160.917213630509,161.11611938476562,24078100,178.22558445792333,,31.206920268683234,-5.395700621488828,181.06078523722505,158.43802661173328,4.283963517155857,-9580200,36.70393164155261,30.802740940092516
2018-09-13 00:00:00-04:00,161.11610646693313,162.42891165573533,159.98232706548353,160.47959899902344,25453800,177.52966345953513,,30.593681388203564,-5.542302902683531,181.01411898203764,156.85629320871755,4.152722165234139,-35034000,30.355744572087403,31.375029271286824
2018-09-14 00:00:00-04:00,160.8376395424046,161.9515238460636,159.46516411429943,161.4343719482422,21770400,176.8984755571315,,32.72907835080966,-5.51783786889348,180.74374771104306,155.72369613661317,4.033696277129141,-13263600,25.283926536304605,31.98786599509182
2018-09-17 00:00:00-04:00,161.0365579596454,161.17579350856082,158.898294492258,159.70387268066406,21005300,176.22417740511318,,30.874941636480344,-5.573834289760555,180.12512883826415,154.47655369754315,3.9267235041902153,-34268900,19.54708602181678,32.64922585589607
2018-09-18 00:00:00-04:00,158.5203307904543,160.87739466765464,158.00316378124035,159.4253692626953,22465200,175.56540061521443,,30.57473898138558,-5.576403447260617,178.54442740183785,153.7817363351413,3.8515454600633636,-56734100,19.276886677890545,33.411501721741196
2018-09-19 00:00:00-04:00,159.20658216412025,162.54825012466907,158.6098497807764,162.17031860351562,19629000,175.04010328142232,,37.069430571825826,-5.2958972449258965,176.78706052121214,153.78870445274617,3.8577493803368865,-37105100,24.880737322549066,33.44097002377865
2018-09-20 00:00:00-04:00,163.60248566972544,165.54184340699476,163.57265056419337,165.11419677734375,18936000,174.65085204596826,,43.20584697423322,-4.78093603840469,174.91278005873943,154.35284290675537,3.823019053418476,-18169100,23.310558543628105,32.38473253591805
2018-09-21 00:00:00-04:00,165.73079544234466,166.33746783039172,161.921690471562,162.04103088378906,45994800,174.15634925529457,,38.937390496151664,-4.568145636902074,171.72103735176196,155.59395288261302,3.865358932376423,-64163900,21.6157376948902,31.770465985322605
2018-09-24 00:00:00-04:00,160.15138540589712,164.79590308750412,160.00220990750242,164.5074920654297,19222800,173.7779626988293,,43.74126099669864,-4.152616132495325,168.48719069749473,157.45930791904175,3.931668521492514,-44941100,22.340631968213515,31.598571855121975
2018-09-25 00:00:00-04:00,161.1061722724451,164.6865212170855,160.27074386071362,164.01023864746094,27622800,173.39491469681485,,43.00667944188053,-3.8194025070289115,166.5558131531966,158.5619012836524,3.966247723983897,-72563900,22.623933573077622,31.438955877078534
2018-09-26 00:00:00-04:00,163.40357289719321,168.37629261302052,163.314067584437,166.0391082763672,25252200,173.10645169993455,,46.92331832161241,-3.3529645963714643,166.4852150841801,158.60200415410114,4.0445318171695845,-47311700,31.343861228081025,29.994364950810272
2018-09-27 00:00:00-04:00,166.6358225958555,170.83279879376195,166.29768133407063,167.9187774658203,27266900,172.90301349467518,,50.32900283058243,-2.7993662455994865,167.68686929359646,158.2370931087473,4.098043152899955,-20044800,39.26812782078556,27.926923445070337
2018-09-28 00:00:00-04:00,167.41157844563213,167.86906014662694,161.67305582706635,163.5626983642578,34265600,172.5367266268157,,43.38183780937095,-2.6812272239443757,167.7688505421056,158.34341752430066,4.2514487590323835,-54310400,31.966929801016846,27.11206706775268
2018-10-01 00:00:00-04:00,162.14048818690412,164.97494432638587,160.38014126315645,161.5537109375,26407700,172.10602012919549,,40.598502982660584,-2.7183739706631513,167.70989101862125,158.1716458466131,4.275974066475029,-80718100,25.714166543509137,26.62345716846672
2018-10-02 00:00:00-04:00,160.69837088034274,161.39454842662937,157.80424510699515,158.4606475830078,36031000,171.5709074803254,,36.69494992180906,-2.9632390230585486,167.61713879528753,157.38786812203017,4.238366335334301,-116749100,24.93133979702263,26.670686882031557
2018-10-03 00:00:00-04:00,159.12701272671183,162.76704678496364,158.65957591278433,161.5437469482422,23109500,171.17768549867506,,42.61755167784181,-2.875370507645272,167.61911749308055,157.4429064327007,4.243225825807267,-93639600,31.28463229042208,26.27769509275518
2018-10-04 00:00:00-04:00,160.57905159906994,160.57905159906994,156.49147589834897,157.98329162597656,25739600,170.660258287981,,38.17570152975286,-3.057784824608831,167.85740120744174,156.8717817352666,4.3010147703848345,-119379200,30.98941044248417,26.338256556102163
2018-10-05 00:00:00-04:00,158.34135089865717,160.0221174473198,155.34776386010014,156.4716033935547,25744000,170.1038404489839,,36.43916013454143,-3.28644598806855,168.25973214992743,155.80774831882255,4.327681828730179,-145123200,30.64071608886819,26.608745129499205
2018-10-08 00:00:00-04:00,154.69135205655556,157.4760780211639,153.54763263786754,156.39202880859375,24046000,169.5661223454392,,36.345437422552735,-3.434491926467558,168.5663312646938,155.0595700211135,4.29916493977062,-169169200,30.55858657445279,27.18541653025502
2018-10-09 00:00:00-04:00,156.82963693610435,159.71380830309735,156.56110582211073,157.03848266601562,18844400,169.07484235801084,,37.74628093241691,-3.4597738562283666,168.72952500053157,154.57812473905176,4.229351693680118,-150324800,30.344036957255497,26.9484294119202
2018-10-10 00:00:00-04:00,155.96438318589452,156.8296315310649,150.4844365317201,150.55406188964844,30610000,168.34853724160448,,30.4964522452249,-3.957429745110403,169.84880596219367,151.91000954887406,4.395401296581219,-180934800,24.62895685229796,27.762505888500495
2018-10-11 00:00:00-04:00,149.31088818728605,153.965346592695,148.34617934098324,152.51332092285156,35338900,167.72754836635926,,34.58470938725738,-4.145938000188551,169.6054058854823,150.47329284498647,4.482813150519115,-145595900,25.505615635646492,28.814461097517825
2018-10-12 00:00:00-04:00,155.87486061965814,156.0339912851964,150.47449454694697,152.90118408203125,25293500,167.14612231599344,,35.39486717404532,-4.215441845455473,169.55640032201987,149.30365216821448,4.55971912107128,-120302400,31.50692991855395,29.125139055435945
2018-10-15 00:00:00-04:00,152.4834520770501,154.72117547115255,151.71764915525247,152.68235778808594,15433500,166.57891586391864,,35.130516435753165,-4.2393134303474085,168.9044459256466,148.3789219942753,4.44856249213048,-135735900,32.64476168342985,29.413625730645627
2018-10-16 00:00:00-04:00,154.55211775373553,158.58997878127073,154.16424623533004,157.91368103027344,19180100,166.23910273318745,176.53585887656521,45.592130506984894,-3.7923914398705563,168.09015152775353,148.38034204321,4.552780956491502,-116555800,31.275914405739243,28.499075869331303
2018-10-17 00:00:00-04:00,158.6894064235246,159.61434004952278,157.08819029725598,158.5501708984375,17592000,165.9375759945698,176.3568968071311,46.71803895422281,-3.3482466266249844,166.67513832575625,148.79683026148334,4.408021584761166,-98963800,29.073680313579118,27.364711244279626
2018-10-18 00:00:00-04:00,157.6451464702028,157.79433715895735,152.443686176979,154.07473754882812,21675100,165.47236664375643,176.13518377968532,40.389063352833894,-3.319127890556672,164.05358361506677,149.57251298324053,4.529340380239547,-120638900,30.299816234486215,27.20526757177509
2018-10-19 00:00:00-04:00,155.00960991170302,156.49148575770067,152.7122159745005,153.20948791503906,19761300,164.99146943870872,175.90706740292268,39.28110477417346,-3.3275120095455293,162.5907449893118,149.65492354909966,4.475763909022448,-140400200,31.0119480119495,27.057212733020872
2018-10-22 00:00:00-04:00,153.91560597180975,156.48153101271313,153.61725494714042,153.9355010986328,15424700,164.5579020528234,175.68844485263125,40.74981863369127,-3.2382448173606804,161.46412159206628,149.7657856344962,4.389783851068993,-124975500,37.9435721106389,26.91973323989196
2018-10-23 00:00:00-04:00,150.39490558692756,153.92553889927095,150.0269292592735,153.547607421875,19095000,164.1261257927862,175.46813801252424,40.190461474114315,-3.162346144508689,161.01139340486282,149.5634418002153,4.355411564518302,-144070500,30.920129426997335,27.441693657552772
2018-10-24 00:00:00-04:00,153.43822622948196,153.80620260324403,144.80559276827734,145.24317932128906,27744600,163.3856180880216,175.16739215490003,30.528746752045777,-3.72930474053166,160.87196058628862,147.52946560186243,4.687211440978901,-171815100,30.90171627553798,28.677313390848386
2018-10-25 00:00:00-04:00,146.9239412603442,151.37950810551584,146.1979285852267,150.12637329101562,22105700,162.8656477038253,174.91822778809524,39.70731188195543,-3.7414613325312587,160.31162968643685,147.04220739038607,4.790719822639464,-149709400,38.275421668281375,29.824674571765744
2018-10-26 00:00:00-04:00,145.02440016140338,148.18704250922224,143.0154172151485,144.57684326171875,31303300,162.1484396864878,174.6163234644497,34.18038713631789,-4.151045544183887,160.72640815462063,145.04146090462416,4.956450983584298,-181012700,37.645966294888474,31.29079474259905
2018-10-29 00:00:00-04:00,147.68977326055278,148.01797457775166,138.27144105137566,141.3147430419922,31336800,161.33143197493897,174.28496445527102,31.412541201357612,-4.684864011933399,161.35895047791547,142.39861381244913,5.298599736640847,-212349500,30.600201415519706,33.149162079195065
2018-10-30 00:00:00-04:00,139.17646159386734,145.83990200888732,138.97755586926888,145.4221954345703,50528300,160.7075403459049,173.99777272372177,38.19867817784868,-4.7220490705977625,160.6695093905732,141.53921660226533,5.410295908282103,-161821200,42.843625906344954,34.87478889174851
2018-10-31 00:00:00-04:00,154.15429974881656,155.54665509568858,148.1472614551949,150.96180725097656,60101300,160.32535473433907,173.76855913692827,45.96389245664873,-4.2554637828226305,160.69259900103185,141.57049303998377,5.747021890627543,-101719900,56.120078699619995,33.67310802863106
2018-11-01 00:00:00-04:00,150.69328675404057,151.91657142702007,148.53512844419387,150.92202758789062,25640800,159.95659680702738,173.54123046479856,45.919273733085724,-3.8445835016174215,160.55810244899587,141.4928171473583,5.5780519686417325,-127360700,49.27836028019903,32.55726151287915
2018-11-02 00:00:00-04:00,150.97177934076134,153.28906863740005,148.14727807704,149.52969360351562,24708700,159.5476986421838,173.3023097000097,44.29837766065083,-3.589925211658965,160.3047765807215,141.29661095183062,5.546890439478756,-152069400,48.126201372403195,31.18961057723589
2018-11-05 00:00:00-05:00,149.28105545992463,149.37056077479167,146.63556486658578,147.86878967285156,15971200,159.08970221201392,173.0492398489932,42.37673164321914,-3.481989540642985,160.0329969838413,140.92658146667955,5.357407460725263,-168040600,43.40845449367434,30.195222992423858
2018-11-06 00:00:00-05:00,148.49533500444878,150.1462813840896,147.1924850312442,149.1219024658203,16667100,158.69880810432005,172.81115688995666,44.33860072481426,-3.257780350058681,158.59106112407468,141.19628018451905,5.185720953019559,-151373500,43.10356308837365,29.070579462887192
2018-11-07 00:00:00-05:00,150.7430220647299,152.17515249392403,149.0125102630928,150.70323181152344,21877400,158.38525609283784,172.59117753594242,46.80010048330428,-2.9188462460968196,156.7693283624895,141.9717544011824,5.041215330006108,-129496100,48.94750753651116,27.508021947951356
2018-11-08 00:00:00-05:00,149.66890171725072,150.11644339152213,145.93936247243235,147.0631866455078,24145800,157.94125336941312,172.33716767633612,42.17645164728068,-2.9104103517223052,155.93066280537514,141.8755465045207,5.021404902083607,-153641900,48.50322773617331,26.678328576864352
2018-11-09 00:00:00-05:00,145.94932489650898,146.95380882442643,143.28395439049288,144.16909790039062,17326900,157.40116884121616,172.05688837508293,38.88693892837608,-3.101501441475591,155.29787738054665,141.30294659406275,4.932678284435845,-170968800,44.24789248592216,26.389793026483662
2018-11-12 00:00:00-05:00,143.69168552452987,144.2486276304509,139.7234654320754,140.77767944335938,18542100,156.74926729620216,171.74565246531455,35.40237711390634,-3.4864124406582846,154.66959948884005,140.1768482650662,4.903569992574392,-189510900,44.46976383331981,26.695462157609207
2018-11-13 00:00:00-05:00,141.22522298375438,144.08951405255362,140.84729147452825,141.3843536376953,15141700,156.14672166253524,171.44354998941785,36.498569422217805,-3.699854029180244,153.65524206598144,139.56943851670087,4.789874608047238,-174369200,49.93823364824386,26.97929777936864
2018-11-14 00:00:00-05:00,142.91595365667914,144.78570102210975,140.7776903679,143.43312072753906,22068400,155.64814907684914,171.16483925049369,40.1897683313269,-3.6614823545682498,153.68469707816752,139.29864235868143,4.734027182773132,-152300800,49.80811706614145,27.028206671928476
2018-11-15 00:00:00-05:00,141.5534137625271,144.049713111905,140.06159813748533,143.06512451171875,30320300,155.15469713311853,170.8852400988641,39.742900648987174,-3.619048605583629,153.1245286375214,138.91731096208798,4.680747739319313,-182621100,50.01670619204935,27.201979284726168
2018-11-16 00:00:00-05:00,140.30031335896763,140.99649104444111,137.01831549826656,138.76870727539062,37250600,154.51210929556058,170.5656726080833,34.86827087657099,-3.8872942102106265,153.59176721352898,137.67565425457,4.778323544614518,-219871700,49.37891311869464,27.877721535010615
2018-11-19 00:00:00-05:00,136.85917810089379,136.99841363113816,130.4941036103869,130.83224487304688,44362700,153.58348716134435,170.17031511818246,28.029188988655946,-4.686266608208371,155.65052810613568,134.21922693943722,5.028057838928033,-264234400,37.24700189699767,29.368128631114313
2018-11-20 00:00:00-05:00,126.33689753571127,133.4279996766633,126.15787934843333,131.70742797851562,41939500,152.72560248750793,169.7875998232604,29.66744006964379,-5.189022209528673,156.59336276479053,131.4477566199751,5.1882051595924565,-222294900,21.91579600129164,31.19187678128956
2018-11-21 00:00:00-05:00,133.66667463064513,136.44146020599288,133.39815874312117,134.0843963623047,25469700,151.9945747963235,169.43234406743,34.05776716682969,-5.334169180408651,155.79851784815872,129.992280084784,5.155764235869943,-196825200,28.9420210914123,31.972698670282732
2018-11-23 00:00:00-05:00,132.92078341374273,133.76615178146048,130.54382414895974,131.01126098632812,11886100,151.17169974495113,169.0500447332897,31.334408023907827,-5.632250464732607,154.9815998289229,128.1544292238115,5.040393377118157,-208711300,30.23728602541152,33.0185935936782
2018-11-26 00:00:00-05:00,132.27433171473965,136.25250710465662,132.05553085425143,135.63589477539062,24263600,150.56245249124288,168.717565629231,39.211894936525006,-5.432688086488724,153.64072071289036,127.64280182942737,5.054740001490324,-184447700,36.35943862759394,33.279068200775626
2018-11-27 00:00:00-05:00,135.00933566623263,135.8646440351175,132.9804727688156,134.263427734375,20750300,149.9232750497971,168.37473838649612,37.82502108503073,-5.32390937077767,152.4863263997582,126.98314788409593,4.899699377548294,-205198000,31.09129169921141,33.520937478794664
2018-11-28 00:00:00-05:00,135.53641720794457,136.0436290429272,131.13059580413605,136.0137939453125,29847500,149.3778052025624,168.0527389393202,40.705376791562976,-5.038382196390472,150.68212170457116,127.03960477654863,4.900651796208497,-175350500,32.07955874007274,33.99579050614185
2018-11-29 00:00:00-05:00,135.17840416133203,139.22620509147157,134.9198282122571,137.92333984375,24238700,148.928610482609,167.7529439234439,43.76603642903762,-4.604932661067693,147.99261656139205,128.02512432402463,4.858203587851781,-151111800,38.933402382517265,33.50594868419109
2018-11-30 00:00:00-05:00,137.5056349648172,140.2008556270081,136.6105515197327,139.8428192138672,25732600,148.57230494265835,167.47523123976652,46.74196752431368,-4.059736720266244,146.34702273507983,128.70800249278474,4.767639339239183,-125379200,45.15842090830784,32.78094331451296
2018-12-03 00:00:00-05:00,142.2197728561179,142.89605540082724,139.99198913280148,140.3201904296875,24819200,148.24869260881638,167.20503182872096,47.48627852156285,-3.548243202760716,145.5072591311068,129.03457843399738,4.645181971219245,-100560000,51.17396515526441,31.39066462725651
2018-12-04 00:00:00-05:00,139.9621550803617,142.60764542622422,136.4116413429442,137.17742919921875,30307400,147.81452541628315,166.90624971300454,43.20527187931677,-3.3577691979974134,145.0514944902541,129.01030970896463,4.755954979223587,-130867400,45.20846771654738,30.745373786937186
2018-12-06 00:00:00-05:00,133.08988128642048,138.93778950787694,132.94069058566936,138.86817932128906,28218100,147.46368831451866,166.6272639379626,46.02448115586356,-3.0353975982256713,144.61322132318855,129.11309296717604,4.844608118008158,-102649300,38.81784432398382,30.6906975090239
2018-12-07 00:00:00-05:00,138.49024429052903,140.10140062466735,135.91437911605112,136.67022705078125,21195500,147.04041532378386,166.32918396893592,43.03391340517454,-2.9235710547615383,143.32242135757045,129.5021737758931,4.797637645908734,-123844800,45.347481055477395,30.32209042043534
2018-12-10 00:00:00-05:00,138.8383111474473,142.26948398996578,138.2515188117817,141.07603454589844,26422200,146.8065180383766,166.07790885029874,50.04146610862367,-2.451180189989543,142.73545615598445,129.8239269820364,4.854896166857005,-97422600,53.840872048439216,29.40347666468868
2018-12-11 00:00:00-05:00,143.094960853445,143.094960853445,140.33013041838828,141.30477905273438,20300300,146.5907635683514,165.83141004634288,50.38273183640759,-2.0348922846799837,143.27842165953078,129.61910438213587,4.705605757442699,-77122300,63.11359375467665,28.33503203034977
2018-12-12 00:00:00-05:00,142.29932800138684,146.38690360562043,141.7324307540135,143.71157836914062,23696900,146.47785434485297,165.61131221870903,53.94733849794561,-1.49355574918647,144.33230504555368,130.28246546225884,4.732499957117225,-53425400,73.25522175923999,26.530935095635748
2018-12-13 00:00:00-05:00,144.77576838807573,145.0542394767674,142.40874895866045,144.21881103515625,18148600,146.38926441113938,165.398451510415,54.68619703483318,-1.0119480998818915,145.27885803366544,131.00409688169916,4.583427854330777,-35276800,67.05285796512361,24.855702227687008
2018-12-14 00:00:00-05:00,142.5579140193006,145.21334431876113,141.73244078998337,143.27398681640625,21785800,146.2670966623263,165.1783075831114,52.98107368192821,-0.6984585903853429,145.97050735080626,131.5377262917719,4.504676116791276,-57062600,64.83909014052222,23.460183830866807
2018-12-17 00:00:00-05:00,142.2993410879719,144.12929819682964,137.6647629351935,139.42510986328125,24334000,145.99878345452063,164.922056859531,46.60596907155585,-0.7519204286030572,145.22694868713216,133.40313147237305,4.6446660557087665,-81396600,57.73271341896984,23.04518085028264
2018-12-18 00:00:00-05:00,140.3102499404817,145.1337785682141,139.06707011237515,142.8761749267578,24709100,145.8763282181378,164.7026948502497,52.16404886582196,-0.5099389528712095,145.6107173504409,133.98473349591325,4.746240512860922,-56687500,64.17463019320508,22.378492533277186
2018-12-19 00:00:00-05:00,140.43956305350073,144.11937276955956,131.7770782512219,132.51304626464844,57404900,145.35227794545193,164.38239983944771,39.02650554672888,-1.1412293827895041,145.9834059080158,133.3786607423748,5.288815798966404,-114092400,51.73561620255119,23.037644420520675
2018-12-20 00:00:00-05:00,129.98688417406942,134.8303232670272,129.2907064819659,132.67214965820312,40297900,144.85501801261864,164.0668749620224,39.27934946965824,-1.6101326753160947,146.46075168311557,132.45576239566049,5.306730155116038,-73794500,43.63421211222428,23.995500680757676
2018-12-21 00:00:00-05:00,132.66220193176275,134.16395766381402,122.74659865375958,124.26824951171875,56901500,144.0476937576814,163.67086873863633,31.782404695266322,-2.6295545523676935,148.87368588965032,128.22214947818824,5.743203644754495,-130696000,34.64877193613546,25.643492687599185
2018-12-24 00:00:00-05:00,122.42834884201076,129.03212711753764,122.34878351137088,123.38311004638672,22066000,143.23731792586594,163.26999551781793,31.108931030553805,-3.4688898885757453,150.20535434420626,124.69585313463492,5.810356499141085,-152762000,28.937235446242767,27.214684654096434
2018-12-26 00:00:00-05:00,125.31252953846084,133.50757661591481,125.20312910406457,133.44789123535156,39723400,142.8534188399634,162.9732581617735,45.302163845318155,-3.2840687621138898,149.79559954551289,124.18930137408346,6.118507218454444,-113038600,37.430598000918714,27.451321236003455
2018-12-27 00:00:00-05:00,131.7173882568543,134.25347807739885,128.96249757803312,133.78604125976562,31202500,142.49783540544587,162.68283809309682,45.70688224888837,-3.074865669495466,149.6678557739131,123.8648600870895,6.059398167090964,-81836100,44.37396604473729,27.481046908183764
2018-12-28 00:00:00-05:00,134.60157479257379,135.17841210567397,131.47870739098755,132.47325134277344,22627600,142.10471446181165,162.38224519010853,44.33535791051534,-2.9806428903722235,149.3576502311126,123.32240856608793,5.890848634776353,-104463700,44.46464040755201,27.26666743171797
2018-12-31 00:00:00-05:00,133.71640831154747,133.90537405801044,129.24096129734187,130.37474060058594,24625300,141.64471548686163,162.06376255737698,42.15765317842653,-3.0402567506596085,149.27001319952151,122.57064740431964,5.803246072340083,-129089000,38.39612735030339,27.41592305291949
2019-01-02 00:00:00-05:00,128.28621190400312,136.75971426450664,127.85855017312883,134.939697265625,28146200,141.38177359583275,161.79387136044411,48.12667304978576,-2.688159878737366,148.57694864584133,122.44553365396334,6.024525930842778,-100942800,39.31679793569962,26.801723140537383
2019-01-03 00:00:00-05:00,133.95511098219197,136.42157543312533,130.40458222241264,131.02120971679688,22717900,140.97547697312547,161.48767572219887,43.93546832562353,-2.6942521068673386,147.68094480760317,121.97039491407651,6.023987879404913,-123660700,33.71777805959151,26.231394650468285
2019-01-04 00:00:00-05:00,133.27882130347805,137.24705688978864,133.02024535513934,137.19732666015625,29002100,140.82731421575411,161.24598070665618,51.155664001218405,-2.1756397988736467,146.43081282965255,122.35195999749588,6.038406400375402,-94658600,39.5904494452746,25.47605254720681
2019-01-07 00:00:00-05:00,136.809436286131,138.11228617496644,135.16844516327615,137.29676818847656,20089300,140.6888614303707,161.00768008458473,51.26449264663283,-1.7365933410767127,144.91139054213886,122.94844323878561,5.817366015469323,-74569300,44.495500078193444,24.53384905508128
2019-01-08 00:00:00-05:00,139.12673942166552,142.35900695396398,138.7786430018194,141.75233459472656,26263800,140.73056626034546,160.81608460707372,55.99542421307553,-1.0173910372776618,144.48614141684922,123.17080540118465,5.76342835475633,-48305500,50.517996177851145,22.974710091546438
2019-01-09 00:00:00-05:00,142.17003929446577,143.91049101938185,140.499212922803,143.44305419921875,22205900,140.83693833637972,160.6432186328662,57.67444914280637,-0.3074470298143126,145.480402929833,122.71226979965921,5.595417622029368,-26099600,50.22401026610525,21.87376634730407
2019-01-10 00:00:00-05:00,142.29935412672359,143.7712749643246,140.0715701538527,143.41323852539062,16125000,140.93796971634094,160.4717760447321,57.6326866998635,0.2499021192013231,145.62925345830462,122.63502775100527,5.460009564060977,-42224600,55.40503983624324,20.73930694067614
2019-01-11 00:00:00-05:00,142.36894875687406,144.5668973842867,141.79212666740705,143.01541137695312,12908000,141.0194380167571,160.29808087390842,57.039200883885314,0.6519882939769275,147.1028726906588,122.56172386695839,5.268206789262311,-55132600,62.95713739370354,19.876697857320043
2019-01-14 00:00:00-05:00,141.22522251919784,145.77029506340318,140.49920977934033,144.5967254638672,20520300,141.1597237989967,160.1418484817687,58.85299550050327,1.0857277222418418,148.75052500327757,122.50401499509483,5.268412396033777,-34612300,75.29814307027773,18.707997107062635
2019-01-15 00:00:00-05:00,145.21333733240022,149.85785513913842,145.1934573824346,148.13729858398438,24069000,141.4333541827217,160.02240022407932,62.65480697744013,1.6956179765072648,150.23458849953775,124.2024913751367,5.267892201693596,-10543300,81.64680292027626,18.58000379472363
2019-01-16 00:00:00-05:00,148.1870413843737,148.83348885040002,146.1979535805566,146.73500061035156,18025700,141.64126188576603,159.89018729259945,60.279217561354194,2.0422647137017123,150.30044205555774,127.25022322764536,5.0798667065614405,-28569000,74.55377790382974,18.461152861837412
2019-01-17 00:00:00-05:00,146.14821968126807,148.18703766410272,145.700677971752,147.49085998535156,15787900,141.87065788967132,159.76681090148256,61.134609979555975,2.350876840122396,151.62832361813463,127.79473749840186,4.89461620554639,-12781100,67.95774240835752,18.1902807107444
2019-01-18 00:00:00-05:00,148.93293297146423,151.59830305190593,147.7394834552137,149.22134399414062,31029600,142.15892008984662,159.66188088250405,63.09414976870996,2.703920656792718,153.0907650787138,128.39033640240598,4.838389552761245,18248500,69.1491610771132,18.69659544747333
2019-01-22 00:00:00-05:00,148.38592757002928,150.70321637708506,145.57136687756758,146.76483154296875,22378700,142.33954406840044,159.53355203335445,58.57902980776372,2.7537469198250903,153.5401938508801,129.8464516569324,4.859350977529546,-4130200,69.03147884224214,18.464922134279618
2019-01-23 00:00:00-05:00,147.47096031276664,147.9881273619834,142.2794402211278,143.51268005371094,20098400,142.38554940115773,159.37414037186548,53.155694244967385,2.501971970980037,152.76721211185813,132.37115865637102,4.920017846338551,-24228600,61.67398655349622,17.312437806410706
2019-01-24 00:00:00-05:00,143.85082265920485,145.64100463429529,141.74239454161773,145.03433227539062,20955500,142.48942323936296,159.2314557141891,55.243590252320466,2.3975852569934943,152.63823790350227,133.84608419936234,4.84706014964848,-3273100,61.66287349865657,16.099166364194414
2019-01-25 00:00:00-05:00,146.67532481016593,149.0125089607257,145.74045114994203,148.1969757080078,22237200,142.71324882636864,159.1216598932321,59.30360411057094,2.540768529754189,151.44138125613406,137.333042978892,4.784997045054666,18964100,61.06988234222622,15.804794500742103
2019-01-28 00:00:00-05:00,147.2422119783899,148.14725047454294,145.4122550365556,146.66537475585938,15508500,142.8682341569369,158.99771675753686,56.62469351829785,2.5018155361075003,150.9989212821258,139.03790936566068,4.64212016122592,3455600,55.20168982815487,15.434620214245324
2019-01-29 00:00:00-05:00,147.28198932881796,147.29194447926986,142.64741152743113,143.4032745361328,17632100,142.88921613259163,158.8425481782194,51.30847755720094,2.1825615715787023,149.8863998791333,140.9646316150073,4.642292503412548,-14176500,47.68481732704471,14.355361188362286
2019-01-30 00:00:00-05:00,145.42219283753343,150.1263806714035,144.90502582238608,149.59927368164062,44613200,143.15235564431904,158.75057529765644,59.1528354312861,2.4018290631527464,150.40423653676646,141.49305350229605,4.790922048545272,30436700,51.76132434432934,14.012587745540644
2019-01-31 00:00:00-05:00,164.69648357757524,170.74329741661026,164.09975113958043,165.78053283691406,77233600,144.03973514206788,158.82052512391772,71.88955149750025,3.8370612576766803,158.12372250052,136.75189802356857,5.959000740432726,107670300,65.27443009219556,16.50785451095544
2019-02-01 00:00:00-05:00,164.93515807423327,168.1773809269243,164.7561474550356,164.80587768554688,30806500,144.8540936731847,158.88008087079962,70.46431112762492,4.840053463446196,162.36115254961265,135.3668198624967,5.777731649822437,76863800,58.424188680116224,18.824887935983465
2019-02-04 00:00:00-05:00,164.7959045621744,168.37626831102537,162.7272516378976,168.3265380859375,20036000,145.7745816893711,158.97407546995524,72.5790767891988,5.851566665565173,166.75859890758755,134.34419039905305,5.768537722915674,96899800,58.70039696707248,20.472633338721582
2019-02-05 00:00:00-05:00,168.22707725011878,171.0416380176596,167.7695956016407,170.2261199951172,22557000,146.73346554449842,159.08603611199666,73.67432664958189,6.728911843278809,170.8278870043247,133.69215490648256,5.590216629565906,119456800,58.89149818861327,22.263275819432984
2019-02-06 00:00:00-05:00,170.26590156027743,171.52897648019896,168.34643924249494,169.55978393554688,13281200,147.62861528532383,159.1902525082509,72.57920263803481,7.286452774418905,173.9830877252143,133.39328556580134,5.4182395301472,106175600,63.16089294411972,23.97351851570636
2019-02-07 00:00:00-05:00,167.2822602693317,168.3165942957912,164.34835916205975,165.47219848632812,17517600,148.32836364614752,159.25275943340588,66.08932302211886,7.314160900879671,175.66844936686357,134.20621697428226,5.403467047528623,88658000,62.53276582436582,24.544571320188346
2019-02-08 00:00:00-05:00,163.5726267133183,166.45679778147556,163.31405077789822,166.41702270507812,12561400,149.03772282492912,159.3240456351141,66.82768460149651,7.32788787893719,177.26484897959136,135.13330572418465,5.241987044389246,101219400,57.142723782013526,24.825838271679523
2019-02-11 00:00:00-05:00,166.9839099284875,167.38173658234626,164.17930410257495,164.8854217529297,12811200,149.65920121426248,159.37938271091326,64.38050250722976,7.132954946714733,178.3748833905848,136.1118150143631,5.096304575487965,88408200,62.212764788513,25.21374338597477
2019-02-12 00:00:00-05:00,165.94960363533278,167.4215244280255,163.60247931294026,164.1395263671875,16292300,150.2270571026125,159.42674732440852,63.16733874668093,6.839440852843438,179.00693081637044,137.79639356514,5.00507175688777,72115900,62.45841319649299,25.421465457659643
2019-02-13 00:00:00-05:00,164.47766998719388,165.31308319541048,162.83666349726653,163.17481994628906,14205100,150.73481250824688,159.46404157935262,61.551834878019115,6.454580684720554,178.80866336270213,140.61627967115203,4.824453752691784,57910800,63.25738770225633,25.404827869006077
2019-02-14 00:00:00-05:00,162.29961781445505,163.97044424457462,161.36474414142066,163.0554656982422,12755200,151.21797537844276,159.49977714272467,61.34280592046693,6.06997445133598,178.36147145698882,143.46628936657888,4.665971349153368,45155600,58.507388932441835,24.98479531001963
2019-02-15 00:00:00-05:00,163.6124158906607,163.80138166478764,159.98233662903166,161.61338806152344,15504400,151.62563862091653,159.5208080971406,58.74691774189539,5.584433751010579,177.87764734067602,145.73896846336046,4.605476612482126,29651200,58.2517072916623,24.221167819326066
2019-02-19 00:00:00-05:00,159.6242988210519,163.25437805112938,159.4552281760752,161.40452575683594,14345400,152.0091243909526,159.53955155644107,58.36169990901625,5.123722719316049,176.6925777265737,148.8892582109263,4.547881845522987,15305800,58.50642078700295,23.36797827181212
2019-02-20 00:00:00-05:00,161.36472852383605,162.8267090964614,160.37018474248728,161.67303466796875,11770700,152.38810126456107,159.56078024411795,58.73630419521291,4.725796294582267,173.358799796624,154.65900415845414,4.398499167555211,27076500,54.463928839211114,22.57573083483489
2019-02-21 00:00:00-05:00,161.04646568616704,161.35478700287874,158.71923690224193,159.16677856445312,15607800,152.6539317469098,159.5568598293949,53.86507619457793,4.1602460869510764,170.70277404399,158.59069722879647,4.295306210281754,11468700,35.41959322011307,21.35683305175862
2019-02-22 00:00:00-05:00,159.703848630701,161.5238656445764,159.4353175498251,161.00669860839844,15858500,152.98149123167406,159.57128608590241,56.703902251455915,3.8165152316350657,170.61027548429234,158.0466845580254,4.156861986699005,27327200,45.18599930977905,20.269556545720622
2019-02-25 00:00:00-05:00,162.18028606443656,165.1639178565537,162.01120024174486,163.72181701660156,18737100,153.4026804781418,159.61258490113326,60.56058525443938,3.7203080216386297,170.53931605816308,157.9731025616286,4.156887505374452,46064300,44.76525401331388,20.14994569627398
2019-02-26 00:00:00-05:00,163.44334279345262,165.3329853308515,162.9062957584137,163.2344970703125,13784100,153.7882419131289,159.64862382818978,59.53552017743271,3.5636608041695013,169.8224002779067,158.01107953980164,4.033301938736119,32280200,42.18129476802557,20.07723169101704
2019-02-27 00:00:00-05:00,162.01119720448816,163.0355762198679,159.53479257579966,161.92169189453125,12697500,154.10720073592898,159.67124142088971,56.748827703524285,3.29559478439009,168.2719459238074,158.45427681382282,4.009473549863028,19582700,35.67574812892775,18.953884298173545
2019-02-28 00:00:00-05:00,161.484070262249,162.60790960067527,159.98231460313525,160.569091796875,11114200,154.3606082285151,159.68017525547666,53.94704548693807,2.9401151909106886,166.57184326060326,158.95562052520404,3.910625081839956,8468500,36.914429071783715,17.910776004818874
2019-03-01 00:00:00-05:00,161.71285363596382,162.23996071964444,160.80781499208334,161.39459228515625,11097800,154.63645074054025,159.69723413139388,55.394479245055756,2.6939518424816242,166.06257636357668,158.92120659540768,3.7506424990492055,19566300,42.855952339052486,16.94217544670382
2019-03-04 00:00:00-05:00,163.00573393139052,166.58609792720418,162.93612375189323,166.45680236816406,18894700,155.09999394162352,159.7644935168344,63.061519444126915,2.874211540875649,166.07692524396674,158.91216167009577,3.8535612949776854,38461000,44.59729463324955,17.180347186836993
2019-03-05 00:00:00-05:00,166.45678684388878,170.94218898359048,165.64126883928262,170.3255615234375,28187900,155.6970750232633,159.86957877063145,67.63946877525036,3.2913050657830922,168.0664678618664,157.6479710215971,3.956944069929841,66648900,55.55892775532361,18.269036960028533
2019-03-06 00:00:00-05:00,171.95662760252296,172.62298534427387,170.335531427459,171.56875610351562,21531700,156.31949388915555,159.98598849533678,68.97029602357827,3.6797522091694077,170.13144933587546,156.57355351243183,3.8384069092803075,88180600,63.62299229320658,19.56733853050488
2019-03-07 00:00:00-05:00,170.5642940105939,170.8029900310032,166.69551850273953,168.2072296142578,18306500,156.78567960386545,160.0677918895549,61.59417857864469,3.674000681805694,170.88385490437759,156.49213589965888,3.9123233872442924,69874100,61.90537182955436,19.584651656438048
2019-03-08 00:00:00-05:00,165.29317876957958,168.69451679070576,165.0644379416228,168.6746368408203,13184800,157.25191322100093,160.1534321378262,62.19952853831743,3.6649115923228237,171.6615185021522,156.46369512089467,3.8921630630899116,83058900,62.40683015675363,19.125205396330063
2019-03-11 00:00:00-04:00,170.66372773544094,173.3489930482135,170.64383260964033,171.13116455078125,18884000,157.79619758687468,160.26266330611432,65.2955604140171,3.8119874609889735,172.9346750775205,156.45957541076078,3.9480340019687157,101942900,69.41339671524224,19.603369376055646
2019-03-12 00:00:00-04:00,171.15105000602426,172.85172669161776,170.28580170004838,170.9819793701172,12155300,158.31328706857047,160.3693231674477,64.94765564124626,3.8718755777429408,173.93031210463485,156.74093219875058,3.8493119297973344,89787600,64.10454400660305,19.94008916037303
2019-03-13 00:00:00-04:00,171.37981330391426,173.08047488624112,171.18089238212588,172.424072265625,11973300,158.86665119394516,160.4892709196684,66.78970676548306,3.9897112782289526,175.08760056982652,157.01711541324642,3.7242536145349487,101760900,70.29670961025387,20.29680030100156
2019-03-14 00:00:00-04:00,168.83376473641073,170.21618013184838,167.24250362307407,169.2415313720703,18037400,159.27350924014615,160.57635808834902,59.37409398520592,3.7826879947566283,175.08465320769457,158.3633631497273,3.8283475451075186,83723500,62.722200226391614,19.456897286598895
2019-03-15 00:00:00-04:00,166.24795624960439,166.66566285217706,161.62331816830365,165.0743865966797,37135400,159.50099462667688,160.6211145909195,51.33670835690736,3.244960904600333,174.84472231357677,159.1456524422826,4.099052235011743,46588100,50.681698761941476,18.758230956987486
2019-03-18 00:00:00-04:00,162.67754389175255,163.0057300058916,158.41094230152817,159.59445190429688,37524200,159.5046596179561,160.61089904179886,43.07827622315149,2.3495393524690087,175.26757907562717,158.17248033192493,4.2822230964502985,9063900,41.44383850874152,18.713602414117066
2019-03-19 00:00:00-04:00,160.59895607176688,162.92620049563143,159.9425685847895,160.6884765625,25611500,159.55108381185977,160.61167095742775,44.98118186460652,1.7084954954424916,175.46134879083917,157.63924121567123,4.2143320603706025,34675400,48.37436243546222,18.672161624308814
2019-03-20 00:00:00-04:00,160.61883302915365,165.2136207958598,160.36025708932718,164.53733825683594,20211500,159.74662320185882,160.65073232359103,51.16630910227037,1.4938148252924464,175.3648522833078,158.0844905715099,4.259977177953605,54886900,53.65770986371499,18.02800446903677
2019-03-21 00:00:00-04:00,163.99034893114938,165.48216483452288,162.85656945160696,165.17385864257812,16223000,159.95945596423996,160.69573855562075,52.124853411517634,1.359370743264975,175.0822954019686,158.98101636560952,4.143235621165198,71109900,54.47795079191669,17.3594179588336
2019-03-22 00:00:00-04:00,164.74619422289106,166.50654120985456,163.1947081362938,163.44334411621094,16389200,160.09607902902314,160.72307791443262,49.292045669054964,1.1004989134390541,174.89469013570096,159.44178854268444,4.083849724907738,54720700,48.59271428785178,16.46203839513941
2019-03-25 00:00:00-04:00,162.1106478346769,165.63132639262412,161.1161039829304,165.3826904296875,12631200,160.30339712316686,160.769442218067,52.413256079745466,1.0398434944118833,174.8679086499736,159.32535510328162,4.114662059535307,67351900,41.14742766341762,16.119961698698734
2019-03-26 00:00:00-04:00,166.43692008373066,168.5254530723947,165.4423762294521,166.76510620117188,15437900,160.55679747916707,160.82910056615762,54.560344740854,1.0907495553561546,174.43663070028234,159.2819056766708,4.0452406726190135,82789800,39.69718502988188,15.022803214657333
2019-03-27 00:00:00-04:00,166.9341733581357,168.0182223960425,163.89085675664526,164.9649658203125,10620300,160.72966682587867,160.8702534542587,51.31359504201682,0.9746020849122772,173.60814347073614,159.22988753512323,4.0511067416746,72169500,40.895243486337144,14.382588900725167
2019-03-28 00:00:00-04:00,163.67207984438247,165.8103429362535,162.43884007375533,164.646728515625,10443000,160.8832770882217,160.90783032054097,50.73876299139916,0.8471103263852626,173.35403098809883,159.00926653794284,4.002563607447713,61726500,41.35842270332302,14.130829733884239
2019-03-29 00:00:00-04:00,165.48216661791665,166.2778048100643,163.91078536169755,165.78053283691406,13455500,161.07532633326846,160.95631492269396,52.76882357625587,0.8280158708172394,173.03709395028872,158.94032304189878,3.8857390246562167,75182000,39.95230225381971,13.759269689484535
2019-04-01 00:00:00-04:00,166.91432310025573,167.97847730019205,166.36732085938317,167.77957153320312,10381500,161.3382379097365,161.02420802329604,56.19635696067557,0.963087223329012,172.34427544029023,159.18626248288683,3.7651822702720574,85563500,44.40633399078663,12.91766696728295
2019-04-02 00:00:00-04:00,169.21168157639752,173.9457046026438,168.6249043763474,173.24952697753906,23946500,161.80534728494445,161.14585298801487,63.913330392828854,1.4942867261461572,173.0488949321643,158.78398267200234,3.936678755926958,109510000,46.99331778548475,13.269101803466636
2019-04-03 00:00:00-04:00,173.54790845816498,176.9890369879235,172.00636239663868,172.5931396484375,27391100,162.22839796586572,161.25975633786985,62.49063221352802,1.8410783818592051,173.10167909921898,158.75374082265603,4.011392744166805,82118900,55.615433476379806,14.161349625276815
2019-04-04 00:00:00-04:00,175.0596160888672,177.02880870054364,174.5722841298135,175.0596160888672,17847700,162.73158299029717,161.39706837519321,65.59022490001303,2.288556251163186,174.6925427056574,157.93862184512386,4.0416981947339,99966600,66.77218635020324,14.997052242143502
2019-04-05 00:00:00-04:00,175.91493558984905,176.03427600554568,174.14464860451415,174.76126098632812,9594100,163.2033350685729,161.53004541610005,64.89167879631663,2.5892635052453556,176.2949508148735,157.62779698786088,3.887978852326588,90372500,74.28159726907836,15.634158277986279
2019-04-08 00:00:00-04:00,174.25404167065685,174.54245272156516,173.279377731923,173.97555541992188,7297400,163.62577508235128,161.6538813365361,62.989143590872224,2.73267571320045,176.9802565571458,158.85997171433857,3.716114881046483,83075100,68.66845281403283,15.937464583168575
2019-04-09 00:00:00-04:00,174.66178661397853,178.21231545357313,174.59217643554416,176.61109924316406,19751000,164.13500348081453,161.80270937540803,66.53358631343724,3.0241369137293077,178.134513639859,159.82873098904724,3.753303820518252,102826100,68.82865456460327,16.9602313653515
2019-04-10 00:00:00-04:00,177.20781369347972,177.81448604141713,175.57676240689077,176.84979248046875,11701500,164.63362265727156,161.9524315953589,66.84328889782654,3.2370676634018025,179.4108909604998,160.19401423155747,3.6450480929474023,114527600,68.29826306289802,17.909943377378507
2019-04-11 00:00:00-04:00,177.2675013257147,177.42661680834283,176.03426148825417,176.54147338867188,8071000,165.10059719575784,162.09759619031723,65.99374965328916,3.3424088341596985,180.37977766857443,160.7408094896287,3.4841414663146346,106456600,70.84382559451214,18.791818817117868
2019-04-12 00:00:00-04:00,177.02881363643257,178.6499250444432,176.97908340648377,178.12281799316406,12329800,165.61127252114633,162.25705113362918,68.22439367282541,3.512998109223986,181.25157689473164,161.82627344706523,3.3858779084186836,118786400,77.01559711827163,19.865557841939896
2019-04-15 00:00:00-04:00,177.52608042677386,179.51516816264808,175.90496906586515,178.6697998046875,10834800,166.12337163030483,162.4203620656795,68.98229425347287,3.6502503853733685,182.15357400567706,162.69589091945318,3.4019008504447017,129621200,76.57111552222526,20.42153428013825
2019-04-16 00:00:00-04:00,178.02333851769907,179.18695293163896,177.32716089938467,177.89404296875,11215200,166.58496658475366,162.57432903983943,66.557618999009,3.654302188773215,182.7522611602893,163.58106200051802,3.291750220573958,118406000,81.9505077659035,20.937798115608153
2019-04-17 00:00:00-04:00,178.620083420787,179.7538628147659,177.38684357054146,177.80455017089844,9973700,167.02495025479854,162.72587352870568,66.26823898479775,3.608693182619419,182.78339207528873,165.2618756655967,3.2256980079775652,108432300,87.06000217524715,21.559140638889378
2019-04-18 00:00:00-04:00,177.82443325695834,177.9039985814774,176.37239264167027,177.30726623535156,11655600,167.4281783324673,162.87096201334893,64.58780178290664,3.492165548379859,182.16983938780493,167.56350004904402,3.1046914316796763,96776700,80.85974793854528,21.670585550624484
2019-04-22 00:00:00-04:00,177.27743035150047,180.6787682880921,177.27743035150047,180.4500274658203,13389900,167.93883908279489,163.04587808750287,69.7999438899138,3.6117768100428975,181.82863259272108,169.86063946131537,3.125880467744816,110166600,81.23100906292412,22.482390748366306
2019-04-23 00:00:00-04:00,181.74294852975913,183.21486917794178,180.48981356698525,182.7772674560547,19954800,168.52073823468743,163.24221032002578,72.9723325950843,3.849978261449536,182.06754734356312,171.62141750018688,3.100091985200291,130121400,80.96334499929975,23.775063989481975
2019-04-24 00:00:00-04:00,183.4834143274478,184.12986180898022,180.65889804486986,181.58383178710938,37289900,169.03301641321377,163.42471401621566,68.97114767040351,3.897526088687556,182.74696588667598,172.05323959835005,3.1265828265510107,92831500,63.099136335948714,25.15339242871851
2019-04-25 00:00:00-04:00,195.9052712700618,197.39708725787185,191.07178686253587,192.20556640625,54148800,169.9417438639211,163.71109065691252,79.6605063191009,4.737680269518478,187.31240664622487,170.10278907317615,4.032773729708972,146980300,69.375135604136,28.042354548216533
2019-04-26 00:00:00-04:00,191.44968950528585,191.84750097170632,188.05829136334958,190.44520568847656,22075000,170.74580119037427,163.97710175175396,75.04620874183689,5.2015024306374755,189.8834148844077,169.58319278160795,4.040952394936933,124905300,65.55427984322806,29.68106534445057
2019-04-29 00:00:00-04:00,189.908149778713,194.3438221357057,189.6097835812905,193.71725463867188,19641300,171.6466425020722,164.2730236710268,77.63894121157475,5.7666376306108305,192.9214339844158,169.07263950191233,4.090458549185381,144546600,69.98031273195181,31.45825252391808
2019-04-30 00:00:00-04:00,193.13047046975797,196.31300771856553,191.2308880956682,192.3447723388672,23494700,172.45833386822102,164.5523445532939,74.15835113835897,6.034204938518798,194.7669491854581,169.67635322339606,4.161291483021948,121051900,70.62343815743185,33.29798062260973
2019-05-01 00:00:00-04:00,193.71724305796292,195.10959832865078,191.95689625638775,191.97679138183594,15996600,173.22376357463727,164.8252246212396,73.2106943572264,6.145716970210373,196.29093821581318,170.2011231448639,4.0892493822534535,105055300,65.08138188738121,35.00629957139483
2019-05-02 00:00:00-04:00,191.94695952002456,192.94150335173453,188.71469206696716,191.47952270507812,13209500,173.93967569739965,165.09044151759622,71.87405694900639,6.1233791294272635,197.39451041352447,171.04818164376718,4.099075232433019,91845800,63.691630299727564,35.46627673083735
2019-05-03 00:00:00-04:00,193.31942382784064,195.08971053318047,192.6530813196989,194.40347290039062,14575400,174.74217754849735,165.38211347165387,74.78877520414738,6.2693454620075215,198.8203143531847,172.0039776390028,4.064154703552256,106421200,64.13442248741069,36.172734130785514
2019-05-06 00:00:00-04:00,190.1965637610834,193.21997026741658,189.5103261038328,192.82215881347656,13994900,175.4511964216338,165.6551487486869,70.531742805599,6.186116302970362,199.674074286641,173.11012981492152,4.123368424481225,92426300,59.562582507493,35.84023780931089
2019-05-07 00:00:00-04:00,191.48944864986115,191.84748501006496,186.8250511683486,188.7345733642578,16253000,175.97211316448178,165.88479476476226,60.884357004837284,5.724336027969713,199.7189457617203,174.4072281477849,4.257206940241706,76173300,54.66432161443594,34.77480728056562
2019-05-08 00:00:00-04:00,188.3566533547212,189.67939845562648,187.5212401885287,188.50582885742188,12505700,176.46363142695003,166.10987968110715,60.386580969225975,5.279060341563849,199.4455058574455,176.09557283721594,4.107274892159997,63667600,50.81627823056832,33.785478932445
2019-05-09 00:00:00-04:00,186.17859628808722,188.73458113783826,185.24372268818658,187.6206817626953,12967000,176.90116281266552,166.32391751276475,58.39697059394531,4.799427367831015,198.82265191404582,178.02724432618857,4.063245146266546,50700600,50.48058349412359,32.23269780897828
2019-05-10 00:00:00-04:00,187.2228726287263,188.96332429990966,183.58283863429455,187.3123779296875,12578500,177.30944575843108,166.5327579149232,57.68406566419647,4.34435818101602,197.67694081019482,180.5069703226177,4.157333754791443,38122100,46.14347388401554,30.354541206808943
2019-05-13 00:00:00-04:00,182.49881230402764,184.41827481675543,179.85332179144277,180.54949951171875,16833300,177.43650668993254,166.67222798056295,44.772244424584294,3.3988252613541476,197.65697268047737,180.54020139178826,4.39317106789525,21288800,39.926740177313334,28.64352852975728
2019-05-14 00:00:00-04:00,181.5241537922094,182.48886257285736,177.12827164998018,179.74391174316406,17628100,177.5269931626083,166.80229448566345,43.522527314520545,2.5550266531719217,198.1571742336567,179.6355524102235,4.462272486108245,3660700,42.787119682632685,27.61602607185368
2019-05-15 00:00:00-04:00,179.43559008387285,186.25816114022282,179.0377786351752,185.25367736816406,16746900,177.8300003863556,166.98589033524058,53.15377211296878,2.3043392276368877,197.7898425455305,180.49219684249036,4.659280344603916,20407600,32.965662139841356,25.75472119716943
2019-05-16 00:00:00-04:00,184.04035471350454,187.55109352337274,184.04035471350454,185.9697723388672,12953100,178.14920712959136,167.1747846835354,54.24586529437451,2.1387958095371857,197.34436475774106,180.10623542129542,4.577241663551364,33360700,40.2121273142242,24.08995023828542
2019-05-17 00:00:00-04:00,183.83150455944957,186.5565605121057,183.2745623619518,184.28900146484375,10485400,178.38998337803264,167.3450753977773,51.22724398358098,1.8506442206818576,197.1508299521666,179.47894299705217,4.484724269737259,22875300,32.51913629397971,22.373971590066635
2019-05-20 00:00:00-04:00,180.88763978897717,183.2248087246289,180.3804127145515,181.72305297851562,10352000,178.5206919898163,167.488139851317,46.9333832216934,1.3991034188723575,196.42149671866804,178.6090493425299,4.443571732634044,12523300,22.544023841530333,21.42878721376214
2019-05-21 00:00:00-04:00,183.56299424782665,184.6868186538709,182.88669643329203,183.81163024902344,7502800,178.72817976468716,167.65056264134392,50.56553588343517,1.1959980895308036,195.63342448861985,178.25936929393222,4.337871299971273,20026100,27.563209112913356,20.184109065953557
2019-05-22 00:00:00-04:00,183.72207601971857,185.7211188146158,182.6081917950628,184.30886840820312,9213800,178.947030299727,167.81631692758134,51.4180782489553,1.0629060967387147,194.77344431450004,178.09695973823435,4.250375279941397,29239900,33.17200777299013,18.771114040486577
2019-05-23 00:00:00-04:00,181.42470964465002,182.89663047481812,178.6897137202409,179.88316345214844,12768800,178.98374140374352,167.93638505220392,44.12409673443312,0.5934711646182222,194.13548253790825,177.18874028110216,4.348145237657172,16471100,25.317741273428823,18.339648515705267
2019-05-24 00:00:00-04:00,181.33520338355228,182.62811357618295,179.8433874325638,180.07212829589844,8807700,179.02642324265156,168.05713871632028,44.486200472719446,0.23399117781875134,192.19688795553978,177.216488916205,4.236472445225886,25278800,31.033283324761044,17.939001956979762
2019-05-28 00:00:00-04:00,180.54949149396154,183.70220898637862,180.45998618580137,183.30438232421875,14843300,179.19418634388947,168.20885258306555,50.40648401187623,0.2075243735789627,190.1921478142747,177.95219219223569,4.193158748458337,40122100,39.75933944393447,17.262110527565646
2019-05-29 00:00:00-04:00,182.49878806573264,183.5530020700705,180.3605249569745,181.19593811035156,12797700,179.2726864131625,168.33807731468033,46.893354444494264,0.016228343241238008,189.3013526668033,177.83783597251963,4.121681488789599,27324400,39.79970723169952,16.658161973967733
2019-05-30 00:00:00-04:00,182.08108470236317,182.47889616083916,179.90303130470127,182.01145935058594,8581500,179.38008927345362,168.47413086727641,48.39161007176224,-0.06877657695613948,188.26039892089364,178.01287378418448,4.011266015028762,35905900,40.901331999030596,16.21649930040529
2019-05-31 00:00:00-04:00,179.29637494438097,179.55495089787988,176.1934028002513,176.501708984375,15226500,179.2672116150584,168.55400726645152,40.15012812284715,-0.5741163404899225,187.91194120640282,176.87880179489926,4.140322481836324,20679400,40.4458485012675,16.687106135447355
2019-06-03 00:00:00-04:00,174.04518693248968,174.09491716386333,160.13151195395085,163.25437927246094,56059600,178.63925740554475,168.5012746495959,27.863121057206754,-2.0202622138329787,191.34595853312297,170.23705131388223,5.013884949592598,-35380200,33.8105784409055,19.28038769267004
2019-06-04 00:00:00-04:00,162.81676076841194,167.36181772471085,159.9624099430225,166.58607482910156,46044300,178.16658357901758,168.48221793496413,33.38460046629339,-2.8644832700383347,192.57777982755823,167.1434400617647,5.184279437599438,10664100,30.296461903032935,21.703256463497777
2019-06-05 00:00:00-04:00,166.56618850918179,167.7994282631569,163.731747833267,167.25242614746094,19758300,177.73857740523104,168.46998120076012,34.46502364018765,-3.4401101089621307,193.21726974915262,164.8384187274099,5.104522365620184,30422400,30.642421187936534,23.820076817013785
2019-06-06 00:00:00-04:00,167.38174021463786,168.77409559452076,166.31757096494945,167.4115753173828,12446400,177.33359693119777,168.45944979893548,34.73727512458005,-3.839200603293733,192.71545143771752,162.96129009874082,4.915379670188122,42868800,30.11386793778854,25.47951922930084
2019-06-07 00:00:00-04:00,169.2415475687337,172.9213572664362,167.9188022518214,172.40420532226562,16917300,177.1402874563377,168.4987010976751,42.76947532590597,-3.709854288169197,191.3665590282808,162.50144023929732,4.957836975821354,59786100,36.13360403416683,25.813768026311198
2019-06-10 00:00:00-04:00,173.79652455388862,176.88955629889332,172.8517110034377,173.86614990234375,14767900,177.01188990520066,168.55210854846783,44.90766729488722,-3.4496146811774224,190.18373465660878,162.29455106930268,4.924087975878949,74554000,41.42204429671844,25.14009114389041
2019-06-11 00:00:00-04:00,177.50618172369698,178.9979974955441,175.8254001926637,177.12826538085938,15266600,177.01645364934416,168.63744344232248,49.44629980770839,-2.946185666801682,189.5808120470619,162.2848353324954,4.938927948544764,89820600,43.13887393124819,24.039805323091432
2019-06-12 00:00:00-04:00,177.4067491609965,178.29189264205272,171.93675760546034,174.0849609375,17699800,176.90149315084048,168.69164759650334,45.66655192761481,-2.76095718473195,188.28217627532948,162.28658186269135,5.040085597691022,72120800,38.21570425365884,23.674911259934742
2019-06-13 00:00:00-04:00,174.57229137020462,177.0586511460869,173.65731279374424,176.501708984375,12253600,176.88581534039085,168.769359650114,49.00054886157309,-2.391582237094923,186.8691323888152,162.6586711593619,4.923032223023283,84374400,42.96510390983497,23.336081058432104
2019-06-14 00:00:00-04:00,179.5251191597867,180.84786440641506,179.01790721919195,180.3406524658203,16773700,177.02129914923123,168.88449689206135,53.84537484703288,-1.7686909065278655,186.95325664519964,162.6355454381337,4.881826737238766,101148100,44.66189072083957,22.144427684333603
2019-06-17 00:00:00-04:00,184.000553813705,188.46606120194633,183.40383660387468,187.97872924804688,29459900,177.45100229036126,169.07448925381243,61.65123920407687,-0.6512093411877231,188.94693614342378,161.69607940019603,5.1135111657307135,130608000,47.70152494812557,21.47922813138661
2019-06-18 00:00:00-04:00,192.9415071930127,193.46861422027044,186.25817129682022,187.44168090820312,37571400,177.842793608708,169.25724737972678,60.871704814478896,0.18889012980278608,190.0031346555614,161.1915206992563,5.263292005567821,93036600,56.38536348118551,21.573910982337427
2019-06-19 00:00:00-04:00,185.97971544652916,187.07371984289964,183.54308584610698,186.45709228515625,21417100,178.18060924307852,169.42839011510418,59.38909692037768,0.7663924447824968,191.1179714199867,160.77817115813832,5.165813652462702,71619500,54.03185213988218,21.11200550572525
2019-06-20 00:00:00-04:00,189.90814583699213,190.11700672351336,186.61620810919058,188.4958953857422,14635700,178.58513026828103,169.61811653570754,61.48122590109169,1.372757270015228,192.55320048634937,160.20753356312977,5.058249422883731,86255200,58.73167524057504,21.10962178693794
2019-06-21 00:00:00-04:00,187.72014778848543,190.95241523385008,187.72014778848543,190.09710693359375,22751200,179.03658033358744,169.82188758444275,63.089477929561184,1.9599174443707454,194.849292683812,159.72416109222968,4.927822138775225,109006400,72.38019140181481,21.222243364496457
2019-06-24 00:00:00-04:00,191.37012277811536,192.92160873156357,190.5247696242671,191.5491485595703,15509000,179.52726928362597,170.03807923593658,64.53554993030878,2.513440360888211,196.37615231993112,161.96993736105844,4.777584971574838,124515400,85.40295712977564,21.598348110835797
2019-06-25 00:00:00-04:00,191.8276276217937,192.08620356631081,187.10354421171124,187.80966186523438,16750300,179.85206899270864,170.2149109038898,58.210569494208585,2.620162335695426,196.88462403905297,164.29127724675433,4.7922331417908905,107765100,78.81490083889034,21.186450390271876
2019-06-26 00:00:00-04:00,188.5058251641803,189.7191698141549,186.28799673945437,186.63609313964844,12808600,180.11810915533374,170.3783057520068,56.34422920253311,2.5802990006891378,196.75412076765053,167.00626945044843,4.695014565570149,94956500,74.01391429332708,20.62882697082219
2019-06-27 00:00:00-04:00,188.8440112714658,197.7949068778364,187.24279489486028,188.46607971191406,11159000,180.44548054970946,170.55828360235415,58.5746130759112,2.6656437610707826,196.2874830816151,170.28017438908802,5.156714506471423,106115500,73.60084851699055,21.250526353387347
2019-06-28 00:00:00-04:00,189.51033108484077,192.14586618141672,188.90365873753947,191.94696044921875,16378900,180.8965189771412,170.77110625754682,62.499285566807224,2.979808703250825,196.8648842567726,172.30847389752427,5.05121964668794,122494400,67.44095239338336,21.82781863719785
2019-07-01 00:00:00-04:00,194.14490900517302,194.2145191824517,190.88279125988097,191.94696044921875,14181800,181.32986962310503,170.98181127437937,62.499285566807224,3.191991393525768,197.1384705709255,174.44566232295472,4.928398809250997,136676200,67.45493887451154,22.62572495466554
2019-07-02 00:00:00-04:00,191.94696271847457,193.93605041503906,191.658551679708,193.93605041503906,9050000,181.82422965416126,171.21021166383866,64.71474958652956,3.480529266159664,197.93024288911636,175.89492800932112,4.739048803971001,145726200,73.09312712470164,23.366637963742676
2019-07-03 00:00:00-04:00,193.10063215413552,196.32294442561565,193.10063215413552,196.12403869628906,10246100,182.38500647934274,171.45811044028096,67.02264551364729,3.8414679265148663,197.94748230787673,178.81623229173266,4.630710480221652,155972300,73.00510669069061,24.365287580984887
2019-07-05 00:00:00-04:00,195.109614046039,195.99477268114484,193.1105862801876,195.3284149169922,11164100,182.89259112395644,171.69562590771093,65.34882740364318,4.017008650364744,197.4107133857326,181.86322867155906,4.515192047070211,144808200,67.79240742131088,25.292605082709798
2019-07-08 00:00:00-04:00,194.12501243991233,195.60687303300404,192.5834664696226,194.69189453125,9723900,183.35530890463463,171.92444450097997,63.97235260495858,4.057986125169521,196.96064928143028,184.22679171791867,4.408635941092441,135084300,60.611331335061344,25.993248260305702
2019-07-09 00:00:00-04:00,193.906221144651,198.37172862091458,193.8266558133316,198.1230926513672,14698600,183.9344376790163,172.185127567153,67.89775377960386,4.3175599383715735,198.48128789755373,184.0587348889046,4.418381431556051,149782900,56.27885273425128,27.035852229930704
2019-07-10 00:00:00-04:00,198.90875532971907,201.85261158583376,198.580554062361,201.6238555908203,20571700,184.6281403422243,172.47805023405516,71.32999289089481,4.7509899132483895,200.76567792735324,183.66530148345407,4.36917696747823,170354600,66.7987095314864,28.44048311632543
2019-07-11 00:00:00-04:00,202.15098772301423,202.688049927506,199.11764096735922,200.13206481933594,13678500,185.2361373805424,172.7532145582868,67.99387196393496,4.917426214777066,201.93915354181786,184.31515554021337,4.312122109811698,156676100,59.64417413297511,29.84337869758216
2019-07-12 00:00:00-04:00,198.59052703777778,204.1798743107173,198.07337511436688,203.75221252441406,15366300,185.96225797441974,173.0616622992433,71.47984871444405,5.280572692849631,204.03860108743436,184.24988361308647,4.4402919017073215,172042400,58.33260982358293,31.321998241263696
2019-07-15 00:00:00-04:00,203.13558084119921,204.20969001750692,200.71884657615792,202.7974395751953,16030300,186.62246117445017,173.35754068009854,69.33497268473606,5.428747473819499,205.50903042258693,184.47283196348076,4.37247415453887,156012100,58.638068105597085,32.698605425566775
2019-07-16 00:00:00-04:00,202.7775439480596,204.3489250442085,201.99186098775252,202.72781372070312,12132700,187.2540436272444,173.64978220289063,69.17196660242331,5.477418559134776,206.745828142292,184.72652293192675,4.228516290390092,143879400,66.45454713837603,33.99489402729481
2019-07-17 00:00:00-04:00,203.06594804257693,203.24497381983196,200.49008321425507,200.69894409179688,12083700,187.78129462585431,173.9189280923325,64.41931631939983,5.291283301629875,206.99123668626567,186.19968535149474,4.123257312903435,131795700,66.39610809311318,34.59559162359694
2019-07-18 00:00:00-04:00,199.05794180731885,201.36529078068799,198.2921539834379,199.68450927734375,11937900,188.2480873572853,174.1753020344719,62.121055826362976,5.004227735176727,206.47310076663274,188.45761008948705,4.04824870464248,119857800,60.190271212932636,34.32889029275967
2019-07-19 00:00:00-04:00,201.07685940849802,201.2260500847153,196.98929893443872,197.2777099609375,12098300,188.60219020448733,174.4051767402079,56.93143433603474,4.530303026986729,205.6798538603484,190.4257410289745,4.061713165044916,107759500,61.39415152854823,33.62137211885503
2019-07-22 00:00:00-04:00,198.81927109055917,201.4647614587785,197.7252667501571,201.21612548828125,13589000,189.09685433326356,174.6719523496415,62.458280253055534,4.421542707628959,205.69721613107555,191.64426743012234,4.070665903101778,121348500,61.385435975090715,33.01629144988391
2019-07-23 00:00:00-04:00,201.73329727143047,203.12566794882403,199.86356490829948,201.25592041015625,14583700,189.57368045392602,174.936469444771,62.51063015756834,4.289118203807277,205.41972833293232,193.1629498897239,4.01291141291769,135932200,62.60918774133049,32.813701589597386
2019-07-24 00:00:00-04:00,196.55172282609803,203.69254099862394,196.14395617042047,203.54336547851562,32532500,190.12151123920404,175.22111517645007,65.489557804803,4.318962222462204,205.6841961155499,194.1794574489032,4.265459514009532,168464700,51.09284918166183,31.328757912109502
2019-07-25 00:00:00-04:00,205.57223793591447,207.521550816843,197.1782843041739,199.61492919921875,39889900,190.49380213959677,175.46383969408956,57.0982721775281,3.979745813402218,205.55281973370634,194.77628589780406,4.699588585342357,128574800,61.61136812582014,30.79134857930061
2019-07-26 00:00:00-04:00,199.09772743621332,201.77305270895567,195.17922240294266,198.66012573242188,24434000,190.81405012362913,175.69464851039137,55.24545751842356,3.5924580845833702,205.2035919666939,195.56974177354047,4.834891565390261,104140800,58.025445614826474,29.673151141286613
2019-07-29 00:00:00-04:00,197.9142431768434,198.54081071241905,194.23443365037113,194.87094116210938,16530800,190.97314388984407,175.88545739249804,48.51694704432095,2.945816700730745,205.15958468474412,195.63762193960486,4.805663030866009,87610000,51.988462216285676,28.351833123963463
2019-07-30 00:00:00-04:00,194.323928707085,197.62582168315237,192.44424137509387,195.9649200439453,11903600,191.1688998174559,176.08525304077116,50.39536603051043,2.49288724582766,205.39723096681288,195.1122193098798,4.832514264951187,99513600,45.532841537267835,26.603886742747076
2019-07-31 00:00:00-04:00,195.87541819208985,197.67554022412716,191.62871148729056,193.17025756835938,14593500,191.24738443513837,176.2552530858218,45.798281715212646,1.886682976887272,205.8603456061904,193.52195826750753,4.919251012943002,84920100,45.45108677400977,24.749406568597465
2019-08-01 00:00:00-04:00,193.11059725644114,197.38713928332507,189.8385543329922,191.67845153808594,17777000,191.26428902741083,176.40871774703837,43.516303268669105,1.2712314819761161,206.46634763313162,191.7888078030663,5.107060579899421,67143100,38.92619430715297,23.429339048068616
2019-08-02 00:00:00-04:00,190.05734638148485,191.5690421912223,187.04387956233487,187.9886932373047,15297000,191.13583429054393,176.52394138375746,38.41756797404155,0.48021347784407453,206.84156680534602,189.3117860592373,5.073311393888824,51846100,32.64599568708505,22.896382369581946
2019-08-05 00:00:00-04:00,183.6823055615321,184.65695428260693,178.3614899089697,180.7384490966797,23086700,190.72809369470613,176.56587678388604,30.784741655352306,-0.7233695449057223,208.5389557059359,184.6731984281787,5.398589389206407,28759400,26.738475379759706,23.94516807836258
2019-08-06 00:00:00-04:00,182.68777776339502,184.7763109206034,182.0910453324577,183.5032958984375,18035700,190.44476829093088,176.634905829802,36.00625245251071,-1.4375465894280808,208.4245125839048,182.22437250724101,5.301394563114786,46795100,32.64261446668854,24.881766559627405
2019-08-07 00:00:00-04:00,182.5982549561945,185.35313046452723,180.23123576261253,184.13978576660156,15833200,190.19751407429052,176.7095812520587,37.181121920774906,-1.9299305910729458,208.091093742257,180.34990357219613,5.2885731444576365,62628300,32.32217947770744,26.02049743923582
2019-08-08 00:00:00-04:00,185.6017582480843,189.30146238114872,183.0457885850916,189.12245178222656,14828900,190.1553547687194,176.83309240161262,45.600868270417735,-1.8962303906471334,207.27788090986297,179.7548420719079,5.357651762429029,77457200,37.333223797224406,25.86734998216449
2019-08-09 00:00:00-04:00,188.96333650612164,189.93798525579282,186.0990452860681,186.8250732421875,11058800,190.02475549316912,176.93251509654374,42.75539063306558,-2.031484300736622,206.80536491515042,178.83367317078708,5.249172348664436,66398400,36.56105142561333,25.544051063018006
2019-08-12 00:00:00-04:00,185.8305173108635,186.56647001927664,183.45355820760844,184.35858154296875,10930900,189.80255259316127,177.0064063049659,39.87831891035388,-2.3110588182573792,205.51020569116284,177.88115986873302,5.115053969086909,55467500,31.499925749821955,25.71532797594116
2019-08-13 00:00:00-04:00,184.50777728289742,190.33580478716848,184.35858660170845,187.42178344726562,13577000,189.7091890972438,177.11004189842166,44.8424729042664,-2.2594038431145407,203.73245112928308,177.81436283556067,5.176637488737825,69044500,39.52266587613287,24.831879296035275
2019-08-14 00:00:00-04:00,184.7862609384353,184.97522670883336,178.33166551941576,178.7294921875,18903700,189.2786127478421,177.12615583164634,35.80742348214591,-2.8865873808259437,201.45552947752702,176.78276804851464,5.456171805817256,50140800,25.011720504338427,25.02771718007379
2019-08-15 00:00:00-04:00,179.96268364250534,182.20040701926482,179.04770523840543,181.59373474121094,12925900,188.9772449828762,177.17060935313455,40.09087780661919,-3.1165883262488308,199.41287258927144,176.42259900903582,5.314367736242082,63066700,32.37836207411986,25.20956664382384
2019-08-16 00:00:00-04:00,182.7474230961587,184.09006329524206,181.3650078223438,182.69769287109375,12654600,188.7309880373161,177.22560520903463,41.705476447955625,-3.173206785079543,197.05659833648252,176.65054888031437,5.129416860288951,75721300,39.015626805595204,24.865065430333864
2019-08-19 00:00:00-04:00,184.99508992821399,186.47696567866615,183.84143063395473,185.1542205810547,9691200,188.59072264687447,177.3044969042786,45.241972447082674,-2.9854417513451494,195.48223887840442,176.92934559425186,5.032977999380626,85412500,44.171217963735636,23.93309113854208
2019-08-20 00:00:00-04:00,184.43814965771534,184.98515179760008,181.39484797558228,182.80709838867188,10083400,188.36391385243516,177.35924915785466,42.58376894131675,-2.991545084975826,193.11689265389475,177.54031559805838,4.9420061855300395,75329100,45.32415739462479,23.526539833147726
2019-08-21 00:00:00-04:00,183.9906238462905,184.8857072974906,182.14077156167934,182.5485382080078,8398200,188.13585990559488,177.41088387477163,42.28899796737424,-2.9828611005516734,191.27744047997822,177.96353852392804,4.785072581978698,66930900,51.99016302227746,23.149027906710113
2019-08-22 00:00:00-04:00,182.42916825242673,183.10546595106962,178.92838488186388,181.0467529296875,10821400,187.85785571046125,177.44706167631307,40.53394442243097,-3.061865224979357,189.6062090891625,178.21721010029066,4.741644616780628,56109500,53.37130584085702,23.381623507074725
2019-08-23 00:00:00-04:00,179.85331895725827,182.1308330337081,175.6961326534518,176.78018188476562,17323400,187.42343712906143,177.44042605649668,35.9670253151327,-3.4292232380150267,189.43533885647116,176.8936121526434,4.862577171314604,38786100,55.098303529919654,24.11085725692924
2019-08-26 00:00:00-04:00,178.42114682791163,179.51515104855952,177.26748758449543,179.37591552734375,8773600,187.10784804664112,177.45968465819666,40.36895120771013,-3.4708928067915394,189.51947151598824,176.6278083505482,4.710605170777411,47559700,52.66897995864852,24.788002881794146
2019-08-27 00:00:00-04:00,180.9373585917891,183.0358467599519,180.02238005444096,180.31080627441406,14399600,186.84129738890672,177.48805402751225,41.917655862738286,-3.389407391601793,189.44517205578455,176.2764425275488,4.6355570323367505,61959300,61.33391872181503,24.36906704105086
2019-08-28 00:00:00-04:00,179.54499537464062,180.95724578398654,177.943779210605,180.76828002929688,9386100,186.6031398453926,177.5206930922066,42.70185564768725,-3.2504461839656074,189.26048091947533,176.0115995655507,4.519693428125665,71345400,54.486292232922374,24.35796177366135
2019-08-29 00:00:00-04:00,182.76732840265169,185.0647222786124,182.46896221117504,184.55751037597656,10128700,186.5229190818861,177.5907111746322,48.860796699319536,-2.8022565356954203,188.10039224462193,176.56302938623745,4.503746915353513,81474100,54.172482420111386,23.265790971458664
2019-08-30 00:00:00-04:00,185.7608961674563,185.78079129329316,182.45901852866373,184.65695190429688,10774500,186.44974389845123,177.6610220276637,49.015679642052135,-2.4112435949260203,187.5956658506122,176.77867293519512,4.419320190301792,92248600,60.73317012231093,22.077278515806448
2019-09-03 00:00:00-04:00,182.99606788559063,184.65695428935763,181.1163806213959,181.3948516845703,9779400,186.2515128312402,177.6981745615633,44.27813666679989,-2.3376403842737545,187.28163260823544,176.69754219645205,4.356552581563216,82469200,53.743426539776905,21.262031098029855
2019-09-04 00:00:00-04:00,183.6425074650922,186.72559932983307,182.88665963672298,186.11892700195312,11308000,186.24631338695443,177.78196314305973,51.57727444513522,-1.8764849616150912,186.86797118125128,176.9374894307279,4.42613794325604,93777200,63.59483079553242,19.975892948045715
2019-09-05 00:00:00-04:00,187.50134964283936,190.31591054163638,186.9145724171718,189.85841369628906,13876700,186.38796437947735,177.90212683015653,56.44134891473724,-1.1954897806492966,188.6981458204796,176.59117099267147,4.40976977157227,107653900,63.95466981581487,19.136628370309932
2019-09-06 00:00:00-04:00,189.17218615376154,189.17218615376154,185.33324641220787,186.46702575683594,15226800,186.39106482564827,177.98734970504887,51.39875763073801,-0.9188608017789193,189.28017992604106,176.65890902252664,4.418012451037193,92427100,54.89149919003592,17.96999340157176
2019-09-09 00:00:00-04:00,186.70572352825727,187.94890341278165,184.8359913012969,187.7301025390625,14722400,186.44357610852725,178.08429251931767,53.08007858016217,-0.5908990858278855,190.04281485933956,176.56726204495732,4.324790998212019,107149500,47.222812588733035,16.76417719353757
2019-09-10 00:00:00-04:00,186.41729547773446,187.0736980390516,183.54306445376199,185.1542205810547,15455900,186.39301314666557,178.15464006222052,49.3319664951321,-0.5326985917947695,190.04281485933956,176.56726204495732,4.314951504432626,91693600,45.6859256522859,15.811253390259763
2019-09-11 00:00:00-04:00,185.4426555394725,188.40639200473578,185.06472401502043,187.46157836914062,11761700,186.43491766519398,178.24724641353316,52.5632120028757,-0.29696654537681866,190.65476354819538,176.57591068683064,4.245431253381392,103455300,46.81006047174201,14.786082837602354
2019-09-12 00:00:00-04:00,188.82408738229807,189.8882413621335,186.20843231955928,186.44712829589844,11419800,186.4353965134569,178.3288372780343,51.022580599502355,-0.18981675365131423,191.02494579616743,176.72554045057737,4.205029666895165,92035500,53.214075203687926,14.210718570743184
2019-09-13 00:00:00-04:00,186.30790618997364,186.9444136638581,185.5222080293057,186.16867065429688,11441100,186.4249366758428,178.40684557033543,50.584306509671364,-0.1259174779411012,191.28218750425648,177.15122110576957,4.006256521727827,80594400,54.84835679064348,13.478326027288617
2019-09-16 00:00:00-04:00,185.91008189632586,186.76539024793243,184.7564225184319,185.20396423339844,8444800,186.37705540359005,178.47447859185846,49.01351012208603,-0.151375623391516,190.62399683895987,178.93258275088388,3.8635930365687345,72149600,49.815687604502,12.573355107814265
2019-09-17 00:00:00-04:00,185.6415520944215,187.29249846895522,184.52765270259187,187.05380249023438,9671100,186.4035945050271,178.55984499880748,52.08599556142003,-0.022030940525070264,190.4595048990675,180.12079295249498,3.7851110886969215,81820700,48.48179047086637,11.888595767731234
2019-09-18 00:00:00-04:00,187.06374938657584,188.04835326275372,184.99509635439088,187.1134796142578,9681900,186.43143313676163,178.64495579100102,52.186098703961875,0.08431911936955316,190.23525247891814,181.25206848462352,3.7328357901016296,91502600,54.2268130697653,11.480009933022089
2019-09-19 00:00:00-04:00,187.6306489113942,190.05733836617867,187.12342182871717,189.10256958007812,10392700,186.53618358551915,178.7490116495988,55.52163222036207,0.3253547576502456,190.21680153706555,182.38175803324694,3.6764802873744316,101895300,54.37323292538602,11.67578463336089
2019-09-20 00:00:00-04:00,189.61973521661565,192.04642465320723,187.09358532421564,188.89370727539062,19934200,186.6286354949259,178.84995389463157,55.0870708367018,0.4938312162409204,190.58819120695773,182.58852794994328,3.7676487903470854,81961100,56.89630646789511,12.371227874719665
2019-09-23 00:00:00-04:00,188.3069292776827,189.06279231747328,184.19947348867618,185.80068969726562,13327600,186.59616703227258,178.91911544490654,48.97397421747599,0.3734642904858845,190.55640622849586,182.77281130080104,3.8459109359506582,68633500,55.6911210091461,12.010076741572556
2019-09-24 00:00:00-04:00,186.95436542935977,187.01403563762207,179.40578057345735,180.29092407226562,18546600,186.3489026024684,178.93276528199468,40.378053856185396,-0.1646217472479634,190.89821999383122,182.28380718715835,4.114649802251663,50086900,47.504972457556896,11.944891482897333
2019-09-25 00:00:00-04:00,180.45997208505403,182.41922461343523,176.89950340849157,181.8026123046875,18068300,186.1706167084378,178.96132097376275,43.317656460301606,-0.46373258166391906,191.2302998822591,181.37621867242842,4.215012045301092,68155200,39.139494632086695,12.443776736576288
2019-09-26 00:00:00-04:00,180.34064886030768,180.41025904266695,176.70061451082992,179.12730407714844,16083300,185.89440836995584,178.96297254693076,39.59683191263783,-0.9062088765608678,191.29660735174977,179.87909658705232,4.278368170197984,52071900,39.10867679373259,12.950297873056497
2019-09-27 00:00:00-04:00,179.5052156381419,179.773731537328,174.7015672707594,176.1337127685547,14656200,185.51163599343033,178.93482070833997,35.88265817829344,-1.481356176364386,192.26919991116927,177.52872896252865,4.335067891367314,37415700,39.28658117598223,13.85072339874643
2019-09-30 00:00:00-04:00,176.8995070373814,177.69514514031786,175.8850832522836,177.10836791992188,10740000,185.182096068979,178.9166470487537,37.92424084814398,-1.8373383373394176,192.33714489896346,176.04455269218238,4.1547103197006665,48155700,46.012741351363346,14.68683281545851
2019-10-01 00:00:00-04:00,178.1725266379785,178.8587643301928,173.92583527765433,174.8507537841797,17073000,184.77694539114373,178.87619039935495,35.13363819601385,-2.2753979861130915,192.8575939622404,174.15030805598877,4.210297372046224,31082700,38.60454346826707,15.880049630765953
2019-10-02 00:00:00-04:00,173.88603492642616,175.5668163820846,172.14558327065535,173.64735412597656,16151700,184.3404908317254,178.8241621777293,33.70973238354807,-2.688674344796823,192.87030737555335,172.2956980769206,4.153935639145011,14931000,31.818597986583256,17.337164971461327
2019-10-03 00:00:00-04:00,174.61206610128102,178.8587572945562,172.68264865864276,178.40127563476562,16086300,184.10758043184464,178.81995435143116,43.45854886687909,-2.602595994405789,192.3110761297796,171.78214896787668,4.298376567485613,31017300,39.072609688263015,17.480776003263102
2019-10-04 00:00:00-04:00,178.5703554273123,179.99254588140604,177.12826984660927,179.46543884277344,10430200,183.92553566364577,178.8263770826883,45.39443558166479,-2.420605965461732,191.68962752030782,171.50983333581198,4.1959408151506965,41447500,43.883805460222476,17.238585404676257
2019-10-07 00:00:00-04:00,179.0178920518758,180.19144650440364,177.1183096663081,178.6996307373047,9178300,183.72059821555396,178.8251159250228,44.221056068317644,-2.311526037061867,191.15773456607883,171.17448182389512,4.1157405310753274,32269200,39.10169765658214,16.94643000042562
2019-10-08 00:00:00-04:00,177.2873938210733,179.38588210053837,176.7503467811908,176.78018188476562,9466900,183.4484250261113,178.80476832263219,41.33692299201353,-2.352840804619973,190.16840354743124,170.79399676181356,4.010011587380487,22802300,34.22570529695737,16.775507841714713
2019-10-09 00:00:00-04:00,178.18246050985542,179.73394631973426,176.96911593022543,178.8686981201172,7556900,183.2688278925429,178.80540444002008,45.501908316251665,-2.191791640147443,188.96464913083676,170.8984469791893,3.9345653622082115,30359200,33.08903581945903,16.48413015349206
2019-10-10 00:00:00-04:00,179.3361709925966,180.61912600116233,178.19243635342067,179.04774475097656,8605000,183.1032952203246,178.80781578639778,45.8568078872024,-2.0263529152055924,186.84932123426847,171.67313156521067,3.8268599540320287,38964200,28.59402756284419,15.871315752829636
2019-10-11 00:00:00-04:00,181.15616528103897,185.47249733964193,181.14622530523363,183.18504333496094,14930500,183.10650102874172,178.85137028936856,53.407332819534076,-1.5436024269679933,184.9108173804397,172.85048022698214,4.012423713648696,53894700,36.5529486514934,15.719692180466637
2019-10-14 00:00:00-04:00,183.19496198073895,183.61266854896184,181.573865932155,182.2799835205078,7006000,183.07408857743843,178.88548584390728,51.70853905660421,-1.2199867028411404,183.7892971601838,173.5025729570037,3.8714507781599914,46888700,39.00140810364968,15.578898863272425
2019-10-15 00:00:00-04:00,182.7971507749052,189.34125070330262,182.65791525198327,187.859375,15039100,183.26174686851928,178.97477827332116,60.12828393006723,-0.5074589752854877,186.03169747347616,172.26929943407592,4.099294807062479,61927800,48.64948855048649,16.775824067783116
2019-10-16 00:00:00-04:00,187.29250814057636,188.6649683563746,185.88024249630107,188.5157928466797,10516900,183.46778788727067,179.0697137417128,60.9900360600067,0.10893606940388167,187.84807740910202,171.34801023738237,4.005397025134697,72444700,56.685378494962926,17.88725461482876
2019-10-17 00:00:00-04:00,189.2617214910131,189.79876856031498,187.74007042319826,189.35122680664062,9603000,183.69851098214792,179.17201735429916,62.11239311401845,0.6572695277824323,189.84584115719687,170.71343618655314,3.8663471045619846,82047700,64.39881155201196,19.147105906280846
2019-10-18 00:00:00-04:00,189.19207508325007,190.44521006478675,182.91650572671998,184.8359832763672,16874200,183.74311773878398,179.2283752241705,53.20304869612229,0.719194895575356,190.40538312892326,171.31419694920172,4.127944049812327,65173500,55.54605599571061,18.597747192079403
2019-10-21 00:00:00-04:00,186.0194943838272,188.87384584971278,185.7310833145507,188.7246551513672,8122600,183.93847214712056,179.3228655717048,58.69777134527198,1.0697234114179253,191.7070222730724,171.56139610257864,4.121509658636131,73296100,63.63486978869276,18.087628386035206
2019-10-22 00:00:00-04:00,188.96333287977055,189.60978031677683,180.50971009304396,181.34512329101562,19537600,183.8367721919792,179.3429875390611,47.33840655253586,0.7434828305666201,191.47266026428593,172.6616740456099,4.477121127571612,53758500,61.95894740137535,17.428770848623646
2019-10-23 00:00:00-04:00,181.01692729632595,185.36309439915848,181.0069873206549,185.13433837890625,12300400,183.88765714048614,179.4006129205521,52.42912103179558,0.7816820653374634,191.1828953623958,174.48303684789067,4.468477266923896,66058900,61.20303143834315,16.81697456388434
2019-10-24 00:00:00-04:00,183.61269115679667,185.71117940647522,181.80262913829512,185.36309814453125,11413500,183.94551757201734,179.459941131736,52.72623291575235,0.8209508252751618,191.3797521986987,175.21442301288985,4.42848248129934,77472400,61.51643521560706,16.140794500702953
2019-10-25 00:00:00-04:00,184.816079806316,187.96878189319597,184.0801119166635,186.86483764648438,8061200,184.06000071219253,179.53362169407183,54.72532955950909,0.9621582661197579,191.7800864952455,175.8006752235045,4.389924445244563,85533600,66.93083272748459,15.141406504686055
2019-10-28 00:00:00-04:00,186.1786141318529,188.49590322855295,184.07018593036426,188.36660766601562,13657900,184.2288872594013,179.62151210175287,56.69739408272855,1.1816254277000269,192.23533863915992,176.63435333675153,4.392481077597714,99191500,73.45890166852253,14.36554111733904
2019-10-29 00:00:00-04:00,190.6441189013878,191.4795321189681,187.44168639179472,188.277099609375,13574900,184.38764068489047,179.70763735058495,56.53932032140702,1.3329665733918432,192.04305958097572,178.359554758217,4.367149981138834,85616600,74.48811210805786,14.446014740292895
2019-10-30 00:00:00-04:00,188.5257505495868,189.4108940665901,184.96528135323192,187.222900390625,28734600,184.4988273400173,179.78241608730178,54.60824096299252,1.3522525296501726,191.75531917266423,179.7611888025962,4.372754462011644,56882000,61.99843055670929,13.738841470430255
2019-10-31 00:00:00-04:00,195.62677385949485,197.00918921527722,187.22288129338483,190.6043243408203,42286500,184.73825859495076,179.89009676644127,59.398443130498805,1.621695545199799,191.80550463988249,181.25188061402378,4.759436852003126,99168500,67.02149514014042,14.70827675477052
2019-11-01 00:00:00-04:00,191.7977803060133,193.05090004653945,188.87381906925137,192.56356811523438,21711800,185.04513347809916,180.0162009589666,61.90684604278765,1.9706097126611724,192.89950547339265,181.40834975121675,4.7178400038091945,120880300,62.58315297005399,15.608466661657909
2019-11-04 00:00:00-05:00,193.48852212857585,196.29312808383324,192.75255416664655,193.6575927734375,16371300,185.38287697987712,180.15193620090164,63.27137452014406,2.308791044943007,193.883611745166,181.94125804650068,4.647248572722743,137251600,62.90166318818862,16.992463153760642
2019-11-05 00:00:00-05:00,194.30403985430888,194.6819713982522,192.5437080508101,193.25978088378906,9942000,185.6917751721874,180.28236251615428,62.39613147595583,2.5157026383548953,194.81163774660027,181.73328616290493,4.468035342345554,127309600,58.4671876002195,18.20750924964188
2019-11-06 00:00:00-05:00,192.97134738009737,193.30948865639394,190.30597707206292,190.5048828125,10973000,185.88052449141534,180.38407913601844,56.56099645161382,2.4293799364710083,195.0385949749307,181.7715409300172,4.363426502487373,116336600,53.9727197585198,18.594982251375367
2019-11-07 00:00:00-05:00,190.86290293628295,192.384553725367,188.43621365353783,189.3810272216797,13473000,186.01779910828844,180.47360100751757,54.32889575848602,2.2444106506963237,195.04173170109075,181.772377592529,4.333777471726072,102863600,54.69091823306454,18.379824290694142
2019-11-08 00:00:00-05:00,188.9633386077594,191.29056766216857,188.66497240642954,189.7987518310547,10760800,186.16607176408323,180.56638857790105,55.039120444637774,2.107237126114171,195.11731768027803,182.3584940873001,4.211764456298426,113624400,50.58246709969527,18.180034755775864
2019-11-11 00:00:00-05:00,188.8937008437023,189.04289152233517,187.51128553803025,188.57545471191406,8631200,186.26055736988053,180.64608077823948,52.466007536582644,1.8781659377937103,195.10788785010925,182.3480305255418,4.0743145874931415,104993200,52.9462420779084,17.62698927536274
2019-11-12 00:00:00-05:00,188.96332351127745,193.9957127514397,188.7047475844017,193.408935546875,17615500,186.5408859258411,180.7730743580269,60.35298477296655,2.0628674273652337,194.95662702027272,184.10779965615956,4.170453405495462,122608700,54.16838957772703,18.20536945098507
2019-11-13 00:00:00-05:00,193.63768101578995,194.63222484758705,191.68838360376697,192.13592529296875,10860700,186.76029923435593,180.8861375514094,57.64036095664325,2.082517435380396,195.0192342142307,184.9787373840766,4.082838251090078,111748000,54.158545871192686,18.8648731402492
2019-11-14 00:00:00-05:00,191.8773447607842,192.9713491062772,190.4054240577408,192.0961456298828,9040500,186.96954811261188,180.99767992034947,57.55330970838499,2.071007041922428,194.90192391933923,185.9937873436816,3.97448730805053,102707500,50.40855387384877,19.043032113943696
2019-11-15 00:00:00-05:00,193.20009404506902,194.23442820736878,192.32490572566428,194.0355224609375,11524300,187.24664514587957,181.12740969687275,60.671758554540304,2.19309583081386,195.2771658332381,186.5746367383765,3.843329827295918,114231800,50.03627934994763,19.4788920565903
2019-11-18 00:00:00-05:00,193.49846638407698,197.54626750090785,191.99671049906704,196.32296752929688,16167200,187.60257935699397,181.27860927729486,64.02856082061192,2.446231145731133,196.33782048230853,186.57483007107686,3.9652031969062675,130399000,50.712098436171125,20.523484695897228
2019-11-19 00:00:00-05:00,196.3229605193776,198.9087807392015,195.78591348861744,198.2324981689453,19056800,188.01943891824695,181.44730468915208,66.59205116092599,2.769006487410536,197.74283976155627,186.49719726643852,3.9050363435975375,149455800,61.61157192412848,21.730465362191985
2019-11-20 00:00:00-05:00,197.4965116906834,198.50099547599706,194.36368958259672,196.43234252929688,12355400,188.34935670691556,181.59640954328287,62.099142572338316,2.846735362345129,198.0886195111843,187.37934313530005,3.921627025726309,137100400,48.95270665382783,22.32540749689507
2019-11-21 00:00:00-05:00,196.34285521210217,198.00374170653475,195.78591305535062,196.85006713867188,12131000,188.68271790031778,181.7481872307992,62.72757349532637,2.9085153857643036,198.74385244607527,187.55687590678934,3.7999271418304397,149231400,58.35487643352669,22.87785376483365
2019-11-22 00:00:00-05:00,197.29761251420726,198.21259102909121,196.54174948086438,197.73521423339844,9959800,189.03771775651703,181.90726212634746,64.08644074135597,2.9943830881846907,199.5221934891353,187.46808767948448,3.647849599430182,159191200,56.84270107124377,23.436004997338472
2019-11-25 00:00:00-05:00,198.4313742492494,199.8734596589109,198.16284318624668,198.69989013671875,15272300,189.41662647730925,182.0743529523213,65.56011572926926,3.1044885329306453,200.39560468717693,187.266982796547,3.54002072986463,174463500,63.80924494375627,24.310051259318616
2019-11-26 00:00:00-05:00,198.9087630710466,199.05793857313617,196.95945051571525,197.88438415527344,11735500,189.74869540585686,182.2316666956343,63.199175040114596,3.0903200876114454,200.995513619558,187.2836876336972,3.437054110404365,162728000,63.39907618459512,24.60711052562768
2019-11-27 00:00:00-05:00,198.80932461131263,202.0316523927054,198.33194777628495,200.8978729248047,12736600,190.18591805365875,182.41740009094943,67.81199529002973,3.2843943973938963,202.16323116773825,187.50170210049092,3.487783690906337,175464600,70.76373233507803,25.51552483913381
2019-11-29 00:00:00-05:00,200.50006561763144,202.68805926409323,200.11219408564747,200.5398406982422,7985200,190.59195423579928,182.5977228830618,66.74160333048891,3.3704569479832003,202.80743282206737,188.34534224303678,3.4226466543020098,167479400,76.34995354819311,26.48704135408324
2019-12-02 00:00:00-05:00,201.0271775958289,201.07689265392023,196.9694363754779,198.6104278564453,11503400,190.906404181707,182.75705328080693,61.140742844933605,3.2455618313160244,202.8317260350535,189.49593916676943,3.4715616274548897,155976000,74.90411446337365,26.112546841159677
2019-12-03 00:00:00-05:00,196.52186953038094,197.84459948766153,194.01561479580803,197.73521423339844,11595300,191.17420065432233,182.9060897081959,58.73297981280908,3.040905461361433,202.09163432666878,191.45733214468538,3.5517938726822034,144380700,67.3537106757563,24.768233335588803
2019-12-04 00:00:00-05:00,198.90876356357023,198.93859866406203,196.96940615393228,197.6258087158203,8456300,191.42720489202816,183.0525545739434,58.42325314056999,2.8371804526003643,202.0684645139519,192.04275171326165,3.4387509182141707,135924400,66.94246891326027,23.81053924482228
2019-12-05 00:00:00-05:00,198.7695497953765,200.19174032628658,197.12855838655162,198.27227783203125,9740400,191.69563912496946,183.20399460636222,59.77316579078438,2.6968044868858954,201.75420235641792,193.1751942093373,3.4119245626085126,145664800,72.29538617631442,23.246394506744988
2019-12-06 00:00:00-05:00,199.4060465407859,200.47021576917564,198.96844480857087,199.9530487060547,12270600,192.01945910854144,183.37065186108552,63.12535429917637,2.690169090742387,201.34525830768726,194.6317253348909,3.3252112322182183,157935400,72.47651751145754,22.795465477645738
2019-12-09 00:00:00-05:00,199.5552021871758,202.03162164768113,199.11761567405466,200.24143981933594,11954800,192.34188972465103,183.53852039798355,63.68454775157741,2.6773187798291076,201.1896582256643,195.6147810647003,3.295839428033094,169890200,71.84373067038031,22.78200098118973
2019-12-10 00:00:00-05:00,200.55973078881172,200.94760231105343,199.0579597554755,199.77403259277344,9475700,192.63334630771465,183.70006778300635,62.042367534273794,2.599454070529333,201.26041511611606,196.00416618271208,3.195396794286296,160414500,64.086944568146,22.74495561116441
2019-12-11 00:00:00-05:00,199.18725564624506,201.52443993506176,199.18725564624506,201.1564483642578,8036800,192.96758560404967,183.87376311217304,64.92330207290837,2.619103729395448,201.72747195219642,195.92696937267334,3.1340959010384677,168451300,71.10731412238445,22.867999580966245
2019-12-12 00:00:00-05:00,201.24596562042473,202.54881571030677,193.0409783889484,195.676513671875,23734800,193.07381807729774,183.99120341624968,49.03543237728059,2.1675056378965394,201.86212595988067,195.69153818399954,3.5893631453470327,144716500,58.82224823527428,21.66942917234034
2019-12-13 00:00:00-05:00,195.32840201226713,195.72622864932404,192.11602969264686,193.0509033203125,18798000,193.07291945937678,184.0813496839518,43.53785136555264,1.57953815197763,202.64853489834928,194.39857406974966,3.5908514175849007,125918500,50.235144606587276,20.81314016822001
2019-12-16 00:00:00-05:00,194.20456820218735,198.03355265050666,193.7470713860761,196.84010314941406,14911500,193.22065215310374,184.20830245475244,51.91626406181628,1.4031517815481322,202.65807007338688,194.26969075018084,3.690265554199848,140830000,50.07227473573663,19.365203918047914
2019-12-17 00:00:00-05:00,197.755097855085,197.91422851511498,195.05989248767625,197.30755615234375,10175700,193.38092289817197,184.3386432875643,52.845870678568595,1.2862566963279676,202.60171598463222,194.14040030768547,3.63055630228834,151005700,56.446485646851656,18.020691685745255
2019-12-18 00:00:00-05:00,198.9982720612077,203.185308278705,198.9982720612077,201.39512634277344,23274400,193.69520538619557,184.50835953686988,60.108492129797774,1.5060880071860367,203.08337205260196,194.1268431980491,3.79107028972212,174280100,59.01888487798478,18.17918047586701
2019-12-19 00:00:00-05:00,201.6735969100577,205.17439544561054,201.4050658264396,204.93569946289062,16514600,194.13600907547772,184.71161665056164,65.11974539440695,1.9435960009766404,204.2641230253351,193.48446909706075,3.790227347801762,190794700,60.92624759989764,18.750725522240124
2019-12-20 00:00:00-05:00,206.34794712124568,206.57670312578344,202.32004162300936,205.1743927001953,27306900,194.56888686468233,184.9152263624983,65.43499442586486,2.2832647329796316,205.38914772129212,192.9773846680308,3.8235440731569272,218101600,69.62642717832478,19.563684019416947
2019-12-23 00:00:00-05:00,205.57222078731368,207.45190814847984,204.55778176168153,205.0550537109375,13348900,194.98010909394725,185.11562265452258,65.11810859827997,2.5138469286196994,206.45989237227465,192.7659234643139,3.757157095559884,204752700,75.44648143930655,20.49188452908508
2019-12-24 00:00:00-05:00,205.17439357620475,205.66171033679117,203.88148357210403,204.00082397460938,6046300,195.33386261867912,185.3035351054687,62.25016350126575,2.5817565681335566,207.12832130771628,192.93290916103373,3.615947786211831,198706400,72.18144501216042,21.087837965468193
2019-12-26 00:00:00-05:00,204.4483918161813,206.68611553655307,204.18980069615134,206.65626525878906,9350700,195.77787840848737,185.5160000821187,66.27880097472294,2.8173704728367,208.3197760810014,192.94551526014442,3.54947234162125,208057100,72.17537104858533,21.863920550708002
2019-12-27 00:00:00-05:00,207.53146646228615,207.79004240396088,205.4628134022831,206.96458435058594,10284200,196.2165727591579,185.7294188310587,66.72285677532338,2.9944567305926455,209.39471482407563,193.02955071954418,3.4621692459110025,218341300,71.9535097730949,22.819734499227813
2019-12-30 00:00:00-05:00,206.72588143573913,206.76565651176645,202.78748118551383,203.29470825195312,10524300,196.49414670005186,185.90419783027158,57.086675552611446,2.8063210132102654,209.65013684718645,193.21968330255316,3.5132359544225102,207817000,66.48427999475038,22.624184090971053
2019-12-31 00:00:00-05:00,202.88696229588535,204.4384484030034,202.4891507929706,204.13014221191406,8953500,196.79359750443862,186.08555051068595,58.55410508278793,2.693584672885237,209.9874326868128,193.40088111527055,3.401526072680388,216770500,66.60039979407154,22.32865080998796
2020-01-02 00:00:00-05:00,205.62195489761453,208.6453617289096,205.14457806647022,208.6354217529297,12077100,197.25798276908534,186.309927338967,65.42115070111628,2.9339578776360042,211.18702708534164,193.38280527142922,3.481075604417184,228847600,67.32115872729733,23.031697090436946
2020-01-03 00:00:00-05:00,206.0794532505236,209.2520356218842,205.82086211783866,207.53147888183594,11188400,197.66086496958536,186.52108705581148,62.680640782913954,3.0007852263690324,211.95793781210241,193.4618986136788,3.477511168676353,217659200,77.33118950947606,23.807633994657177
2020-01-06 00:00:00-05:00,205.5722150171452,211.61904357143484,205.39320440469473,211.44003295898438,17058900,198.2012244985814,186.7690367662908,67.82045384057115,3.330739340774329,213.15446587281681,194.367173124579,3.6738203113951933,234718100,86.63176654269944,24.983640743445527
2020-01-07 00:00:00-05:00,211.65884114779743,213.40923295741652,210.5946718851831,211.89752197265625,14912400,198.7383342034471,187.0190714449611,68.3695740321005,3.5877881056779586,213.323502160688,196.71101932368697,3.612444651455067,249630500,86.71195610647418,26.38643371428486
2020-01-08 00:00:00-05:00,211.83784200935605,215.06016957635293,211.4499705112899,214.0457305908203,13475000,199.3386242578539,187.28799342651195,70.88219298073119,3.9196601832687747,214.3884614792532,197.94014366397593,3.6122842524270644,263105500,87.00201429417805,27.955893824153783
2020-01-09 00:00:00-05:00,216.3530542267213,217.18848256236748,215.0999344865534,217.10891723632812,12642800,200.03549849230387,187.58471903655987,74.04793291042367,4.37936219659818,215.95144318885238,199.01734343224135,3.5787462323642147,275748300,86.33883161553476,29.729159885337506
2020-01-10 00:00:00-05:00,218.00400335222818,218.6803010443427,216.23371655819858,216.87022399902344,12119400,200.69568380629286,187.87611709588788,73.37845466368793,4.670579274189805,217.5181462991651,199.51398667609533,3.4978775362056376,263628900,86.07104185725343,31.580567818514492
2020-01-13 00:00:00-05:00,218.40185519530436,220.7589194758653,218.01398366590146,220.69924926757812,14463400,201.48013735379425,188.20271542595444,76.97478821868894,5.150964136755249,220.1868926110242,198.94704700486122,3.5257931033939394,278092300,85.11178502992746,33.5642798514888
2020-01-14 00:00:00-05:00,220.40088193827663,221.16668501701506,217.4371452625265,217.8647918701172,13288900,202.12267282502262,188.49786046519984,69.49099750498593,5.2425230356998895,221.50963919336746,199.3163536451742,3.5403464356149823,264803400,76.90938842270609,35.12914716103593
2020-01-15 00:00:00-05:00,219.40631239028434,220.47046638472378,218.93887558158073,219.943359375,10036500,202.8215232779629,188.81075100161576,71.66646582660596,5.420325016337216,223.05716951036757,199.75393075004908,3.4735841555429543,274839900,80.95173809014207,36.58223823418684
2020-01-16 00:00:00-05:00,221.3556356870297,221.41530589094376,219.18752216643014,220.55999755859375,10015300,203.5171497203406,189.1266639026802,72.29755939069715,5.547048987136435,224.2828480120395,200.73614205957512,3.38459841046943,284855200,81.09951348220642,38.072149042821415
2020-01-17 00:00:00-05:00,220.81857808100168,221.07715402850437,219.32676225006637,220.927978515625,15905900,204.19992732015567,189.4430948938538,72.68850655279206,5.612474522230798,225.49230360425216,201.4295815682739,3.267869365324328,300761100,81.78982789470338,39.45563765083923
2020-01-21 00:00:00-05:00,220.94785375429515,221.1566994535274,217.924432110781,220.23178100585938,14275800,204.82862746469308,189.74944997954543,70.65686902832259,5.544236897696862,226.28675891866095,202.40408580790154,3.2653263637116194,286485300,79.707013982635,39.945025615010024
2020-01-22 00:00:00-05:00,221.0970459974021,221.53464772964506,220.07266702216754,220.11245727539062,12212800,205.42799333962242,190.05156945512599,70.29422613244039,5.418073482338599,226.13766088362127,204.79555037939957,3.136515959694898,274272500,84.7522010282144,40.47659420512129
2020-01-23 00:00:00-05:00,219.54554744482977,220.28151533207273,218.07362684587812,218.56094360351562,11195000,205.94301099703,190.3352448197866,65.58102014102604,5.133715602095407,225.28595960088887,207.5713585143455,3.0701854258734484,263077500,78.53978878548165,39.8880791372326
2020-01-24 00:00:00-05:00,219.5952809741496,220.56992967962069,214.9308679775219,216.75088500976562,11905800,206.3668491936079,190.59808701073166,60.48570311530437,4.708032069046226,224.78715268487605,209.15222719793644,3.2536765884609724,251171700,72.18915559484296,37.941483316988084
2020-01-27 00:00:00-05:00,211.93731528386155,214.8811567868397,211.34058286203674,213.69764709472656,13810700,206.65433146424002,190.82793337972666,53.004695710022425,4.077303403844525,223.6686264947509,211.09290914978035,3.4077212712658236,237361000,64.23522137616956,35.56972687271142
2020-01-28 00:00:00-05:00,214.96072367928386,217.54654395854976,212.3550234478727,216.60171508789062,13413800,207.0444249396773,191.08438891911138,58.28901028171516,3.768341316273961,223.18510633369092,212.26465359469447,3.535135502652341,250774800,63.98714473426687,33.51193502854556
2020-01-29 00:00:00-05:00,220.23178193868182,222.97671736895614,217.25809050756737,222.0120086669922,33181300,207.63138900741515,191.39212642904056,65.96679285296895,3.9149233130484618,223.28190924158082,213.51644891271604,3.737983129681854,283956100,67.6769214454255,32.893822359736056
2020-01-30 00:00:00-05:00,205.40313307874047,210.27639170631707,203.63284630052468,208.3867645263672,48775500,207.66101157678582,191.56122730563087,44.00069227256755,2.8982381846248018,224.7264396507513,211.3173896949518,4.7837816465951155,235180600,52.45367948706888,31.837009610677736
2020-01-31 00:00:00-05:00,207.29278024653664,207.55137137594045,199.96299647294293,200.80836486816406,31359900,207.39228033331048,191.65323862466104,36.68389622998933,1.4641169496256907,227.84482556302623,206.02559680025502,5.0437806756543395,203820700,44.03878579495201,31.386514028048527
2020-02-03 00:00:00-05:00,202.33000458325222,204.0207261041017,201.39513093010834,203.07591247558594,15495600,207.2230110055566,191.7668970709389,39.9040051457974,0.5047195866186769,228.93290927086142,203.09827155596147,4.912965001388861,219316300,44.00137367751517,30.968196701321403
2020-02-04 00:00:00-05:00,205.49265752288923,209.45095320519724,204.0804069938506,208.68515014648438,19628900,207.28034979539692,191.93523789756128,47.07456298757811,0.1947637507547597,228.35887958993672,202.07042135407372,5.017398981976178,238945200,50.398096292792296,29.371667798632313
2020-02-05 00:00:00-05:00,211.35050694482248,211.56930780466905,207.57125247591208,208.96360778808594,12538200,207.34635991275726,192.1046744138849,47.41003038248693,-0.028085525315759696,228.03427225860455,201.20820414113504,4.944588721031949,251483400,50.76902224987644,27.47355118360618
2020-02-06 00:00:00-05:00,209.32165342713526,210.0377262408998,208.19781397695627,209.6995849609375,10567500,207.43864324798002,192.2797481506715,48.34202441865993,-0.14365204377244822,227.24057631399015,200.63606349720774,4.722826116954204,262050900,46.82797204742589,25.7110143267962
2020-02-07 00:00:00-05:00,209.15258587959462,211.6588407648269,208.7845943160437,211.1715087890625,12242500,207.58503013194405,192.46772586846643,50.24128706375828,-0.11514012700035892,226.1861145199792,200.43872678861456,4.590784712084846,274293400,45.93224117101765,24.00792743099724
2020-02-10 00:00:00-05:00,210.3659310361815,212.6334899255541,209.51062267085427,211.89752197265625,11856400,207.7541474590308,192.66105717298572,51.194436143858916,-0.03357401087228595,224.93128580558448,200.48949463061342,4.485933465128773,286149800,51.0617951815315,22.62659935570635
2020-02-11 00:00:00-05:00,209.04318678244726,209.70952938080075,205.3832573039188,206.05955505371094,25030800,207.6876928549006,192.79437555985862,43.91056109109287,-0.4349930870881167,223.70247302120848,199.8286772880363,4.630814265386535,261119000,44.10563669512429,21.53814551626643
2020-02-12 00:00:00-05:00,206.7159505024754,210.0675585052732,206.268393618268,209.6100616455078,13813700,207.76307986629695,192.96169581941734,48.691794301211466,-0.4613067310786789,222.1644626498207,199.96636824210637,4.586327778684803,274932700,48.79376832561824,20.44577057994692
2020-02-13 00:00:00-05:00,208.37682232127165,213.16057559635013,208.03866589408696,211.97706604003906,15396600,207.92833422605156,193.15090348330415,51.65077269477718,-0.2878449137744781,221.00231497142192,200.25066557870827,4.6245836303689725,290329300,53.83283025407721,19.22325626812709
2020-02-14 00:00:00-05:00,212.83238770348734,213.75730621625965,211.48974741177932,213.0113983154297,10741700,208.12767007269386,193.34852034730542,52.928272376507195,-0.06615065985795354,220.3232301427219,200.43115218149683,4.45622471423407,301071000,58.431666424729976,18.214986292922315
2020-02-18 00:00:00-05:00,212.38483729474493,216.79065916417696,212.23564661537156,216.6116485595703,15609200,208.4603751113949,193.57999425986526,57.170300872681466,0.3954947227699961,220.87667706457114,200.26623878829344,4.463280988132022,316680200,58.76812618882454,17.8984183367574
2020-02-19 00:00:00-05:00,216.80060135154875,217.12880261590448,214.93085421238285,216.30332946777344,12135100,208.76794194889996,193.8060970977549,56.69906133035853,0.7280803830585683,220.8111977076531,200.29193339586254,4.301471517802708,304545100,55.12334681611498,17.67132019236135
2020-02-20 00:00:00-05:00,215.33865839666007,217.5763822643485,211.78812924233705,213.40924072265625,13109200,208.94995366551785,194.00115325322656,52.33807150358723,0.7494885032404568,218.4099854621565,201.5461099154477,4.4076701966747605,291435900,63.90394778594839,16.657313255587827
2020-02-21 00:00:00-05:00,212.31523161087853,213.07109470177508,207.69060845704786,209.03323364257812,14092300,208.95321954697118,194.15072619242412,46.51260483850611,0.40863688157344313,218.4266761075698,201.61561515219586,4.501310344455734,277343600,69.01911073358183,16.113381843737738
2020-02-24 00:00:00-05:00,200.69894127517364,202.53883819435336,197.08874243579442,199.6248321533203,23080100,208.5874004334947,194.20519490845294,36.981904978114656,-0.6135966944491997,218.70676520453895,201.17772169324752,5.032966120336304,254263500,59.56375153127635,17.246184757210212
2020-02-25 00:00:00-05:00,201.14649187442552,202.38967167587438,194.88086264001635,195.69639587402344,21433500,208.0818708429272,194.22003272900588,33.86190841011502,-1.7208789236478879,220.28516184633122,198.61538950458026,5.209812042873571,232830000,50.11227704699459,18.558100501490422
2020-02-26 00:00:00-05:00,196.11409872125975,200.11216913552204,194.4233772586822,196.12403869628906,16524500,207.6129362489414,194.23897806201367,34.50963009755722,-2.5346826225413395,221.3325616448038,195.89317484608162,5.2440248881568765,249354500,43.54165043962922,19.83057857478693
2020-02-27 00:00:00-05:00,190.77338874288523,194.81123392569572,188.4660399666888,188.7146759033203,21682600,206.87182800009353,194.18400988133016,29.17782722612722,-3.734453120856614,223.38906876546739,191.13681014078261,5.416451591117117,227671900,41.74817270518141,21.657467190475295
2020-02-28 00:00:00-05:00,181.70316293171288,191.68839193525,180.82797464105602,191.41986083984375,32568900,206.26586850361318,194.15650591076812,33.233766469997164,-4.416088153137622,223.9178061775636,188.17077617920722,5.805306284194036,260240800,33.667546349408966,23.993044757362387
2020-03-02 00:00:00-05:00,192.9713553524096,195.4975054044838,187.81962513723775,195.3682098388672,24949000,205.83850934028982,194.1685626662716,38.7475407221012,-4.584838891861438,223.38657261935606,186.59490321072207,5.939061568697752,285189800,36.581037778769314,25.269737787408907
2020-03-03 00:00:00-05:00,195.14940313501347,196.16384215105458,182.96624049342807,184.87576293945312,27984100,205.01644085398252,194.07609699734803,31.340510728624196,-5.501806443899028,223.69785750465005,182.68071712100098,6.457528717906948,257205700,36.526497217774875,26.870172020048756
2020-03-04 00:00:00-05:00,188.13786483926847,190.78335521458132,185.37303405396824,190.71372985839844,23062500,204.4555502267047,194.04264060790575,38.39674735929959,-5.691822903455375,223.5138748920477,180.81858970756164,6.418247543422751,280268200,38.25866527958465,28.356289521785754
2020-03-05 00:00:00-05:00,185.7608994360523,187.95884802589453,182.8866683112032,184.15968322753906,19333400,203.65963387379622,193.944302723524,34.153134846213675,-6.298662049974581,223.18282978579538,177.75625102475152,6.518877115120786,260934800,32.054994370536136,29.945714344321377
2020-03-06 00:00:00-05:00,177.35702340548096,182.77728486672916,175.29831015655276,180.10195922851562,24559600,202.73580349554993,193.80656796237966,31.809169054065904,-7.026019283779533,222.2849095952194,174.40415697379103,6.686198254825465,236375200,26.808941394139964,31.970381393587694
2020-03-09 00:00:00-04:00,168.67465577522916,174.04518690081122,164.28871342320008,168.5751953125,29949000,201.396171802097,193.5555095280525,26.289504604766705,-8.435331397197416,222.15892170800078,168.60531779395234,7.338130222717614,206426200,20.255669318549295,34.4329227071706
2020-03-10 00:00:00-04:00,173.7169747893764,177.31721871851346,168.57518483694787,177.2177734375,24517800,200.44799931721084,193.39294498983807,35.348125286268484,-8.75392774506389,218.3919365216858,167.1197862973246,7.438409055492469,230944000,22.456636648601062,36.01939574095298
2020-03-11 00:00:00-04:00,173.06057676392174,174.92038415681438,166.7452321703626,169.3111572265625,20373900,199.22694668620503,193.15332521109903,31.53048171893262,-9.534507627084622,214.45574121499914,164.79035863851647,7.655132784895677,210570100,22.211259013284845,37.598634483443846
2020-03-12 00:00:00-04:00,158.66952694139204,165.69101961455024,153.4979017026063,153.627197265625,43266300,197.4387212187313,192.76003040567144,25.619613068390507,-11.288559809288643,212.9829936718444,158.29216705406705,8.237855837685714,167303800,20.87966540325438,39.69543898860162
2020-03-13 00:00:00-04:00,162.6377507992697,169.85813351938708,156.74011318999635,169.35092163085938,35028600,196.337238881952,192.52710395020068,38.13993402716854,-11.27985846638947,208.3800859108232,157.60409988019245,8.808790153119741,202332400,29.334471882953665,40.84775002751602
2020-03-16 00:00:00-04:00,151.48891718424383,158.26175795743808,142.31922223807217,145.2133331298828,39120400,194.33237983285127,192.05632016094378,29.836944116294845,-13.070001414721418,209.34365584140588,149.38566341315143,10.110426527381703,163212000,28.645688915486446,42.54547595453085
2020-03-17 00:00:00-04:00,149.91755685335934,153.10009438113215,139.23614962600035,148.60475158691406,34255600,192.53913950948117,191.6239662447843,32.07442872218466,-14.053048674936576,208.48202207796805,143.96841127164134,10.378534972220995,197467600,27.905404484153493,44.23263685900171
2020-03-18 00:00:00-04:00,138.9875046866056,147.37150215732615,136.35196952304855,146.15817260742188,37553100,190.7202780623416,191.17157028819364,31.298995325871886,-14.858262387999844,206.5334432788618,139.25487459223194,10.512409764481317,159914500,27.40955702177665,45.9014204706533
2020-03-19 00:00:00-04:00,145.82003409743385,159.05741209816046,144.00997193759062,152.29452514648438,39862300,189.21338579113151,190.7847340181269,35.510254590208575,-14.830293300953258,204.4431336631361,136.48916410704618,10.836340507059068,199776800,36.067787694650875,45.58719174547942
2020-03-20 00:00:00-04:00,155.16874511316252,158.40101282120023,147.19249870448567,148.91305541992188,32568400,187.63298067853506,190.36810040023434,34.26383367153164,-14.909120879876667,201.2345668014675,134.0301569127252,10.862924336320175,167208400,29.152878467374393,45.295407929246544
2020-03-23 00:00:00-04:00,148.84343234855598,151.47896741205886,141.47385897026155,147.2919464111328,29830800,186.05097933471535,189.93948195258162,33.65396188792977,-14.930295104750002,195.94244827291848,132.91210698424297,10.801651772425686,137377600,29.52426880210328,45.3637044170822
2020-03-24 00:00:00-04:00,154.36316205897302,160.42987061249212,151.73756682675864,160.10166931152344,30440400,185.03335933380586,189.64258829446166,42.3812378831176,-13.75488054694435,192.3692549971919,133.18208777624562,10.968528374492374,167818000,29.962792662243857,44.16958474943887
2020-03-25 00:00:00-04:00,158.0529173059896,162.10071832827293,152.22488935134336,155.3577117919922,35184300,183.86960844981317,189.30144524468585,40.268641949032876,-13.055656287578387,186.1107823258419,134.72642470540808,10.890478417523601,132633700,29.155671930186287,42.84364568389878
2020-03-26 00:00:00-04:00,157.3865668658013,163.10519409789205,156.16328215921695,162.44879150390625,26556800,183.02957641271877,189.0342546602005,44.705551658329505,-11.793378428861729,181.38780461434888,136.5546168537501,10.665978695264764,159190500,35.17135591058114,41.477241407507904
2020-03-27 00:00:00-04:00,157.33683501550112,159.21652229669496,153.90566174672315,155.9345245361328,24879900,181.96702535873501,188.70490411170232,41.64513639251069,-11.189673443776627,176.73813966284848,137.98195717959942,10.51434662825893,134310600,35.756088815459094,40.40015866767995
2020-03-30 00:00:00-04:00,158.31148927334357,165.84019381191038,157.19760497167778,165.0445556640625,22515200,181.30339909619883,188.46947775898948,47.09919924746944,-9.862441431652599,176.0322030759552,138.2171418133677,10.470869674510263,156825800,35.192646533439756,38.49673957945122
2020-03-31 00:00:00-04:00,164.57710274487366,169.99736338584512,163.30408790288334,165.88990783691406,23676300,180.69894845857982,188.2448054214564,47.588719145143244,-8.642759295183737,172.74138515072573,139.99757765851908,10.201041517971086,180502100,40.564836515586414,36.21463880518721
2020-04-01 00:00:00-04:00,160.73818534443564,163.25438027695589,157.17771624878787,158.72921752929688,19507600,179.83739038292168,187.95111797974337,43.88430739264734,-8.159898052743898,170.59285742101153,140.7351800952645,10.094695094410737,160994500,42.82190950062966,34.70526005116326
2020-04-02 00:00:00-04:00,158.23191220826087,160.46963558230615,155.06925528166641,157.32687377929688,20886300,178.9546250259168,187.64639913197774,43.175486110342284,-7.800465548806756,170.81898169194514,141.00234602615384,9.759386894855666,140108200,35.452196689823126,33.502310715671975
2020-04-03 00:00:00-04:00,156.29255676417222,157.04841978707194,150.00704765186555,153.33876037597656,25983300,177.95008131415446,187.30502959211705,41.140351244107684,-7.748104792439335,167.93108227794673,141.75529060616785,9.585132554325355,114124900,36.4922653560072,32.84323776768805
2020-04-06 00:00:00-04:00,159.276182910185,165.2931759130184,157.64513169124413,164.646728515625,28453600,177.42838120440823,187.07957386001266,48.54620499053441,-6.716723780812657,169.00261858320567,143.27487368567455,9.754367053090817,142578500,44.21499823918801,31.16226825630357
2020-04-07 00:00:00-04:00,170.8526853615775,172.44396162948703,165.1042229864455,167.90884399414062,31411900,177.05506601969185,186.88882032900898,50.48183113595951,-5.57189213773853,170.86669734406067,143.98467391244972,9.614571771717333,173990400,52.85173458043298,29.06083837799875
2020-04-08 00:00:00-04:00,170.3156498941393,174.04518967284307,166.8248061244656,173.32911682128906,21664200,176.90895036485253,186.7538979060466,53.60490755845117,-4.179060486580397,173.41897563820655,145.05518818015284,9.443558327193058,195654600,50.99632379057777,27.27655816226248
2020-04-09 00:00:00-04:00,174.94024845951884,176.1138180355327,170.63388715728763,174.234130859375,23534300,176.8040554822848,186.6293231095623,54.1251568287959,-2.967991144468698,176.18171648618662,145.2177280938915,9.16044208083963,219188900,58.714840653934516,25.839332367321138
2020-04-13 00:00:00-04:00,172.72241951376006,174.04516458567528,168.5254434737085,173.8363037109375,19355400,176.68767305987905,186.50202938420287,53.83935626684197,-2.0170598809292812,177.77623093914568,146.94631341306788,8.91388817404155,199833500,59.78276480460961,24.244629807980914
2020-04-14 00:00:00-04:00,178.00346939533165,180.2411932510702,175.65634509962445,177.19789123535156,21011800,176.70768161577993,186.40945089515958,55.95570979252469,-0.980880998648189,179.18285753839305,149.52714612371634,8.734673985905202,220845300,59.02873728422941,23.433135549243826
2020-04-15 00:00:00-04:00,174.23415332825687,177.21778511489146,171.87708907298708,176.0044403076172,17423000,176.68010352526375,186.30591845150244,54.99175042153676,-0.2530858686045292,181.12296465919954,149.70740846905565,8.492246989905142,203422300,61.717368451652945,22.19609304454655
2020-04-16 00:00:00-04:00,176.97906676746825,177.0785272180149,171.56874604926756,175.28834533691406,23593200,176.62552477277944,186.19629085832247,54.38633310412387,0.2628837754317601,182.1935820028174,151.2942089314274,8.2792137169653,179829100,53.96210345431028,21.00768413175997
2020-04-17 00:00:00-04:00,178.22227944436574,179.29638877144487,175.6961443944934,178.26206970214844,20974800,176.68970300530373,186.11734338413171,56.52673029435961,0.9013578473258121,184.06790459775652,151.5283234295872,7.974130125362835,200803900,61.07020265071396,20.16735271074447
2020-04-20 00:00:00-04:00,176.44202861195794,179.51516547575804,175.8055211530265,177.2675018310547,16110700,176.71236178278417,186.0292852592255,55.58723873136897,1.311976189180342,184.80862131153444,153.63200368846557,7.669523996603458,184693200,55.06993669236544,19.413802291462112
2020-04-21 00:00:00-04:00,174.2938047396764,174.42310029265857,167.42150329012352,169.8680877685547,24850500,176.44395888026537,185.86847732399494,49.0548959426015,1.028467771810739,184.9705491146163,154.11321349931598,7.824986464055437,159842700,47.351354734058155,18.479761895687947
2020-04-22 00:00:00-04:00,177.4763564562063,183.77182118329475,177.16805027436033,181.28546142578125,33242000,176.63382172518757,185.822875175754,57.37793479117069,1.7054130041140638,186.90991559414056,154.22658749830737,8.259182674818623,193084700,55.62455091824141,17.837169315067516
2020-04-23 00:00:00-04:00,183.0756295109068,186.02942589139258,182.15069586043964,184.11990356445312,21426600,176.92739356202154,185.80593018459678,59.16168228694136,2.4424576387287686,188.60675122455729,155.91517667257813,8.008095659875245,214511300,61.939197304862766,17.481319130350684
2020-04-24 00:00:00-04:00,182.23028214996845,189.3711155411418,179.84338276060816,189.03297424316406,28792000,177.40212221618398,185.8380400757268,62.12084767255834,3.384005852312896,190.64900013535538,158.10040782362898,8.1166411684937,243303300,69.7012541019107,17.49978477731021
2020-04-27 00:00:00-04:00,191.60882446732373,192.6928736368815,186.3874691816792,186.4769744873047,29197800,177.75799877583577,185.84439763206092,59.697316106966404,3.8792244909520264,189.48293418663266,163.68490232052878,7.987267117544315,214105500,70.15330598942393,17.849534619757485
2020-04-28 00:00:00-04:00,187.63066065348826,188.16770769609835,181.56393663686606,181.9120330810547,21731000,177.9209020819228,185.80526962657828,55.530521064049964,3.8588537453307765,189.16544613271208,166.30443098317335,7.888445970522027,192374500,62.55384817671545,17.46333425711206
2020-04-29 00:00:00-04:00,189.88827015649653,195.8356539373096,188.96335156205555,193.1304931640625,45954500,178.51735663416358,185.87815742297119,62.46436176751563,4.693838110849441,191.9386189375607,166.8941447343143,8.319529890931518,238329000,65.61780747378101,17.86902020309197
2020-04-30 00:00:00-04:00,205.79101202782752,208.54590274692427,200.4702115251281,203.59307861328125,46230100,179.50071828040348,186.0544252955116,67.54667545265038,6.129159309289236,198.36065615961496,164.50730241785902,8.826378440355107,284559100,68.31794950762941,19.2288651657126
2020-05-01 00:00:00-04:00,200.50002409228588,206.14902525230264,197.9639345196977,201.16636657714844,30415600,180.35035154694248,186.20479287045328,65.33693961229639,6.990266874309356,202.2984200268508,164.16050331299294,8.780572175515811,254143500,65.61793493907103,20.13331253882086
2020-05-04 00:00:00-04:00,199.10767108930614,204.7865230175423,197.67552555063543,204.1400604248047,19250700,181.28328130685864,186.3832532441284,66.77147142873604,7.8224803803426255,206.23475405281533,164.2646701822107,8.6613168391866,273394200,65.69466473233905,20.930577785486154
2020-05-05 00:00:00-04:00,205.89047057841884,209.2321384971316,205.37330353103118,205.94020080566406,21071200,182.25021932641965,186.57784973727803,67.64441728945546,8.528955375504552,210.0253484735352,164.30638370419916,8.406371212982336,294465400,70.52441917291556,22.013390475525544
2020-05-06 00:00:00-04:00,206.98446887700223,210.44549252965834,205.53244330048736,207.3325653076172,21857000,183.233840737447,186.78436432006748,68.33729324451949,9.096337165311382,213.34464363850353,165.1641718725642,8.156848214138668,316322400,76.34992786527592,23.110620120687276
2020-05-07 00:00:00-04:00,210.00785453848965,210.44545620125191,207.89941154295627,210.1072998046875,15152000,184.28770187733878,187.0164333298647,69.72850521442042,9.658551437258978,216.53025000743233,166.62109276600515,7.7965655483883864,331474400,76.16865795537097,24.12947621976603
2020-05-08 00:00:00-04:00,211.08200581241687,212.04671462323105,209.69959037870413,211.19140625,12506000,185.3427491076392,187.2569803240949,70.27799366115903,10.075445168043302,219.43793994459625,168.10398103522144,7.407319740969711,343980400,80.0631397394818,25.209069310521222
2020-05-11 00:00:00-04:00,209.7393470170939,213.82692275207353,209.22217997803227,212.016845703125,12911900,186.38879211138374,187.50334714378675,70.71389113399209,10.353098444342493,221.6507023251071,170.52446450432,7.2071356719033925,356892300,85.64360989457415,26.3612781068081
2020-05-12 00:00:00-04:00,212.12625653185697,214.10540430732914,208.85421385864043,208.95367431640625,14704600,187.27368945275717,187.7167832350566,66.79876788964111,10.208293482453001,220.76440295418132,176.62217541495932,7.067425298816629,342187700,80.44876968544942,27.354241215294284
2020-05-13 00:00:00-04:00,208.2873187019436,209.62995901787886,201.00726534975644,203.98095703125,20684600,187.92887641661963,187.87861581014312,60.90366628167851,9.581824472670093,220.3215944701738,180.09104997969598,7.1785158966241855,321503100,74.29757827608336,26.783877706766038
2020-05-14 00:00:00-04:00,201.45481371239458,205.80096578026485,199.59502144088685,205.68162536621094,17178900,188.62506264993695,188.05576018383533,62.13443877396763,9.117472443604356,219.95626435559728,183.33127633450687,7.109046499678029,338682000,68.28133838487501,26.014995744541373
2020-05-15 00:00:00-04:00,204.15000933010617,210.18688228279697,203.00627485895978,209.72940063476562,19383200,189.4526837473812,188.27141829777494,64.96170173549366,8.97266050557596,220.423470721164,185.62359348782036,7.114157994260826,358065200,67.55511159370423,25.815706575637698
2020-05-18 00:00:00-04:00,210.9924755711418,213.4688952661844,209.7890859889039,212.0268096923828,20151900,190.33794358836167,188.50779035145263,66.49099224500466,8.940220416211758,220.21097812764523,189.24273077534954,6.87311061120068,378217100,73.84841712709303,25.985303942097975
2020-05-19 00:00:00-04:00,212.1063817066114,219.2869898754199,211.6687799627228,215.69668579101562,31843200,191.3324040668971,188.7783266244831,68.83125219050801,9.105675186928892,217.5976445079484,196.36068475637452,6.926331989878995,410060300,73.02153585134364,26.706467559074145
2020-05-20 00:00:00-04:00,222.28054083406397,230.07776063774813,221.97223468202165,228.71524047851562,50162900,192.79839765166645,189.1757088518864,75.39583600727902,10.170053797896145,222.2000705601596,196.50289167942373,7.458813622511388,460223200,73.82975850434214,28.197887437443722
2020-05-21 00:00:00-04:00,233.43933530595228,235.9057998219181,229.93853668050937,230.12750244140625,47782600,194.2622841140092,189.58318938511547,75.98668584305722,11.000729689022478,227.20869039232036,195.03219502434632,7.439652602575037,508005800,84.47737018265634,29.937575916773586
2020-05-22 00:00:00-04:00,230.24686783033434,234.70243571907653,227.49199197419262,233.62832641601562,33925600,195.80605047879376,190.02144945507467,77.43337370856605,11.805447702107159,231.95996323588219,194.60918349263346,7.423280541311385,541931400,74.64784462553584,31.105332877676947
2020-05-26 00:00:00-04:00,238.46177905005436,239.5856032618041,230.40596793380755,230.93307495117188,33178300,197.18358085025957,190.42853030578212,73.74957446395052,12.086383946478179,234.98979695652187,195.15175170884274,7.5487344546460395,508753100,75.76267359232644,32.50099480158203
2020-05-27 00:00:00-04:00,227.82017558575745,229.30203626573694,219.9234946912034,227.88978576660156,34697600,198.38774574893966,190.80127911633753,69.71653754146163,11.925984613851824,236.77739140436708,196.2907685891225,7.795937726454786,474055500,67.02007664036569,32.09734402852161
2020-05-28 00:00:00-04:00,223.07618391448983,230.3661920032574,222.77781773063654,224.2298583984375,29377200,199.40116193127292,191.1339017957614,65.10544420451006,11.37244694651207,237.60877432847437,197.7123580771246,7.781111765466648,444678300,68.37951848604553,31.811221544440276
2020-05-29 00:00:00-04:00,223.9712778748046,226.2487918494973,221.6639439734053,223.86187744140625,23241500,200.36040567676835,191.45955329472307,64.64250512577846,10.779808447647838,238.3160496084783,198.8390264820165,7.5528072019398875,421436800,63.29977905420803,31.373747965359236
2020-06-01 00:00:00-04:00,223.3646002912717,231.17177560712076,222.28055113368768,230.64466857910156,18223800,201.54802382980102,191.84945493934376,69.01585158505657,10.73372107122961,240.0527287960412,199.69611560500044,7.648408435617973,439660600,63.893603105106315,31.402977331769105
2020-06-02 00:00:00-04:00,229.67996942944646,231.72872742408012,225.32386231526021,231.45025634765625,20919000,202.7206603991287,192.2434927643021,69.49840353039738,10.639554531969225,241.6570290840349,200.6829367362776,7.5595839122752535,460579600,68.03663329007918,31.478338479284933
2020-06-03 00:00:00-04:00,230.84357809092032,231.3806251030619,227.28310921806016,228.9042205810547,15380300,203.74746668077285,192.60827612566283,65.99988632466753,10.24142627587429,242.21797569315845,202.78206296244053,7.317266999226741,445199300,68.58211658374896,31.548316687692484
2020-06-04 00:00:00-04:00,228.30747563297948,230.366188613291,223.38448678621546,225.05531311035156,17041500,204.58306850154062,192.93113221506272,61.000675163528975,9.505755664166884,240.9692240496069,206.84072874987226,7.293298058358799,428157800,68.307988447237,30.909718554728663
2020-06-05 00:00:00-04:00,225.47304906231173,230.08773204519264,224.08067852900282,229.51089477539062,16750400,205.5606303162014,193.2951099519814,64.36562830143487,9.176478871417316,239.6680996148013,211.3190891059018,7.201423448203871,444908200,68.23415607980576,30.316734574119398
2020-06-08 00:00:00-04:00,227.78035679250266,230.28661132404514,226.16920075284924,230.13742065429688,15466500,206.52442601573458,193.66170010822336,64.8252204552137,8.86390249283491,238.38642278248108,215.32183527415953,6.981136814131873,460374700,67.97242588931718,29.790320868033206
2020-06-09 00:00:00-04:00,230.25681482528688,238.46180224431384,229.1528704564327,237.3677978515625,27462900,207.73397000929648,194.0965866529332,69.68452868788027,9.094775562470033,238.15745612388022,218.92960035398434,7.147407883685392,487837600,67.8229712283013,30.195404329586342
2020-06-10 00:00:00-04:00,239.6453013127717,239.8939372841316,233.99628415219615,235.43836975097656,20720700,208.82041705798983,194.5079476787844,67.0236594753065,9.018100363277398,237.2193278402493,222.4999531656101,7.058139687131823,467116900,65.26065190300454,30.708603463562756
2020-06-11 00:00:00-04:00,228.68540569036477,231.61930688950915,222.33027136285554,223.20545959472656,26708200,209.38453637315598,194.7934950610326,53.16303498839028,7.879412142177415,237.55976032725712,221.4248832274304,7.4902795943453375,440408700,55.0660421147847,29.155309613531415
2020-06-12 00:00:00-04:00,228.64561463800163,230.39602144667433,223.27508416265476,227.33282470703125,22091400,210.0883908176217,195.11726948537088,56.43648253517865,7.2267321244376035,237.4350141213086,221.17700573546222,7.468871184174082,462500100,64.02565152850812,27.7129653242166
2020-06-15 00:00:00-04:00,223.8618569634194,232.49450491003554,223.57344594295287,231.23143005371094,15340300,210.91752961119383,195.4766143666479,59.328046113687925,6.944017071249078,237.01928442682186,221.27314924830836,7.572598882953267,477840400,61.825165777604866,26.64265126342271
2020-06-16 00:00:00-04:00,235.84613364779216,237.15893884558685,231.72872261689955,234.3642578125,15236700,211.83700914849996,195.8635560924773,61.53737636779595,6.893294761660059,237.63239855327066,221.11752617003663,7.4550924478763125,493077100,71.36966699347663,26.210461028068966
2020-06-17 00:00:00-04:00,233.71781178092803,236.29367678778937,230.46564904444352,234.2449188232422,19578100,212.7157507043722,196.24546019925108,61.40055044426666,6.76547907538415,238.35453892246912,221.24273687505692,7.338873540409851,473499000,63.166983366431246,25.5886052065588
2020-06-18 00:00:00-04:00,233.70788101410415,234.85160045086263,230.88336475043351,234.65269470214844,15782500,213.5760230180105,196.62762173659334,61.71380362899187,6.620768233737323,238.81729251714012,222.16969478754737,7.098113694696941,489281500,64.7295209850696,25.011167658013644
2020-06-19 00:00:00-04:00,236.49257772232494,239.51599955413167,234.26480918892523,237.48712158203125,30081300,214.513713157776,197.03418392411012,63.90646807344527,6.65804857062875,239.60553537584903,223.19815114758845,6.966190599733333,519362800,66.35927648530127,25.05726749190777
2020-06-22 00:00:00-04:00,237.25840751705724,239.38673100997963,235.6174160335769,237.91481018066406,18917800,215.43140323710497,197.44095632467287,64.23926817336272,6.64549922340467,240.69104664026787,223.0819920967113,6.737842340924005,538280600,66.19906273429616,25.10007448052374
2020-06-23 00:00:00-04:00,239.96355088129738,243.8522211708595,238.5513003649305,240.91831970214844,24017900,216.43089015730277,197.87356690554327,66.57042225800842,6.799531130018124,242.39842109871358,222.6370260855312,6.680668673014822,562298500,72.6638547565307,25.66485223859272
2020-06-24 00:00:00-04:00,239.8839661408618,241.8929489046692,231.41044855266054,232.74314880371094,20834900,217.070586574809,198.22052791945538,55.89076846806839,6.190573479426604,242.46373790877144,223.08356637182752,6.95222807865724,541463600,71.53488083091935,24.807012977042497
2020-06-25 00:00:00-04:00,233.33985949546914,236.00524474785152,231.47012748689306,234.39407348632812,18704300,217.74993900271173,198.58046369624017,57.37782200610931,5.774619756585878,242.18039544116317,224.61207688956597,6.77957730596447,560167900,65.33159474644638,24.01044794846015
2020-06-26 00:00:00-04:00,231.37067480553193,231.81821649160648,214.22473380196632,214.90103149414062,76343900,217.6382171396305,198.74285740567203,40.16139727341211,3.827921954338592,245.09349670591672,219.75099385397914,7.735988904421423,483824000,50.298585060766754,23.670493195781244
2020-06-29 00:00:00-04:00,208.6055896760571,219.54557292486103,205.97999430336557,219.43617248535156,58514300,217.70872519240388,198.94876103830566,44.34543471656783,2.6208859552461945,245.9251152939945,217.49254217670864,8.152388169926711,542338300,39.387158585243526,24.10306104722696
2020-06-30 00:00:00-04:00,219.38642996228407,226.2587317874965,217.27800180135867,225.83108520507812,33927100,218.02724911446956,199.21624685091035,49.68760382424212,2.1554703215736595,245.09632810401112,216.7831010138274,8.21155544251322,576265400,41.18464801094885,23.558323746721534
2020-07-01 00:00:00-04:00,227.25328092865934,237.69599186848833,226.3184072354842,236.25390625,43399700,218.7420199825296,199.5847807752794,56.94206810082443,2.597714790837415,245.22545554213755,216.7627117755708,8.472509101148718,619665100,50.149460049935875,22.011702858425647
2020-07-02 00:00:00-04:00,237.69597983659065,238.69052368527932,231.3408452504915,232.14642333984375,30633600,219.26768285928702,199.9087772187079,53.65851416158587,2.586936581150269,245.20220755560274,217.97808826145456,8.39230691069437,589031500,51.26501420762636,20.67759907580781
2020-07-06 00:00:00-04:00,232.4845788592713,239.088349812402,231.00271814621857,238.96900939941406,26206200,220.0402839000763,200.29743624538162,57.9916697086337,3.0932632355075214,246.24274916230303,218.48903794707195,8.370401536086444,615237700,52.584134549112704,19.481837110877443
2020-07-07 00:00:00-04:00,238.10373665741278,246.2987679209948,237.5169594529639,239.5458221435547,27887800,220.805206968448,200.6879674483485,58.34628590282309,3.500720596881166,247.22899451243595,218.61137820891824,8.399787745511048,643125500,54.047556781651714,19.11591252390586
2020-07-08 00:00:00-04:00,236.81083576981618,245.64238997815906,235.2991248747992,242.25099182128906,29791300,221.64621813914766,201.10152987992007,60.049576989506654,3.995856331829316,248.4891451409925,218.40279211486688,8.538607556785964,672916800,52.70254461973059,18.492754806742454
2020-07-09 00:00:00-04:00,243.6632723505999,245.18492340878726,237.93470455363206,243.16600036621094,22174900,222.49013116765997,201.52008182505728,60.63591842709159,4.411238500037911,249.8491383213338,218.2322764735881,8.446579792383767,695091700,56.912601419191716,17.91410835509072
2020-07-10 00:00:00-04:00,242.36040420736242,244.1505862535192,238.01425224226315,243.73287963867188,22982700,223.3231801273075,201.94010966399873,61.01764064382442,4.73163098404396,251.18059351118546,218.11151260860618,8.28156223658893,718074400,50.964110809741925,17.37679379284268
2020-07-13 00:00:00-04:00,245.66225901707935,248.78512594768014,237.11913140182713,237.6959686279297,24674900,223.88681889203778,202.29588935518214,54.910833185083106,4.447152069128606,251.20441140636305,218.11554098621505,8.523307401536366,693399500,46.03786932954124,17.40926018495454
2020-07-14 00:00:00-04:00,235.46818550049576,239.01871416395625,230.76399755815078,238.42198181152344,23378100,224.45682528103723,202.6553529617129,55.48780191192225,4.231505514320617,251.26674034533463,218.12083493135808,8.504122344698445,716777600,40.69540587112862,16.52020480285028
2020-07-15 00:00:00-04:00,240.23208441383412,243.48424724757712,236.751180730019,238.96900939941406,19133600,225.0259305405814,203.01668287651592,55.945229561085796,4.0579669041538295,250.96923725101502,218.15842998531312,8.377618357045565,735911200,45.15550491944025,16.21284836455831
2020-07-16 00:00:00-04:00,236.70144173489518,240.44092123356472,235.0405552883238,239.61544799804688,18880700,225.59806848008986,203.3808496936456,56.51394641883293,3.9273267199635598,251.58153684797435,218.46243694759858,8.164957470488092,754791900,45.1023893056554,15.682732252484723
2020-07-17 00:00:00-04:00,239.68507840091067,242.82784074738308,236.5622111814638,240.70945739746094,18152400,226.1906719670456,203.75227862602185,57.51355957312149,3.867488844326573,252.23677491916226,218.64925006456173,8.029291191590321,772944300,55.786147358180564,15.476255362556554
2020-07-20 00:00:00-04:00,238.75017735044395,244.70750005463162,234.35429566479675,244.0809326171875,20872200,226.89225081607077,204.15355876523742,60.52508652740975,4.045482961064124,250.58925284373095,224.1874256230659,8.195284991464932,793816500,66.5522613755481,14.947224332567595
2020-07-21 00:00:00-04:00,244.87659688257915,245.56283459216627,238.77009802812378,240.4309844970703,19364200,227.423181548659,204.51452817550444,55.90511444143925,3.8476707186005683,247.89597337593347,229.68001335909258,8.095102960934758,774452300,65.3862903982417,14.56870545283458
2020-07-22 00:00:00-04:00,238.9491050232413,240.58015636493275,236.82078174596666,238.5612335205078,15427900,227.8599679004962,204.85330136301693,53.646075838133655,3.499687593541779,245.57970050379853,233.6936393399515,7.785408079365568,759024400,57.65613924016635,13.900582237548946
2020-07-23 00:00:00-04:00,238.32254404587036,241.09731466838585,230.48553376961488,231.33090209960938,21771800,227.9960829671281,205.11676007681388,45.918870885012126,2.610390187415021,246.3960269037324,232.2209123866322,7.98729185218024,737252600,49.6261717737582,13.466795045140984
2020-07-24 00:00:00-04:00,228.9340506017036,232.2160483323792,225.66199284630693,229.4512176513672,18325800,228.0531470723924,205.35889398302834,44.1388822468136,1.7339528313315782,247.02413369346633,231.23344483843474,7.88491782602967,718926800,42.44282911413352,13.671434057829037
2020-07-27 00:00:00-04:00,230.19713506984925,233.66808352777457,229.5705675640307,232.2259979248047,13163100,228.2167882822909,205.62622835060822,47.38147939670298,1.2488752342032683,247.29479962665715,230.0637107086293,7.622914115342364,732089900,39.36879355951113,13.620133499221774
2020-07-28 00:00:00-04:00,233.3498592458653,233.6780605808393,228.57604509934623,228.8644561767578,14170100,228.2421870232504,205.8574544981321,44.045813070120815,0.586439310863085,247.8508443808505,228.0834838255297,7.44284992721027,717919800,41.74677343608954,13.702894809693708
2020-07-29 00:00:00-04:00,229.878872343427,232.4249022539809,229.05339910006947,232.0171356201172,13588300,228.39022422312755,206.11774983267924,47.76031447681143,0.31224953380342413,247.30350702574134,227.2663070204826,7.165535366496899,731508100,39.67493913219096,13.779744597989076
2020-07-30 00:00:00-04:00,228.9638887695861,233.60840677687906,227.75054404577975,233.2205352783203,20615300,228.57964818607627,206.3874292898498,49.14799897558953,0.18986777768682828,246.30669581727946,226.93705621722577,7.0721301782542145,752123400,47.89931072053356,14.03907703306268
2020-07-31 00:00:00-04:00,254.42419742463744,254.4540325240347,247.64140155169622,252.28591918945312,53005100,229.50930587248322,206.84413068188564,65.00739922221776,1.6127062263161918,249.21043034227574,225.17372696566696,8.083656397358512,805128500,62.05135907028387,14.705239704203885
2020-08-03 00:00:00-04:00,251.27148859765842,254.0064840868199,248.9641548398982,250.58526611328125,23124900,230.33581411722042,207.2793658603075,63.116465780753785,2.573422643225001,251.80831133342735,224.29441897256226,7.866418743755882,782003600,61.79262267710967,15.323819327406431
2020-08-04 00:00:00-04:00,250.18746037972326,251.42070027558296,246.0799892276533,248.46690368652344,17183500,231.04683723758527,207.68919210733452,60.746175105690845,3.1278077603982126,253.4299379238319,224.01211529882434,7.686011051196866,764820100,55.4435881336502,15.433075035210626
2020-08-05 00:00:00-04:00,248.82494196746038,250.89359511048758,246.4181475389332,247.76077270507812,13050100,231.70228568729087,208.08791430233694,59.93813696538825,3.4701810045594073,254.69391577506303,223.9203725550151,7.45668508836526,751770000,56.47151751614284,15.534526763885951
2020-08-06 00:00:00-04:00,247.68118363716113,265.1453856791842,247.31320728382224,263.83258056640625,45241600,232.96229725117774,208.64258759849685,69.78845079337107,4.980957466790954,260.58632096759555,221.25691837159718,8.197791753150737,797011600,60.72131608632913,17.008076849441824
2020-08-07 00:00:00-04:00,262.63914504067037,277.36836841894285,261.9926975628809,266.9753723144531,72766400,234.2961433320905,209.22301331706356,71.27576573582223,6.358558225172203,266.2403793735409,219.10498195458413,8.710497403358682,869778000,67.07496485224169,19.181721412973452
2020-08-10 00:00:00-04:00,266.5775735715241,272.36579639609096,258.2731253719205,261.5650634765625,30248800,235.36551274952078,209.74382973656108,65.31459803515432,6.933821268457763,269.2282920585622,218.44828671747945,9.094938376273808,839529200,59.66691271480489,20.623876563798035
2020-08-11 00:00:00-04:00,258.770358908135,264.4691059221122,253.7379696079102,254.73251342773438,28238300,236.12500297219583,210.19147833050312,58.64408674446218,6.760461298265483,270.6677608862525,218.91568841387772,9.211809657554394,811290900,57.44978093768427,21.295738097396175
2020-08-12 00:00:00-04:00,257.5570520952234,262.4601465634631,256.70172850188493,258.4720458984375,21415700,237.00135759675433,210.67188198789552,60.99220230793927,6.8459059483616045,272.61584149381366,219.6223827900405,9.105797048852562,832706600,62.897221935840484,21.919609521451594
2020-08-13 00:00:00-04:00,260.1229340603378,263.7132531722184,258.1537566451161,259.8742980957031,17374000,237.89833565553664,211.1614582675752,61.86654465805057,6.946694314476787,274.09363194615617,221.9503784705105,8.852489868727542,850080600,67.32913313300253,22.604013751715936
2020-08-14 00:00:00-04:00,260.87880547751405,261.2169467581407,257.26860629898624,259.81463623046875,14792700,238.75779842318104,211.64556949108658,61.80307070917347,6.94173559993888,274.71316628110753,225.37929994610602,8.502193482329464,835287900,63.68539562393966,23.091647807977733
2020-08-17 00:00:00-04:00,261.06776202833214,262.6590382670998,257.9846700065455,259.7350769042969,13351100,239.5804367949895,212.12407205241206,61.712144465903364,6.852395856262262,275.01789801741876,228.74244540706042,8.228777395059806,821936800,67.07700188691854,23.679948814255635
2020-08-18 00:00:00-04:00,259.52623020000823,263.7032961658379,257.8454486628186,260.90863037109375,18690400,240.41683654307204,212.60949054314523,62.58653135346188,6.79792715009188,273.95578164548783,234.07711833823612,8.059425259914054,840627200,67.64654638239341,24.326941998117483
2020-08-19 00:00:00-04:00,259.9638530892785,266.448268602907,259.92406283367757,261.15728759765625,23291500,241.23018756482045,213.09255320040407,62.7804842189792,6.697618886691686,272.29987652598936,239.6183770547398,7.9497667248651505,863918700,68.07383482512259,25.19163220815866
2020-08-20 00:00:00-04:00,260.0732027063206,268.1588486255982,260.0334124561736,267.542236328125,20299700,242.2620326143618,213.6343410922222,67.4470706541018,7.052044289743861,270.24633261074223,246.24814777662755,7.96231454233368,884218400,65.36448958146337,26.155990641150872
2020-08-21 00:00:00-04:00,267.22398799552667,269.0141547751234,264.9663843949918,265.55316162109375,15538600,243.17541022246894,214.15094627161398,64.72452102748919,7.090690206790839,271.1984575964436,247.06498844847835,7.682704245033533,868679800,71.05382699002884,27.133727394209206
2020-08-24 00:00:00-04:00,269.59100992253883,275.73728365906857,267.30354084655573,269.9092712402344,23685600,244.22379692904798,214.70575547528185,67.79088622078766,7.387658684559227,272.6863880776818,248.15359198416712,7.861376944529339,892365400,76.25498916821077,28.631152054309332
2020-08-25 00:00:00-04:00,270.92372346116633,281.54544565698416,268.78546001994255,279.287841796875,42127200,245.59885751210004,215.3483632993773,73.19360024775804,8.284284531379711,276.273587107565,248.6758513689975,8.211277565423073,934492600,81.36497235491848,30.44127291050507
2020-08-26 00:00:00-04:00,282.4504874869496,303.00772470182767,282.4504874869496,302.2518615722656,69015200,247.82054394583201,216.21307472497818,81.41429063559626,10.72424898568471,288.50865930453057,243.7062576876569,9.319035089675186,1003507800,82.825232804903,33.143123727434656
2020-08-27 00:00:00-04:00,298.52228442362065,299.5864536229766,290.4266829495857,291.6201477050781,30301300,249.53817546580245,216.96339385910855,70.61690672971514,11.665574457792616,293.6558635000653,242.26406244394508,9.498045342032666,973206500,72.15069184595671,35.65198520029784
2020-08-28 00:00:00-04:00,293.3904549796101,295.6082988368587,289.3923993669517,292.0577697753906,17157400,251.2056105367667,217.71060157966858,70.78863837117888,12.305049172799102,297.98156364981355,241.2826819556552,9.263606351166548,990363900,74.34775427292188,37.77658225665774
2020-08-31 00:00:00-04:00,292.34615808376475,295.2601640929733,289.95922871611344,291.6002502441406,17345100,252.78971405470293,218.44582196438972,70.32587067973654,12.629336361005869,301.6176675883766,241.65126958610264,8.980558424430354,973018800,76.06722450578881,39.74942238042051
2020-09-01 00:00:00-04:00,293.1020055203256,299.84501151691796,291.11291784757185,293.8280334472656,17295900,254.3990599132348,219.19589372043825,71.3093994772046,12.917198358157862,304.6873000039239,243.79437317315939,8.962810941924337,990314700,75.95374611107249,41.780662125777226
2020-09-02 00:00:00-04:00,297.2492739031753,301.94352213910605,291.45106619945614,300.8495178222656,24341400,256.2206464979027,220.00836759209824,74.21067973561404,13.555645133896235,308.9651991572151,245.1668036097119,9.072071298904735,1014656100,76.62552463073393,43.75368378707884
2020-09-03 00:00:00-04:00,294.37500913471604,295.97624043247043,282.08246235673175,289.5315856933594,32294100,257.526957838901,220.70014090653868,63.12908260568772,12.998517450657118,310.10028283874055,247.98602494120735,9.764570167949673,982362000,72.5391743107507,43.707080285524725
2020-09-04 00:00:00-04:00,285.6827359596533,287.42318778882435,269.6606482607697,281.1874084472656,30333700,258.45481864707216,221.30200426515287,56.43783071265959,11.74825777662869,309.77763350294157,251.1583772392459,10.48645354399539,952028300,65.97332601140837,41.80894921302547
2020-09-08 00:00:00-04:00,269.7998518793171,277.77608255499916,267.95001490420884,269.6805114746094,24864000,258.89504189521085,221.7833824463415,48.762100624359014,9.716897216233463,308.9464987228081,253.3155699620877,10.682949258214062,927164300,60.414719599598854,39.82713343045483
2020-09-09 00:00:00-04:00,274.2653038995827,276.9605391663479,269.86943776338444,272.22650146484375,22918800,259.4178442312749,222.28530402861517,50.370423008298225,8.217740454845853,308.02967602258275,255.74144214147972,10.43988343203724,950083100,60.46609554307643,37.98687591806781
2020-09-10 00:00:00-04:00,274.0067870553653,277.63686605394025,265.57304424313634,266.62725830078125,24814700,259.7005663516477,222.72651750396014,46.884868998213456,6.502874700444863,307.35979959688154,257.1406479942643,10.555879030520574,925268400,54.9247267434846,35.7002285990327
2020-09-11 00:00:00-04:00,268.58649215381655,269.90925238448807,261.2069942655825,265.1553039550781,18913900,259.9144776302136,223.14869448357328,45.984018272653955,4.967791216280432,307.5985947709475,256.58359517045875,10.423477536833786,906354500,50.81036761037567,33.26871892849942
2020-09-14 00:00:00-04:00,269.4716431871986,275.130599594454,264.2502884612508,264.69781494140625,24093800,260.1020594855545,223.5621185677308,45.69017620507135,3.6719826254167174,307.6925790841774,256.3755646332705,10.456108508003028,882260700,50.82759175033302,31.390275117338128
2020-09-15 00:00:00-04:00,269.1932030103097,273.0221726341159,267.8306524116736,270.93365478515625,18478500,260.52682792867614,224.0334771370584,50.347604967697045,3.1123479320714296,307.6365750579717,256.5681531321325,10.303840592624931,900739200,47.73636708740586,29.646005864116937
2020-09-16 00:00:00-04:00,265.831633568667,270.9535283144671,260.36164240593354,262.0821838378906,29183400,260.5878222780571,224.41207123358413,44.51242492801493,1.9323191032347609,308.3688700340735,253.5417704281661,10.32441525804698,871555800,32.31025640952414,27.973752955237313
2020-09-17 00:00:00-04:00,256.8708009448224,260.0732335625804,248.82494432109527,253.4296875,31281400,260.3071111102902,224.70080373374748,39.67213201388676,0.2955467334228956,305.8114601264172,249.58955712618703,10.533902705100434,840274400,32.6455713017842,27.56193627183205
2020-09-18 00:00:00-04:00,256.99011265383666,257.7857659069669,248.68568100317486,251.1521453857422,28130800,259.9480928465824,224.96400116312057,38.485815015125326,-1.1718771065519036,304.9591789270724,245.04610468295363,10.43148714786412,812143600,31.9219400512971,27.19181371934318
2020-09-21 00:00:00-04:00,246.18937866810398,248.5862329957065,242.79799566314253,246.79605102539062,24709400,259.43232650065335,225.18123549010835,36.252893617770205,-2.655708131214908,303.5378480003589,240.43253977633387,10.283105903202372,787434200,31.58316288908307,27.35494336460127
2020-09-22 00:00:00-04:00,251.92790081124605,253.92694366681624,246.8656762449018,253.36004638671875,30293100,259.19419786873436,225.46162166818408,41.738331891063545,-3.2643657640931565,300.4113020570784,238.4603918719581,10.057947813075462,817727300,33.34322830716205,26.748267267992144
2020-09-23 00:00:00-04:00,253.86725988329655,256.58236036812747,246.79605244162212,247.66131591796875,19641300,258.74192798831217,225.68251414828146,38.63037944578071,-4.158633111985353,296.1802318485798,236.53589974321704,10.03854496403474,798086000,26.554363397542105,25.827922240408316
2020-09-24 00:00:00-04:00,245.15506658086082,250.86375391899932,244.27986310971525,248.1685333251953,20006800,258.3272850603468,225.90625563262887,39.06529476757604,-4.771416305204923,287.5646069666502,238.12739335887056,9.79178395298112,818092800,27.8330098380968,25.22645969788918
2020-09-25 00:00:00-04:00,248.03924613057941,254.35460605594625,245.26447528720485,253.4296875,18351300,258.1352224109215,226.18012062633406,43.53522203810139,-4.777448772498474,280.97173317358033,239.90668072615927,9.74166586839257,836444100,34.35529974682997,24.182291211349447
2020-09-28 00:00:00-04:00,257.98467201937285,258.18359293242196,253.4296744808201,255.41876220703125,18826300,258.0286945597885,226.47105238335595,45.17274352174483,-4.56905857768038,276.09093481457467,241.351659586467,9.385398195764663,855270400,40.78944912021212,22.70684629169253
2020-09-29 00:00:00-04:00,256.4033680523163,261.8932396171131,255.49832943428618,260.3616638183594,20200200,258.1201835503207,226.8082723976346,49.12149058073079,-3.959415321261872,274.49669234847903,241.70338903172927,9.177475282501607,875470600,40.071712256570734,21.296131712057605
2020-09-30 00:00:00-04:00,260.55058879928686,264.628193991213,258.68084164828036,260.47100830078125,20142500,258.2123727562211,227.14322499368583,49.20863754320468,-3.427930414401658,271.96821260562166,242.66446968604507,8.946752215389536,895613100,47.12764530741973,20.314493877953538
2020-10-01 00:00:00-04:00,263.90224738902083,266.8659689823481,263.35522999719984,265.1752624511719,20009800,258.4854272540623,227.52165322709365,52.94303369815528,-2.5971919891734387,271.64145925891944,242.79762358613263,8.764481391545056,915622900,53.35592741670671,19.66752238916631
2020-10-02 00:00:00-04:00,259.7848189342713,263.70332455934164,257.7658959123044,258.5217590332031,16367600,258.4868520297149,227.83011199133355,47.611118874411595,-2.4474947265200626,270.5928014853634,242.96180870343863,8.667687473496656,899255300,46.81956027846196,18.293685537487935
2020-10-05 00:00:00-04:00,260.7694401800014,263.42485557419246,259.4168446028827,263.2060546875,12822300,258.67191880060847,228.18211142114617,51.32763026749691,-1.9286428619728895,270.2837429938178,243.07196582779682,8.398788121174706,912077600,45.717703355346906,17.01797988950087
2020-10-06 00:00:00-04:00,260.35169024623855,264.2403603778226,256.83099648638574,257.24871826171875,18696900,258.6161070147697,228.4713313897091,46.78225247982306,-1.975385271441553,267.06524378219177,244.4658068362978,8.328114961907715,893380700,47.43544289376725,16.127294059046736
2020-10-07 00:00:00-04:00,257.7957191447242,258.760427954206,253.4296871499855,256.711669921875,23133400,258.5414232072052,228.75232978306397,46.38347739915322,-2.0323367672641552,266.2134872547097,244.60149484164447,8.1140168077872,870247300,48.72505891296251,15.7478695620988
2020-10-08 00:00:00-04:00,258.3327317790072,263.17615484877996,257.7359994756183,262.32086181640625,16312800,258.68963648599737,229.08634502717683,51.0743643102214,-1.6063394488462563,267.2726047846876,244.72786722052066,7.996193102009897,886560100,56.62630352679671,14.730049411854287
2020-10-09 00:00:00-04:00,263.0767055923895,263.3054615845506,260.73955202726125,263.0071105957031,14107800,258.8589491961819,229.42386508258505,51.63191097105387,-1.1995315110096385,268.25322034069325,245.32791369250992,7.608315705958428,900667900,63.93525001828896,13.76575906223274
2020-10-12 00:00:00-04:00,268.72577683401994,278.65130563894945,266.4084725252953,274.2454833984375,31019300,259.4623426943096,229.8698513344841,59.72612513762318,0.029370903308461038,271.7585037837785,245.48255456583087,8.182307087193278,931687200,64.37685397667019,14.521119558058103
2020-10-13 00:00:00-04:00,276.065477081793,277.577203205315,271.8983661441686,274.63336181640625,18063300,260.05728462066634,230.31525939898086,59.97508141631049,1.0227933421328999,275.0573322923203,245.02016811458074,8.003487799618501,949750500,71.42718526438429,15.222525732753084
2020-10-14 00:00:00-04:00,276.10525619811455,277.2290955942732,270.01865274922034,270.3369140625,15577800,260.46040734387554,230.71348481851837,55.856285076256704,1.4467234281693777,275.82784426791454,247.27306922492403,7.94684173143524,934172700,72.16118014847103,15.566165418473611
2020-10-15 00:00:00-04:00,266.1399128263808,267.57205825046344,262.23136318406074,265.26470947265625,15416100,260.6488113489258,231.05727809865905,51.37100615763406,1.3577551986301728,275.12294081229913,250.2574628335342,7.958178099078384,918756600,66.00644740194629,14.737543645816888
2020-10-16 00:00:00-04:00,265.9211351231875,269.8893553074921,263.85246695239704,264.4790344238281,16622700,260.7990161753925,231.38983288796422,50.691978396866425,1.2099028189008436,274.84555036131405,252.00809954102965,7.82094311736529,902133900,65.81217766410494,14.250270486180195
2020-10-19 00:00:00-04:00,264.0812258167801,267.0847373007935,258.4620591655533,259.9737548828125,13587000,260.7666529874482,231.67425002224132,46.8664210785806,0.7208804745999942,274.5053230909425,252.95565916817205,7.878209904356356,888546900,59.61466805993078,13.387075074061343
2020-10-20 00:00:00-04:00,261.62471122153886,268.22849716781263,261.44570060700113,266.10015869140625,18763200,260.97581007387794,232.01679637715839,52.15414038840165,0.8182441214930805,274.78932067389326,253.43679423496087,7.90510507440234,907310100,59.44107536292982,12.433014994842356
2020-10-21 00:00:00-04:00,278.0346559788101,281.5056040495565,274.8620589008535,277.2091979980469,28998600,261.61241352188455,232.4664720151772,59.93938861632065,1.771392631451988,277.5252919101438,252.93258162501252,8.440843666098619,936308700,61.05574258258897,13.022911006524447
2020-10-22 00:00:00-04:00,278.34296014297996,280.9089000670004,273.53932708680924,276.6025085449219,16720000,262.20026038553306,232.9056365577617,59.371218108261864,2.4495777169943267,279.53230505151237,252.44920129614385,8.364324331390943,919588700,60.725306122647176,13.383236332102344
2020-10-23 00:00:00-04:00,277.2788367321439,283.6837020968845,275.309659166989,283.2361755371094,17535200,263.0251982346145,233.40643794064079,63.45080424971835,3.4821853051352036,283.0314500508025,252.24531183070792,8.365018516998411,937123900,61.58913426078311,13.99182441990686
2020-10-26 00:00:00-04:00,281.61506194611286,283.6737751587825,272.76362706808084,275.5980529785156,21322900,263.5182513618263,233.8262550056943,56.42535291438771,3.6422163988034413,284.144846502217,252.78418181809545,8.546813486548645,915801000,60.6815011647366,14.171919403012245
2020-10-27 00:00:00-04:00,277.23907152603005,282.9576990386886,274.80242679325124,281.7443542480469,16287200,264.23300049461926,234.3030520130809,60.240328723455896,4.216393380884483,285.867407514421,254.3277056040685,8.518846255040696,932088200,68.29803076027655,14.339150458752957
2020-10-28 00:00:00-04:00,277.2689186889272,277.2689186889272,265.80182806144813,266.2095947265625,23121800,264.3105139939112,234.62053005003096,48.6474053367749,3.378956998967624,284.99026060348234,256.47124248896563,9.049109107294843,908966400,60.58589080896648,13.412632972811044
2020-10-29 00:00:00-04:00,275.04111318051207,282.0526661353704,272.2862374059796,279.2977600097656,32368100,264.89824913178785,235.06507960186912,56.28108493959201,3.728409406109165,285.9664831705244,257.7586063477048,9.534392128831488,941334500,63.259319198107164,12.941544589307117
2020-10-30 00:00:00-04:00,273.002276552765,275.19028508086484,257.68630790927165,261.6744079589844,47247800,264.77182398775636,235.32984903825835,46.30058220993423,2.553856462854469,286.1144562042665,257.4329396290668,10.397039269664523,894086700,49.82300799663909,13.130440158828751
2020-11-02 00:00:00-05:00,263.15630259796336,268.9942700041426,255.93590470424766,259.9339599609375,27165700,264.5821038298419,235.57466606236463,45.44350684293662,1.465679741510371,286.23932467435503,255.3998680339783,10.587133986109553,866921000,42.66265331921208,13.4648176331653
2020-11-03 00:00:00-05:00,261.7242001877643,268.57659249989894,259.4566411034183,263.8525085449219,17961900,264.55349225004113,235.85603762935526,47.7869813362053,0.9090074993904409,285.7459114872211,254.45583411824765,10.482335229707488,884882900,48.00929647911397,13.775311002192096
2020-11-04 00:00:00-05:00,279.46684704511097,287.36352835411554,277.09982761254304,285.8120422363281,35364400,265.38716087695434,236.35311230206148,58.535974933096604,2.214266891922705,288.63452471227157,253.6305713163743,11.412955556813642,920247300,55.920983245412884,13.598446121956203
2020-11-05 00:00:00-05:00,290.30734338671857,295.75745460438145,287.37345724347904,293.0721740722656,23823600,266.47284766892733,236.91748107589436,61.36766694128903,3.79082802236411,293.2780014264967,252.6947565487637,11.308131043330762,944070900,57.12011334887361,14.107457367441556
2020-11-06 00:00:00-05:00,292.34620529596697,292.99265279115843,286.48832688092676,291.80914306640625,13891000,267.4664278805932,237.46366676734223,60.59240769430548,4.882070559736917,296.5718918282921,253.04488063264532,10.970682196759912,930179900,56.82939620608186,14.477295408616481
2020-11-09 00:00:00-05:00,288.288404580994,290.98360976322317,277.0102816042328,277.24896240234375,25117700,267.8500566853677,237.85954035575023,52.3777149317589,4.519900636502825,296.23933538934665,255.68079807419502,11.24412357286088,905062200,50.386479930338865,13.790816250715372
2020-11-10 00:00:00-05:00,271.60990013748295,272.5049834288975,262.5595460774779,270.94354248046875,29067700,267.971369853803,238.18873440674247,49.262948732871486,3.6816439719789287,296.07229350389565,256.49362446485435,11.490215912289809,875994500,42.08199890728865,13.698581912775618
2020-11-11 00:00:00-05:00,271.97790985933193,276.8810037913741,270.99332115298546,274.97149658203125,14957000,268.245884627459,238.55473204032745,51.25704421164254,3.304252394234652,295.9266718712736,256.3408859086743,11.09359058361949,890951500,46.63516092153452,13.201199098082844
2020-11-12 00:00:00-05:00,275.6676496616713,278.2236345718425,272.93265414756024,273.5791015625,12899500,268.4550303896175,238.90323322960282,50.517900896432366,2.8598456876720206,295.7634534949347,256.10098335402364,10.679118429381118,878052000,45.85040828382357,12.612418557952585
2020-11-13 00:00:00-05:00,276.2047527748525,276.24454303198365,271.6099644860907,275.43896484375,10391200,268.7289101721325,239.26677284765404,51.52346533056942,2.6274381230554695,294.8555486817587,255.96926007475167,10.247365580560537,888443200,47.40086763826959,12.183518437441805
2020-11-16 00:00:00-05:00,273.5492573838603,277.8854840921596,273.1315659885288,277.43792724609375,12970400,269.0704402534643,239.64658532923056,52.63751501249085,2.574871497710319,295.0045401643249,256.06558516119594,9.854976475065554,901413600,46.82781378745084,11.612680157725231
2020-11-17 00:00:00-05:00,276.16491230913863,276.16491230913863,271.79888085381214,273.4995422363281,15040300,269.2441305273021,239.98343067158973,50.190198541130634,2.1901703916299766,294.18633437158576,255.7844826857059,9.553838612009558,886373300,47.9623753453227,11.215625930273475
2020-11-18 00:00:00-05:00,273.0221585853688,275.8765248441407,270.3567884315825,270.486083984375,12152900,269.2928345844422,240.28693965977666,48.33829740923516,1.623417352332865,294.0644296245386,256.4765860004614,9.26568845490589,874220400,40.29809542775296,10.995554762260424
2020-11-19 00:00:00-05:00,269.54129838660685,271.97794327671096,267.72129625866916,271.4508361816406,12963700,269.37746209805783,240.59702818238227,48.987249896128475,1.237839877425131,293.50057873378825,255.99418038079503,8.90789978084417,887184100,45.28709241867275,11.065284543309257
2020-11-20 00:00:00-05:00,271.07283507289065,271.51043673967723,267.94002841149216,268.22845458984375,18114700,269.33240298008866,240.8719677486257,46.869473348259525,0.6645867444347004,292.9797415694605,257.3888904292374,8.52665039136852,869069400,46.71899007545978,11.130033625711746
2020-11-23 00:00:00-05:00,269.4119619443044,269.47163213921203,263.0866481245025,266.9653625488281,20990800,269.2395778651373,241.13160351778197,46.029479978868885,0.10712367976645965,292.13920114300146,259.16695120074854,8.373674221607162,848078600,39.519189814297214,11.70513825668426
2020-11-24 00:00:00-05:00,267.0251198380307,276.3042327365474,266.40850738882375,275.4091491699219,16930400,269.4815218378739,241.47267362377343,52.197217657328885,0.3427225056576617,291.66489731021596,261.18214045020073,8.482392159186913,865009000,34.56374971040415,11.298853387810544
2020-11-25 00:00:00-05:00,276.62247004041234,278.6513178545799,271.16240309212395,274.08636474609375,12467000,269.6621039127061,241.79718796329902,51.20989370764707,0.4178815461997374,290.0573114736453,261.2263026214067,8.411429487991843,852542000,30.86032214175067,10.624303855628781
2020-11-27 00:00:00-05:00,275.87652855721046,277.607025115247,273.3205436207279,276.2942199707031,7808400,269.92218689537265,242.14044201312396,52.81420913477663,0.648129854613785,285.56400957451734,263.4825439736597,8.116790345600931,860350400,35.37386098516386,9.997936432888576
2020-11-30 00:00:00-05:00,274.52392765665263,276.184829179851,269.53132863871645,275.45880126953125,16693300,270.1393090276926,242.4719679758743,52.115901906306995,0.7544946459602215,279.5731446570139,267.2933633182465,8.020083273199912,843657100,36.9016224947386,9.896319457239489
2020-12-01 00:00:00-05:00,277.63687812653535,287.72153746674627,277.4379572065651,284.9865417480469,20738900,270.72155344809863,242.89499856067204,58.80557123856062,1.5892783281108223,282.216231583154,265.6819536382002,8.323129910629563,864396000,48.64344329457683,9.998821813213537
2020-12-02 00:00:00-05:00,283.80298429312916,290.18796839574696,279.29770240917895,285.9512023925781,17361600,271.31879458317627,243.323418499298,59.42366657272593,2.3021526794665306,284.9668941142782,264.9323124286905,8.506496773196595,881757600,49.40796979604248,10.350524658281012
2020-12-03 00:00:00-05:00,284.6881817663078,285.0859932426668,279.5364518224442,280.31219482421875,12921700,271.6714769455701,243.6914660249191,54.295160203947304,2.384601750665638,285.67423450127137,264.9370651406557,8.357086330120692,868835900,43.11321360065074,10.677105871557954
2020-12-04 00:00:00-05:00,278.77065227424356,281.9134147445933,277.7761083412622,278.1739501953125,10880300,271.92647589654035,244.0345753201469,52.44678669863039,2.25145143148535,286.02980361454456,265.1941425117575,8.055673478207149,857955600,42.97234967103286,10.714080919831186
2020-12-07 00:00:00-05:00,277.66670063286153,286.91594632152646,276.6821119311391,284.0218200683594,13007700,272.40080311896463,244.43245835246742,56.78025668284565,2.5879705566841267,287.4124199472689,264.9559068756477,8.211256400505736,870963300,43.06522641840087,11.3212647734727
2020-12-08 00:00:00-05:00,284.44950455488254,284.8671959874774,280.0138170016197,281.8537292480469,10747700,272.77150610441885,244.8048093066523,54.78684646053874,2.649179486126286,288.04918709787285,264.9079133253042,7.971408013745159,860215600,43.895620263783265,11.885078351854107
2020-12-09 00:00:00-05:00,282.1122660243281,286.06060567754906,270.26724706466524,276.4035949707031,25189700,272.91394096192016,245.11922508440404,50.03174892965746,2.2321765741219224,288.133596769355,265.21071068507206,8.530118770826492,835025900,41.19831389785964,11.106828687467896
2020-12-10 00:00:00-05:00,274.0366356957704,277.20923317633464,270.3766910637146,275.6080017089844,20065100,273.0195904029815,245.42259599609142,49.35828894012837,1.8165608521110244,288.01341565683236,266.01381416087594,8.408863295240318,814960800,39.8677596942142,10.384168284823556
2020-12-11 00:00:00-05:00,273.03209789563164,274.9714703728663,268.77545180632166,272.05743408203125,14391400,272.9818587825521,245.68761926062814,46.35917354619582,1.186998286538028,287.9759380294799,266.1321715082806,8.296269481484774,800569400,40.49760119115757,9.93435299488215
2020-12-14 00:00:00-05:00,271.8784669443133,275.7074671120214,270.0783448746163,272.6940002441406,16376900,272.9705702124183,245.9563394694193,46.98117814613805,0.7310044228922834,287.51204262148593,267.1914730035141,8.105758964050512,816946300,48.724048404318225,9.403301341915741
2020-12-15 00:00:00-05:00,273.33046653737415,274.57364632074865,266.0106385413784,274.0465393066406,23979500,273.0127650788584,246.23584394541157,48.351574435813646,0.47330859256709346,286.569457561255,269.0782149647867,8.138419593716208,840925800,39.752482181907205,9.489643494627602
2020-12-16 00:00:00-05:00,273.26088550158784,276.3439472410643,271.02316177715267,274.1659240722656,15885000,273.0579870001685,246.5137551904549,48.47816205335309,0.2755398909368978,286.59937674967847,268.882532430009,7.937160013015882,856810800,40.64273410731155,9.273274480548704
2020-12-17 00:00:00-05:00,275.5582869459176,278.90989504842014,272.1171431830537,272.982421875,16377800,273.0550236619266,246.77712500821158,47.242022613674465,0.023042415052259457,286.6632837358822,268.6714330609928,7.855416573898063,840433000,42.78375762229989,8.651504236622928
2020-12-18 00:00:00-05:00,274.265339273321,276.48318292605506,269.6606268655295,274.89190673828125,26693200,273.12705829237194,247.0568740801526,49.4803000379508,-0.022722255479379783,286.6536879768082,268.4940537224105,7.781640822942886,867126200,41.05623307596516,8.45752336299678
2020-12-21 00:00:00-05:00,271.4905709701844,273.17135238015135,266.32888634330305,271.3016052246094,16553700,273.0554718975577,247.2981151860676,45.5659007616356,-0.3447246422517196,286.8588328793713,267.7346160138579,7.837453649516837,850572500,33.0675631939187,8.768424239702956
2020-12-22 00:00:00-05:00,270.0186630949137,270.0186630949137,263.1861515037109,265.6327209472656,17312900,272.7643836249972,247.48054907423875,40.163183062755486,-1.0452959173485965,286.2673536412278,265.7455858118972,7.857310797472668,833259600,25.739013881180654,9.487512206445265
2020-12-23 00:00:00-05:00,265.4338413166251,270.6850319989816,264.77743868744653,266.64715576171875,14329000,272.52449233624117,247.6712615785918,41.49990213731846,-1.5013407668573109,284.4994786036291,264.9395879653813,7.718045262762837,847588600,31.451024932109775,10.02336885165935
2020-12-24 00:00:00-05:00,267.4129452910841,268.92464096043386,264.7475751565457,265.9410095214844,6702000,272.266316539584,247.85305011533703,40.8163664530539,-1.8978623203445864,283.96855472619575,263.5543538024501,7.465118158557504,840886600,32.05743338384826,10.52539235331095
2020-12-28 00:00:00-05:00,267.2737351250078,275.7870290272328,264.21055307091024,275.4886779785156,23299700,272.3926836548362,248.12803148710995,52.26467583835982,-1.4252619247056941,283.5654329058068,263.59943932726617,7.7587865726835785,864186300,34.72871224248253,9.863297316167076
2020-12-29 00:00:00-05:00,275.43892222912336,278.9794957891793,274.77256451733444,275.26983642578125,16383000,272.50551317526543,248.3980991979425,52.01630740805149,-1.0562061041274546,281.3653468118627,264.6325942688665,7.505082622623668,847803300,40.529141994462066,9.76101617915282
2020-12-30 00:00:00-05:00,276.4335019024981,276.56276712056376,270.22752704137156,270.38665771484375,11803800,272.42242080426854,248.6168908249764,46.685118064255356,-1.1445645908247002,279.2037099176556,265.2652882919798,7.421522440949992,835999500,42.87217924927018,9.23794685466909
2020-12-31 00:00:00-05:00,270.515972515411,275.57819791777996,268.33791869096933,271.6696472167969,12900400,272.3929002714265,248.84627148559156,48.18764776472326,-1.0984011133995182,278.523563618217,265.31424155756423,7.408576497082895,848899900,44.22519149977937,9.051573081341962
2021-01-04 00:00:00-05:00,273.28078936075286,273.49959024699336,263.7530715349843,267.47265625,15106100,272.1999495254882,249.03160864742648,43.83553134890013,-1.3845184533561792,278.0163896008289,264.7367028470877,7.57557236957762,833793800,44.12864134667381,9.551531864171647
2021-01-05 00:00:00-05:00,266.8261764131156,270.9137370435657,266.74659590899427,269.4915466308594,9871600,272.0937376472675,249.23519011989845,46.34584243910499,-1.4318553878592866,277.89834687560455,264.5126272454892,7.332112995648606,843665400,42.48661535414788,10.01577930537064
2021-01-06 00:00:00-05:00,260.57050196902185,266.2891293977313,258.59136931908085,261.87335205078125,24354100,271.69293821211124,249.36094297493213,39.221926069445495,-2.0603445151501774,278.56777647164984,262.40044455699604,7.586974732515029,819311300,42.57263740276512,11.480060206188705
2021-01-07 00:00:00-05:00,264.4491809907146,270.1280173894368,263.33529683030673,267.273681640625,15789800,271.5196340328373,249.53917918056092,45.60486881337313,-2.098475294149523,278.0259848681513,262.0391884716925,7.634666918667925,835101100,42.44587670624001,12.090864815255765
2021-01-08 00:00:00-05:00,266.8460907665754,267.48261347733126,261.7440753327561,266.1101379394531,18528300,271.307496931136,249.70406434234096,44.520002284545455,-2.1972538886823827,277.3877887247244,261.603279797411,7.499229149089871,816572800,34.8841174916502,12.855774652558773
2021-01-11 00:00:00-05:00,259.05881414634456,262.03249078853037,254.50378594447926,255.43865966796875,30412300,270.68518958748234,249.76112499234722,36.04978823138946,-3.1008906110281487,278.63448682072186,258.01741340714267,7.792595066653013,786160500,34.59282665595342,14.365777662719095
2021-01-12 00:00:00-05:00,255.22979801325235,258.30293492700355,248.93433350004645,249.7200164794922,26383500,269.86302593618865,249.76071595241834,32.48321376111552,-4.22971837592371,279.90753359527474,253.38811459808466,7.905166949531877,759777000,33.42223545416776,16.27358898994888
2021-01-13 00:00:00-05:00,250.1775234988569,252.56442281171957,247.84033924104648,250.26702880859375,19528900,269.09455546059667,249.76575389128578,33.1643679576207,-5.0222893634671095,280.5338630745317,249.95717493002553,7.6779467081848205,779305900,33.27958815266307,18.138503897888864
2021-01-14 00:00:00-05:00,252.0174297239454,253.6385412113107,243.27539512008167,244.29977416992188,29739400,268.1222110962565,249.71136603336177,29.65019329793472,-6.062035785129126,282.33267263298285,245.31397246792858,7.869746664116549,749566500,25.957704093279915,20.24330975739846
2021-01-15 00:00:00-05:00,246.54741227999753,252.47490025359124,245.8114595495033,249.98854064941406,24942900,267.4110867650078,249.71412398974041,36.55250140893842,-6.35376416515976,282.374295639668,243.05120077960288,7.891559479798894,774509400,32.927613115107135,22.197772341228806
2021-01-19 00:00:00-05:00,255.4982885453802,260.7693887391371,251.34110286936706,259.6753845214844,28028500,267.1077258927128,249.81324100995678,46.22730417203655,-5.737179035330257,281.93071068795365,242.65936906465055,8.097937237650621,802537900,33.72673522543744,22.32152682242998
2021-01-20 00:00:00-05:00,267.4626697340615,268.8451002511692,262.16176437917414,266.0205993652344,25199900,267.0650934798705,249.974508257273,51.449683302803635,-4.6825475753033174,280.1367321676023,243.19093710323105,8.174492844224492,827737800,35.622301607149126,21.162026072465192
2021-01-21 00:00:00-05:00,267.79087596556116,272.10719245839164,266.0305139973574,271.38116455078125,20838700,267.23435116892585,250.1875098124323,55.391305827536634,-3.375283566745111,279.2032780737996,243.60590161370038,8.02535714771969,848576500,41.71644288826502,19.66216121965002
2021-01-22 00:00:00-05:00,270.5258540853668,276.95059818678783,270.5158989355647,273.00225830078125,21954000,267.4605436054692,250.41452223520196,56.540387884199724,-2.183291083495874,279.77308068649086,243.38484574580085,7.911738726541366,870530500,47.86629151317357,18.8835708501782
2021-01-25 00:00:00-05:00,276.6224290960255,278.57172645978835,270.0285987982877,276.4931335449219,19087000,267.81476281878105,250.67401090495042,58.99018555461777,-0.946038650266587,280.9471851568973,242.853872785811,7.956837936181315,889617500,53.5767832070202,18.35680878610739
2021-01-26 00:00:00-05:00,276.62246827062563,283.83291189376615,276.29425177117855,280.5111083984375,19373600,268.31265872386564,250.97089744717417,61.668478047919,0.3546219469913581,283.83713242348585,241.70238580568082,7.926968092353192,908991100,55.0971687767964,18.469474607524464
2021-01-27 00:00:00-05:00,280.9884768555562,281.9034705654726,266.65709612432954,270.6551818847656,35346200,268.4045223772343,251.16676097391638,52.59471860512383,0.583388995638586,284.0214417092937,241.67322788706045,8.44978283155247,873644900,53.05117522496065,17.219534536804932
2021-01-28 00:00:00-05:00,275.6676438963708,285.2252256210788,263.2557566656889,263.5541076660156,37758800,268.21431003561787,251.2900181549323,47.205476487276705,0.1895066716227234,284.12947772002553,241.78929262502652,9.415474697540857,835886100,45.17255074574599,16.32913217188776
2021-01-29 00:00:00-05:00,263.8525049603663,265.10564008374257,253.4595386112542,256.9205322265625,30389500,267.77141678820396,251.34604317057043,42.7940665139063,-0.650424320102502,283.50660640149164,241.03174402168548,9.574805181465678,805496600,43.800064370341964,16.519718084630764
2021-02-01 00:00:00-05:00,258.1039792785467,262.7286319289007,253.5191472269724,260.5804138183594,22914300,267.4894166717395,251.43792745562305,45.803339639057185,-1.0091213026486798,283.05026112213767,240.75079275156023,9.548710861498723,828410900,50.91940061469642,16.696690717892125
2021-02-02 00:00:00-05:00,262.5595903505122,267.3831343495143,261.8335623750513,265.6227722167969,17320800,267.4162149284084,251.5790701895651,49.72712809301704,-0.8764123278149896,283.5085682913674,241.65036725550758,9.352568695045594,845731700,56.991539091383714,16.213922695407877
2021-02-03 00:00:00-05:00,264.1707199743801,267.73120378406986,262.4004332199025,265.1950988769531,14223400,267.32911233815526,251.71455306207645,49.40044469219278,-0.7965668466898705,283.39741806496914,243.82486180156732,9.065297399982864,831508300,61.79176180406209,15.717785637555206
2021-02-04 00:00:00-05:00,265.5531318728974,266.6968510956868,262.5595455240884,265.03594970703125,16060000,267.2391843918367,251.84710427247404,49.2707269017299,-0.7376278212244642,283.05315512383555,246.1383141958259,8.713297983669689,815448300,63.948151436756845,15.257086940977725
2021-02-05 00:00:00-05:00,265.34428184093923,267.70137621415745,264.22047280735546,266.63720703125,12454400,267.2155774365196,251.9942694740539,50.67413767292466,-0.5553088800107275,281.02043768421464,251.14935601695728,8.339555513893425,827902700,62.72701357317691,14.673287896811576
2021-02-08 00:00:00-05:00,267.2836618073372,268.3875909210791,263.55412234025806,265.12548828125,13755200,267.1336131559208,252.12492836765784,49.28782754475721,-0.5267310470939037,279.3476417919102,254.84041159350647,8.089120732959682,814147500,56.671782873037905,14.02034266838801
2021-02-09 00:00:00-05:00,264.98624145529215,271.89833271761904,264.3000038338095,267.9798278808594,14613400,267.16679804709486,252.28268856181907,51.960185774011705,-0.27064176780737625,279.2432573472825,256.0520551527175,8.0540641723061,828760900,55.157241456464256,13.18111185712144
2021-02-10 00:00:00-05:00,270.96351020006466,272.30612024616755,266.25930640958575,270.38665771484375,14687200,267.29306705367327,252.4628275583666,54.15404091737535,0.125080039105967,279.5754657760871,256.3019878371941,7.910689148325794,843448100,54.198932173115196,12.465799981842084
2021-02-11 00:00:00-05:00,270.40658039140317,272.0873318138882,267.02510653976975,268.9147644042969,12828600,267.35666302820755,252.62652842250523,52.57285188095235,0.3162770876798504,279.2807977925705,256.2678024678462,7.70722744302527,830619500,48.05616391766424,11.801581811939824
2021-02-12 00:00:00-05:00,269.0440193569794,269.70042200837554,266.8759208227475,269.0241394042969,9097600,267.4220542586424,252.78968873078176,52.68341054366925,0.47119611903912073,278.70044129869694,256.31774310885515,7.358461281782611,839717100,42.67186372989955,11.156264989572525
2021-02-16 00:00:00-05:00,269.32244157665906,275.0908136704571,268.5765337469404,272.47515869140625,15417200,267.62021521679003,252.98556405377306,56.15627042046086,0.862496658032569,277.72990234260914,256.7525520844742,7.298162613335046,855134300,41.67805385735691,11.466702339384321
2021-02-17 00:00:00-05:00,269.7600882044922,272.4752040833667,268.1091416242204,272.077392578125,12763200,267.795006485862,253.17553249680145,55.64928150146598,1.1275115025317177,274.9268569343987,258.43110204997635,7.08872688803585,842371100,45.64892849277625,11.655282049629928
2021-02-18 00:00:00-05:00,268.0991766134745,270.4661956885998,264.57848310042823,267.920166015625,15249100,267.79991470271545,253.32224526813306,50.516057087423846,0.990664472552055,274.5022219853439,258.491068216479,7.118025644440201,827122000,50.40842595198428,11.100959185525568
2021-02-19 00:00:00-05:00,268.38760640913557,268.79537305652923,258.73059349006,260.1329040527344,25622600,267.4992476184025,253.3900130172336,42.59081688448291,0.25095243239377396,274.77570843587415,257.76142128417797,7.328508067442273,801499400,51.39321940239227,11.0514196252034
2021-02-22 00:00:00-05:00,256.5425574071532,261.63461625234214,256.12483570218257,258.9095458984375,17434900,267.1623965705607,253.44493374241972,41.48959284983546,-0.42904371886947956,274.3660687047331,258.4362628382357,7.198598959064938,784064500,42.15541496807951,11.4019621300713
2021-02-23 00:00:00-05:00,258.0841392609938,266.000700121143,253.56891668102358,264.409423828125,21924600,267.05443685517105,253.5540331462576,47.99918760184673,-0.5181781481876442,274.08623358286906,259.22663262806844,7.572397850568828,805989100,43.303194380042996,10.894486003167168
2021-02-24 00:00:00-05:00,260.8986816036801,264.92660251161396,256.9802066557194,262.8678894042969,15736100,266.89025852376426,253.64670833290478,46.43965423692888,-0.7050790579795034,274.1284633197814,258.8170851828228,7.599111993806379,790253000,43.642172625244186,10.423258171041903
2021-02-25 00:00:00-05:00,260.86884891850013,265.48354711382854,252.6539218908551,253.30038452148438,19053100,266.3573222883808,253.64326232483094,38.15393414333035,-1.6066960684626679,275.7757729764135,255.58381361212818,7.9727200816040265,771199900,43.15897461335745,10.69387854135435
2021-02-26 00:00:00-05:00,255.07066661026906,264.101111562024,255.07066661026906,256.2143859863281,26619500,265.95956008045715,253.66884564484585,41.57317224406605,-2.0623252781304586,276.2418689954475,253.94150909700048,8.174720578670856,797819400,46.42568989173262,10.945168885215907
2021-03-01 00:00:00-05:00,259.39697923460545,265.19515753134993,256.4928973344113,263.46466064453125,22157300,265.8617208868914,253.76631644086262,49.11167047306512,-1.8174279593737879,276.0254332587205,253.7349386488316,8.232295647695924,819976700,53.91063635498996,10.937947753321081
2021-03-02 00:00:00-05:00,264.3298276919246,265.25474606378503,257.2387261388636,257.5868225097656,15191700,265.5372150681806,253.80433142662287,44.13948173012779,-2.073732783527248,276.09831614643633,252.6569003249178,8.216847381783458,804785000,47.78199837916837,10.917571754189684
2021-03-03 00:00:00-05:00,258.8698278303205,259.565990316334,253.70814280846187,254.01644897460938,15513500,265.0854203194131,253.8064420489909,41.39777726681488,-2.5357252464688145,276.05925467745436,250.83417793973314,8.048347390789793,789271500,41.60906973985149,11.531990649464463
2021-03-04 00:00:00-05:00,255.07065382751,265.0359719422878,252.11685747851192,256.2342834472656,31626500,264.73831691266224,253.8305996748444,43.73568105200264,-2.6918667310519027,275.01497085144143,249.99147853006897,8.396259324574514,820898000,50.603672647054175,10.8897602158787
2021-03-05 00:00:00-05:00,259.2477244402552,264.00164220035634,254.2153204775006,262.8380126953125,26820100,264.66379517864857,253.92022567504807,50.11699310328232,-2.2567300427067494,274.1378384429243,250.05837737738827,8.495549495880315,847718100,56.98253835785612,10.293403384691922
2021-03-08 00:00:00-05:00,264.1011116705028,264.130946772462,253.65841624534207,253.9169921875,18391800,264.2423519240937,253.92019350104263,43.01883703676695,-2.6017416231995867,273.1721054346617,249.0098240900778,8.636762426683143,829326300,50.90043467108423,9.854485232052596
2021-03-09 00:00:00-05:00,259.75498210452736,267.0648862220946,258.3924617464305,264.29010009765625,22039700,264.24422440148834,254.0233766512577,51.602329621021646,-2.0149159726535686,271.1722485936243,249.9183397852819,8.958986112962531,851366000,56.93780258254513,9.490958766869516
2021-03-10 00:00:00-05:00,267.17426539075376,267.50245149567655,261.4357281457738,263.45465087890625,14210300,264.2132607339361,254.11722017591094,50.93681082987722,-1.5988358026656329,268.8250312675364,251.1158582181407,8.752395915601118,837155700,62.12189575390696,9.245638255873219
2021-03-11 00:00:00-05:00,266.6471435728869,276.3837366006868,266.35874770210745,272.38568115234375,21834000,264.53374780916783,254.29899590701973,57.27975560250777,-0.5421798550485164,270.38248570918347,250.15380579472276,9.050730901756792,858989700,70.666194796112,10.551998468455707
2021-03-12 00:00:00-05:00,267.67152991752437,268.2682319100201,262.5794402233745,266.935546875,20600200,264.62793600782794,254.42473273257178,52.79424332746326,-0.14290536715890312,271.367160202954,250.07615034392097,9.10469590370054,838389500,69.77149583869871,10.901115868633395
2021-03-15 00:00:00-04:00,267.61178505895276,274.4542500499687,267.0349631113549,272.2563171386719,16844800,264.92708820903755,254.60216143313002,56.38509764880591,0.5959939861775752,273.6432239024067,249.5796561431662,8.991410708791124,855234300,69.30391425046042,12.090397026741359
2021-03-16 00:00:00-04:00,274.5736427241806,280.6006061580178,273.30062785672277,277.7561950683594,22437700,265.4301904388149,254.8325498275104,59.78996719100128,1.6068484826278677,276.9586379669971,248.0438115772737,8.94518773097361,877672000,70.14127622494318,13.88242666785557
2021-03-17 00:00:00-04:00,274.20568623889295,284.66830734155604,273.9073352135994,282.4604187011719,21315000,266.0980425275348,255.10745399540755,62.48746776657705,2.755782540497023,281.3683866703694,246.24640011348478,9.074886616472396,898987000,76.8178671718783,15.934682362158282
2021-03-18 00:00:00-04:00,278.3430029019223,283.6339838570734,276.7616817063214,277.0998229980469,18728300,266.5294848989274,255.3262835377224,57.73442480422165,3.1969137543560464,283.1703168240392,247.61772842335665,8.917559154635226,880258700,69.48705479224962,17.8403483640108
2021-03-19 00:00:00-04:00,279.6856502135931,291.2024557746136,279.6657702610233,288.5271301269531,38930500,267.3921376529677,255.65664022020232,64.0176652941388,4.417677368040415,287.9851313288086,247.11127980400386,9.287921556201763,919189200,71.4815810952948,20.254770261226334
2021-03-22 00:00:00-04:00,288.8652786171803,298.07473419664757,285.18545416494646,291.93841552734375,28273100,268.35473678529615,256.01765290982564,65.6588972876592,5.595897526165686,293.05668781597154,245.83622396788266,9.545161447308859,947462300,77.48657361804231,22.95727254397088
2021-03-23 00:00:00-04:00,291.55055133786107,296.3740955401894,288.2287782044722,289.0443115234375,23000900,269.1660926573801,256.3462763786178,63.03211965766055,6.22436488021242,296.13557124170114,246.95167241064266,9.44517258219517,924461400,75.10734321753054,25.46673894937653
2021-03-24 00:00:00-04:00,289.41222892314295,290.1283016314284,279.62592214395227,280.6005859375,18675000,269.61450415856126,256.587612792139,55.993723136481954,5.97224734869036,296.3843597797396,250.24743546765626,9.520687361143812,905786400,68.12968090730611,25.965624342756602
2021-03-25 00:00:00-04:00,279.4469456209116,286.48830281821404,276.23455801624567,277.2191467285156,24505600,269.91272543581437,256.79290168702835,53.42109643824321,5.4369151309841754,295.9417487049912,253.48802831323798,9.573048606916995,881280800,60.101325327980355,25.819452307145372
2021-03-26 00:00:00-04:00,276.7815211981037,282.9477047603736,276.25441420995656,281.47576904296875,17629200,270.366178126291,257.0385023572367,56.152172075609506,5.295095770333262,296.42634188381453,255.4884693141022,9.367351602881284,898910000,65.68963332372431,25.683721131220658
2021-03-29 00:00:00-04:00,284.21078126404507,291.58035473551547,283.146642425676,289.2332458496094,21718800,271.1060631350486,257.3588480636285,60.67727185031998,5.742470822542998,296.0392701436097,260.5843748759216,9.420011180714528,920628800,65.86901661499567,26.42598533012332
2021-03-30 00:00:00-04:00,288.2486212159694,290.87423146217606,285.1357245626924,286.4286193847656,17474500,271.7069476938611,257.6480995195602,58.33338585001691,5.803806193061121,296.24035010317607,263.33509748796973,9.157046589198035,903154300,60.64567422589123,27.115230657675795
2021-03-31 00:00:00-04:00,288.40776649256725,294.88225678387437,287.03529109891963,292.9230041503906,19498200,272.53894990784266,257.9990935954889,61.9944330298488,6.3037913086102435,296.9220531186447,266.5825082420323,9.10680307562023,922652500,60.53494174474797,28.116965773602146
2021-04-01 00:00:00-04:00,296.7718959322501,300.75007156231,294.98172903915173,297.0304870605469,17616000,273.49940234520363,258.38746566976806,64.14050236576804,6.951341915521766,299.46309721989144,267.32743826187937,9.015393385355882,940268500,66.6968530877431,29.51396546057409
2021-04-05 00:00:00-04:00,299.24831748553015,309.07438535638,299.0394414215444,307.22454833984375,28237000,274.8219570900915,258.8734067908634,68.84280939910802,8.192666032498721,303.645220587104,268.51718175664604,9.231715164675686,968505500,68.17057235945519,31.353230279972202
2021-04-06 00:00:00-04:00,307.1549604175599,309.6512755300777,303.58455115665066,304.58905029296875,17335200,275.9892940784396,259.32828881576,66.41791860221818,8.861610541690027,306.41050567465555,270.062927756334,9.005644393872213,951170300,67.84827911561169,33.09533625223041
2021-04-07 00:00:00-04:00,304.6685730947802,312.5354189448768,303.83315986526605,311.3817443847656,22855200,277.3772333061387,259.8462336472924,69.40876840245967,9.82659268536861,311.06350998997704,269.8933300165334,8.98397401428211,974025500,68.23165359616937,34.88532554174914
2021-04-08 00:00:00-04:00,313.13216619946814,314.1565452456544,308.3583370673687,311.3121337890625,20894100,278.7080137172337,260.3583321561658,69.34061419770048,10.465095882207436,314.9307099753756,269.87302537618694,8.756419311710935,953131400,74.29631331683728,36.6429307110277
2021-04-09 00:00:00-04:00,309.700973850164,313.0227469355051,308.6368045604,310.75518798828125,15988600,279.9647656494316,260.85979340822666,68.75887364780286,10.801658597819937,317.33468860271427,271.9564287475461,8.444242387667662,937142800,66.73232714686864,38.274992653929225
2021-04-12 00:00:00-04:00,309.3528628192991,310.4468671613528,306.24989075898,309.8402099609375,10881900,281.13635170086326,261.3471607371094,67.75320728122236,10.869261810459648,319.69492428189403,272.437937046231,8.162889162070064,926260900,60.63759170619315,39.201230699053994
2021-04-13 00:00:00-04:00,310.50656077667855,312.7144495785324,307.63234451924836,308.0699462890625,14036900,282.1925710964789,261.8120640759348,65.7495209271297,10.657143444139365,321.3814583128404,272.90227378351375,7.9428331547282065,912224000,67.9004940149446,40.23634170370902
2021-04-14 00:00:00-04:00,305.6233228113989,306.34935077167574,300.3025373233251,301.16778564453125,17421400,282.9366971571868,262.20366329552286,58.48694615274172,9.818905203223323,321.8620524831846,274.03814282931546,7.930302855514577,894802600,67.91897992577587,39.56286897038739
2021-04-15 00:00:00-04:00,304.66856706809574,308.447852004268,302.4407985001259,306.1405029296875,14558300,283.8466503247359,262.64084577944493,61.76386300794565,9.446953485045526,321.96432407905735,277.34119349906763,7.883857391530445,909360900,75.82154022879756,39.15443939266646
2021-04-16 00:00:00-04:00,306.48859283981625,307.2643358318888,302.94798879661323,304.5094299316406,13059200,284.65695540735965,263.05744860682995,60.08839681554354,8.917766646343523,320.3573218914571,282.5869001137512,7.629035223226524,896301700,70.28288613615942,38.775183356211315
2021-04-19 00:00:00-04:00,303.34584844495055,306.0211739974936,298.9201158941744,300.5909423828125,14553500,285.28181764169113,263.430916206591,56.14778544595462,8.088948701626691,318.3584632930902,287.134448490764,7.5913225718045725,881748200,63.618099085362076,37.5720208075211
2021-04-20 00:00:00-04:00,300.34231561724715,303.43536306235995,295.5883967840188,300.99871826171875,16796400,285.8981666856138,263.80472518226395,56.46772804421836,7.379937291386682,317.43741124370507,289.624230195097,7.609582836557185,898544600,63.604827733081535,35.814948746074286
2021-04-21 00:00:00-04:00,300.3025262495058,300.33236135082404,295.7674087427101,299.82513427734375,14863500,286.44432227744636,264.1631372130608,55.21906035408247,6.646722936560252,315.18814772008994,293.6596957043892,7.439706171018005,883681100,56.90078853652169,34.18338183187368
2021-04-22 00:00:00-04:00,299.6858835954902,301.2672350186996,294.4247685058208,294.9021301269531,16375400,286.77600101664274,264.4689978390697,50.203901016615696,5.60380283532254,314.78835270421496,294.32337418380587,7.397046195436632,867305700,49.97870352171767,32.40047696722142
2021-04-23 00:00:00-04:00,297.12993540321145,300.93902505917043,295.5287039948607,299.48699951171875,17536800,287.2744715458614,264.81743566665824,54.36120114538537,5.088583757236449,314.53525361323955,294.9040082682709,7.299892533778109,884842500,47.53766183211791,30.744922450044324
2021-04-26 00:00:00-04:00,301.6849171661485,304.13148645247503,299.9146303896897,301.3865661621094,16172600,287.8278870210084,265.18130761188667,56.00020131479537,4.778464910251557,314.18080275607787,294.4800615017346,7.11022070570512,901015100,47.21549855040883,29.751416137431114
2021-04-27 00:00:00-04:00,302.6197833644524,303.67399735431496,299.46706619404387,301.9136657714844,15309300,288.3802705014192,265.5468037129772,56.46737938242564,4.523086695153722,314.07388016083144,294.2302661607831,6.902842881031261,916324400,38.30608100437215,28.72452673432443
2021-04-28 00:00:00-04:00,305.68302979585366,309.22363436491554,303.7038969448024,305.4244689941406,33907200,289.04867044231025,265.943596402342,59.54821102953081,4.551522975216017,312.93669117683976,294.5731517593582,6.931923289059825,950231600,41.710920350513966,28.63583848963131
2021-04-29 00:00:00-04:00,328.3187848173279,329.99956621835713,319.855207614009,327.7121276855469,56526800,290.5648844518489,266.5582086539162,72.73832062408528,6.299865791385912,319.5909269207025,290.10558186836,8.192149998713875,1006758400,57.019029846627234,30.448347864931172
2021-04-30 00:00:00-04:00,324.3605493471292,328.0204634708117,322.72948284681667,323.3063049316406,26332400,291.8488617255662,267.12286632832144,68.01687896665088,7.24639506253061,322.8923947382511,288.477596309926,7.984923614805387,980426000,53.689662088541155,32.131392284852474
2021-05-03 00:00:00-04:00,324.3903546124905,326.7573432887137,320.08396309448614,320.8199157714844,18719500,292.9849814920728,267.65716532775593,65.43550124989007,7.7070533896824145,325.1367891477047,287.697162675212,7.89124194190697,961706500,47.88848180209156,33.13037600897157
2021-05-04 00:00:00-04:00,318.2739323789376,320.43210602643006,311.41158544369375,316.62298583984375,24032600,293.9119620547305,268.1443874224036,61.21249033813072,7.645340535899209,326.3825122851703,287.5918448111839,7.999605398041517,937673900,46.68917749020345,32.45885031211322
2021-05-05 00:00:00-04:00,316.45389518933933,319.3082310485422,312.7740709768273,313.3011779785156,15577600,294.6723234635064,268.5937087214694,58.020805523864105,7.244876099856015,327.1651724093358,288.42697033154957,7.89493073187533,922096300,41.692287125958494,31.83529073645904
2021-05-06 00:00:00-04:00,312.8039343685508,318.4927266518008,311.56075450202826,318.27392578125,19012200,295.59787649557484,269.08803923947715,61.27592967940313,7.2452456558824,328.6321986491474,288.57773380527965,7.826147976010845,941108500,47.107212234734014,31.0418830251429
2021-05-07 00:00:00-04:00,320.62100166620917,321.1779437080465,317.0108031925053,317.3389892578125,15916700,296.4504691529175,269.5681481948835,60.3287590465667,7.088386461088874,329.8080740750968,289.1124662894865,7.564790300263012,925191800,52.05343100941168,30.614626254463747
2021-05-10 00:00:00-04:00,312.63484952512226,312.8635751743837,303.16677312671277,304.3005676269531,24239200,296.7583161518993,269.913744408138,48.96224662891856,5.844609737223834,329.7053407118609,289.7098163519412,8.036749288179921,900952600,50.78603263268502,28.717532644486305
2021-05-11 00:00:00-04:00,299.1090813515027,305.16585012975867,298.0548672335117,304.8575439453125,18920100,297.07593292811157,270.2614439060203,49.40082045155686,4.847966714153358,329.60391184289045,290.3257553120574,7.970623117327569,919872700,50.130109480299126,27.536645291733183
2021-05-12 00:00:00-04:00,299.4869956806229,303.2960852878553,296.56303432109945,300.89923095703125,24645500,297.22586618414766,270.5662975085179,46.352356525587766,3.6961106974216023,329.5344397041992,290.5384403413737,7.993757867819389,895227200,48.88579400240701,26.602814160413313
2021-05-13 00:00:00-04:00,304.409985357884,307.174816202193,301.1180474575004,303.594482421875,18079200,297.47561584052914,270.8949361643722,48.67483191931171,2.9665442974919074,328.74920947147746,292.4826508800851,7.871031251915275,913306400,49.01441525400518,25.182070734101114
2021-05-14 00:00:00-04:00,307.8511119510919,315.1212250694298,307.3935999271378,314.2161865234375,19245700,298.13210880848635,271.3259933818753,56.6411527084536,3.208455344993695,328.78472988503745,294.4110220680875,8.132153494460955,932552100,49.569366513358695,23.89462042530256
2021-05-17 00:00:00-04:00,311.83921761913547,313.9576009137946,309.87996498545834,313.7388000488281,15401300,298.7441359159507,271.74801135866096,56.21880550855379,3.3233410868568285,328.7336902950532,296.109026176301,7.861015497569397,917150800,54.11109034511357,22.69913085284676
2021-05-18 00:00:00-04:00,313.8680854795205,314.7731240121736,308.11962332297765,308.268798828125,14522400,299.117652108585,272.1114022787551,51.481906217560685,2.939125076843254,328.35404447717025,297.33602306840265,7.774764439828436,902628400,46.76061569640447,21.341694588152073
2021-05-19 00:00:00-04:00,302.5302918171374,312.94316699121623,301.9136794951593,311.8789978027344,19106200,299.6180970377673,272.50709974665546,54.22338334689743,2.892599915099595,328.2871208110702,298.2635505756485,8.007244658130473,921734600,32.057109730877585,20.362759235574973
2021-05-20 00:00:00-04:00,311.86905802262356,317.50813520357633,311.45136658763187,316.8716125488281,17320200,300.2947054891815,272.9485376849855,57.77655479775965,3.221455737751228,325.63447084020873,299.4707985282808,7.867924940831472,939054800,39.888205979739894,18.975330996412158
2021-05-21 00:00:00-04:00,317.5479098640775,318.18440213650007,314.0868863887468,314.5046081542969,13600900,300.85195657408804,273.36203092348615,55.57413121955569,3.2535737013732273,323.7952900328228,300.1364197653543,7.598609998468744,925453900,46.07530510265414,17.775811959713497
2021-05-24 00:00:00-04:00,316.4737799793434,324.17156977308395,316.29476937627396,322.8587646484375,16445400,301.7149686554351,273.85453573666973,61.19637565747744,3.9080880233859716,324.3736127971334,299.8299435179708,7.746349399920052,941899300,54.181829650755226,17.408702560328248
2021-05-25 00:00:00-04:00,325.2953779169199,327.38392600031057,323.02781923094193,326.00152587890625,16437000,302.66738266419867,274.3734112604731,63.08882858647627,4.627052128551497,326.6949783378137,298.7590499824988,7.516264539345267,958336300,60.67157823415589,17.430759085250546
2021-05-26 00:00:00-04:00,326.558491127582,328.0303966545791,324.04229630935697,325.87225341796875,9686900,303.5773775957191,274.88583755059744,62.95282594677985,5.127300822283871,329.0015990703351,298.12857264190444,7.264252811193613,948649400,59.19372006524248,17.524402131839963
2021-05-27 00:00:00-04:00,326.21042537330953,331.9588883624914,324.9772005507052,330.93450927734375,20477700,304.65020628911617,275.4435357767342,66.04015768633047,5.864629459177763,332.0152596516172,296.8029898601015,7.244069596950224,969127100,60.07401509611136,18.04857121385704
2021-05-28 00:00:00-04:00,329.19400491560157,331.0537970056305,326.53855955773355,326.9364013671875,12037400,305.52417472355035,275.9559025985298,61.669058762273224,6.056537823350823,333.7009784842066,296.3969259754288,7.049153014874989,957089700,62.90028246703891,18.535299647158613
2021-06-01 00:00:00-04:00,328.3486217236382,329.6117117444085,324.85779370703636,327.3341979980469,11765900,306.37946975392276,276.4671294184255,61.9389905977573,6.169606069841564,335.2367655557697,297.9322896200116,6.8852076593390725,968855600,64.53467764274379,18.66591457809668
2021-06-02 00:00:00-04:00,328.57739529583836,330.0592558896743,325.3351726988382,327.3540954589844,11654300,307.20200409529775,276.97346738897835,61.953423094115536,6.1894706636074375,336.3371091323905,299.83148624521374,6.730841625874574,980509900,73.46574085546365,18.84537009407236
2021-06-03 00:00:00-04:00,324.00245628023436,325.5937323240213,321.71501783364863,324.26104736328125,12610800,307.8709861842383,277.44399057280225,58.25538862965763,5.887759934124574,335.6067970542177,303.67670717755317,6.652858482978943,967899100,66.83289307623986,18.3040116969176
2021-06-04 00:00:00-04:00,324.1218444968438,330.646049923069,323.40577168903513,328.5475769042969,13289400,308.6818328791426,277.9524839691356,61.67005064636963,5.926225281144923,335.31574844747126,307.29483504862253,6.694817036625722,981188500,65.9948340985635,18.495205892994807
2021-06-07 00:00:00-04:00,327.68229375520013,335.84748964570963,327.13527646857375,334.7435302734375,20136700,309.7038602279385,278.51756900698933,65.99938455193094,6.383090704626227,337.62559503771496,307.72196762504547,6.838916760947876,1001325200,66.94454288484215,19.283680812824496
2021-06-08 00:00:00-04:00,334.8629167649455,336.4541625981363,330.42722946927324,331.859375,14580500,310.57270394448994,279.04833324572576,62.46268115407702,6.438216861271883,338.6781132566342,309.08552606628245,6.780917930084674,986744700,73.76249160884558,20.083350300859426
2021-06-09 00:00:00-04:00,333.9081563683372,334.96237046507883,328.1994841443509,328.4481201171875,13727900,311.2737006571448,279.539873413601,58.47165687063184,6.135913980684222,337.5659496204118,312.8882658743799,6.779629957987765,973016800,75.27770365982016,20.356434246670883
2021-06-10 00:00:00-04:00,328.98515544504045,332.11796237667755,326.7573566716644,330.6460266113281,13240200,312.0333997141716,280.04839235089185,60.234640916081645,6.004473621002148,336.7886115247251,316.167874477879,6.678271082775291,986257000,68.17968116446805,20.309756504420076
2021-06-11 00:00:00-04:00,330.76538101929896,331.0140169823558,327.13530202888313,329.4526062011719,13587900,312.71650585091675,280.53997656830757,58.77559242696943,5.7378646042473065,336.33024414532537,318.30370767759126,6.478302787825106,972669100,61.43991848079233,20.26641288661575
2021-06-14 00:00:00-04:00,330.08910188074947,334.9822710385307,328.0105088503334,334.9325256347656,12250800,313.5877223130285,281.0811959620037,63.18530245503196,5.900738695745986,335.425018386693,321.9326557669528,6.513549887851693,984919900,60.71702988792812,20.786461901858083
2021-06-15 00:00:00-04:00,335.1513089759976,338.0653454074698,333.2020116057869,334.9126281738281,15795200,314.42399313109905,281.6168321034149,63.15888455873214,5.959514454928069,336.13507941597754,322.82977654105366,6.39567731026821,969124700,60.68514061895967,21.660405256282168
2021-06-16 00:00:00-04:00,334.86298348968796,335.70832162536175,326.92651128807955,329.27362060546875,17232200,315.0063314634273,282.0910290039329,56.011472032867594,5.487813782681087,336.0918072418226,323.3093280120836,6.566115383626352,951892500,53.65040236312978,21.121791900933413
2021-06-17 00:00:00-04:00,328.68674700948833,336.1359001721822,328.3486057840396,334.6739196777344,17794100,315.7776094326158,282.61424184645824,60.608875265309784,5.4865016289055575,336.7802832501641,323.7944075050442,6.653342455377511,969686600,53.07667549622956,20.684949571821498
2021-06-18 00:00:00-04:00,332.7047518019587,334.3159079773421,327.2049255440902,327.861328125,23039500,316.2514807538858,283.06446161042385,53.07311659002882,4.879494756311658,336.67398679094754,323.4909464772817,6.711603289539416,946647100,50.29596099852473,20.042186747450874
2021-06-21 00:00:00-04:00,329.28352496641276,331.10355723787274,325.8622916391355,330.47698974609375,11337500,316.8093438516194,283.536228059535,55.367650088518246,4.5569695608759275,336.6924679239302,323.9445437948198,6.606579168767832,957984600,50.38198734219579,19.1644529365034
2021-06-22 00:00:00-04:00,330.8748018188682,338.065364909717,330.7852965128913,337.1802062988281,15345300,317.60820120249036,284.0699989872892,60.67446244135444,4.787077129218403,337.9809349732466,323.9688778522742,6.676707454114648,973329900,51.312311623022815,19.432019454676293
2021-06-23 00:00:00-04:00,337.4984647797305,341.54626557201067,336.3547454115595,338.731689453125,14817800,318.4365732907506,284.6138964048597,61.80640152177004,5.036572289040805,339.43612338019307,324.03070197787986,6.570622647424398,988147700,57.638207807709634,20.128038058459254
2021-06-24 00:00:00-04:00,339.9848261669618,343.01817281341425,339.92515596317435,341.30755615234375,12329100,319.3334745794405,285.17801242224766,63.67581458726814,5.380131113465609,340.8523244022438,324.88736879437073,6.407469841200459,1000476800,57.553430814517526,20.95490333341097
2021-06-25 00:00:00-04:00,340.72079106111335,342.2424420140805,337.82666466996574,339.5074462890625,14594400,320.1246107249159,285.71860380400705,61.41357104522144,5.444390589508487,341.86799298107684,325.33301613350653,6.265206091408623,985882400,49.402240823178566,21.233954639304336
2021-06-28 00:00:00-04:00,340.5914741149882,356.18594455485567,339.90523643898126,353.6995849609375,29156100,321.44127638123047,286.39503147721035,70.35567843345248,6.564828413913801,347.87734955503817,321.8511335178785,7.009012675293233,1015038500,52.99887458222627,22.947598806520684
2021-06-29 00:00:00-04:00,354.32610807976357,354.7935448789886,347.1455006422825,349.97003173828125,21417300,322.5600511011148,287.0276185444847,66.02545465834905,7.070337239615924,350.9696539443521,321.17358336033544,7.054657786822722,993621200,60.58619113497027,24.538839818935863
2021-06-30 00:00:00-04:00,350.2485231441706,350.9944310362178,345.27580386385563,345.8128356933594,15107500,323.4719250066931,287.6125460783044,61.482960905183766,7.054189344606812,352.27576597025137,322.18276674459236,6.9592270286469695,978513700,59.91166965863761,25.596912209137052
2021-07-01 00:00:00-04:00,344.92774629340033,352.7349225130348,344.6094849393575,352.4564514160156,17137000,324.6085731011763,288.2577590667393,65.56075457840649,7.491123281155126,355.06055092865233,322.3060384268164,7.042527781863421,995650700,66.2177201382919,26.748196375451773
2021-07-02 00:00:00-04:00,353.16255148737247,354.49523669587467,350.69607164340135,352.7647399902344,11521300,325.71273650859035,288.89961957344076,65.74200204330555,7.7726743338738515,357.22885106708054,323.2460227935966,6.810859015478413,1007172000,66.21264153356402,27.986732534776486
2021-07-06 00:00:00-04:00,354.55492943491265,356.83244365104207,347.27486020545564,350.855224609375,13488500,326.6987164341113,289.51609325539033,63.51240050101833,7.752359266916869,358.8135060773288,323.7843943132962,7.007053617628985,993683500,60.05356933932761,28.328700071080902
2021-07-07 00:00:00-04:00,353.32169179873597,354.54496142704244,348.09038093294333,348.57769775390625,14218900,327.55671570155425,290.103770912092,60.861157309875786,7.466413875367152,359.72257785720547,324.69733181076333,6.967591251662566,979464600,60.59494158918247,28.646241354792146
2021-07-08 00:00:00-04:00,343.84364910647594,346.4294387823738,340.69093181242584,343.7640686035156,14406500,328.19229816829784,290.63770422245443,55.58028559148643,6.773302039502198,359.2687424100549,327.0832269909867,7.033246586649555,965058100,53.78682124474386,27.38059344570242
2021-07-09 00:00:00-04:00,343.43587711924016,348.7964524939026,343.38613171790126,348.508056640625,13018700,328.9889945789773,291.21352862462527,59.32602585800332,6.531514865764848,359.7149198244532,328.4816011716406,6.917323314460398,978076800,61.988046821847334,26.546650182608005
2021-07-12 00:00:00-04:00,349.31369170695757,352.25753337837625,347.7323704268386,351.233154296875,10018600,329.8613145679145,291.81073883031934,61.342615503961646,6.48503396016423,358.9770705934073,332.33569389226983,6.746454717108773,988095400,66.84773827998886,26.241270638425267
2021-07-13 00:00:00-04:00,349.5821985415113,356.534051041985,346.89691773518723,350.1689758300781,11456000,330.65769344094053,292.39141780544134,60.08971057689564,6.289822045773576,357.67121465772874,336.26714797247956,6.952931759229415,976639400,66.34437963957669,26.47911885505526
2021-07-14 00:00:00-04:00,352.62545782260054,353.2619804421077,344.83819299069097,345.7332763671875,13894200,331.2488927713816,292.92218256724976,55.04319314724076,5.711354383091248,356.9248658343297,338.15390613832653,7.057992880099937,962745200,59.70389605235552,26.270286261474553
2021-07-15 00:00:00-04:00,347.3245290598735,347.3245290598735,338.36368004855217,342.5805358886719,14781600,331.693270932844,293.41629553562217,51.71852294215808,4.941551653266629,356.3805234384701,339.2114280589257,7.19391117518718,947963600,53.37594011143374,24.87720328778902
2021-07-16 00:00:00-04:00,343.02809257408524,344.10218648251487,338.2841297559985,339.2985534667969,11026100,331.99151730672446,293.8728354155344,48.438560358168516,4.020305313872541,356.6981438321117,338.62594064054457,7.09563585742498,936937500,54.252160652764125,23.569939674440217
2021-07-19 00:00:00-04:00,335.72818461461065,337.93607324066693,332.71471787441885,335.111572265625,14372300,332.11387240315196,294.28317110558504,44.556327281717586,2.918711472785162,357.6441366434111,337.09383129278683,7.059078695635911,922565200,43.54681686884652,22.32399387265539
2021-07-20 00:00:00-04:00,336.9514263597222,341.5760792976772,332.6749001720778,339.79583740234375,11024300,332.415125932532,294.7360334567966,49.43872892310759,2.396051278021446,356.7740086987179,336.11012622966746,7.190657297776162,933589500,40.22182497458045,20.878495497758884
2021-07-21 00:00:00-04:00,339.63673885096557,344.62933825849467,339.3881028781611,344.3409423828125,9279700,332.8828050090136,295.22961464014,53.69919567568157,2.321826721842058,356.26698487575993,335.8666048052296,7.0514128751016925,942869200,46.67575189048678,19.99325602237369
2021-07-22 00:00:00-04:00,344.7884621721828,349.62196117141843,343.3264814666753,349.27386474609375,12385400,333.5255916653697,295.7673683725376,57.8504312355844,2.6307234920276983,356.62014939702243,335.97491082433174,6.997417648647508,955254600,45.18199458810214,19.845812846422156
2021-07-23 00:00:00-04:00,358.9408451511835,373.28215129486944,355.2411406027535,367.77239990234375,33694300,334.8686037530942,296.4838363479586,69.05503646946637,4.318423498318111,361.98997980378266,332.6472068824152,8.212479712942377,988948900,51.76264796948593,21.731231382753037
2021-07-26 00:00:00-04:00,367.56350425409687,372.3970031677145,366.2109391809965,370.42779541015625,14925200,336.2630818572927,297.21959713464713,70.27649845181527,5.803309201894592,367.04884253677466,329.9434182054128,8.067735732497779,1003874100,59.12511672882407,23.481977166488857
2021-07-27 00:00:00-04:00,369.88082822906966,371.1140529618555,362.56096928832943,365.8031921386719,15705400,337.42151755460173,297.902020965533,65.43240189868895,6.5316323929897635,369.95292988911694,329.03239319031013,8.102403442571228,988168700,58.47426513726871,24.5004248139075
2021-07-28 00:00:00-04:00,372.5163315284677,375.4900078438117,364.92795731067633,371.2433166503906,29676900,338.7478626171817,298.6317851017007,68.20848781869822,7.461791465090414,374.1429325888483,327.8644730101101,8.278092520468668,1017845600,68.25087055211513,25.756608624733794
2021-07-29 00:00:00-04:00,359.0303299512922,363.5256572281753,354.79356343675454,356.3649597167969,33413200,339.4387291701078,299.20624455060715,55.16100614742692,6.918636436106681,374.7847596133545,328.90276480070804,8.861782569980628,984432400,56.78732260663727,25.417920064241567
2021-07-30 00:00:00-04:00,352.0685183462641,358.7618092965766,351.01430430698514,354.35595703125,15976200,340.02371849799573,299.7549979086235,53.668159479367304,6.2539804420603105,375.13334238332214,329.3339020828237,8.782191314238544,968456200,51.276729494838776,24.617540645957366
2021-08-02 00:00:00-04:00,356.14616279780716,357.43905767705485,348.8263041961637,350.02972412109375,13180400,340.4161108753721,300.2552439405884,50.49875437861989,5.3168555371732396,375.0749939483952,329.2317931609798,8.770088611856588,955275800,46.26205043727247,23.598100439185238
2021-08-03 00:00:00-04:00,350.8054688803486,351.8397726485123,345.80291444698844,349.3235778808594,12406100,340.76542330695986,300.74348606934734,49.979923192393485,4.465719167602913,375.04201957104067,329.1520478117718,8.574857868261391,942869700,46.53348223395059,22.27338816152355
2021-08-04 00:00:00-04:00,350.4971652615517,358.5131864540638,349.59212669451705,356.9617004394531,14180600,341.4005714298027,301.30287128696034,55.326458560922234,4.357291969136668,375.6434538035911,330.0477367888568,8.618768632900181,957050300,52.404259120716894,21.73747223248457
2021-08-05 00:00:00-04:00,357.6777455007857,361.91448143466397,354.95267485996175,360.98956298828125,10247200,342.168767177194,301.8967687168242,57.88302988313791,4.543997108488327,376.5073239799745,331.638403559088,8.500414200171756,967297500,56.733280006781584,21.563664596987998
2021-08-06 00:00:00-04:00,359.4281385557844,363.15767796460426,359.4281385557844,361.5266418457031,8925000,342.92789951713553,302.49010078775837,58.22631769815104,4.68133651844721,376.79453003077043,334.31494262547955,8.159637429360904,976222500,61.62893456855542,21.520482692955614
2021-08-09 00:00:00-04:00,361.77525630545534,363.7842238212254,358.781669805547,359.636962890625,7798900,343.58315690433125,303.05872628131925,56.48192051530666,4.584846435605982,375.44992010155585,338.92960463802746,7.934131471240726,968423600,57.83685250521679,21.3822831682814
2021-08-10 00:00:00-04:00,359.85579995887605,362.1134339987709,357.08104437709414,359.1596374511719,7469900,344.1939992787172,303.61694430290987,56.025335395081,4.418922587091856,374.20081610190465,342.7605486441891,7.726864196271872,960953700,54.34709741284997,20.98775114070714
2021-08-11 00:00:00-04:00,360.12430994411307,360.38287068900274,355.8577086161565,357.9959716796875,8400300,344.7352530983631,304.15802915243006,54.86100976407689,4.145739138968452,373.19518909819396,345.5868462208165,7.498171187455754,952553400,49.938495712952445,20.426314203710273
2021-08-12 00:00:00-04:00,356.4942596715252,361.0194221057003,355.1615441867664,360.67132568359375,7170700,345.3601971213133,304.7203505109491,57.06997467421653,4.097880185462941,372.8546963481533,347.44700042919044,7.381007382561338,959724100,43.15742225605517,19.789903403768047
2021-08-13 00:00:00-04:00,360.98957958442526,362.6703611056754,359.50771897202475,361.19842529296875,7195700,345.9813041084371,305.28232140430254,57.51114684363969,4.05573219716274,371.7716856560354,347.6534811733917,7.079695579067717,966919800,40.75205123458038,19.420754197885802
2021-08-16 00:00:00-04:00,360.5420016552899,364.94785368529455,355.43006238800007,364.5599670410156,11222100,346.70987912540096,305.8721487240709,60.31227914068007,4.244648275151633,370.29673975152144,348.34604996202023,7.253845273226772,978141900,47.812131407818725,18.378967544692443
2021-08-17 00:00:00-04:00,360.99951431358426,362.68029573975326,353.1326693253965,356.4942321777344,12328700,347.0935792451003,306.3758510469929,51.533426693323754,3.700866942315372,369.18151341064515,348.2200816414381,7.551949019111942,965813200,34.884624560591874,17.089579818998523
2021-08-18 00:00:00-04:00,354.30624304886953,357.89653174325144,353.21223875450477,353.5106201171875,10042400,347.3452279067508,306.84485372430834,48.709036813800374,2.994643375379326,365.85456706783805,349.18266844648485,7.347116445514423,955770800,40.49281233932022,15.892291216568452
2021-08-19 00:00:00-04:00,349.43298421446457,355.61904811260365,349.08488780029035,353.1824035644531,12004500,347.57413675607245,307.30592387197146,48.39481432648389,2.3810248059049854,365.9068624272191,348.7060322667913,7.289048150285772,943766300,41.6345127978791,15.443111941165624
2021-08-20 00:00:00-04:00,352.6652470773066,358.02582252156475,351.3822770423487,357.4092102050781,8697700,347.9598259109354,307.80446403448997,52.632643559861506,2.210316487125567,365.9647469156823,349.05524820150515,7.242940816637936,952464000,49.21469101777121,14.59372722313012
2021-08-23 00:00:00-04:00,357.478822809275,363.69472150553156,357.14068156232685,361.36749267578125,10942000,348.48561676445877,308.3374294936073,56.2555117474036,2.3671422864613874,365.89765175572484,350.63404583542103,7.193733611392706,963406000,57.66761561544447,14.206334028412412
2021-08-24 00:00:00-04:00,361.67586516608566,365.9523921131364,359.8657878494527,363.5157775878906,9235100,349.07503483596594,308.8864677831027,58.127371837384345,2.6344086773746653,365.5908396980823,352.83315118733435,7.1146529436992045,972641100,56.161236188872245,14.171356285271102
2021-08-25 00:00:00-04:00,363.6052191837835,368.83649893066274,363.4062982834473,366.3800048828125,9684500,349.7536611123129,309.45854277911974,60.55110692570307,3.042269039338919,367.0137071184083,352.66605769278965,6.994334922521793,982325600,56.035475734838066,14.535935510718598
2021-08-26 00:00:00-04:00,366.37005143739486,367.4242654417327,362.1432402696599,362.3918762207031,7888700,350.2492773910733,309.9852426143594,55.715230174624615,3.0090067055604663,367.2006282536074,352.6661116552467,6.87195565463258,974436900,49.56103309639524,14.623240769707095
2021-08-27 00:00:00-04:00,363.10794915779354,371.70079184764745,362.0934950523393,370.59686279296875,11219100,351.04722191663785,310.58834331265405,62.37322600724909,3.6031846412075765,369.53784219708217,351.5382605047408,7.067337164680836,985656000,56.79539880808678,15.288496881599082
2021-08-30 00:00:00-04:00,370.5272873911762,379.40855747992185,368.49840925783377,378.5830993652344,13547300,352.1270602479554,311.26490804949566,67.49569146619021,4.664725432550995,374.4988148201942,349.1034394115767,7.341823668781354,999203300,64.17151697524585,16.767710870287875
2021-08-31 00:00:00-04:00,377.8769558844131,380.67162173352347,376.73320615203545,377.31005859375,12345400,353.1146288105356,311.9220737265529,65.95431025057331,5.341704561575682,377.7642723103257,348.2580380737889,7.098723091117543,986857900,71.08327586199289,18.265707271618265
2021-09-01 00:00:00-04:00,377.5189151249565,382.2330434956928,376.74317209748,379.9654846191406,11567200,354.16760354812794,312.59912259115583,67.61560385223257,6.023056045753549,381.17967447211305,347.7719043039286,6.983805113052919,998425100,72.05745413623586,19.812227458240606
2021-09-02 00:00:00-04:00,379.4184859530746,379.6671219202785,372.0190771410024,373.232421875,14832900,354.91524348251505,313.2024390019404,59.66553432113553,5.951129199969955,382.4246741262901,348.20171747527246,7.052562424844726,983592200,63.739746783379466,20.225991362832932
2021-09-03 00:00:00-04:00,372.7053516999522,375.1022063029799,371.0742850252651,374.2071228027344,7509600,355.6717877695825,313.80945078105276,60.39156517699305,5.904711042095926,383.6839577053511,348.67692689751345,6.8365166286211565,991101800,57.88413483215861,20.41680411439363
2021-09-07 00:00:00-04:00,373.8291430352128,380.870500060405,371.11402742853414,380.0947570800781,10793800,356.62955127195494,314.4690060676103,64.54331373763429,6.270722216403215,386.00469088791635,348.4274990534899,7.045084914567563,1001895600,65.595220629355,21.27765215603184
2021-09-08 00:00:00-04:00,378.085844523963,378.7919622541611,372.7451481871227,375.5099792480469,11067200,357.36996021219386,315.07637893507734,59.328167942393506,6.120284623161126,386.7668900369753,350.20073284713925,7.066836627309553,990828400,64.89847694324405,22.07701105183875
2021-09-09 00:00:00-04:00,375.57957031976963,377.75759352244705,374.5154010700062,375.9375915527344,9098900,358.0981026177053,315.68196314022816,59.655595393523996,5.966785101500193,386.7228748708013,353.2350108713862,6.793647757676076,999927300,72.06314843782398,22.819272883659448
2021-09-10 00:00:00-04:00,379.27925560774753,381.6960204055468,376.1961937297356,376.62384033203125,11549600,358.8246021359142,316.2883499779575,60.2092256505756,5.833267884855104,385.93378418943513,357.1496264550961,6.719703550185814,1011476900,72.69477818688152,23.970267841783585
2021-09-13 00:00:00-04:00,379.5974937613376,379.66711911589726,372.3075006112386,374.4557189941406,13026300,359.43758711074656,316.86712976916334,57.523459561630766,5.489228843323019,384.96511423779583,360.39116424527714,6.76541176121959,998450600,64.61253290576126,24.122244020306994
2021-09-14 00:00:00-04:00,375.3408647988433,376.52437447741704,373.0633507512849,374.4756164550781,8711600,360.0273137517007,317.44034854215755,57.54217765547259,5.158714533099783,384.2600412749523,362.8439870453602,6.529384044427631,1007162200,58.85463556628807,24.263364757507304
2021-09-15 00:00:00-04:00,374.9430340194429,375.499976151174,365.663953189825,371.8798522949219,17940300,360.4921191847682,317.9820351466627,54.18740503021916,4.633906299686203,383.45325367468,364.76598460657,6.765572538493442,989221900,49.94514719011972,22.869088817507343
2021-09-16 00:00:00-04:00,370.75602021254736,371.5218080710542,367.692808076379,371.0245361328125,11934200,360.90515514351506,318.5098212261269,53.08908682499632,4.10169335972455,382.99395902829866,365.84455008628464,6.58139194421126,977287700,48.69821032363452,21.57440401607881
2021-09-17 00:00:00-04:00,369.38354242272226,369.38354242272226,359.61711433443367,362.73004150390625,26299000,360.97671931451083,318.9498234179456,43.814481450701365,2.976305378135521,382.8907528693419,365.99284494966855,6.926108362366087,950988700,38.62969277331286,21.01519962733383
2021-09-20 00:00:00-04:00,357.3396419290641,359.06021395074765,347.8914740647162,353.7593078613281,19822800,360.6936835712488,319.29618644723297,36.40661419865932,1.3450590577887738,386.6036195579389,360.03497093685274,7.491284010710656,931165900,30.212476684310005,21.828622942234695
2021-09-21 00:00:00-04:00,356.5439954054604,358.07560154092766,353.2520574575571,355.5295715332031,11751900,360.4911693736784,319.6567176421183,38.612338771864444,0.19290637541269007,387.4038350478902,356.160951735964,7.300731158757792,942917800,29.714880885443435,22.583944591785503
2021-09-22 00:00:00-04:00,345.33548823382125,347.9312332361173,338.83116265004304,341.33740234375,43692900,359.7400412548577,319.8724458481047,29.71420461647361,-1.8441145660680718,390.83297071087196,347.93546190631554,7.971993853357956,899224900,20.2174475956284,24.42376323436022
2021-09-23 00:00:00-04:00,343.47565530495694,347.76216729429154,341.12854634758054,344.0723876953125,21806300,359.12562346820886,320.1132412893705,32.92226221344238,-3.200880123900504,391.03586741825507,342.94681894242206,7.876395788597459,921031200,28.969523051868777,26.13216625960817
2021-09-24 00:00:00-04:00,341.3671828251701,352.4165795338746,340.50193462951796,351.0341491699219,18801900,358.80831075062895,320.4209120145501,40.38165272223274,-3.6720416242402507,390.5493064137161,340.47361025295055,8.164842154008829,939833100,35.39046147313809,26.859212237814116
2021-09-27 00:00:00-04:00,347.90136811227455,353.2122284211069,345.1862525817471,351.6507873535156,15205800,358.5276235585853,320.73165704279853,41.007427748330755,-3.950148111293913,389.481539088425,338.5338661850125,8.154923131533897,955038900,36.32585064954947,27.391096978362373
2021-09-28 00:00:00-04:00,346.07145064807685,347.6925621013041,337.0708402711104,338.7913818359375,21710300,357.753653294952,320.9113557969591,33.184800051451134,-5.148843399005557,388.0709278311251,334.4373607430937,8.613853413738992,933328600,35.0074119527699,28.537748596679027
2021-09-29 00:00:00-04:00,341.2777127360052,343.34638092047214,337.03102146421867,337.75701904296875,14452200,356.96947155958014,321.0789743367204,32.64535378201872,-6.111829121876838,386.78790853036014,330.6866520165148,8.449675273918597,918876400,30.677304428799744,29.60546371211562
2021-09-30 00:00:00-04:00,338.5925137625666,340.9296678597718,336.3050443733911,337.5382995605469,16547100,356.20746481452005,321.242748717057,32.52495420938753,-6.8141023492554496,384.4893378636973,327.8653170842193,8.176457289094461,902329300,25.533365735370467,30.65430214249065
2021-10-01 00:00:00-04:00,339.7461335199843,343.13753192509347,336.7923672182882,341.1385192871094,14905300,355.61652577422944,321.44071658342574,36.66561223297734,-6.999465813039933,380.79334139725967,326.82993741133413,8.045650676073807,917234600,30.971998101313886,31.16968972958526
2021-10-04 00:00:00-04:00,333.69931953763825,334.1070861860798,320.9393344262675,324.4500732421875,42885000,354.39431194944353,321.4706604307766,28.067524666568204,-8.396199655052442,378.75873659433347,322.1971227806666,8.913760260700096,874349600,27.748240279784426,32.78421094665693
2021-10-05 00:00:00-04:00,326.7872036441582,333.35119909957797,324.3804245328483,331.143310546875,35377900,353.48250797287227,321.56690570556367,34.683181267990804,-8.860890149075146,374.28255131210153,320.89566727513807,8.917832711130782,909727500,37.24512034668864,34.28340921965205
2021-10-06 00:00:00-04:00,327.94089562536107,332.55559388638125,324.0223902342422,331.81964111328125,26443000,352.6329837823001,321.66892297330213,35.330406671166315,-9.07003279694004,369.2695945542192,320.5672625421349,8.890359206917086,936170500,35.82256508096121,35.69751215877117
2021-10-07 00:00:00-04:00,335.1612867253541,336.99124381786856,327.1850557540026,327.4237365722656,28307500,351.6443858524948,321.7261848001575,33.03885606182307,-9.481199247434404,363.43737792519454,320.58603922975334,8.955775553842008,907863000,44.22636621955579,36.11249559818334
2021-10-08 00:00:00-04:00,329.7012931621719,331.58096555107164,326.9165517345519,328.2492370605469,15946100,350.7269290371243,321.79109079279823,33.9058136303949,-9.629438458899756,359.0511507533606,320.37482580913934,8.649249715461847,923809100,44.93241396635347,36.519945784618905
2021-10-11 00:00:00-04:00,325.8424454924752,328.65699157090205,323.5350961996218,323.6743469238281,14708200,349.66604346405387,321.80982965977364,31.47376791513075,-10.000791601764433,357.0427188935513,318.3719295439487,8.397295833734589,909100900,40.92564994647383,37.176578120664495
2021-10-12 00:00:00-04:00,321.2674957563026,322.61013601191706,315.638373973902,322.0034484863281,31658700,348.58123581786856,321.81175621526177,30.610158808115116,-10.311059704700995,353.77351630467774,317.1709823932389,8.3714870563197,877442200,42.78996851105919,38.34519779871971
2021-10-13 00:00:00-04:00,325.18599076581125,325.21582586606814,320.8995093728485,322.7692565917969,14761500,347.56900133841475,321.82128358219245,31.537365740841523,-10.375552190557414,353.27812842088053,315.19061751010906,8.081832016098266,892203700,41.27502471623295,38.89601360581059
2021-10-14 00:00:00-04:00,326.56843248683583,328.71665103224,325.3153277653209,326.7375183105469,14302200,346.7520804353611,321.8702013406836,36.288157286651085,-9.991284090053966,351.69322868473347,314.4642013282874,7.929372189265757,906505900,40.19632059718249,38.72047124784809
2021-10-15 00:00:00-04:00,326.886693374357,327.2745800776437,320.7503742900774,322.98809814453125,21596400,345.8201595612109,321.88132469196563,33.89487002623531,-9.875457596178705,347.75273559418747,314.6652209487813,7.829003160572938,884909500,34.39564579404875,38.941774678844105
2021-10-18 00:00:00-04:00,327.15522576484267,334.05736281081386,325.713124979467,333.5103454589844,21585000,345.33742175328047,321.9970363413887,44.88132880333453,-8.832787963685519,342.56252390750655,317.4367070495247,8.060450410980772,906494500,41.41777193307609,37.93888170614189
2021-10-19 00:00:00-04:00,337.7968074687159,340.5914732168246,335.4397434360683,338.13494873046875,18786300,345.05497183081724,322.1576125840661,48.90095794250866,-7.546308783081713,342.3999658843619,317.51174065860687,7.990498792899307,925280800,46.92219474282374,36.02512635910796
2021-10-20 00:00:00-04:00,341.5760997489282,342.1032067789748,337.5979243218384,338.920654296875,13639500,344.81441035889793,322.3244090190194,49.573800596079074,-6.3897083111223765,342.68389899048583,317.38295891967044,7.741554768916245,938920300,51.83328731775039,34.03604766919358
2021-10-21 00:00:00-04:00,338.4233722440555,340.4422949988617,335.95689262666303,340.0146484375,16354400,344.6261844011961,322.50043130179034,50.55015070283698,-5.32345247359865,343.29326907244,317.10376868797664,7.50897245486499,955274700,46.72200964163791,32.38761148520199
2021-10-22 00:00:00-04:00,324.5693941392045,327.83149677950917,319.35796368438537,322.8388671875,35224500,343.7717798045806,322.50379882304117,38.08301140907753,-5.797548512876688,341.1460126158775,316.81107153125794,8.448094761882823,920050200,47.92585910665087,32.43423460151531
2021-10-25 00:00:00-04:00,318.5523693336602,327.7618547014814,317.97554727990365,326.8966064453125,38409000,343.1100083002956,322.547508351621,41.738760628247185,-5.7792280500027005,341.1261444298204,317.1571441443984,8.543681380432462,958459200,48.329090272018576,32.58159748795677
2021-10-26 00:00:00-04:00,326.46896633024335,328.4083085820552,307.9107748781777,314.0868835449219,65654000,341.9718465451829,322.4633230301613,34.76122684564703,-6.720872499349014,342.0696386716992,313.93945963559247,9.397527974964252,892805200,43.216654493211564,33.40031922569873
2021-10-27 00:00:00-04:00,312.47573207452166,317.50812148580394,310.3573488353756,310.5164794921875,29971800,340.7383027391831,322.34444896510684,33.10027764377014,-7.666855539375831,342.93771080148963,310.23096595632285,9.237045451783116,862833400,35.02242907602644,34.16056083931626
2021-10-28 00:00:00-04:00,311.28230659311544,323.7439412885501,306.4289271768279,315.1908874511719,50806800,339.7364433161238,322.27326924855026,37.322734533870275,-7.947751525125966,343.0662362800526,308.47139392828075,9.814043213207336,913640200,44.81071161900059,33.891168466696676
2021-10-29 00:00:00-04:00,318.44303251124734,324.22133048224697,317.8562552178407,321.8045959472656,37059400,339.0332336153843,322.2686058326171,42.82163387478209,-7.549664778944134,342.68888183005333,307.98946289650917,9.758071771626462,950699600,51.40471495528398,33.568794383762516
2021-11-01 00:00:00-04:00,324.26112083892315,331.63069521606604,324.22133058226905,328.17962646484375,31518900,338.60760196242194,322.3274219583109,47.59435140849252,-6.643187944733427,343.01951233311274,308.25953633225186,9.76293087856746,982218500,59.135097718620536,32.20906442336658
2021-11-02 00:00:00-04:00,329.57196057182244,332.9633588937457,322.03330085591364,326.2899475097656,28353000,338.1245566897687,322.3668500732507,46.35908872165034,-6.008023071671516,343.1973647363642,308.6532171321254,9.846297104229217,953865500,53.70526112299376,31.161386698519653
2021-11-03 00:00:00-04:00,325.7031371872556,330.33771490661394,321.43656616635116,329.81060791015625,20786500,337.7985194827251,322.44091731540897,49.01414893962226,-5.1610688734105,343.6809073842315,309.108521326706,9.778786506803044,974652000,54.41313904064526,30.248823176037543
2021-11-04 00:00:00-04:00,332.18762097337896,335.42981348009806,330.8350254737025,334.017578125,22495300,337.65024727261823,322.55610797023076,52.067245898648046,-4.103086406085538,344.58130596814163,309.17879738472294,9.481673582741527,997147300,59.59012156235711,28.674501012998263
2021-11-05 00:00:00-04:00,338.45323502144527,344.8978904739189,337.7869075994529,339.2687683105469,26872800,337.7137186858704,322.7224030979951,55.63811483839392,-2.8085255817720736,346.55335644487946,309.3775029301205,9.581576351754196,1024020100,60.16335206343273,27.175109667684364
2021-11-08 00:00:00-05:00,342.54080290556595,342.9087792703864,336.4939593586197,336.7724304199219,18342500,337.6768054205391,322.8622043648799,53.59407837472604,-1.9614006014991787,347.09867382932146,309.2671302071369,9.355379463183661,1005677600,55.730195595250336,25.620209230640217
2021-11-09 00:00:00-05:00,338.1449658234423,339.44781605779366,332.6451386227687,333.54022216796875,17556700,337.5145864694579,322.968453298244,50.98241450288524,-1.5331865247860037,346.27966128268196,309.47351254544304,9.17304360402947,988120900,51.993532560923136,23.881892025432656
2021-11-10 00:00:00-05:00,330.6759002347253,331.37209312333584,323.7340030561134,325.8523864746094,21872600,337.0572452931894,322.99714915074514,45.32488732386383,-1.7934935966342778,344.44681359512487,309.56392452336473,9.218270426017032,966248300,51.41284144025547,23.23117337257353
2021-11-11 00:00:00-05:00,328.02048108238193,330.64606123344623,325.21585995993814,325.9518127441406,12376600,336.6217381344032,323.02654878849035,45.40926099742456,-1.9690677699245498,342.06325736236516,310.0724359970098,8.947694057980678,978624900,57.12719579199614,22.626934623490055
2021-11-12 00:00:00-05:00,328.37847357263126,339.9947381897874,327.98066211197477,339.0300598144531,25414300,336.71618212185615,323.18578770417156,55.202088694028944,-1.0409073955837584,344.2708498027138,310.02366924025495,9.311639157099687,1004039200,55.86290162844121,21.124192153387913
2021-11-15 00:00:00-05:00,342.46123328916383,351.72043431066385,341.3274690574854,345.6636657714844,25076600,337.0670638336063,323.4094481824533,59.20000808181906,0.22732251701717132,347.8500760599861,308.9467175598055,9.552977395607618,1029115800,68.64576202726364,20.863731470144156
2021-11-16 00:00:00-05:00,341.95402399236764,344.75864514195973,339.01018247599006,341.0887756347656,18181100,337.22477802188706,323.58536188844647,55.520058531362515,0.8534108704902792,349.0063145062984,311.39073139213906,9.345870674170953,1010934700,70.49090957917116,20.343110859520543
2021-11-17 00:00:00-05:00,342.3617740288277,345.40507586011915,338.2443781663447,338.91070556640625,13602800,337.2908928275545,323.7378528703167,53.80523095141534,1.1604612745047689,348.10204555630753,316.08089715202584,9.189786889856919,997331900,62.974403976019545,19.76488306325832
2021-11-18 00:00:00-05:00,337.8664505228223,340.59149106099784,333.4705531875881,336.8420715332031,17487200,337.2732919924819,323.86824310576833,52.15750914520982,1.2227839613317428,346.8711120241376,320.1986552284666,9.04201196011069,979844700,54.881069636728036,18.644762471556138
2021-11-19 00:00:00-05:00,340.33289315722004,350.17887049456425,338.04542425593485,343.41595458984375,26488500,337.51418072179024,324.06274769764974,56.69598988704174,1.7820897408703331,347.5809878553353,322.370293882946,9.348782460200008,1006333200,54.321181739913776,18.53596208729176
2021-11-22 00:00:00-05:00,347.1454936695556,351.89941171570973,338.65211165577995,339.1493835449219,27116800,337.57830632269736,324.21286347722463,53.17057859195031,1.8596303139524366,347.9169794895232,323.49693652610176,9.627248003037849,979216400,54.30295634234916,18.586473981505357
2021-11-23 00:00:00-05:00,337.08073848662684,339.5372630006256,331.6803726863649,335.409912109375,17225000,337.49327125550826,324.32427689645004,50.2229318609796,1.6008836932870167,347.44965306659583,325.1802582289771,9.500793882410912,961991400,47.93577649572351,17.777538716492636
2021-11-24 00:00:00-05:00,334.1667677476818,339.9152305740603,330.9941701138962,339.19915771484375,13566200,337.5601687637175,324.4722856608122,53.06249337472667,1.6821942958425211,347.58750266280504,326.29421527339287,9.459384352250424,975557600,46.3313956891666,16.94564301562908
2021-11-26 00:00:00-05:00,333.96783008940685,335.9072028383767,330.0891149425384,331.3024597167969,14750700,337.31476840893635,324.54024759171756,47.04011792713593,1.0967928558827111,347.6877462631054,325.83195588533215,9.434431382254347,960806900,38.429123774467406,16.061366197880247
2021-11-29 00:00:00-05:00,335.0519046965654,338.81127937579345,333.48050835833396,336.1856689453125,16650900,337.2704899985982,324.6561224310569,50.761700872164546,1.0151896962984779,347.401395751315,325.70722648175786,9.296887687735936,977457800,44.8893490101819,15.570806257050554
2021-11-30 00:00:00-05:00,333.1721982090698,333.9777763199374,321.6653182881593,322.689697265625,25390000,336.6986942051483,324.6365560115003,41.981204006676336,-0.13691524587272852,348.47553535524594,322.75538912392074,9.669992185551454,952067800,43.72971265759467,15.168659897030922
2021-12-01 00:00:00-05:00,328.48790585194627,328.69675156795597,308.59702829866603,308.90533447265625,30329600,335.6087585293643,324.4800264439496,35.27058205323401,-2.1376085687124373,352.5120780617808,315.43419472467747,10.41497297724706,921738200,42.619897849383186,15.906074905088913
2021-12-02 00:00:00-05:00,309.70094079170354,312.8834931696331,305.5238749406234,308.69647216796875,24396200,334.55337475048606,324.32297615264633,35.17882335426691,-3.6974045061406855,354.9935709888906,310.6652465566823,10.196733352372963,897342000,37.00405020007595,16.813806284218895
2021-12-03 00:00:00-05:00,312.0182542421115,312.03813419280635,297.86588427329247,305.16583251953125,27471000,333.400922113978,324.13235780803825,33.58808806711821,-5.158977654073624,357.42498363286256,305.46236988276246,10.480698821454457,869871000,28.396062012811754,18.172085319216034
2021-12-06 00:00:00-05:00,306.4488031901516,318.35349435992003,304.66856118970094,316.1356506347656,21758300,332.723852644205,324.05278858243355,42.31586620004708,-5.370207847346194,356.61667123646373,303.2180943885363,10.709572703509073,891629300,27.00895445092229,18.634154093094576
2021-12-07 00:00:00-05:00,319.81548136128475,324.75836563706474,319.24858406793527,321.0487060546875,18794000,332.2660037583416,324.02289721399825,45.754294672138144,-5.082577989804179,353.9071478819063,302.6456231141874,10.560511439136933,910423300,33.325759062670016,18.328365112834458
2021-12-08 00:00:00-05:00,323.2267773839781,330.93449284467295,321.3073148825398,328.7564392089844,19937700,332.12837377601386,324.0699971343464,50.71743560890403,-4.184443941076154,352.1628999313236,302.7455595413326,10.512316821340397,930361000,39.31981006035404,17.399563527828718
2021-12-09 00:00:00-05:00,327.7420062161899,334.29604689329693,326.2104001076286,328.0204772949219,16879200,331.9672797963632,324.1093053946506,50.24472529684218,-3.4918009052619254,350.6759757882253,302.780453248233,10.338983247363823,913481800,45.1297837265102,16.2043622731506
2021-12-10 00:00:00-05:00,330.74550198606573,333.20202652192404,324.5892730956167,327.9508361816406,14528000,331.809772203629,324.1475295815859,50.197048066710664,-2.9148946736434596,349.48522175823575,302.7857092313476,10.215681117288359,898953800,37.49101780216263,15.253852309818255
2021-12-13 00:00:00-05:00,329.1442842940237,339.2289426907626,327.791688937125,332.6649475097656,22948700,331.8433084901441,324.232280008732,53.419201953791465,-2.053629973993452,347.2108092264073,303.62665415249893,10.302936305599019,921902500,46.48240931028416,14.563600505556485
2021-12-14 00:00:00-05:00,326.26011023347246,333.86839525555865,325.8622987485897,331.9190673828125,20461000,331.8462794271115,324.3087654552403,52.836722052684024,-1.4149471570560195,345.79236251820134,304.08105870575696,10.138876319982586,901441500,45.99053207971137,13.714104144601913
2021-12-15 00:00:00-05:00,330.6758574273119,340.2433639004546,322.2123103516454,339.79583740234375,24681300,332.1580267986892,324.46286567361943,58.040061987162986,-0.2700835563925921,346.775437652103,303.6827736109179,10.702603264898773,926122800,48.04610874797427,13.548033822767053
2021-12-16 00:00:00-05:00,337.13051011068535,342.58059138671905,331.91907931287415,333.07275390625,22635000,332.1938984499661,324.5485362032974,52.69611838158375,0.09365287243201692,345.5073885384964,304.1339688833786,10.699668179823496,903487800,54.394086894476544,13.610032037208246
2021-12-17 00:00:00-05:00,330.9841919527616,335.27067365821455,328.9453891340822,331.96881103515625,40012600,332.18507149252264,324.62236978371385,51.851887285332396,0.28950046800576956,345.61007789143,304.12012637289286,10.387212204416986,863475200,45.2558739680695,13.302190478830687
2021-12-20 00:00:00-05:00,327.98070895608845,328.1000493762234,320.7702651792267,323.6743469238281,17901800,331.8513175878679,324.6129367204314,45.90161182648395,-0.222023486998296,343.8747682923485,304.1872597024432,10.445164608096453,845573400,46.3279193262511,12.600391107500098
2021-12-21 00:00:00-05:00,324.62905154942786,334.16672312996747,321.98356134918737,332.3765563964844,16116800,331.87191518820583,324.69018666745677,52.110814522429344,0.07393341202237025,344.93018593138345,304.4234232808561,10.569307263288142,861690200,53.58889896495588,12.083522275500524
2021-12-22 00:00:00-05:00,331.97873137210485,332.68487937195124,326.468980189946,328.64703369140625,16764600,331.74544924715485,324.7295582796354,49.4891913054364,0.00745414661042787,344.462995259034,307.5228405157056,10.258349543196504,844925600,54.690030389374606,11.603572645786633
2021-12-23 00:00:00-05:00,328.2989187380859,334.8330788736841,326.56839186475736,333.4108581542969,13987700,331.8107594003761,324.81593937291564,52.75848127531511,0.3353044895911239,343.92491516963224,311.3561720699511,10.115945076462948,858913300,61.76112374544956,11.387050956070363
2021-12-27 00:00:00-05:00,337.00117545379527,345.97194967670947,336.1657622970974,344.2911682128906,17795000,332.30018719694533,325.0097227444577,59.246398748574606,1.4562911220752994,343.56060551258656,316.93719315277804,10.29059839403078,876708300,61.46638021758235,12.225428625644403
2021-12-28 00:00:00-05:00,344.7387602974753,350.78557391436567,343.31656979077076,344.33099365234375,16637600,332.77198352852963,325.2019741962775,59.2684491449457,2.3211380501366534,344.8892451277628,319.36793260661216,10.089055946142505,893345900,61.34823279927006,13.382616999891635
2021-12-29 00:00:00-05:00,345.0171876921152,347.7820181971321,339.77595287769236,341.06884765625,10747000,333.0973507492246,325.3598535341877,56.56851787142766,2.7120447883864927,345.47517933905476,321.45135060886196,9.940270901378023,882598900,56.07663699487924,13.981982819220942
2021-12-30 00:00:00-05:00,342.1231188831466,345.3355067688135,341.347375816001,342.48114013671875,10593300,333.4653424899106,325.53021459490947,57.47177691754594,3.1000657665012454,346.89684837797665,321.85964169363797,9.535012916462701,893192200,55.12264384611665,14.53853679431244
2021-12-31 00:00:00-05:00,341.1484220561163,341.5661438294916,334.4352510380069,334.51483154296875,12870500,333.5064989233639,325.619613768522,51.02545857951387,2.733253416901732,346.86075003324527,322.7616539381089,9.428646929480497,880321700,55.39622363571313,14.142304551391453
2022-01-03 00:00:00-05:00,336.4541599398024,339.21899052706925,335.35023087541833,336.69287109375,14537900,333.6314546947516,325.7297954334497,52.59116288414625,2.5884633816150995,346.8929864355062,323.8950221907958,9.091183504810497,894859600,53.9645769009117,13.774374611536249
2022-01-04 00:00:00-05:00,338.09523187687694,341.2180841336555,330.0592996707732,334.6938781738281,15998000,333.67311836059775,325.8189902865878,50.98025197470101,2.286061914412528,346.9440836309364,324.11444908390735,9.23886928752991,878861600,54.861408476849505,12.811877120932753
2022-01-05 00:00:00-05:00,331.2029639466268,333.92803458580966,322.0730591855578,322.4012756347656,20564500,333.2310853125259,325.7849831756244,42.38286744290125,1.0424792299905334,347.9779583379605,321.81153547714365,9.480437123297085,858297100,45.90465363654676,12.784818910258176
2022-01-06 00:00:00-05:00,321.05864006441004,337.3194374299447,320.9591796131852,330.6460266113281,27962800,333.1297104614986,325.83335176702445,48.639132127064286,0.7139831394143812,347.2497251025967,321.31979394037205,9.971852887115828,886259900,46.94197443583041,12.336285585921246
2022-01-07 00:00:00-05:00,330.9245042382811,335.16127066586523,327.0855796234997,329.9797058105469,14722000,333.00618086734363,325.8746090211889,48.18377222807168,0.3953240514143772,347.2113699801771,320.9457426500312,9.836412755347949,871537900,58.573483763088035,11.919790356179812
2022-01-10 00:00:00-05:00,323.5350481198207,326.548514684697,313.70895030796646,326.2799987792969,24942400,332.74240902075354,325.8786427501253,45.62941010079342,-0.15397606904326722,347.37140952912443,320.0271948003026,10.296008665864552,846595500,56.89841851624608,12.830689480067463
2022-01-11 00:00:00-05:00,324.9970395656272,332.8042148938141,323.5052237838489,332.5456237792969,16226800,332.73469195246116,325.94498086981855,50.422826721791964,-0.08276276092277612,346.9035084029918,321.6779328404978,10.224793126157454,862822300,56.91940068538111,12.882734184843546
2022-01-12 00:00:00-05:00,333.3512187263961,334.5347284011931,328.2293236868936,331.44171142578125,14104900,332.68398683376785,325.9996747061963,49.59324619846617,-0.11408707750848635,346.8875563627983,321.5692388845975,9.944836811024741,848717400,63.59280542494118,12.721235192182416
2022-01-13 00:00:00-05:00,333.1523230114227,333.79877046934536,323.98262713673137,324.6986999511719,14797100,332.37083832856797,325.98672968375826,44.75008210660224,-0.6752328326085149,347.22743109026,320.70291965843796,9.935644419709687,833920300,57.43472121214741,12.979789294321181
2022-01-14 00:00:00-05:00,320.0342871593772,330.9145997541933,319.45743470604043,330.089111328125,16868500,332.2813588383545,326.02754940161265,49.03489866880376,-0.6771776553076734,347.14580358209383,320.3416475897812,10.044324464598487,850788800,49.94619550279298,13.628653690246963
2022-01-18 00:00:00-05:00,321.52609355289695,322.4410569090777,315.906926804408,316.41412353515625,22645600,331.65911431666046,325.93189342284194,40.4618375545003,-1.7618664696215092,346.5896024613822,317.1809094201282,10.339885897392668,828143200,41.67146177894663,14.535362643751554
2022-01-19 00:00:00-05:00,317.8362972909692,325.3152861632207,317.58766133858995,317.84625244140625,20814700,331.11743345880734,325.8514392837232,41.613130061165634,-2.4773717365241055,344.7824960919716,315.45671696141386,10.23711994958351,848957900,48.341087680119706,14.967013329096773
2022-01-20 00:00:00-05:00,322.1327735262741,326.0313990944483,314.2560025809042,314.83282470703125,16925000,330.4788213508945,325.74180132773625,39.86626578730392,-3.2501080271640035,343.6384782719383,313.102598388218,10.346996847009269,832032900,42.9456468189975,15.672549687658078
2022-01-21 00:00:00-05:00,313.09234364850283,316.5732470863481,301.38657358533396,301.515869140625,28710700,329.343019303433,325.50074727612326,33.2279083111287,-4.880811171542064,344.1460938093047,307.1329467180391,10.692688036581044,803322200,40.75547051821394,17.308126529838304
2022-01-24 00:00:00-05:00,296.21491813031736,307.84113743833797,287.43310983809533,307.0256042480469,38878100,328.467826556163,325.31691500718716,37.83978847229137,-5.663282786955165,343.8180972200754,303.7957130012787,11.386640862556872,842200300,32.62559695872527,19.59811891010576
2022-01-25 00:00:00-05:00,298.313469040386,304.5592038134467,295.9563743911163,298.5123596191406,25108500,327.2931023625543,325.0502030132763,33.93917118041858,-6.8909107433658505,343.64165842951644,298.88141692855646,11.36396864786928,817091800,31.8952827307252,21.724540406068396
2022-01-26 00:00:00-05:00,305.3348869221545,305.83215879800514,289.26305625253366,293.0224304199219,28348800,325.9491544432354,324.7315187088648,31.671843459515827,-8.212141690994315,343.67345967096054,293.29342265325823,11.735763926269438,788743000,31.347675541180394,24.021219590467815
2022-01-27 00:00:00-05:00,296.12545726130645,300.06384275378633,292.6545086332904,293.0324401855469,21629900,324.6583029037182,324.4161049922149,31.680805309143125,-9.15290998272178,344.5940824520457,288.4569551456105,11.426733225857046,810372900,22.61081483276743,26.15385026169585
2022-01-28 00:00:00-05:00,294.00704393685675,300.2527780127815,291.4311790437914,300.0638122558594,21871600,323.6938130743904,324.17379362170396,37.84756404338585,-9.2247653169822,342.5991623950552,286.3742466218719,11.240652207509404,832244500,23.913287987435453,28.195199650810647
2022-01-31 00:00:00-05:00,299.0394626065473,312.07794935580847,297.6868974256556,311.55084228515625,21579500,323.21761814147925,324.04819211586766,46.365101336136334,-8.259592424769664,340.1386306910197,286.37759652252197,11.465680759126794,853824000,31.200324189169194,28.303435738136155
2022-02-01 00:00:00-05:00,312.84371380550573,317.9158935557531,310.4170243618747,317.2594909667969,18023800,322.9839660954133,323.9806428507028,50.03010623006371,-6.953885649432152,338.73675222246584,286.5767406160759,11.182337075894763,871847800,31.43879477872487,27.670427918788878
2022-02-02 00:00:00-05:00,326.03134867637175,326.21035927220396,315.14108216390014,321.2376403808594,58458300,322.91548273405823,323.95334929378896,52.46763086138961,-5.534304198123607,336.2348337028109,287.5709280159391,11.17426136392398,930306100,40.21769142393933,26.160823812041535
2022-02-03 00:00:00-05:00,243.31517589258192,246.6469042582201,234.46374064062655,236.4627685546875,188119900,319.52518021722017,323.0827962516089,24.755105520917866,-11.121695352626375,348.5537677661782,262.5881349030926,16.574235533660325,742186200,29.462151382775758,28.303399039967342
2022-02-04 00:00:00-05:00,233.68797383394778,241.28628837701393,228.85449002935758,235.79640197753906,89342200,316.24169871762484,322.2142749155485,24.64491538268966,-15.425695495754269,353.5673323431565,245.72093059629663,16.27834716323147,652844000,26.70341044357548,30.412662869582157
2022-02-07 00:00:00-05:00,236.40307051414118,236.9998028953755,222.78776275627348,223.682861328125,88613800,312.6119403886249,321.2338628400518,22.66948312039338,-19.588306309317716,355.7797351986088,229.32102774084433,16.130753804365078,564230200,24.762789347790047,32.499670929737114
2022-02-08 00:00:00-05:00,219.64502597912997,224.53818013701914,214.97065751734357,218.97866821289062,94729700,308.9400473621255,320.216398216896,21.93419879067956,-23.001645784301274,357.613936368875,214.49543252760944,15.661951576887256,469500500,19.48963484570092,34.598663737689
2022-02-09 00:00:00-05:00,222.9767167093453,232.0966815254651,220.99758426160028,230.73416137695312,86563300,305.8731498725109,319.32602770107565,28.20135255327945,-24.476027447804142,354.6272805307725,205.86714289045142,15.480241700864914,556063800,27.667563650979886,35.91216433995326
2022-02-10 00:00:00-05:00,227.02454356513454,233.71781985918588,225.46310233543514,226.8256378173828,49310400,302.7732474389765,318.4056258116857,27.41334897834163,-25.66403174222023,350.77872005263066,197.98141178330684,14.964132831071044,506753400,32.721055364063645,36.994850624810745
2022-02-11 00:00:00-05:00,227.2134855483474,229.16278291797863,217.57635359972844,218.3520965576172,46156900,299.46261407108005,317.4100683066701,25.7345027158253,-26.978288748684548,348.55119057656907,189.12043824830076,14.722868294440984,460596500,32.95067025759003,38.215606564763945
2022-02-14 00:00:00-05:00,218.1133925964559,219.7941740022052,213.60811051534026,216.51217651367188,38184000,296.20965573549546,316.40610918435175,25.37116710571175,-27.84730664900772,343.7339095873289,181.8692622062909,14.113096522471267,422412500,32.83270943874068,39.455151066545774
2022-02-15 00:00:00-05:00,219.2670976522134,219.94338022860828,213.88661144225017,219.79420471191406,42685500,293.21297138162953,315.44479670203896,27.341796164378962,-27.94899869015319,338.75128866939446,176.35612913659514,13.537644541320327,465098000,37.124181513649646,40.591634731683904
2022-02-16 00:00:00-05:00,211.25107965808647,216.27352953600044,211.2013494265158,215.35853576660156,45817500,290.15985625947155,314.4489135086515,26.329870846003573,-28.0640073711308,333.77098307656547,170.98124877564806,13.184445308754466,419280500,36.52666368789929,41.72569794193964
2022-02-17 00:00:00-05:00,212.85229080407169,216.3132993444326,206.0297190085316,206.57672119140625,38747500,286.8820862568023,313.3755583612163,24.40414344126917,-28.534839752583167,327.9193231476935,165.30547950530132,12.97724066783636,380533000,33.22450674442928,42.930304912786255
2022-02-18 00:00:00-05:00,208.2475440165722,209.6001243107233,204.0605075725601,205.03517150878906,37128400,283.6724033255077,312.2975445616897,24.07132753755272,-28.70151478677792,318.6950842222544,161.8592329977977,12.445981815716847,343404600,29.995701414964827,44.10682555535743
2022-02-22 00:00:00-05:00,201.23599292222798,206.3479475506558,198.96843422638275,200.9774169921875,39852400,280.4294626849853,311.18988160079914,23.17538454295311,-28.828713367180455,303.5400065670485,162.2711872806077,12.084091209185146,303552200,27.066181917990065,45.34935532529313
2022-02-23 00:00:00-05:00,203.04608560408667,205.81091642302894,196.9694217878785,197.3672332763672,44481400,277.17212035523556,310.05731793587944,22.377357954655366,-28.8878298919239,281.2420339551858,168.58352553374655,11.852477168182668,259070800,19.3447044362688,46.56199828801673
2022-02-24 00:00:00-05:00,190.01752330495032,207.21319295641632,189.18211021089195,206.46728515625,49957200,274.3993817199812,309.0265713410573,29.012797860456416,-27.879010154317143,240.82581298928199,193.69703246970238,12.29380613799279,309028000,29.033829166592568,47.90977661116944
2022-02-25 00:00:00-05:00,203.82182240264416,210.16701712627747,202.07141548548458,209.3315887451172,37627600,271.84770356410417,308.0345814644808,31.01181215210937,-26.54242334819918,236.91532106199125,193.99003375571706,11.993934388192798,346655600,36.29848610339861,48.77647082237724
2022-02-28 00:00:00-05:00,206.54685787368695,211.9870139048231,205.70150471309748,209.8785858154297,34239800,269.417542083764,307.0579048908584,31.409052431553434,-25.149127100210592,232.34266517141688,195.10698082467687,11.586189731302285,380895400,44.37899841223932,49.33945706712602
2022-03-01 00:00:00-05:00,208.72490956556254,210.5946568294758,201.1166553063998,202.37973022460938,27094900,266.78860828536574,306.0163310135823,28.948151912528132,-24.36911279806037,230.91739758282094,193.69183093280404,11.435604859286125,353800500,49.5085799968522,50.03023927135145
2022-03-02 00:00:00-05:00,203.6627000498682,208.00885206704032,200.9177643298967,206.9745330810547,29452100,264.44295827735357,305.0308404868905,32.440994753249754,-23.113742814402173,229.93181110533033,193.07686605938324,11.125282207704517,383252600,43.66385735081339,50.67908404752945
2022-03-03 00:00:00-05:00,207.87957305774057,207.9392432644674,200.32103324460556,201.86257934570312,27263500,261.98882577023,304.0042906247892,30.636531754355687,-22.274577537553824,225.42044401783554,193.73868887604468,10.87477705143004,355989100,35.86467054867482,51.30525232038739
2022-03-04 00:00:00-05:00,201.2658541779682,204.7666531289031,197.7053850181569,198.9684600830078,32130900,259.517438880535,302.95915798258244,29.63163011485493,-21.594140438043752,221.42822573274114,194.01661679655572,10.602383555666908,323858200,37.115566972653724,51.99343635739978
2022-03-07 00:00:00-05:00,199.69444388427246,199.79390433496397,186.25816254490502,186.44712829589844,38560600,256.6519365046669,301.79983430410795,25.703428300168042,-21.81380005605405,221.7300266048893,189.46082015617839,10.811909143837768,285297600,37.43011741973739,53.04531111997425
2022-03-08 00:00:00-05:00,186.8250652943482,195.62676912026828,185.09455355992876,189.25173950195312,37508100,254.00879152416832,300.67995276378804,28.005631224360727,-21.513578064484506,220.7062916787579,186.84983014741397,10.791931030730751,322805700,29.39466392314891,54.059944643982774
2022-03-09 00:00:00-05:00,194.67202600359832,198.01369407263957,192.8619488440806,197.41696166992188,31894700,251.78950407890378,299.65246031509287,34.38072100582761,-20.381835669491068,217.12028417688256,187.45220524369037,10.646932712156158,354700400,36.54993064346441,54.59573518960449
2022-03-10 00:00:00-05:00,193.77690594394141,195.209051411464,190.02748682957696,194.1448974609375,24853000,249.52893127035608,298.6026338190316,33.115244075819916,-19.523890645418135,214.44234469633983,187.3016596168112,10.414257149883927,329847400,37.780249947204005,55.20771394176743
2022-03-11 00:00:00-05:00,191.5889345627671,192.50391312145888,185.65150631922032,186.5863800048828,34694500,247.06059592661205,297.4880442288411,30.33734590452471,-19.232175672676846,214.46555364057366,184.6130718477076,10.277052435014875,295152900,38.216085826078995,55.94652641261366
2022-03-14 00:00:00-04:00,186.00955161751997,191.2408472712281,184.80616195014525,185.6117401123047,31010500,244.65083687507058,296.3748471729552,29.98802190234892,-18.862203013980633,214.36143942265025,182.1273952127664,10.002597641162586,264142400,39.11719329563914,56.66530553672653
2022-03-15 00:00:00-04:00,189.7589541826665,191.23087471181054,184.8956357587048,190.98223876953125,31721700,242.546185968971,295.32616450227437,34.4659099328227,-17.928968667542676,214.01140178459497,181.1447424211342,9.740643449158526,295864100,46.8313580747819,57.33274329483134
2022-03-16 00:00:00-04:00,193.6376968960136,202.61842721960824,193.45868627586606,202.51898193359375,40640300,240.97649169307385,294.4027099493522,42.91273353754833,-16.073173429553037,214.5371972303307,181.30584679636203,9.876039520652702,336504400,45.69768809026523,55.91185180335941
2022-03-17 00:00:00-04:00,200.59949491665893,206.9048993906148,200.0127176773221,206.70599365234375,29499700,239.63255059343737,293.5301058070934,45.65068570005017,-14.102026101090445,214.5862441702141,181.2886276559578,9.662906820126988,366004100,44.61958621122606,53.952249220345
2022-03-18 00:00:00-04:00,205.5722289791128,215.61712882457456,204.87605125751972,215.30882263183594,52128000,238.6786789086687,292.75178458146894,50.865023438538245,-11.710707493804563,216.2913600402996,180.38047630410142,9.73991901633612,418132100,46.942053891578205,50.98632095808769
2022-03-21 00:00:00-04:00,213.32966169557758,213.53852258706053,206.49715011422617,210.33609008789062,30142300,237.56720483726565,291.9317279198413,47.99840188739303,-10.100397135547098,216.40156261665112,180.33127429741137,9.673615694998523,387989800,46.54645240650266,48.23224471456304
2022-03-22 00:00:00-04:00,210.21673554100374,218.26260708204245,209.03322589300686,215.46792602539062,31998800,236.70056645248624,291.1708940701453,51.06351316591464,-8.314276499327747,219.13659569120367,179.34133399629636,9.641884658858313,419988600,47.00553275661227,45.09000855814902
2022-03-23 00:00:00-04:00,212.16605355697845,215.61712212921574,211.00243900654777,212.29534912109375,23717300,235.74349910615715,290.38606277711995,49.1353333159265,-7.073227702640253,220.20712278595437,178.98024904021753,9.282798834844717,396271300,47.25302334936721,42.17221784147887
2022-03-24 00:00:00-04:00,213.82693641441747,219.46599845135205,213.61807552021898,218.37200927734375,31502300,235.06226421090958,289.66950503085354,52.810834916883856,-5.535541622085759,223.33783298911223,178.05079616127838,9.131931013088545,427773600,54.31892225706615,39.336402812396
2022-03-25 00:00:00-04:00,219.30687591888375,224.26965557869622,217.6957196130265,220.6097412109375,40039000,234.49549860306755,288.98234320179967,54.12545416070649,-4.089210189659951,226.82258798958046,177.45154531120082,8.949217081130056,467812600,62.72295508703017,37.25800234612466
2022-03-28 00:00:00-04:00,220.91803062720783,222.81759785048743,218.34215051798094,222.37005615234375,26224100,234.01999105598034,288.31953437543694,55.18316242813308,-2.7690198676226316,229.63080159296396,179.43305542201,8.629662099085516,494036700,69.7554990339757,35.328059056015555
2022-03-29 00:00:00-04:00,224.8365357013117,229.63022917231166,224.0607775359655,228.60585021972656,31417900,233.80767180749982,287.7253683639374,58.80650068816885,-1.2056846769745562,233.51280007804456,180.79827169929916,8.531841450577115,525454600,70.03857429841156,34.2786160040582
2022-03-30 00:00:00-04:00,227.66104085602697,229.88880941182103,225.47304737778563,226.60682678222656,25588000,233.52528572807734,287.11722367158205,57.209709170948706,-0.12657567444998108,236.58172501722913,181.62132877508856,8.237835777966993,499866600,69.29826580344624,33.33084674047384
2022-03-31 00:00:00-04:00,227.2035584606741,227.24334871629463,221.04732908726598,221.14678955078125,24192300,233.03985450543826,286.4608014415244,52.97831555193715,0.28476402900184894,237.75749341577412,184.0458126551894,8.09199176732854,475674300,70.12386634913643,31.760012853427195
2022-04-01 00:00:00-04:00,223.32483326114888,226.03993382837436,221.48492099668766,223.62319946289062,19544800,232.67057391553445,285.83555167059274,54.61781291145572,0.8013419203759611,237.50259261335012,189.23895605201446,7.863502660918867,495219100,75.86637706586835,30.301381386883886
2022-04-04 00:00:00-04:00,224.74701556757384,233.0713579334283,224.62767516142972,232.61386108398438,28054800,232.66834988292464,285.30598261002945,60.06221636675546,1.9141398629315063,237.39280988401455,195.61568824424066,7.976692361605923,523273900,75.98408566966734,29.759785938319187
2022-04-05 00:00:00-04:00,232.80281100735016,235.56764151553008,229.75950945342072,230.5750274658203,29727200,232.5862588077441,284.76139599167914,58.35259525521549,2.601534545103732,236.1013842341119,202.18615238698186,7.821795197356169,493546700,75.67039876339491,29.51508985707299
2022-04-06 00:00:00-04:00,225.67196927274887,227.7406224908944,220.2019775977746,222.0816650390625,28995100,232.1743139540703,284.13771707672777,51.74491863659437,2.4329113299120593,234.91710743521466,205.9787869332749,8.004027673833994,464551600,68.84715625523644,27.828822983155966
2022-04-07 00:00:00-04:00,222.70818443526176,224.28952060062414,217.3674891193529,221.73353576660156,21037200,231.76487167220878,283.5167799492639,51.48756133418225,2.2453026429426473,233.9167376200383,208.98282903035232,7.926742231508082,443514400,61.20433253175558,25.891535307163924
2022-04-08 00:00:00-04:00,221.16668885085986,223.9016847182283,218.829504493985,221.11695861816406,18375700,231.3473064544031,282.89588620467583,51.0037208399499,2.0235426439551816,233.87021275626233,209.8037720256387,7.722844945274882,425138700,67.64583126804536,24.09262532231417
2022-04-11 00:00:00-04:00,217.22827396049752,219.40632750094295,214.04573655745332,215.2789764404297,20516600,230.71717586561985,282.2230811323948,46.54385059151279,1.3610307599838336,233.14652400579428,211.18651228977865,7.6763004535203,404622100,61.300134910065005,22.9519971190425
2022-04-12 00:00:00-04:00,219.03834218534894,220.81856899309665,211.96713483071343,212.97161865234375,20128800,230.02127166117765,281.5340118539863,44.87372419587291,0.6423956910423669,233.44692063343268,210.55327467906733,7.760238575581937,384493300,61.840223330403475,22.151502497039132
2022-04-13 00:00:00-04:00,210.6642839254778,215.4281422520734,210.17695197963874,213.81698608398438,19231800,229.38580948167987,280.86021060254353,45.6433069203909,0.13947848694792242,233.22494964913787,210.97813059174754,7.581020839642846,403725100,55.30980473099461,21.630508538486144
2022-04-14 00:00:00-04:00,213.7175421790079,213.8170026411372,208.85422302138844,209.03323364257812,18379500,228.5876692526955,280.1455143143847,42.06463679489975,-0.6377443433459007,234.28567675233435,208.67223340391567,7.394003609650412,385345600,47.05629910704809,21.31273638180839
2022-04-18 00:00:00-04:00,208.85420736648305,212.21577041740994,207.1634858657661,209.62001037597656,16580800,227.84383949282417,279.4437680065398,42.658521748158805,-1.1926034670560455,234.85892836210886,206.6336843494797,7.226737962649943,401926400,40.47288914033897,21.23189189605826
2022-04-19 00:00:00-04:00,209.37139711238183,217.23822824260787,207.85968605555487,216.1243438720703,20089900,227.3842514292652,278.81372398530135,48.910338147250656,-1.0948670205074222,234.59408344991817,206.06576762430058,7.380438264393018,422016300,38.00010839247487,20.265557141206422
2022-04-20 00:00:00-04:00,212.444512890301,212.9915150441562,197.83466127237705,199.32647705078125,43036500,226.28394655167762,278.02280610535587,37.530065452418555,-2.3458165364994557,235.33674133572868,201.41919331596404,8.15967000262875,378979800,36.44130617900116,20.571124796196163
2022-04-21 00:00:00-04:00,200.5000624418113,201.86258277030788,184.56746442741826,187.04388427734375,49954100,224.74512058013514,277.1175432015946,31.718589188968224,-4.2789802071776535,238.1800591191446,193.30081653189708,8.812202026933099,329025700,34.44395085320902,21.967175445118965
2022-04-22 00:00:00-04:00,189.33132356267862,191.66850787413009,182.27007074766703,183.10548400878906,36426800,223.11219365576864,276.1820998265418,30.108637894233723,-6.058978201842422,240.663885983682,185.74481559509405,8.854075962613809,292598900,27.79247824626819,23.422027215654648
2022-04-25 00:00:00-04:00,181.73300554384406,186.15872293548028,180.66885144487202,185.9697723388672,29281100,221.65562811392937,275.28446472716195,32.78086496862217,-7.156025103504078,240.6552034023158,180.73304122659044,8.613775643184841,321880000,19.797522853540457,24.884432941617014
2022-04-26 00:00:00-04:00,185.61174024473186,186.16868242264508,178.52063710146584,179.9627227783203,31747400,220.0206122184153,274.33598968289493,30.175141438872572,-8.413179477402252,238.36260061051473,176.00549224430296,8.544794905898726,290132600,11.010745532468206,26.393181902635934
2022-04-27 00:00:00-04:00,173.47825537502277,180.22127581951437,168.07789021050326,173.99542236328125,71062900,218.2157028123316,273.3375760777247,27.810235042906015,-9.778276760973426,236.01601278568717,170.80813272212532,8.801837098978183,219069700,10.217330129265662,28.428872233747548
2022-04-28 00:00:00-04:00,201.81283243101302,207.3922239317568,191.8474989920062,204.6074981689453,100890600,217.68204772827724,272.653694705498,49.62250174508069,-8.294375118180199,233.31193079201466,171.18232579978223,10.558620275370853,319960300,29.408919591197517,26.82736049795078
2022-04-29 00:00:00-04:00,203.34444084157775,211.32067153701624,198.80930816950078,199.37620544433594,49193400,216.96417156027954,271.92456545911836,47.008519287940366,-7.454562423160837,230.03248221753006,171.48079699796472,10.698101924809752,270766900,33.455869993033545,24.985574638539465
2022-05-02 00:00:00-04:00,200.07239396848428,210.7239657841902,199.89338335125444,209.97805786132812,49915300,216.69020631718342,271.30818229894135,52.4726945540424,-5.865905418890918,227.70881777537664,172.31927467254002,10.744506097312932,320682200,41.10058713569629,23.27534491194324
2022-05-03 00:00:00-04:00,209.30174212548286,213.72745905219412,206.9546181229804,210.8731231689453,41556300,216.46208540940938,270.7068384270011,52.91412961333277,-4.482981981674186,226.84894837568612,172.59169696936596,10.460815728162988,362238500,47.19798881453822,21.826165627664043
2022-05-04 00:00:00-04:00,209.5006510938084,223.07618343809847,205.83079711951396,222.1910400390625,41375900,216.68675029684675,270.2240941644346,58.20086293982877,-2.4455530770457585,229.01027593244038,171.65962559750756,10.945427913193097,403614400,52.82751287693191,21.29753676769366
2022-05-05 00:00:00-04:00,217.54652021889862,218.9687105944239,205.03515716702722,207.14358520507812,41129200,216.31250852854208,269.5964274086201,50.14030658471275,-2.021774086363564,227.91457901686428,171.8655357292295,11.38903183882468,362485200,50.77963821278214,20.719286612789507
2022-05-06 00:00:00-04:00,206.20873227913583,208.23761036979332,199.9232226097779,202.65821838378906,34747200,215.77704616992432,268.9303755775273,48.006028643313535,-2.0245203889648735,227.11287703052926,171.8172356810593,11.16941440462402,327738000,49.34060379191225,19.62540254856722
2022-05-09 00:00:00-04:00,198.74963382924452,201.46474939082168,194.51288260894987,195.1394500732422,36303200,214.96772867593677,268.19613751280804,44.5803920177631,-2.6033883785796945,225.66886490006596,171.33050643782468,10.953408788210819,291434800,44.94673088292853,18.3855657467505
2022-05-10 00:00:00-04:00,198.4214310825543,201.85261938499278,193.13046587762958,196.5715789794922,34452500,214.24631104078207,267.4834553383472,45.379891457832684,-2.913005285288449,222.6819432296009,171.7103927892793,10.794033411007417,325887300,50.94809637039177,17.37136990356665
2022-05-11 00:00:00-04:00,195.2588048631205,199.57512172831397,187.24278349189396,187.71022033691406,31153400,213.20568003278726,266.68969180599464,41.40011107068732,-3.8292750009463816,222.3043933583134,170.5391084320512,10.903912327108317,294733900,52.4167794403564,16.995077356409904
2022-05-12 00:00:00-04:00,186.03939255344505,196.96943624419637,183.7718335164568,190.19659423828125,38262200,212.30336294280664,265.9285664570622,42.91292072196672,-4.305168455544248,222.25646398532092,171.0073991331687,11.067747355724835,332996100,52.199231909628544,16.958583836581827
2022-05-13 00:00:00-04:00,191.52926229909409,198.79937563637557,190.23635221953052,197.5363006591797,24549800,211.72426246109578,265.24804639937184,47.24271134353667,-4.043454057843633,222.1773535590653,173.01061844614304,10.891678358751227,357545900,56.31381009129179,16.695724805520754
2022-05-16 00:00:00-04:00,195.97487092994706,204.24946796576893,194.86097148578133,198.94854736328125,27112600,211.22325402588737,264.5883498915501,48.05902254107098,-3.679670059798383,222.24587222616978,174.67260311562708,10.784308224553824,384658500,60.840886227479054,15.795375064300078
2022-05-17 00:00:00-04:00,201.01722386089705,204.33901227890328,197.27774396897362,201.51449584960938,24872700,210.84251841113138,263.9607493538193,49.58536491378615,-3.1480294976365144,221.54789369079674,178.24415139383865,10.518376802080668,409531200,68.98393633149742,14.948681326307565
2022-05-18 00:00:00-04:00,198.90877119206746,199.9033150480278,190.58444397385063,191.1911163330078,23960000,210.07187519238144,263.2366734033635,43.98512861230958,-3.51914446595498,218.50271695687596,183.58208732372302,10.547782164486247,385571200,59.558062585916254,14.87210335029359
2022-05-19 00:00:00-04:00,190.15677155558248,194.22445205611078,188.5655105806461,190.24627685546875,24446900,209.29440074779666,262.5104008008969,43.50087634205862,-3.845171656253683,218.22026785922506,181.94970691291033,10.198579258127562,361124300,52.41318912882628,15.000952908147429
2022-05-20 00:00:00-04:00,193.9062143765109,196.83017570441515,186.84494701761912,192.4840087890625,31465600,208.6351696905914,261.81362078087864,45.0440514855454,-3.878277914277902,218.15431164103654,181.09670357706244,10.183339931603882,392589900,50.17890888608744,14.760353240558516
2022-05-23 00:00:00-04:00,194.1250285432981,195.91521061937755,190.19658312738272,195.1593475341797,25059200,208.10670607661447,261.150394181409,46.91100462717734,-3.6466016306205518,216.41824860389724,180.85693857058195,9.864431900203234,417649100,47.95778348232045,14.536939263511668
2022-05-24 00:00:00-04:00,179.56491124584755,182.67782345597405,175.14913372800441,180.29092407226562,50406300,207.01589109605177,260.34582233952705,38.98450323703268,-4.60961722151896,215.2900228466634,177.9075377815918,10.589130607772665,367242800,37.647481933761405,15.74655559051578
2022-05-25 00:00:00-04:00,179.41570258859892,184.43815201354514,178.34160859633153,182.82699584960938,28030200,206.06730696874033,259.57449073266224,40.82126892512063,-5.109277645579823,208.03633587748092,179.91268552551387,10.268231522732732,395273000,45.32534971772697,16.611465101858297
2022-05-26 00:00:00-04:00,181.88218348281484,191.7778917192253,181.26555597869333,190.58444213867188,23056500,205.46013579893372,258.8880225874484,46.16025200511061,-4.823696477319601,205.10487664825848,180.6362590125488,10.28566753828982,418329500,52.20088539696294,16.410637533078503
2022-05-27 00:00:00-04:00,190.315918692983,194.26425913571137,188.76443265841135,194.0653533935547,22562700,205.01328158695807,258.2430209039271,48.40942133249409,-4.267300117440556,203.3972668107161,181.1981535180599,9.94382174821912,440892200,59.62193371433948,15.910731771485827
2022-05-31 00:00:00-04:00,193.82666071413092,196.52188136940717,190.96236941635186,192.58348083496094,26131100,204.5258384202131,257.589692147022,47.499691347497226,-3.900958898648895,203.12514519922007,181.12947923111847,9.630656762850277,414761100,58.703425742023605,15.162577582338972
2022-06-01 00:00:00-04:00,195.4378352013664,198.4413623185997,183.99063926997889,187.61077880859375,36623500,203.8625027491692,256.89338455161476,44.479015989260986,-3.966166835902385,202.47056224115804,180.5892888330607,9.974947211833884,378137600,57.95163499873206,15.19604879843048
2022-06-02 00:00:00-04:00,187.42180306424953,199.84366237823042,186.70573021108996,197.77500915527344,31951600,203.62377751019292,256.30514201035766,51.29672108641436,-3.161235399133318,203.35466518308667,181.04715773358,10.200874708641496,410089200,66.89255575801931,15.038654195061126
2022-06-03 00:00:00-04:00,194.91069969786824,195.5372671802595,188.7445308558882,189.73907470703125,19465000,203.07927936104934,255.64279308196635,46.441248426530294,-3.1356088402807814,203.3483972237169,180.9924230887831,10.117274965123192,390624200,61.47996364294369,14.89250206336101
2022-06-06 00:00:00-04:00,192.93157907520472,195.84558545496733,187.37206707016938,193.19015502929688,30574200,202.69147056372574,255.02137379786018,48.687549815212996,-2.804497763161095,202.70706157794564,181.05427265057,9.999863780814247,421198400,61.718328790828515,14.913702318378839
2022-06-07 00:00:00-04:00,190.8827998206223,195.4577077440248,190.44521326037568,194.58250427246094,18828700,202.37347188563692,254.4199920115378,49.605872494242774,-2.402049569231906,201.86078361123577,181.31841153850382,9.643623116731023,440027100,61.020935063840646,14.933388269466823
2022-06-08 00:00:00-04:00,193.60785549466925,200.92769906590598,193.3492795488,195.56710815429688,22267200,202.10655566087848,253.8343911771374,50.283469401863904,-1.9808234715143556,200.29363434577436,182.09257577792357,9.496108573900662,462294300,67.13851532558002,14.091800740922945
2022-06-09 00:00:00-04:00,193.21997250766879,198.36176224590696,182.67780192515247,182.99606323242188,23501600,201.35712458525273,253.12953219261288,42.43766490536242,-2.631047936055978,200.62391348211196,180.66962289484115,9.938097984390222,438792700,67.36635916729405,14.555787593224556
2022-06-10 00:00:00-04:00,182.04128869890982,182.10097407377617,174.06505842710433,174.612060546875,27450800,200.30829854453205,252.3482638180284,38.161075401156396,-3.779308936625881,202.39973688293537,176.80923731953857,9.866162757313601,411341900,60.16293135200918,15.754146999093843
2022-06-13 00:00:00-04:00,169.65923400734172,171.63838175860775,163.1350286918285,163.36376953125,31749300,198.85949348518764,251.46284596442865,33.31095042817287,-5.533174144169237,205.83047202996337,169.49580360480226,9.981224835723095,379592600,53.188906622765735,17.632368332447623
2022-06-14 00:00:00-04:00,165.1241084738487,165.8401812350533,160.47959067651584,162.83665466308594,27244300,197.4468331392229,250.58099331466406,33.09865236029509,-6.8862779954693565,206.9758224296907,164.04076082226243,9.651179530209836,352348300,56.754195147547584,19.53881779519214
2022-06-15 00:00:00-04:00,166.287731710114,171.22067597309285,163.08529924081037,168.42601013183594,30008300,196.30876164873712,249.76353079543193,37.637286433671534,-7.422051482650687,207.71529225287588,161.71930247368664,9.56066822876677,382356600,56.710592155654155,20.496213625975997
2022-06-16 00:00:00-04:00,162.826735356929,164.1793157247269,158.73915914932567,159.99227905273438,26944100,194.8845858606586,248.87028450943495,33.90018354879088,-8.430011520425921,209.30447443980592,157.0854913805066,9.56968128260559,355412500,50.38703254293926,21.692687122433874
2022-06-17 00:00:00-04:00,160.79786060057745,164.9948373370969,159.02757356106395,162.8466339111328,31374200,193.6281955881282,248.01432778706382,36.20879299705408,-8.895957469916908,208.98419701734093,153.70739437263302,9.31236574642183,386786700,50.92498527656955,22.6781628023697
2022-06-21 00:00:00-04:00,165.02463821293418,166.84465510818526,155.11899089762466,156.19309997558594,50724900,192.16015262293047,247.10068372923817,33.290062963203226,-9.690402644918805,208.2139714000532,149.42798620085824,9.48474420814603,336061800,41.80517441226007,23.878919891078116
2022-06-22 00:00:00-04:00,157.51585902033707,159.91269815327516,154.59189768808022,154.99966430664062,47267800,190.70287857131126,246.18425567528197,32.77965715626628,-10.2976021072445,206.9690871149704,145.6616949488317,9.187319655078094,288794000,41.55327865704122,25.032477151877398
2022-06-23 00:00:00-04:00,155.41738538150125,158.87839403527929,153.4084023783526,157.88385009765625,40499200,189.4158578468542,245.3056446745096,35.35905075760712,-10.425899091752058,205.64666991644037,143.02052165257004,8.921796226638707,329293200,41.65254787410619,26.1941134170894
2022-06-24 00:00:00-04:00,160.84758472233977,169.32110321150154,160.4199381188969,169.23159790039062,68736000,188.62431824111056,244.5486889852149,44.39908291931422,-9.50236956439025,201.17844469239785,143.68295870929487,9.101471718582035,398029200,51.85278926195633,25.58577856209254
2022-06-27 00:00:00-04:00,170.38527911513302,170.81292573519065,167.09332584841897,168.5652618408203,29174600,187.8376885783541,243.79263498377816,44.009875851706234,-8.723672445831568,198.26904817395533,143.76918017890924,8.717052302024152,368854600,51.279153082096244,24.81015906880255
2022-06-28 00:00:00-04:00,168.97297835077882,170.36534871677802,159.73367351964967,159.80328369140625,27744500,186.738300151415,242.95692004554562,39.14993188513597,-8.71312826006698,193.7974476129804,143.78919789483209,8.85381108024588,341110100,46.19078183765741,24.80588251637243
2022-06-29 00:00:00-04:00,162.67755583334127,165.42249158183432,159.44528810218935,163.0455322265625,28595200,185.8091719974992,242.16178185829207,41.71481805256498,-8.346931328129955,187.642696779985,145.7390191217077,8.648339108774385,369705300,40.617637791205134,24.82844057652039
2022-06-30 00:00:00-04:00,161.26527686322095,164.32847369776013,157.62525795853676,160.3701934814453,35250600,184.81156499686963,241.3479352077762,40.20874945702027,-8.178320511229884,178.6710444092632,150.0177495360493,8.509401725235026,334454700,39.99953598917884,25.02298134306641
2022-07-01 00:00:00-04:00,159.43534671719112,159.74365293008225,154.1543204885406,159.15687561035156,31423900,183.80549874641795,240.5301137192446,39.51202006590013,-8.049806675612217,173.2220396578161,152.28819593788702,8.34557824435429,303030800,39.95167305559645,25.52702057273154
2022-07-05 00:00:00-04:00,157.27716976267692,167.332009072352,156.16328546484507,167.2723388671875,28618600,183.15713953546773,239.80118063613958,46.22406616624249,-7.209996126641471,171.01510333608996,153.51650270232147,8.547231484579479,331649400,45.9799962124002,24.784982629196133
2022-07-06 00:00:00-04:00,167.28227829985403,170.65378146052296,164.55723776928468,168.84371948242188,23085900,182.5958289451522,239.09513624655034,47.4402299465503,-6.344507401000243,171.9710105964335,153.29125543546755,8.372182356483679,354735300,51.08792638604619,23.627018319718445
2022-07-07 00:00:00-04:00,168.52544799817338,171.77761055289295,166.86456163260087,171.25050354003906,24083400,182.15091422338304,238.42006527434626,49.33036274265711,-5.402121695106729,173.47675960994886,152.90735293887926,8.125101396755708,378818700,50.51655331266277,22.393933517676402
2022-07-08 00:00:00-04:00,169.05257893839357,171.45937351286898,167.23256166119782,169.9476776123047,19249200,181.67235592490937,237.7387479841767,48.31743907439602,-4.706151809281664,173.81010975775408,152.7768917884699,7.846652143535382,359569500,51.20304042199339,21.248926201494502
2022-07-11 00:00:00-04:00,166.15845918141326,166.57616580469448,161.02660893732545,161.99131774902344,21885600,180.90055050624719,236.98504221069263,42.5687826980274,-4.741940271768499,173.82263711384618,153.03090292521634,7.923396181495657,337683900,45.63593493210751,20.956935352667415
2022-07-12 00:00:00-04:00,163.90083180592828,165.00477610187934,161.2155664085036,162.37918090820312,16639700,180.17422228671606,236.2426953320609,42.9252790048648,-4.684999809203731,173.80104115530946,152.99017181669575,7.6280971466299485,354323600,49.03764998492578,20.685800993042267
2022-07-13 00:00:00-04:00,159.2861439003452,164.07983728307198,158.73914175720867,162.5979766845703,16555100,179.4849577532986,235.50991206193663,43.13969701927943,-4.56954423034216,173.5117578245352,154.13343870866794,7.464711316575189,370878700,52.47151817867873,20.73379926316155
2022-07-14 00:00:00-04:00,160.34035465219395,161.70287481903668,156.4218496031786,157.18765258789062,23765200,178.61055362916497,234.73058609702076,39.21637504314205,-4.858605807546525,173.17583056768498,154.7610977363515,7.372669585490654,347113500,44.76773970252215,21.051216238437185
2022-07-15 00:00:00-04:00,159.66407010069358,164.07984741911193,158.94801245834853,163.80137634277344,23342800,178.02980157871826,234.024822815884,45.715570407554296,-4.502119327102946,172.98200532008624,155.7439264832992,7.338349960185701,370456300,37.38113264977635,20.890637621643293
2022-07-18 00:00:00-04:00,165.84018911300018,170.75323822305413,164.73624481833002,166.31756591796875,23574300,177.5704982194732,233.35111876714853,47.99386342178832,-3.9707929238668385,172.46536599346936,155.87202821225978,7.310743668763914,394030600,36.286419929751915,19.60929992485412
2022-07-19 00:00:00-04:00,169.44045158197304,175.52707100740975,168.5851431593925,174.82093811035156,25933700,177.46267233284098,232.76872890986698,54.88495756650617,-2.8309286675360283,174.24199043062933,154.92949394437065,7.446369484526563,419964300,44.306913021941426,18.68320117035325
2022-07-20 00:00:00-04:00,176.5215825639572,182.59824572146408,175.7358844723876,182.0910186767578,24784300,177.6441761110338,232.26447308665198,59.79057998983025,-1.3256618840018746,178.72184362119663,153.42133875185027,7.470007922139845,444748600,52.43431398027291,18.686373960210506
2022-07-21 00:00:00-04:00,179.64447363379978,182.84690627929902,177.89406661730672,182.1706085205078,27195800,177.8216832643465,231.76602667305852,59.84206102550941,-0.12486550613039071,182.1856895219886,152.50750302358432,7.290210189272163,471944400,62.058405502088675,18.71763722028246
2022-07-22 00:00:00-04:00,172.1257050729806,174.64189970689227,167.4911272603118,168.346435546875,42583900,177.45010492248485,231.13498596533532,48.279620652883,-0.28543068368742297,182.24342564276768,153.51326584486256,7.818015265766724,429360500,59.58548198133753,17.547726417054374
2022-07-25 00:00:00-04:00,168.0779067193062,169.63934781154686,163.910765657174,165.74072265625,26166300,176.99091346106388,230.48429677818024,46.45752521685609,-0.615839977222862,181.97448958593054,154.66004817448612,7.6687700435243045,403194200,51.73649530050419,16.898061561314442
2022-07-26 00:00:00-04:00,165.03462383848307,165.09429404679975,157.08821229436276,158.2816619873047,28468400,176.25721732483805,229.7658626011566,41.6157236801271,-1.462714320652566,182.26603118884785,153.1697496542511,7.739037209121657,374725800,44.42245190754044,17.03920262390258
2022-07-27 00:00:00-04:00,161.7028727565529,169.93769420430414,161.13599068198246,168.6547393798828,43846600,175.9590809348398,229.15779172333302,49.49825114190666,-1.2820687940667312,182.24983769665636,153.1607457994374,8.018822566827213,418572400,47.34481541932912,16.490443303260438
2022-07-28 00:00:00-04:00,160.18121985863283,160.62876152754336,154.00511144149334,159.84307861328125,73214300,175.32708084379829,228.46809308542208,44.05677054694005,-1.8288514336036883,181.85662554624633,152.03296795961302,8.492451521938802,345358100,41.6694952279186,16.710200313169707
2022-07-29 00:00:00-04:00,156.82963823792085,159.26626788550806,154.32338322942775,158.23194885253906,42065400,174.65668351080774,227.76922597862722,43.12330834753907,-2.364923950524002,181.58326622519263,150.744230112698,8.280111797789852,303292700,39.91788613009175,16.914260393799744
2022-08-01 00:00:00-04:00,156.39201811114253,164.28869859202598,154.3830353145556,159.05738830566406,40596700,174.04494644393935,227.08552610128433,43.780527527062276,-2.692126063525393,181.66633175797043,150.2699739874723,8.396222617767032,343889400,46.43730595131059,16.384121441199337
2022-08-02 00:00:00-04:00,157.446231742076,161.3547968962479,157.14786555712988,159.31597900390625,27374500,173.46733987766356,226.41120224956913,43.99884337261268,-2.897173178256196,181.72111732945777,149.80676149541202,8.09698752643496,371263900,51.03477157820492,15.891849556641818
2022-08-03 00:00:00-04:00,161.80236394260024,168.6149811595746,160.68847953147684,167.8790283203125,31721900,173.24819040482626,225.82879255873078,50.81075325697022,-2.3417141554031105,182.0111593662383,150.22085967673047,8.182845714237345,402985800,56.70093395608261,15.046739042808415
2022-08-04 00:00:00-04:00,167.38173964213652,171.2107245114859,165.88992380784927,169.6393585205078,23938200,173.1066675858334,225.26969371257934,52.10064117567219,-1.7394140599282082,182.17610513514782,151.7161413655032,7.978413927765865,426924000,56.839912176302114,14.573731025604074
2022-08-05 00:00:00-04:00,166.07888652033427,170.6736743492579,164.89537688548177,166.19822692871094,25832700,172.83574834437763,224.68191792368512,49.37492830216994,-1.5222103621361782,182.25062174914723,151.9612048296288,7.821262751766598,401091300,51.641248278115214,13.991820261354915
2022-08-08 00:00:00-04:00,167.08336703262665,176.54147359610243,166.21811873809312,169.3210906982422,27299100,172.6979186327645,224.1310639214419,51.837465569315434,-1.085572060460379,182.48325680371335,152.1290397457658,8.00140446002552,428390400,51.746126106250394,14.151912544205214
2022-08-09 00:00:00-04:00,168.02816493144982,168.60500213233394,165.69099620474026,167.61045837402344,18655100,172.49841038732367,223.56866983639298,50.391484421854344,-0.8675660316154392,181.46736942573642,152.18352982556564,7.689168033845264,409735300,46.96310367802275,14.217242026901388
2022-08-10 00:00:00-04:00,175.02978951718475,179.49528199475273,173.00091142703204,177.36695861816406,30262100,172.68933384735664,223.10895131680863,57.647810734543,0.09141952079127691,179.98191249635616,153.03911208046677,7.988857718622695,439997400,47.24644855090887,15.38533264266835
2022-08-11 00:00:00-04:00,178.7295106191689,182.1010142042522,175.40772209412935,176.52162170410156,24079100,172.83961964566038,222.64539579827425,56.87160558516492,0.7742853761614583,178.06036704234202,154.20745929229338,7.896317318015563,415918300,54.699692355269164,16.692777230795247
2022-08-12 00:00:00-04:00,179.82345812071702,180.46992068191207,177.9338310122196,179.51515197753906,21274000,173.10140522730268,222.21623914334157,58.97804308885922,1.539270608008792,180.53374882471948,153.22323970067114,7.614316008000917,437192300,60.12692467541449,17.906832919770224
2022-08-15 00:00:00-04:00,177.98358320952337,180.45004783498266,177.22772013238097,179.90304565429688,15878700,173.3681362244397,221.79521234245559,59.255736444974,2.1520195518127423,182.91543241900575,152.72986583945777,7.300602557615258,453071000,61.51926076607946,18.90122563944117
2022-08-16 00:00:00-04:00,178.4609485903305,180.00249457322766,176.07403427552808,178.49078369140625,21156700,173.56902436039917,221.36432250513172,57.723626372647345,2.494909997333849,184.22335605203156,154.11649176697884,7.059735253335567,431914300,54.24126993953769,19.599440665645215
2022-08-17 00:00:00-04:00,175.79556329036916,177.1680386425796,173.21969839282943,173.89599609375,20118100,173.5818467813149,220.8920008492971,52.92866240685276,2.3685885722471767,184.75098160649972,154.28770044102632,6.931974542281371,411796200,61.2483890908086,19.697304265649468
2022-08-18 00:00:00-04:00,173.3887699360026,174.801020371913,170.92230545466154,173.70703125,18844500,173.5867559761653,220.42249866422947,52.734650640354545,2.2275522138061206,184.87600817040106,156.01120089535414,6.71388456906495,392951700,64.72522451722054,19.361742494100714
2022-08-19 00:00:00-04:00,169.2713783694662,171.379821876714,166.13857097655264,167.04360961914062,26240800,173.33016200138002,219.89136543990023,46.2909649272186,1.5601134300722777,184.07827156919825,157.98382559877052,6.77492569080655,366710900,55.71538118272027,18.231675297733265
2022-08-22 00:00:00-04:00,164.58709015110873,164.58709015110873,161.37470214126108,162.160400390625,19499700,172.8921321342916,219.31692797672338,42.21955655110761,0.6298684795151814,183.5995831525197,158.8762489601105,6.695924389883193,347211200,49.090527886082064,17.39051038175924
2022-08-23 00:00:00-04:00,161.59349261049059,164.14947778082166,159.82320563884807,160.23097229003906,18111800,172.39561606196796,218.72900801964195,40.696508743148165,-0.2600483926718766,183.43157087239595,159.16626034505194,6.526663515032507,329099400,41.40471449984002,16.828268559144945
2022-08-24 00:00:00-04:00,159.7237569285562,164.55724090526346,158.8982836678131,162.36923217773438,20891500,172.00242453709603,218.16821423017024,43.1443868541392,-0.7837397585558961,183.76929788518999,158.09389384658084,6.464684495205211,349990900,40.67243308099723,16.439283233363312
2022-08-25 00:00:00-04:00,164.27875154641242,167.9585760592434,163.12509217387682,167.85911560058594,15550500,171.83994183370348,217.66762618410473,48.96856469397328,-0.7471683361742123,183.72888448756473,157.89694152154985,6.402160165655483,365541400,47.114175029898604,15.478145808829241
2022-08-26 00:00:00-04:00,167.56074933772192,169.9874388429204,160.78790791534107,160.89730834960938,24023600,171.4108189519743,217.1027473996819,42.95880595416093,-1.2653586168798654,184.12928331530077,156.7897535499336,6.601972362935759,341517800,38.5400703077801,14.951913758832626
2022-08-29 00:00:00-04:00,159.78343540393556,162.1603948486427,158.14242877336173,158.3015594482422,20052700,170.8967303439848,216.51766095240393,40.94124760748996,-1.863996400255445,184.68401740117883,154.76574863072221,6.417400485246132,321465100,38.480440262394396,14.860533850762963
2022-08-30 00:00:00-04:00,159.47513374460485,160.77798393425172,155.05935603198952,156.3025360107422,19567900,170.32440899758316,215.9185054803476,39.406347981834024,-2.4712387395069015,185.3524979028333,152.58954514729692,6.367488157890136,301897200,29.197909112647793,15.211022942705004
2022-08-31 00:00:00-04:00,166.15845721205108,166.9242450912224,161.25534787740136,162.04103088378906,40953000,169.99957064017948,215.38241120575498,45.69975073609998,-2.461064471389534,184.01745577025312,151.8811302486271,6.671361080932284,342850200,32.56436991227136,14.410470940482568
2022-09-01 00:00:00-04:00,162.68749201325986,166.4468667188068,159.47511948455926,164.45777893066406,30145700,169.78224547510044,214.87569844679885,48.14254911843176,-2.2322578419584147,182.6128561972826,151.67721745180592,6.692817234740517,372995900,34.01596034187162,13.937518059781127
2022-09-02 00:00:00-04:00,166.53636952107883,167.01374633389952,158.3512776451919,159.44528198242188,22634200,169.3768743577405,214.3241520143175,43.74673909617466,-2.4274118593070853,180.19790878902316,151.41618219404975,6.833506624309594,350361700,33.489793596972575,13.67032952502052
2022-09-06 00:00:00-04:00,159.22647366039627,160.80779471201183,156.82961938183863,157.6749725341797,19339800,168.91797624701263,213.76047858665444,42.2784595885554,-2.693868759262756,177.0908340344025,151.55951386598812,6.629554389014138,331021900,33.945940308209614,13.65749272357751
2022-09-07 00:00:00-04:00,156.89923731309446,160.08178987494838,155.95442366059075,159.514892578125,16831200,168.54922786784059,213.2207215119427,44.36833110449902,-2.7251576801182864,173.51097056071592,152.60925852457052,6.450826662252959,347853100,39.74543211501608,13.782834530005703
2022-09-08 00:00:00-04:00,157.84406830594708,161.3448518911428,156.87935951342874,161.17578125,22530800,168.2600730985135,212.70286140983384,46.25983367655268,-2.586123320295769,170.92873453585827,153.49546590359483,6.309017070500182,370383900,46.501591908229976,13.624116228863244
2022-09-09 00:00:00-04:00,162.35927882350626,168.61495278210487,162.13053799376215,168.22708129882812,22086800,168.25877930244738,212.26031633410244,53.48994603910755,-1.8852249054821755,168.90780876128463,154.78573168467892,6.389742389186231,392470700,54.446988289568964,13.19105020826942
2022-09-12 00:00:00-04:00,166.4767208549756,170.45489688608853,166.36732040709853,168.0381622314453,23220400,168.25012765260416,211.82029490024516,53.2831096799545,-1.3296743932060053,169.18363074927944,154.64251671165803,6.225301967029358,369250300,61.284295136283205,13.08360871286618
2022-09-13 00:00:00-04:00,160.65862851963632,160.74814901161633,151.8370282365469,152.29452514648438,44444100,167.6244177504034,211.22799868378985,39.55595425182955,-2.135163709246285,169.9608262395865,152.5498711887989,6.937861397591433,324806200,56.888682395064684,13.509239280107513
2022-09-14 00:00:00-04:00,152.49340681271397,152.70225251808156,148.23676044725983,150.6435546875,43064200,166.95850155185818,210.62516839526955,38.437633095774515,-2.873614079404831,170.80936096038803,150.42301412099218,6.761263588536456,281742000,48.0709762036394,14.299977016361463
2022-09-15 00:00:00-04:00,148.98267527499826,153.35866224787844,147.8886709440106,148.73403930664062,34606300,166.24381675792807,210.00933626503445,37.13010975664139,-3.5717503362140803,171.4300373236782,147.9843120415562,6.669029853917268,247135700,41.77537461751653,14.916316167098573
2022-09-16 00:00:00-04:00,147.24222827545472,147.7693353314381,143.50273347764275,145.4918212890625,40122800,165.43001301405099,209.36737094189044,34.95582648239403,-4.33665795379207,171.04946482344124,145.38257863359,6.56633528070874,207012900,40.51015067342091,15.967858475298526
2022-09-19 00:00:00-04:00,144.44757132766873,147.76934453755968,144.3083357792163,147.21240234375,22169500,164.7155969093333,208.74891354290398,37.0621233599443,-4.7492696161496895,171.1506674976767,143.45672182523998,6.3445262433969285,229182400,45.63926485725171,16.9442887964945
2022-09-20 00:00:00-04:00,144.9846015487705,148.0279033081881,144.42765941966596,145.29290771484375,23217400,163.9539228232749,208.11751049983872,35.67421110589329,-5.171540209577387,171.50077165238272,141.3721307727475,6.148506075191586,205965000,45.41679679912315,17.796188044601063
2022-09-21 00:00:00-04:00,145.59129638687241,148.78378932239417,141.22524880888676,141.34458923339844,38338600,163.06728229033857,207.45310332305823,32.94155042697528,-5.758409639306109,172.28231004129933,138.59619948018505,6.249222820785573,167626400,35.49484155862146,18.95885817344971
2022-09-22 00:00:00-04:00,140.77766619687452,143.79113244577894,140.10136857793938,142.04074096679688,34418500,162.24271204235654,206.8022340458815,33.90291922831297,-6.0970512520782165,171.79281779879645,136.4189864004223,6.066404324146573,202044900,27.571338557326897,20.165157201818044
2022-09-23 00:00:00-04:00,140.648404833641,141.84185454910397,138.13220983189828,139.6439208984375,31710700,161.35648493867345,206.1339921240164,32.191733734969446,-6.484086011104097,170.59213547544948,134.3111543194724,5.912270524914574,170334200,27.229817151673103,21.50665063719891
2022-09-26 00:00:00-04:00,139.35548564952038,141.4639290253509,135.44693542815818,135.62594604492188,30497000,160.34744419774202,205.43241952621446,29.50336967234962,-7.033947864625844,170.39424215770782,131.3331361788807,5.919750744363013,139837200,26.748577319131883,23.041204997326027
2022-09-27 00:00:00-04:00,137.16748560349052,138.65930137449425,133.3882159485075,133.66668701171875,30826500,159.30113999436855,204.71833263552298,28.263874780224512,-7.54088652898389,170.1841065616264,128.34216703863402,5.873417507336136,109010700,22.056198872590073,24.677313303061535
2022-09-28 00:00:00-04:00,133.8854895254675,141.25506316735775,133.53740827992252,140.8373565673828,32658500,158.5770700560554,204.08270103285494,38.45492538399527,-7.280105443581959,168.5701111408935,127.4658243246013,6.005148748771786,141669200,23.142068134928707,25.510801407181045
2022-09-29 00:00:00-04:00,138.59965811036108,139.07703500071685,134.4623512591771,135.66575622558594,38985400,157.67858716074286,203.40193541288212,34.63348437764499,-7.405374928796931,166.45038808805612,126.1842107075168,6.031567074445638,102683800,17.17872485118373,26.28475464672059
2022-09-30 00:00:00-04:00,135.30768879580387,140.22073766018366,134.76068666353873,134.939697265625,33166400,156.7868659883853,202.72071911290942,34.12082799928508,-7.477048033064307,161.19060287424423,127.0056780502349,5.990744497459873,69517400,17.932228072321195,26.68670442384585
2022-10-03 00:00:00-04:00,136.39173341822868,138.85819774413116,135.35741456399015,137.8537139892578,27723100,156.0443894393999,202.07527627585816,38.0822420219107,-7.215536475456162,153.64091986540177,130.53076796011908,5.842727067534608,97240500,24.586033104345162,27.059943502605027
2022-10-04 00:00:00-04:00,139.7234635357857,141.61309068030573,138.57972906365285,139.5146026611328,34670700,155.39616250691884,201.45278201103505,40.28623263641881,-6.795927623443163,151.46067468296135,131.00702347784593,5.693916326356988,131911200,32.80519116980669,26.62180275185429
2022-10-05 00:00:00-04:00,137.48574223666648,139.4449947632363,134.0446139648407,138.22169494628906,27979300,154.72265397512945,200.82361696561472,39.1189046660954,-6.492865718082129,149.3864233644599,131.4250268308526,5.677921495638069,103931900,33.51376078874796,26.941605214323733
2022-10-06 00:00:00-04:00,136.9686082371014,140.67825330682973,135.85472375355653,138.31124877929688,36231100,154.07906945764583,200.20160335182052,39.25020999499713,-6.174287387111093,147.5463853877398,131.87535940392684,5.616893499754864,140163000,42.08346143043832,26.89856536595735
2022-10-07 00:00:00-04:00,136.0138158739346,137.5354667997412,131.71739419387347,132.7218780517578,33214800,153.2415325397679,199.53016329908357,34.2807057148858,-6.300202457782376,146.77219063344396,130.94689505991542,5.686676434445474,106948200,36.11846565404302,27.468748902405988
2022-10-10 00:00:00-04:00,132.82133200966584,135.36736179554413,131.15049047797407,133.0600128173828,24024000,152.45010039379198,198.86876876692736,34.81836595378208,-6.300082973924759,144.94549481242808,130.88660561074903,5.581690354668658,130972200,36.22669668230552,28.076459768521083
2022-10-11 00:00:00-04:00,130.90186591847385,131.93620009376554,126.29713029961744,127.83866882324219,38481400,151.48494621455475,198.1620016033086,30.648674743513894,-6.644711013467173,144.27350958814972,129.23135898281382,5.6660612234612815,92490800,36.55318741095775,29.254856959406805
2022-10-12 00:00:00-04:00,127.61987743974097,128.9625025668848,125.56116433237113,126.8043441772461,34605200,150.51707946799363,197.45197516125825,29.885172143231372,-6.921505762493354,144.36067836296334,127.20549086717986,5.50429529567931,57885600,36.84239088051022,30.434038010381123
2022-10-13 00:00:00-04:00,122.85600558442789,130.4244851984627,121.86146169388738,129.57911682128906,34325700,149.69598289361306,196.77662333697995,34.59257216807934,-6.8381408020916865,143.35682953014435,126.54778981393116,5.722775882029025,92211300,43.97313941803291,31.932202095644993
2022-10-14 00:00:00-04:00,130.2852461198938,131.0709290948318,125.82968627274843,126.0683822631836,23559400,148.76941031987073,196.073058749181,31.69326953028002,-6.974957441146188,143.13222730209617,124.96232022394548,5.688380663461478,68651900,49.813211780958696,33.11561727535344
2022-10-17 00:00:00-04:00,129.5890703922366,134.05456269396552,129.46971480746316,133.30865478515625,29612200,148.16310618125448,195.44853731670315,42.41285196205662,-6.425091672941562,142.94385451259052,124.84172084548239,5.8525092182700815,98264100,56.53084788431898,33.290043854605116
2022-10-18 00:00:00-04:00,136.34201056509087,137.08791844061363,130.68305372137272,132.07542419433594,25445000,147.53221669157142,194.8179590766796,41.22609807887063,-6.019442110533959,142.8830715766341,124.69033540578779,5.891963182625141,72819100,55.69653268442632,32.60854890295788
2022-10-19 00:00:00-04:00,132.16492576470924,136.25250141415526,131.4985832357917,132.50306701660156,30691000,146.94283827294515,194.19791039946492,41.83388981076479,-5.59891391358903,141.5191477805614,124.94302059508966,5.810674253749314,103510100,63.956242073995085,31.975732162142585
2022-10-20 00:00:00-04:00,132.20471811090155,136.02377835804865,130.5935617909642,130.81236267089844,26356300,146.31027060227666,193.56720843201649,40.06965248899299,-5.340505970185859,141.16903726111528,124.64601197391076,5.783498704701823,77153800,57.14666325609327,31.547482202275575
2022-10-21 00:00:00-04:00,125.6208346129462,129.41004435433513,124.7555862965603,129.30064392089844,46348600,145.6432264186932,192.92774012842327,38.505982917637645,-5.1977820860929285,140.90148858533217,124.16168687039698,5.803018538247274,30805200,48.62776081738039,32.04296993246655
2022-10-24 00:00:00-04:00,126.55569790256348,132.75170149571628,123.8903202286884,129.01222229003906,63563400,144.9910301783538,192.2917648265488,38.199694334607464,-5.0497353886403005,139.96805620947336,123.91625368635998,6.0214730188744605,-32758200,51.369554503297515,31.57015640489102
2022-10-25 00:00:00-04:00,130.16590441846992,137.59514821908343,129.87747820261947,136.7597198486328,38433200,144.66823369483535,191.73920716507703,49.760026214426965,-4.258163551048682,139.18668744038743,124.33030474711258,6.204433941029454,5675000,58.435481966892226,29.98150258484804
2022-10-26 00:00:00-04:00,130.96153139210486,134.8104265434671,127.82872422697164,129.1116943359375,82791500,144.05817332781976,191.11604783344382,41.50604311522237,-4.199559006358015,137.81684423603303,124.48548120342008,6.399188346788862,-77116500,46.32441082051788,28.863998871614466
2022-10-27 00:00:00-04:00,97.44541468558529,101.94074977611926,95.85413837496334,97.40563201904297,232316600,142.22866190394615,190.18360588504183,23.846364000669965,-6.635044074898417,145.87928415364902,110.96895905110355,8.317643176373526,-309433100,36.60773495891251,30.771828637785998
2022-10-28 00:00:00-04:00,99.0366839818627,100.29975140388166,96.977978399926,98.65875244140625,95928300,140.5200380034544,189.2729108259012,25.200938226571665,-8.367610586929331,148.85545504677538,103.45103807659704,7.960795306915107,-213504800,44.233043227781614,32.543384849230996
2022-10-31 00:00:00-04:00,97.68410006105101,98.77809679977636,92.0947607837391,92.6517105102539,121361400,138.64284868999556,188.31150584763606,23.081464380679378,-10.108871334886729,151.26107488038062,95.65764460204124,7.869548214709546,-334866200,41.36589110247716,34.43771206833272
2022-11-01 00:00:00-04:00,93.81531664739835,96.95807104853384,93.03957371255373,94.6805648803711,110189600,136.91883756020636,187.37985469373294,25.364596948628616,-11.19606021803618,152.3797300736601,90.11790888304563,7.615034809250288,-224676600,48.82369103596886,36.19673020035575
2022-11-02 00:00:00-04:00,93.69597952606237,94.68057585846891,89.98633504335267,90.04600524902344,71821100,135.08068727349328,186.41135867935773,23.638510614094756,-12.289964410833008,153.3889149847984,84.20761211481098,7.406406666812141,-296497700,43.81783320629615,37.98770803756435
2022-11-03 00:00:00-04:00,89.58851070912392,89.96643463580325,87.92762432145074,88.42489624023438,60664000,133.2510484094439,185.43636900334656,23.047696975616674,-13.136274518017885,153.222117397065,78.88718029173708,7.028690542580753,-357161700,40.17597514171963,39.75495452187794
2022-11-04 00:00:00-04:00,89.85703026060979,90.89135671678976,87.6093591618386,90.29463195800781,55638100,131.56648305840721,184.48968505264668,25.364704001383174,-13.500484151368639,152.5140844495641,74.82537986521453,6.761069614892925,-301523600,40.74515354930023,41.187940272011836
2022-11-07 00:00:00-05:00,94.2628735846916,96.35141434480566,92.59203945904673,96.19229125976562,81987300,130.17925985061734,183.6111040198817,32.29006280370089,-13.161513359678494,149.44447670695914,72.94613913776743,6.710763384314705,-219536300,42.98061236652412,41.35240992405693
2022-11-08 00:00:00-05:00,95.39664712303137,97.26639447310278,94.27281527052818,95.94364929199219,52088300,128.836686887534,182.73879103751466,32.15459984222109,-12.76578388373592,146.00961999129873,71.56342586644865,6.445250228476126,-271624600,43.41557598494526,41.31959733626105
2022-11-09 00:00:00-05:00,101.16501019006643,104.32766020399549,100.19035379603653,100.91637420654297,107677300,127.74177266475004,181.92463763621146,37.77682849152352,-11.913575795341117,141.8139992495337,71.54748756687255,6.583733134442353,-163947300,49.589488604186,39.97305674172316
2022-11-10 00:00:00-05:00,106.53554479334696,112.13482419214316,104.03923749163425,111.25962829589844,80671000,127.09541406204998,181.2215032149148,47.51865694794374,-10.285021259751687,138.20786425323303,72.54659131317322,6.914784338096483,-83276300,55.356434314228345,37.54411579033775
2022-11-11 00:00:00-05:00,108.6340286658861,114.27309050503992,108.21631447990744,112.4033432006836,59961700,126.51925442042777,180.53674540382795,48.47919862827956,-8.800643482942334,134.80099241386813,73.70048972317612,6.853498030027626,-23314600,54.83468932417083,34.99937619647482
2022-11-14 00:00:00-05:00,110.38441431358413,115.63560436716442,110.19545615113533,113.59679412841797,53395000,126.01249127172152,179.87067623690848,49.51750039663754,-7.442173145247452,131.3101359339628,75.13595578153198,6.752544471884873,30080400,55.14075141003054,32.5484904289298
2022-11-15 00:00:00-05:00,115.43670880464906,118.0921391651889,113.78576989580782,116.44120025634766,50670500,125.63714652602059,179.2395371724253,52.00035197862942,-6.066129250577603,124.85140282787887,78.88555294197789,6.591315940805305,80750900,62.169311485779964,30.60803901125579
2022-11-16 00:00:00-05:00,113.87527287903613,115.44665401144424,112.04531580415646,112.6122055053711,33287800,125.1263645252108,178.576578648375,48.53949976789875,-5.2243493787565995,119.64277388146391,81.89425004431735,6.434499405904297,47463100,73.65833199558558,28.544119107707736
2022-11-17 00:00:00-05:00,109.8075923679846,111.7171147780013,109.20092000004686,110.84191131591797,35093800,124.56618988955226,177.90260185899734,46.982605135973,-4.6465185384115415,121.08260885562947,82.24591897640178,6.218555555862864,12369300,68.18090534492555,26.802367979611425
2022-11-18 00:00:00-05:00,113.1791039417966,113.69626345442184,110.01645389414465,111.43865203857422,33357700,124.05138448363155,177.2412690249633,47.592815623851344,-4.093247041309226,122.44705500387717,82.58545944110982,6.037216556178173,45727000,78.19253934165212,24.89934112139634
2022-11-21 00:00:00-05:00,110.91152072494832,111.75688902125616,108.59423944835757,109.26058197021484,24351100,123.47135301251718,176.56484427814988,45.53286361469301,-3.7868747109550753,123.07892726825827,84.16810337139017,5.831890343086775,21375900,72.87178801788443,23.331854096055334
2022-11-22 00:00:00-05:00,109.26059661580209,111.01099605491795,107.72899805504672,110.83197784423828,29029000,122.97569124121213,175.91078590567315,47.30494637190418,-3.3783306250181226,123.84198152666632,85.55857084149774,5.649755175714236,50404900,76.00517272141924,22.014732102706255
2022-11-23 00:00:00-05:00,111.11044215077533,112.05525579030038,110.1258458459968,111.62760162353516,21343100,122.53066811895029,175.27115223122402,48.22346770404292,-2.9562781693114317,123.84936622226134,88.42873232917096,5.384016230613474,71748000,82.1588419952234,20.602177505907484
2022-11-25 00:00:00-05:00,110.69273884646077,112.11493692364834,110.41426018138652,110.80213928222656,12007600,122.0707258116278,174.6296695153136,47.30222271543735,-2.6577693589412235,122.69320642718125,92.56852452985001,5.12092055287407,59740400,79.40591036527853,19.27916826331963
2022-11-28 00:00:00-05:00,110.17556534039694,111.4286927029082,107.78865860772653,108.18647766113281,23309400,121.52624549200054,173.96854322820732,44.4072807597747,-2.6022637324541904,120.70305398055831,96.94425640355627,5.0151429487531844,36431000,73.98575296482997,18.530415662006135
2022-11-29 00:00:00-05:00,108.94233541048578,110.33469833300491,107.94779154979604,108.8627700805664,23899200,121.02963861312078,173.32072458992232,45.33876475296132,-2.4751717382721665,119.4519846402162,99.88472292000516,4.827411794071447,60330200,68.98238369808946,17.835145389357887
2022-11-30 00:00:00-05:00,108.91250646657913,117.51531286549822,108.78321090120795,117.45563507080078,43348600,120.88948161146118,172.76485305241863,55.53355015188933,-1.6619204417487765,118.41222531553427,103.79274701519489,5.106318234801363,103678800,65.80308620833087,17.321473087260017
2022-12-01 00:00:00-05:00,118.5496275562559,120.53871531785595,117.75399700427646,119.78286743164062,36551400,120.84608497695842,172.23766911589348,57.82765288027392,-0.8201703152119109,118.64745798072778,106.07304678001441,4.961801235676634,140230200,62.99276387268883,17.322868415885896
2022-12-02 00:00:00-05:00,117.18710137962931,123.3632176570688,116.96830052285647,122.81621551513672,39950500,120.92334499806346,171.74591335867203,60.675464093091804,0.0906436802193582,121.25383907869302,105.0075439779476,5.064166657000612,180180700,61.67569105986761,17.738157569333918
2022-12-05 00:00:00-05:00,121.08571851877701,123.98978485438487,120.68789944551497,121.76200866699219,35474900,120.956233769394,171.24856107318269,59.1797626618238,0.7191151396913682,122.92814928619642,104.5810558326187,4.938289424991275,144705800,60.37907394228814,18.21423496354332
2022-12-06 00:00:00-05:00,119.25576269165522,119.89227018063661,113.1194210619246,113.49735260009766,43689200,120.66372862550003,170.67392218290323,48.98497220368262,0.5440234614092816,122.92211014963874,104.57383609873366,5.2028821521395825,101016600,49.54758766293591,17.0880215198034
2022-12-07 00:00:00-05:00,113.13930187700946,115.2477298221323,112.264098499547,113.3083724975586,29461100,120.37528328714939,170.10312069349683,48.778050757765136,0.38556833820615566,122.60044134787046,104.47779453266341,5.044364235742847,71555500,49.977193981697766,15.888376214209769
2022-12-08 00:00:00-05:00,115.75496638673519,116.69978007681118,113.96478429338623,114.70075225830078,30619400,120.1527526585671,169.55185334588293,50.43919481550639,0.36810167457963416,122.74261178465056,104.61409699627393,4.9262959031364,102174900,57.55455757654608,15.038082447709854
2022-12-09 00:00:00-05:00,114.67090674971358,116.8986828065847,113.24870876786908,115.26763153076172,26033400,119.9611792810061,169.01171183528473,51.134019709955595,0.39544321427563034,122.93669719271642,105.0101076168539,4.835130055677773,128208300,56.91160467565756,14.105306364769165
2022-12-12 00:00:00-05:00,114.55155851773353,115.08861309587873,112.52268819621852,114.08412170410156,24747100,119.73070643485299,168.46516864989982,49.57146670126756,0.31794713283065335,123.01013848583847,105.28939561246884,4.68583100416816,103461200,56.74282205961559,13.106610642758552
2022-12-13 00:00:00-05:00,121.46363838626145,122.62726046433697,117.99268245383705,119.49444580078125,44701100,119.72144131194821,167.97789777577924,56.16584108061989,0.6852003059883174,123.65740487815599,106.00664439756015,4.961352986744393,148162300,64.92915424000296,13.501621132248742
2022-12-14 00:00:00-05:00,118.73858891497528,123.46267217345158,118.73858891497528,120.92658233642578,36922000,119.76870174428068,167.50972548285037,57.74113262357689,1.0793702330323356,124.54457595962678,106.46542058171435,4.944405149010957,185084300,66.32678480649437,13.99553008425889
2022-12-15 00:00:00-05:00,117.68437946643277,117.98273807859607,113.38795019647951,115.51627349853516,34531000,119.60193985229067,166.99237770191192,50.37579747139343,0.944300721761806,124.56401839918898,106.9644677254855,5.129707076934908,150553300,63.13290281405626,13.326663350637117
2022-12-16 00:00:00-05:00,119.57401184280856,122.63720117044868,118.17170135554244,118.77837371826172,67064000,119.56964314115228,166.51263636874128,54.17158567792876,1.087940287761512,124.7907955770714,107.80118847240777,5.271937119433381,217617300,70.66031449365028,13.45061443100479
2022-12-19 00:00:00-05:00,116.19256138822004,117.15727014981177,113.70620172958878,113.85538482666016,29769900,119.34555457979965,165.98868361707878,48.18184405466235,0.795363166775843,124.13325308231481,109.21458525590134,5.257668181521921,187847400,69.7247124544122,12.731270295541075
2022-12-20 00:00:00-05:00,112.64204399535026,116.68983735609928,111.84640584196114,116.45114135742188,28742500,119.2320481789221,165.4957727488235,51.24305202849086,0.7641410070127819,123.37341851980462,110.98620265532558,5.228079848137364,216589900,68.88419299458265,11.902097503720492
2022-12-21 00:00:00-05:00,116.06326563545637,119.68340468534029,114.98916403142952,119.10657501220703,20392800,119.22712766258033,165.03418869174274,54.22239263185735,0.9428005066455114,123.55740986849025,111.0223366321608,5.189948477121178,236982700,67.8320291699379,11.478795466521932
2022-12-22 00:00:00-05:00,116.56054529634388,117.97280344044226,113.75593172362001,116.48098754882812,23618100,119.11943589341358,164.55107226246002,50.90985213120474,0.8625831602005292,123.20206681042718,110.93742903918219,5.201426677940168,213364600,61.71232907073052,10.857100443496934
2022-12-23 00:00:00-05:00,115.39692266697665,117.53519347992092,114.90959830097411,117.39595794677734,17796600,119.05184852295726,164.08186714489105,52.010117498156674,0.8628938958968462,122.02869606689349,111.3880987736013,5.0174387137263565,231161200,60.097958409450186,10.279812207830863
2022-12-27 00:00:00-05:00,117.2865607976981,117.9529033803573,115.4168210233242,116.2422866821289,21392300,118.9416696272385,163.60585141889342,50.473979044090854,0.7612730449644971,120.92424357021363,111.75658833896605,4.840198973962552,209768900,63.10697299756611,9.825187744338029
2022-12-28 00:00:00-05:00,115.61572617323714,117.50536106480486,114.8797658258276,114.98916625976562,19612500,118.78666949518075,163.12210330785734,48.78837976274676,0.5730160705701053,120.83342708221792,112.04631331491748,4.682012992892174,190156400,64.46727009328065,9.284455750309073
2022-12-29 00:00:00-05:00,115.76491126440624,120.36964678133155,115.1383437523885,119.60385131835938,22366200,118.81871584118775,162.689085875126,54.777649447365455,0.7871142170085506,121.17851396462578,112.54062360861641,4.731903530654585,212522600,63.83151007402646,9.369141774692897
2022-12-30 00:00:00-05:00,117.5153122021396,119.76297597850008,117.09759799268716,119.68341064453125,19583800,118.85262544131888,162.26116870865246,54.87563232604262,0.9522315803571217,121.56159105419118,112.8219009705484,4.584294563165896,232106400,63.33057370361476,9.44777879733502
2023-01-03 00:00:00-05:00,122.14987250994204,125.68050613035881,121.61281793291214,124.05939483642578,35528500,119.05681247642111,161.881051555695,60.00822787653878,1.41982675406787,123.19186204819994,112.36386508396151,4.685208914784586,267634900,70.13278694604304,10.592745362185061
2023-01-04 00:00:00-05:00,126.68499643310567,128.3458904758732,125.1633455139879,126.67505645751953,32397100,119.35556714234654,161.53074314675794,62.73657241639496,1.978652654765341,125.24779886064509,111.9867195719721,4.656729395117646,300032000,69.35975783435003,12.056193663745352
2023-01-05 00:00:00-05:00,125.44180511993663,127.81877175155958,123.86048414076977,126.24739074707031,25447100,119.62583473468867,161.17966501342772,61.99189017694186,2.359814683768647,126.71423281494354,111.42067827717885,4.606840696237086,274584900,61.78425686235999,13.058607259496421
2023-01-06 00:00:00-05:00,128.26631859778368,129.61889880968906,125.3523048808097,129.3105926513672,27584500,120.00562916279371,160.8625598157953,65.18001061240847,2.8759114147120926,128.80686023745562,110.44591889665894,4.582537355711534,302169400,69.91163216965998,14.272482539278773
2023-01-09 00:00:00-05:00,130.4443771431501,132.2246039865523,128.57462981837625,128.7635955810547,26649100,120.34907882625492,160.54316713684264,64.14530364755872,3.2038516921532505,130.45539710926576,110.56369163585141,4.515925699458999,275520300,66.66217614477588,15.785036856106442
2023-01-10 00:00:00-05:00,126.57560414737875,132.71194603562412,126.45626373052198,132.264404296875,28684400,120.81634649176944,160.26178641206684,67.68139603255364,3.703540619705038,132.88618380719302,109.93104234840591,4.64019402843351,304204700,74.92240527113508,16.57751567963008
2023-01-11 00:00:00-05:00,130.24548493274398,133.1197163977935,129.6288573522427,132.16494750976562,25423000,121.26138966894575,159.98221587572556,67.47779070560304,4.044895327849943,134.52101800881397,110.73748317119906,4.5580986725133155,278781700,74.94666711731699,17.380994416519524
2023-01-12 00:00:00-05:00,132.7119483326621,136.92880500697495,131.0411065900665,135.964111328125,30757700,121.83796698891356,159.74322976082408,71.05930774544653,4.569310001190416,137.04060713832826,110.81962337111185,4.653070082827254,309539400,75.92454938260259,18.72103591786553
2023-01-13 00:00:00-05:00,134.23359244780255,136.6403868835783,134.10429688361904,136.2326202392578,22423800,122.40246319480941,159.50929334767417,71.29986930029388,4.9495238036849685,139.24318793580449,110.90051527057572,4.501857219765253,331963200,82.20659619221624,19.965360169115396
2023-01-17 00:00:00-05:00,135.4369780497878,136.00387534462192,133.51751564910782,134.6214599609375,21147600,122.88163953857915,159.2616532144728,67.66533898976826,5.062481674563315,140.40971270113045,112.15272016019769,4.374232031935592,310815600,76.2561418520012,20.924675925070602
2023-01-18 00:00:00-05:00,135.06899048383906,136.50113597792236,132.0754191215774,132.29421997070312,20215500,123.25076033983892,158.99332054538056,62.694007733111015,4.9076405579442905,140.8485779961949,113.70028980165665,4.377909519393405,290600100,75.90916967888893,21.332622726653106
2023-01-19 00:00:00-05:00,131.76713101092358,136.70006041523297,131.41903456451695,135.4071502685547,28625200,123.72748151351405,158.7586322839196,66.2643394476001,4.978723689106218,141.31570512006022,115.78847782264813,4.442417828773591,319225300,81.50869517268914,21.492192040332878
2023-01-20 00:00:00-05:00,135.1485649693157,139.17647065056417,133.87555003840512,138.6095733642578,28688600,124.31109295864127,158.55814413546526,69.49838951221216,5.233141959740962,141.56842814515727,118.68514241148335,4.503739456158266,347913900,81.99878817847065,22.12980498516345
2023-01-23 00:00:00-05:00,138.53001603681352,142.97562857637726,137.90346368613808,142.48831176757812,27470100,125.02392506879566,158.39824530593404,72.88845614047793,5.68225059757161,143.17721741389633,120.12761453597344,4.544341272878332,375384000,82.55441422235025,23.363045591402457
2023-01-24 00:00:00-05:00,140.91693831846564,144.20887644932645,140.5887369854821,142.35902404785156,21970200,125.70373287189591,158.2386510645601,72.59881087134313,5.959047796605233,143.9366119804689,122.39163508984359,4.4783268579473345,353413800,82.10164525806084,24.69499891697698
2023-01-25 00:00:00-05:00,140.44949522181398,142.3888528531503,139.54445660201168,140.72796630859375,26622000,126.29291849686446,158.06441539534651,68.88005299097064,5.9778894542935745,144.4860394893988,124.06468377720276,4.361617528889569,326791800,74.24779706346968,25.5477676336952
2023-01-26 00:00:00-05:00,143.61212119657878,146.70515307645144,142.5181321024986,146.49630737304688,25482100,127.08520825671475,157.94930984288584,73.9601612342986,6.384679904013808,146.62839386117767,124.56516286082754,4.477015331673006,352273900,81.04201390397434,26.992394764404814
2023-01-27 00:00:00-05:00,147.43119052924928,152.354179709988,146.58582215934445,150.91209411621094,35771900,128.01959593747932,157.87928779585425,77.04888926437894,6.982886977704993,149.4934752932128,124.98870854467779,4.575647974906443,388045800,81.7239578483158,28.988176049145714
2023-01-30 00:00:00-05:00,148.59479822122188,150.29545968296702,146.14821370672965,146.2576141357422,28040100,128.7348123374112,157.76364925197254,67.90574345674466,7.000693125571473,150.6152003703589,126.12658633211507,4.589093148804646,360005700,73.94006947003764,30.687604050468696
2023-01-31 00:00:00-05:00,147.14277224022598,149.06224992725598,146.7151256321657,148.15721130371094,29842100,129.49647504197196,157.66806280472616,69.49667493996739,7.086398649400849,151.6705674601316,127.6570346720299,4.461631908998156,389847800,74.27594048251787,32.265644337411466
2023-02-01 00:00:00-05:00,147.22230671076198,152.74202743135575,146.257598081418,152.28453063964844,55661000,130.39012428109652,157.61449532049653,72.66699284534874,7.40203501937728,153.84028833983768,128.15666397136022,4.606117440493842,445508800,76.53371643925071,34.13353165052505
2023-02-02 00:00:00-05:00,182.3794455747218,196.08425782507888,179.17701334795288,187.7400360107422,150475700,132.63914042735715,157.9142519442801,86.0653568651126,10.393334199025816,170.62262136349221,118.78434274783592,7.405660993703599,595984500,83.48368268399356,37.6567624864381
2023-02-03 00:00:00-05:00,182.46896623245266,195.69640282478898,181.89212896302806,185.51226806640625,76809700,134.71259641320222,158.18885906987342,83.30228472015634,12.440788430267503,180.439470616333,115.5739143934326,7.862704769993408,519174800,85.5095009733736,40.92833397692879
2023-02-06 00:00:00-05:00,185.5122671559616,189.65951327947957,184.50778330883577,185.04483032226562,42483800,136.6864095076753,158.4560826644246,82.70232776200766,13.865855390479652,187.844704636186,114.676975051314,7.669063712897007,476691000,81.07692578531709,43.96622178952729
2023-02-07 00:00:00-05:00,184.5674402730861,192.72269640010117,183.39387069750305,190.57447814941406,47080700,138.79966710146897,158.77566868915088,84.15606100570315,15.265456905170737,195.25317890141866,114.72890321121156,7.787618140732802,523771700,84.80084967116935,46.84675485817362
2023-02-08 00:00:00-05:00,188.96332899324764,189.78880219886125,181.921956807593,182.42916870117188,36139100,140.51062794851615,159.01102689822574,74.25629089964767,15.538277202517122,198.82711258454,117.8396293588194,7.849396940810534,487632600,78.95410338547163,49.186449748841035
2023-02-09 00:00:00-05:00,185.11444541940486,185.6315972775948,176.30278659828446,176.94923400878906,37118800,141.93959289205625,159.1895165212164,68.42447678313256,15.137805127227864,200.61630345784243,121.58938298421486,7.955069350703377,450513800,73.39289487531529,50.1436582009189
2023-02-10 00:00:00-05:00,175.38782255976562,177.91395738456265,172.40419086445144,173.19981384277344,33433600,143.16548390973145,159.32892246471448,64.6814447506315,14.352435309957514,201.41078774735087,125.40693075850851,7.780404862803937,417080200,68.62818099869713,50.2647803567147
2023-02-13 00:00:00-05:00,177.2476144121008,180.01244522976373,174.8607151312021,178.4510040283203,31463200,144.54922979673495,159.5191919330091,67.37336771307858,13.99245492308043,202.74930258598198,128.86344155464303,7.711278185960104,448543400,69.30666718940657,50.50420796316396
2023-02-14 00:00:00-05:00,176.19339849748158,180.519655296545,174.92038353736064,178.500732421875,24034600,145.88066127223064,159.70806298264955,67.39870883644834,13.554927769051972,203.39995415960058,133.03168443089422,7.560420584047553,472578000,72.72337523928644,50.7580574745948
2023-02-15 00:00:00-05:00,175.45742198964007,177.21776883115425,174.37337284889983,176.19338989257812,25308900,147.06939572793056,159.87209608623093,64.88067646601806,12.873602215620764,202.69007149009101,138.470290244935,7.315201940399525,447269100,69.0382045772751,50.87349783615464
2023-02-16 00:00:00-05:00,171.80746696229758,174.89055927033047,170.8526980952856,171.49916076660156,25827500,148.02742572944706,159.98778827210526,59.971678708598006,11.818624005981405,201.6660992331577,142.82797628767565,7.1741655016061685,421441600,64.8973248615074,50.214198011798416
2023-02-17 00:00:00-05:00,169.29124690948973,172.2350880602244,168.7740798841586,171.93673706054688,24171300,148.96504578164706,160.10668328492557,60.27341867876928,10.892295323803978,200.782923897667,146.5144373490778,6.908939978353286,445612900,64.90012841231487,49.16837705295315
2023-02-21 00:00:00-05:00,173.3589418921432,177.19788188919435,170.94220753967159,171.14111328125,34592600,149.83469548751384,160.2164786082721,59.39668771408683,9.978941948549533,198.26109868796567,152.35406244484682,6.8622781477225345,411020300,65.37606839659853,48.65404393297867
2023-02-22 00:00:00-05:00,170.13662527949867,171.81739165411605,168.76414989761616,170.18634033203125,22433200,150.63279920690667,160.3156812124886,58.300735573636004,9.073467337246683,194.90515207404087,158.6472262625477,6.590204119778059,388587100,60.53063817137428,47.722036925637724
2023-02-23 00:00:00-05:00,171.06155853760058,172.74234023271282,168.45585825790874,171.10133361816406,20017800,151.43548683087755,160.4230011369232,59.07996939972118,8.333639486974448,191.10713767622374,164.95414772416686,6.425652537994203,408604900,49.21050317706476,46.948971328181976
2023-02-24 00:00:00-05:00,167.7198753990857,169.7885284422366,166.74522666859846,169.4603271484375,19791300,152.14234331391913,160.51292477882882,57.0219085044293,7.528125532771867,189.4413968678795,164.18259401753718,6.277827853106446,388813600,37.33034696459472,45.85504957199963
2023-02-27 00:00:00-05:00,170.94218841831244,172.175412983473,168.13756769651127,168.6149444580078,19277000,152.78832767251086,160.59354189006444,55.940787570407956,6.743796316621371,188.02075686718257,163.35025753711432,6.117829098381824,369536600,44.39910541981628,45.106057434248854
2023-02-28 00:00:00-05:00,170.96208233760723,176.58126421491298,170.93224723604658,173.98550415039062,46051100,153.61958949517282,160.72679524588858,60.99964013421985,6.480861706019795,186.2351801084155,163.6612574729647,6.249864145419205,415587700,43.69285880140258,44.86281641775565
2023-03-01 00:00:00-05:00,173.63741519667778,176.87963801065584,172.10582427375442,172.4738006591797,30998400,154.35897032513387,160.84368087189148,58.94793182792886,6.08041110062544,181.36311782957094,166.1198960864447,6.14443197338222,384589300,44.51226890046971,44.66649091766363
2023-03-02 00:00:00-05:00,171.43948024163652,174.05512034728562,170.49465140776238,173.57774353027344,17352000,155.11264770572757,160.97038796301968,60.00584384005774,5.785439133402292,179.1992598525566,167.10356404067258,5.959863185249437,401941300,47.027238579865795,44.082016993839424
2023-03-03 00:00:00-05:00,177.94377835550787,185.60176273019087,176.08398626930133,184.23924255371094,45877700,156.2548671115308,161.20191885446934,68.45942104621543,6.338894760571179,181.67292250549008,165.601902527062,6.3930171862971505,447819000,57.646683132338175,44.601691769941134
2023-03-06 00:00:00-05:00,186.97425118459867,188.62519768293163,183.6325831095972,183.8911590576172,33209400,157.33864326627932,161.4276824385803,67.95439776695648,6.672508380339053,183.8645485679174,164.83578915994715,6.2929884282283854,414609600,57.99717063186497,45.29946525969437
2023-03-07 00:00:00-05:00,187.9688036277067,189.3213839857,183.00602393116844,183.5032958984375,36701500,158.36470807538356,161.64734028395202,67.3581209553536,6.826905940047851,185.0757515408986,164.2982251029816,6.2945864015357555,377908100,49.86236671022963,45.99670357537959
2023-03-08 00:00:00-05:00,181.87222158320134,184.2491806808341,180.35057076874162,183.9607696533203,19432400,159.368475196087,161.86936445678157,67.71792343533397,6.906566824083285,186.29607759595092,163.80590401212197,6.123445223718377,397340500,50.50598270214547,45.99614646463142
2023-03-09 00:00:00-05:00,185.33326293603938,187.8991728588088,179.3162692701931,180.6986846923828,26582800,160.2049539998633,162.05672087703633,62.433243756726434,6.63004858165354,186.93792344615278,163.7647641352274,6.299120821211045,370757700,50.2162213302302,46.30310998213554
2023-03-10 00:00:00-05:00,180.02237914874613,183.76187378535178,177.82444571017825,178.5305633544922,25665000,160.92360534710366,162.22063970765777,59.1303220459549,6.164891577506182,187.31393056030768,164.32627736612463,6.273285625065509,345092700,49.86902249754164,46.224306664731785
2023-03-13 00:00:00-04:00,176.9890329100385,182.7772703136294,173.86616578065284,179.91297912597656,24728000,161.66828667176534,162.39668288594953,60.56292822701947,5.840475335771174,187.8158249742554,164.88788189423417,6.461701261344871,369820700,42.321493384003524,45.23540526727783
2023-03-14 00:00:00-04:00,186.5565306660496,193.25976144332236,185.54209172545166,192.96139526367188,41642600,162.8954674008597,162.70080937727016,70.92328562845634,6.56064423615652,191.56462338658412,164.04845441289507,6.953492765344937,411463300,50.79380793189825,45.28872670051958
2023-03-15 00:00:00-04:00,191.8972373964941,196.700886127559,189.7987492159527,196.67105102539062,42123600,164.22000009201778,163.03882173197783,73.08788903340664,7.346040908491204,195.57933521798748,163.5650373406063,6.94982449007789,453586900,53.80761685093875,45.59440978013199
2023-03-16 00:00:00-04:00,197.1782683896765,204.6373476487127,195.0201099451263,203.81187438964844,50447100,165.7726226134935,163.44452374847208,76.68581776559343,8.44730294683103,201.11149248700758,162.3942855077841,7.140354005328497,504034000,61.46336885074513,46.38819314117875
2023-03-17 00:00:00-04:00,199.4657136698237,200.79839879699728,194.36369882371298,194.542724609375,50141100,166.90086190744964,163.75395858290892,64.61083690344648,8.474430168792509,202.57960807430968,164.27048958194032,7.305198402514709,453892900,53.44574347963138,46.98590027738685
2023-03-20 00:00:00-04:00,197.3970554366987,198.27225886463287,192.58346693412977,196.730712890625,25186300,168.07065998522123,164.08208549144342,65.97286647920997,8.5736493632063,203.78089088744233,166.8179758931566,7.189740797371023,479079200,46.23145226577081,47.153011921151624
2023-03-21 00:00:00-04:00,202.0912951831866,202.43939158005568,196.8699402833537,201.05697631835938,31827000,169.3642410178933,164.44999485290526,68.55028865921219,8.8987948247092,206.09404489912734,168.11435150386743,7.083950646803856,510906200,52.86452180306476,47.60235613674844
2023-03-22 00:00:00-04:00,201.3951282223988,206.238551881996,198.5805673254364,198.7198028564453,28477800,170.51543952136595,164.79098796736838,65.65692256049738,8.865686464825643,206.94447264611026,170.76339071651998,7.124953068929266,482428400,57.52604509311888,48.265345881283224
2023-03-23 00:00:00-04:00,201.73327493146311,206.7457845341352,201.04703723313602,203.16542053222656,27389700,171.79583093355657,165.17282311726748,68.38995659738278,9.093349570508252,208.26470423703663,173.38818272585402,7.18931225526931,509818100,56.20598525879326,48.91335735198411
2023-03-24 00:00:00-04:00,204.06048266354136,206.4473968077284,202.43938664400707,204.88595581054688,27716400,173.093482889517,165.56797866645434,69.40474628446881,9.305340862740906,210.57829539866262,173.82748666513945,6.962076391587312,537534500,55.96595729446624,49.51508228906351
2023-03-27 00:00:00-04:00,203.69252901890707,204.73680312485706,200.26135567838733,201.7332763671875,18527200,174.2166120455041,165.92783237491935,65.26985122409371,9.113891339945866,211.77154710450316,175.0131839339083,6.795113801628185,519007300,57.961809733648124,49.51469898111917
2023-03-28 00:00:00-04:00,199.05796068238246,199.93316419327437,196.82023684929055,199.58506774902344,19127300,175.2114534456421,166.2627302393383,62.53592843004211,8.688666196250693,212.27865768409816,176.6503096010581,6.660679924218811,499880000,57.79382250746816,48.68089416170526
2023-03-29 00:00:00-04:00,202.4493568930167,204.59757539137235,201.43491785064833,204.22959899902344,18851100,176.34941993793154,166.6405100279919,65.86500360779607,8.627000372030807,213.30999776516046,178.3214800994229,6.5429533326566744,518731100,63.00904459530678,48.360731051138465
2023-03-30 00:00:00-04:00,202.2703365043128,206.9546296190663,201.7133943669399,206.70599365234375,22608300,177.53987380908495,167.0391715565924,67.5221415624292,8.677920449365217,213.8194860317073,181.2796330275375,6.449973469761656,541339400,68.46191915185663,48.2735797494759
2023-03-31 00:00:00-04:00,206.1092772142024,211.01237121219066,205.64184038095976,210.78363037109375,25440300,178.84355053700688,167.4744398035029,70.0964190477497,8.944202978124451,213.71625079607873,185.68327719871291,6.372870424152317,566779700,73.94977850513453,48.52884744783878
2023-04-03 00:00:00-04:00,207.70053918603327,212.3251773095068,207.06403171313693,211.907470703125,17924600,180.1401748572468,167.91655951394688,70.78376130335238,9.140551732520947,212.49106286204298,191.17439734303517,6.293461507882143,584704300,72.62001866882352,48.869376949604124
2023-04-04 00:00:00-04:00,212.22571674011533,215.06017285222143,211.3803483767054,213.5484619140625,21026400,181.45030376143563,168.37060829404754,71.80291658428996,9.32112567678081,214.2361014524623,192.1743009726679,6.106773148427421,605730700,71.31827524917429,49.39655269510862
2023-04-05 00:00:00-04:00,212.98155631855872,214.01589040585796,208.79453526907974,210.3261260986328,19396600,182.58268895112965,168.78807613289916,66.87007580743463,9.099324905077964,215.0929049250255,193.138174176537,6.0435290047381915,586334100,63.201788436353716,49.21090422329542
2023-04-06 00:00:00-04:00,208.10831238574445,215.7563574530004,207.51157997177177,214.9209442138672,26104400,183.85085582417818,169.24710964614263,70.03162811149932,9.188391558604962,217.0798555153408,192.63243289611756,6.200761038773223,612438500,75.45291765693473,49.198155766914645
2023-04-10 00:00:00-04:00,213.53853302566515,214.48334672024453,209.5106270903151,213.57830810546875,16106100,185.01663826658174,169.68821609847424,67.98989495890129,9.046357235101652,217.73982118638983,194.51054502454767,6.144300759114571,596332400,77.17888971135059,49.186317914561066
2023-04-11 00:00:00-04:00,214.30429309094788,214.84135523953304,212.24559532279545,212.68319702148438,16710100,186.1016013550093,170.1160268539271,66.59591778709931,8.760579519274359,218.06569563857113,196.31166845648096,5.890833556087643,579622300,76.16592066118741,49.21144731882718
2023-04-12 00:00:00-04:00,213.66782602472188,215.6569139940651,211.42016208255728,212.83241271972656,18972200,187.14986846735118,170.54106551925847,66.71841818932864,8.448747182012795,218.66539218199162,197.2820300999094,5.772684867189084,598594500,75.51424091443373,48.977961288106776
2023-04-13 00:00:00-04:00,214.5529477922039,219.9433738210638,214.51317271408945,219.1477508544922,23310400,188.40468738449397,171.02471412955933,71.48472797718446,8.61193973556962,220.16854176951688,198.50260691212372,5.8682760267710945,621904900,75.31387511341369,49.2188130245485
2023-04-14 00:00:00-04:00,216.69122072239043,220.89813699423433,216.3630194280572,220.28152465820312,21591200,189.65475943444335,171.51483164725727,72.2529893547868,8.732098880269803,222.05002813018217,198.90326776825532,5.773050422442954,643496100,74.9284708123061,49.53655433155416
2023-04-17 00:00:00-04:00,218.59079683751477,219.77430650515893,215.9453216001441,217.66587829589844,15481900,190.75323468391218,171.97404604177112,67.71998998435893,8.518074011685542,223.01142212580103,199.64586343735002,5.670418467844102,628014200,75.39916655287782,49.69047388151067
2023-04-18 00:00:00-04:00,218.7101394214712,219.23724644244754,215.03033024984097,216.70115661621094,12281000,191.7708002498847,172.41909191813372,66.07347871920493,8.176360786789104,223.08053349656575,201.57246943312174,5.565882591041421,615733200,76.86300344475094,49.51442960248277
2023-04-19 00:00:00-04:00,212.30528840857968,216.14422848517958,211.76822620210035,214.5231170654297,15898100,192.66304796814137,172.8380374419874,62.38556829685198,7.641712104693511,221.66965282888833,204.97509000965334,5.520671721260648,599835100,70.83693412084672,48.28305606636973
2023-04-20 00:00:00-04:00,212.31522215841557,215.5673848783952,211.60910450555653,211.907470703125,16475400,193.41773121265052,173.22678802170023,58.18541379230076,6.927087221104898,220.6982925437718,206.9701665219834,5.409072339230505,583359700,64.10489295700663,47.08950380183558
2023-04-21 00:00:00-04:00,209.06308416764412,212.24562167756005,208.4365166416712,211.72845458984375,17717200,194.13579879606988,173.60988918158225,57.898108723128956,6.273974277961997,220.02564563579227,208.31247488829626,5.294788960420386,565642500,56.340557852303355,45.01996632021553
2023-04-24 00:00:00-04:00,212.5141106549502,212.7528066287443,209.56032954774318,211.62896728515625,15750900,194.82180540348503,173.9881884661949,57.72751139619977,5.682841511559161,219.96572424900472,208.4851078636255,5.144623826176153,549891600,55.988423223797675,43.19946196392767
2023-04-25 00:00:00-04:00,209.66975004776447,210.1073366116511,205.99988066778928,206.41758728027344,19198200,195.2765419476728,174.31086905140964,49.49976751383969,4.73921895616391,220.7324985000243,206.98634915622569,5.179228311261212,530693400,48.27196261820799,40.52126538503966
2023-04-26 00:00:00-04:00,211.3405688220229,212.94178503282527,207.74032492932005,208.25747680664062,41992700,195.78559821665192,174.64864624300398,52.09571543351676,4.092677156106703,220.92856267091344,206.08482030434698,5.275297557067684,572686100,59.3025208941397,38.64211084263544
2023-04-27 00:00:00-04:00,238.5811222092179,240.37130416411821,235.47815027108052,237.2583770751953,71196500,197.4119817013007,175.27162863934421,74.41807872735292,5.852949246931161,229.08366785817222,201.52068191396322,7.192335399954105,643882600,65.85984968571498,39.866819930304075
2023-04-28 00:00:00-04:00,237.70592385112954,239.11817431920107,234.46371631250344,239.0087890625,39554000,199.04322904879874,175.90582924056966,75.1701405737876,7.305013530787363,235.05860444504728,198.75745797357249,7.01105844329293,683436600,60.72099560405033,40.79333059295973
2023-05-01 00:00:00-04:00,237.31804717279988,242.66869790909783,235.16984400340442,241.85316467285156,29143900,200.72205005366357,176.56202163293068,76.38503637229584,8.586324473884645,240.66103299553984,196.925010298731,7.045900976321535,712580500,62.404736438390884,41.878088330170684
2023-05-02 00:00:00-04:00,241.85315165174362,243.58366331013542,237.68602591764824,237.93466186523438,24350100,202.18136816392123,177.17269467006804,71.21543783689098,9.1797635987933,244.02696875893244,196.92593651450508,6.963882148904796,688230400,56.088322571856125,42.94244190945845
2023-05-03 00:00:00-04:00,238.16341424782843,240.43097298583405,231.48007843827457,235.73672485351562,34463900,203.49726450468964,177.75542133856007,68.4183822808927,9.364762084908932,246.3307371636779,197.67607639426484,7.105811605951558,653766500,48.08260663404817,42.619710888562686
2023-05-04 00:00:00-04:00,234.77204563500786,236.90036911023253,231.65911817256028,232.24591064453125,17889400,204.62466239252657,178.29761526200258,64.11153664462262,9.124513473771003,247.6671421037433,198.08609275953796,6.9726287010744645,635877100,42.78186630999384,42.32003208344519
2023-05-05 00:00:00-04:00,230.97288642982326,233.39956085753056,228.59592705789944,231.5099334716797,27000500,205.6789867485718,178.82709106508395,63.20813315988523,8.773591015657473,248.73311790941372,198.51723812899772,6.817700493828511,608876600,41.3727336535162,41.42073313506568
2023-05-08 00:00:00-04:00,230.15732604561043,234.33440700082437,229.013606737522,231.9972381591797,16400500,206.71107503918387,179.35614725507494,63.57412924951212,8.437541133053912,249.79920907444415,199.36199494573816,6.71077904879093,625277100,45.14678701567909,40.68718834531574
2023-05-09 00:00:00-04:00,230.19712771369012,234.5930097385653,229.81919619203094,232.09669494628906,16865600,207.70658954534485,179.88092882414176,63.65359949385456,8.08603374784272,250.71220319735616,200.50173926683655,6.572424370058319,642142700,49.297596271486086,40.03549332781612
2023-05-10 00:00:00-04:00,234.8814100496426,235.4582472811526,229.46114931418015,231.8082733154297,19119000,208.65175361475994,180.39761881907995,63.222828340812,7.695479697732992,251.30428542509628,202.21434453909643,6.5313296269807575,623023700,53.736006920041035,39.53361115451134
2023-05-11 00:00:00-04:00,231.77843866846698,236.91028838597876,231.03253080867285,234.50347900390625,20449000,209.6655467672755,180.93598558708817,65.5677979232595,7.516794446183809,251.72952915663237,204.80190191433118,6.48464590914684,643472700,58.388016734541,39.24354398737488
2023-05-12 00:00:00-04:00,235.4483386625228,235.66713954414976,230.18719270276918,232.53431701660156,16161400,210.5623612868569,181.44940182021767,62.43548880106956,7.1340532564251475,251.44234602797218,207.86320003322572,6.412881690020678,627311300,54.46036754995591,38.75612257467486
2023-05-15 00:00:00-04:00,235.62732991654622,238.94910277282918,234.04600881841293,237.55674743652344,20653200,211.6209646652752,182.00768386615107,66.79284315056614,7.153534770808278,251.20211697373458,211.56046644097898,6.413017694749746,647964500,59.23474814081014,38.7191907171138
2023-05-16 00:00:00-04:00,234.50350103406868,238.3325011442699,234.23498510570204,237.51698303222656,18163800,212.63649479731254,182.5600152011369,66.72684815806325,7.084104212551324,248.2710277551535,218.63814175982043,6.247624719308184,629800700,52.230509297128854,38.68489684937852
2023-05-17 00:00:00-04:00,237.14899571739608,242.50958686242325,236.8406895289447,241.16696166992188,21193100,213.75533663545409,183.14316889734374,69.68747512832677,7.240142906239669,242.4917546468158,228.80534618326234,6.206287048891782,650993800,44.769298621131846,39.150548807063096
2023-05-18 00:00:00-04:00,239.98342218071107,245.74182411040957,239.87402175559598,245.50314331054688,22943300,215.00034866192834,183.76366615518657,72.78554506013711,7.625792920703589,244.61406160661335,227.78234138817834,6.18210957074334,673937100,54.906112426061654,39.919165913513964
2023-05-19 00:00:00-04:00,246.11979141128344,247.3331362388578,242.0819454205678,244.29977416992188,21733600,216.1493457406732,184.36601548866653,70.62818209160308,7.745041485824004,245.80973010110384,227.2921375746774,6.115615374139531,652203500,53.8307096956271,40.78873551420607
2023-05-22 00:00:00-04:00,244.0710074500662,252.18648882770964,243.78258123812714,246.9651336669922,27738500,217.35780801229356,184.98889228646084,72.56765043147409,7.9628285381965895,247.22058667607337,226.5628768655933,6.279064818099743,679942000,62.68426703300721,42.024513715364876
2023-05-23 00:00:00-04:00,245.46336322942358,250.23717670639286,245.30423257256652,245.3937530517578,17748100,218.45725683737058,185.5899356771603,69.64774227685663,7.917362635128512,248.5551094611782,226.22289957202494,6.182913340651643,662193900,66.15949962288515,43.17202204501234
2023-05-24 00:00:00-04:00,243.94173053876708,248.22821238927972,243.6135292253739,247.8502960205078,17724300,219.60992504063086,186.20944175022842,71.57339837555988,7.987478387951285,250.46559535835294,225.92755649711583,6.070896899455513,679918200,65.97283695222765,43.69400906986715
2023-05-25 00:00:00-04:00,252.01742751127068,254.22531626497775,247.81051090781747,251.31130981445312,22371400,220.8531166003886,186.857221531962,74.06950002577904,8.227479256056455,252.9022476986446,226.03295737948042,6.0954617892915675,702289600,74.95366086621955,44.72809458005357
2023-05-26 00:00:00-04:00,251.54997986887253,260.8788064523849,251.33119417364716,260.61029052734375,25727200,222.4122214602692,187.59108291500064,79.32293071937637,9.063552708095273,257.7707532861093,225.04449939943754,6.343464278480153,728016800,75.96541997451595,46.155980024829226
2023-05-30 00:00:00-04:00,263.8027930176448,267.1842365092019,259.86440732047,261.0876770019531,23816500,223.92890599131562,188.32239230890067,79.5519663836641,9.653389772959542,261.57811098217576,225.1158668824076,6.413204629212424,751833300,76.74366400773519,47.8290028900683
2023-05-31 00:00:00-04:00,258.58144678359,263.55416691404366,257.03991568357935,263.27569580078125,25473700,225.4719173563927,189.06819632374527,80.61198409149397,10.180045499777265,265.10418895109854,225.74698902741707,6.420422243587558,777307000,68.50323645449095,48.627805837900375
2023-06-01 00:00:00-04:00,264.4492380260928,272.5050503286509,264.4393132250298,271.12261962890625,25609500,227.26214097492263,189.88465824717971,83.84620207014991,11.102621027023048,270.1012789661605,225.991811854152,6.621060263893422,802916500,69.37048659954287,49.88293946423419
2023-06-02 00:00:00-04:00,271.1723650385155,273.8476907709228,269.6407588120904,271.12261962890625,19416900,228.98215974566708,190.69299617137602,83.84620207014991,11.698911015297966,274.06032177933605,226.91532112430983,6.448622527817634,822333400,74.77729471495452,51.11492652989422
2023-06-05 00:00:00-04:00,268.82519172989214,274.0664572677717,268.08923898990724,269.9092712402344,20742900,230.5871445101599,191.48121781385223,81.41078519653507,11.935977533336711,276.33456428971994,229.6244058437436,6.414950795678121,801590500,67.88876919561807,51.86323898286611
2023-06-06 00:00:00-04:00,268.6660526231846,275.06096139982895,268.21849581286654,269.64068603515625,19419000,232.1186559425127,192.25892396530799,80.85095499873749,11.964265272895489,278.3079721749007,231.92885643838054,6.445487566484142,782171500,73.66191419704933,52.61946571398575
2023-06-07 00:00:00-04:00,270.1877186514573,272.75362821695035,261.36608993948033,262.1617431640625,26163600,233.29681622571076,192.9544744050966,67.02872410497099,11.253472301090483,278.15230373282026,235.37049289803915,6.798491188697419,756007900,65.75778140243814,51.66992272785318
2023-06-08 00:00:00-04:00,259.19802820057976,266.18967065313564,257.4675315146464,263.13641357421875,20899400,234.46699651388755,193.65280215802318,67.80128683610484,10.64609000773899,278.10008438666324,238.3519724981024,6.9358946136825494,776907300,58.9918688455752,49.98986803321494
2023-06-09 00:00:00-04:00,261.047900340225,266.48805682359773,260.2721572928278,263.5044250488281,16949800,235.6057192015323,194.3478431818123,68.10516994073963,10.078254767244573,278.22720933601386,240.6250184471893,6.884466393474506,793857100,58.55979554469838,48.463529136561306
2023-06-12 00:00:00-04:00,265.7122711250525,270.2672682155778,263.8822838879933,269.5710754394531,15442500,236.93769395596058,195.09633305502268,72.68222064625495,10.002467020043838,278.67668747187065,243.54504714727003,6.875779020137019,809299600,57.10800765665227,47.46545454313748
2023-06-13 00:00:00-04:00,273.3801726960968,274.21558574847404,267.6217562678177,269.839599609375,16164000,238.2279647658984,195.84004715009087,72.86781692657955,9.85052165878298,278.95186785454246,246.3197955569159,6.85563976731697,825463600,62.723869335112916,46.93491733379996
2023-06-14 00:00:00-04:00,270.40652559051034,273.48958705818745,266.8559969764937,271.8585510253906,19175100,239.54681128587848,196.59645017372569,74.28256371410794,9.780275444157894,278.44176391954886,250.35853922172717,6.83977907548674,844638700,68.65838461678335,46.26843262668615
2023-06-15 00:00:00-04:00,270.81429509600497,282.4405158553206,269.9391219483488,280.29229736328125,25973500,241.1446734849923,197.42924467312426,79.16891985477709,10.286560591344198,279.70700284534047,253.4189004749721,7.244180134878527,870612200,69.27879852633221,46.449579642250455
2023-06-16 00:00:00-04:00,283.19633597920375,286.27942770889223,278.60154865899545,279.466796875,43127700,242.6475018532279,198.24553872488423,77.61445277962731,10.500145091170339,280.3162426297107,256.5637256320081,7.275158628808401,827484500,71.24965821273865,46.89775841029267
2023-06-20 00:00:00-04:00,277.2092344019423,283.2460928566601,274.712919480531,282.7786560058594,20701600,244.22127260431148,199.08666426996857,79.36498757482927,10.812017492171947,282.9864294355144,256.8493208900064,7.365016825045592,848186100,64.30663550860571,46.473061435806876
2023-06-21 00:00:00-04:00,281.98306597793686,282.45050288337137,276.84126001815747,280.1033935546875,20556200,245.62841460236547,199.89280087976678,74.30989730871046,10.719736841670397,284.2711292254911,258.10004997372766,7.263043908092471,827629900,64.99460067739055,46.07869995949865
2023-06-22 00:00:00-04:00,277.5572806122447,283.70358459031684,276.27434091557694,283.3256530761719,17563100,247.10673767976965,200.72297851356186,76.27040726420086,10.782321287103287,286.186144725436,258.85836211050145,7.274915319995858,845193000,64.16330855469333,45.830604797308396
2023-06-23 00:00:00-04:00,279.9740551161299,288.0895367536933,277.4280252319222,287.1546630859375,51092000,248.6772445584429,201.58299527547607,78.38164227872787,11.013927320206108,289.04115288168464,258.14095974852364,7.51681504869409,896285000,67.7728600889285,45.99161238774174
2023-06-26 00:00:00-04:00,287.1248169027786,288.208866039282,276.08537427952666,276.95062255859375,24232700,249.78600448001745,202.3329219151091,62.43864062344558,10.255872662248237,289.4549439770368,258.50423571046315,7.845863385198464,872052300,66.91277249051944,45.818370078327284
2023-06-27 00:00:00-04:00,280.4713160996965,287.771264192908,279.11872070405303,285.4837951660156,26108300,251.1859178402527,203.16029378825246,68.25390069348391,10.225788079400502,291.328892955924,258.7068899216802,8.05834754584959,898160600,67.6623703537704,45.65750221958529
2023-06-28 00:00:00-04:00,283.2659921224904,287.97016519933214,282.510129069522,283.7334289550781,16722100,252.46229082514782,203.96201652623083,65.99678563398507,9.946053986788002,292.54245138086844,259.3723638860587,7.872753873275344,881438500,74.37182288756772,45.5291465696589
2023-06-29 00:00:00-04:00,282.9477234307208,285.00643647069484,279.1585138156744,279.9939270019531,15395700,253.54196283208137,204.71855294887484,61.33049066740738,9.315235906722194,292.0795186733801,262.21292110526576,7.728123071971424,866042800,75.30238120678449,44.52157405137588
2023-06-30 00:00:00-04:00,283.20632644880584,287.47289786334574,282.8681851699819,285.4142150878906,19694900,254.79185507740723,205.52149486070587,65.17414624817354,9.14723633624152,292.050409826538,265.2124034872641,7.710326485501509,885737700,75.60864217709438,43.900066039286685
2023-07-03 00:00:00-04:00,285.13572448348765,287.8209745788327,283.29581235176477,284.45941162109375,8629300,255.95528866735575,206.30694676876945,63.967959366558496,8.835204073285695,290.99656749841853,269.060244025019,7.482814752756254,877108400,72.46566174065566,43.367195365974126
2023-07-05 00:00:00-04:00,286.0805492186769,296.49342515503747,284.7975790783721,292.7638854980469,33865500,257.39876305287305,207.16721481582695,69.2912921042863,9.152513417868875,292.74721919404044,270.4019670038763,7.80790037998393,910973900,74.02820164997621,43.80624407864307
2023-07-06 00:00:00-04:00,294.27559590231954,296.4934092748716,289.72056804861535,290.3968505859375,47600500,258.6928057012285,207.99537039562907,66.2852909386697,9.107992160176138,293.0122136046646,272.8779393901271,7.733967583289098,863373400,76.17388139737054,44.21393216897851
2023-07-07 00:00:00-04:00,290.58584619586304,294.58393232939386,287.0850623921171,288.9448547363281,25586000,259.87916056535005,208.80083790150667,64.43856793163859,8.85348732172804,292.6270074760573,275.5413193468594,7.717174894288218,837787400,69.20024014811204,43.870606458854695
2023-07-10 00:00:00-04:00,293.93746241225864,296.5034028882913,285.4838385459151,292.4953918457031,37058300,261.15822845869724,209.6336195327922,66.86925556765226,8.836428231136495,294.13701769813815,275.65838838910145,7.953059854865932,874845700,68.80610664525615,43.76971429545011
2023-07-11 00:00:00-04:00,292.2964438482307,298.5421782772223,290.3073560638248,296.6625061035156,27585900,262.55055307221954,210.49957860314765,69.5038901559398,9.054782180941459,296.49168662247575,275.5964806952326,7.97318573761819,902431600,74.92535149483865,43.89984756471733
2023-07-12 00:00:00-04:00,300.1036367455164,307.7616372966844,298.462645299144,307.6522216796875,36677100,264.3192459587869,211.46627156908337,75.12252935360007,9.99934127953236,302.5286390087416,272.8760037321438,8.196467555871802,939108700,81.2651763507707,44.83528259275709
2023-07-13 00:00:00-04:00,311.9088579309916,314.51455813349736,308.5970400467626,311.70001220703125,30281000,266.17731522342393,212.4636222221973,76.81677657682842,10.948328521013764,308.2544515124211,271.3630737154435,8.101172477153092,969389700,81.98762260422419,46.13971841350737
2023-07-14 00:00:00-04:00,310.0888348080546,313.16197165566984,305.6829824954282,307.18475341796875,23054100,267.78545005458255,213.4061210400657,71.0074749079204,11.206878182636501,311.3850761864542,271.4136624203166,8.056730811659419,946335600,74.25339343162244,46.63036609929376
2023-07-17 00:00:00-04:00,305.8620197562618,310.00925055489523,303.0474437043856,308.9252014160156,25323100,269.39877363738384,214.3565596507717,71.88993049705728,11.420571026400125,314.48649269696955,271.2149843538117,7.9785219572915755,971658700,73.58842927637875,46.46492572567902
2023-07-18 00:00:00-04:00,309.1837823388623,312.4856750491433,305.941559828677,310.3473815917969,20731900,271.004601400302,215.3116922073988,72.62320678967968,11.571295507457876,316.5829066075239,273.57147164768446,7.876064333232629,992390600,73.34676177685814,46.52757867125069
2023-07-19 00:00:00-04:00,311.322075887528,316.94124285384027,308.82576098550715,314.28582763671875,21763700,272.7019043899654,216.29650947535222,74.59929555438728,11.8716959049475,319.8358555003621,274.15879375094005,7.893165585739807,1014154300,73.83964754915172,46.944256173709256
2023-07-20 00:00:00-04:00,311.7895184341734,313.8183965261121,300.5710642480967,300.8694152832031,23836900,273.8065126602885,217.1380309261766,58.98104125670161,10.901507243384629,319.898892628896,276.3805547994894,8.308994000231394,990317400,71.9392914152024,45.59227423432788
2023-07-21 00:00:00-04:00,302.9082245396203,303.7933527743912,289.61117825909304,292.65447998046875,42139300,274.5456486336289,217.88943837945317,51.82620636327056,9.361831746575831,318.7531804428967,279.2143407159575,8.728506894164736,948178100,63.24187699351363,42.63629832295326
2023-07-24 00:00:00-04:00,294.1661821555769,295.89667876233364,286.72698314478856,290.0189208984375,24915700,275.1524436244057,218.60714467317442,49.74143338508064,7.838601709807733,318.33759258977176,280.243889343822,8.760020374406189,923262400,60.83671051048612,39.66290546231337
2023-07-25 00:00:00-04:00,293.5794151043582,296.672432052573,290.2675669338975,292.86334228515625,19585600,275.8469886699253,219.34601231110457,51.98624985385254,6.7827644786899555,317.56780714787055,282.1341988742648,8.60955543010114,942848000,59.510309550645964,36.860920451881405
2023-07-26 00:00:00-04:00,299.54667916131785,300.1235012678688,290.3073578476797,296.94097900390625,47256900,276.6742039771402,220.11810153192846,55.083497641596104,6.203526677131151,317.5202558887298,282.7386959341868,8.695740286535992,990104900,59.53328288562412,34.7149108707305
2023-07-27 00:00:00-04:00,323.34611497626037,323.5748710046438,308.14948506628883,310.00927734375,64229200,277.981461756223,221.0125410922451,63.26272768881862,6.721497763679395,318.6523938365782,284.22154822071343,9.977036837550388,1054334100,68.88324904773653,34.84737817559583
2023-07-28 00:00:00-04:00,315.15107890555146,324.42023542655505,312.53542356733675,323.70416259765625,39220300,279.77450884804387,222.03434827140345,69.52550597338433,8.143186780361532,322.8722635982981,284.63625284050397,10.293745497925721,1093554400,69.28433805071039,35.02585492065275
2023-07-31 00:00:00-04:00,321.9238881672483,323.8831406862623,315.85716485829107,316.8616638183594,25799600,281.22890708217386,222.97790364998014,63.68391803924821,8.618405488754206,324.53473009746676,286.22262260435616,10.131761950071832,1067754800,63.27117473771439,35.191583326777035
2023-08-01 00:00:00-04:00,315.80744433984364,322.3714394399564,312.94315336153494,320.94921875,22817900,282.7865663632651,223.95274260619925,65.54624885613741,9.218585149548801,327.0192868940249,286.9762941606626,10.081513673525379,1090572700,56.70004416294873,34.88770075259915
2023-08-02 00:00:00-04:00,316.2649313400606,316.6528179941792,308.95502827189273,312.5950622558594,20461100,283.9555269865041,224.83475573704166,58.8983464908234,8.917327839817688,327.5428094688976,287.1118169959462,10.218133445281227,1070111600,50.74089050438268,34.00369431535339
2023-08-03 00:00:00-04:00,308.23900860059035,314.2261827880522,308.23900860059035,311.4812316894531,15180200,285.0349663866198,225.6969097266179,58.05294644723078,8.4908254825678,327.51589548128413,287.10956024788254,9.915922069722699,1054931400,51.69554076083152,33.07529402223257
2023-08-04 00:00:00-04:00,313.24150779697527,316.6726960588742,308.5074999318742,309.03460693359375,17612800,285.9761287610109,226.52614054459775,56.146541779981646,7.864737324909527,327.65716443226233,287.214938432321,9.790870216671077,1037318600,57.04399874751893,32.4573121887318
2023-08-07 00:00:00-04:00,311.52100676772005,315.3400518247285,308.7661006512084,314.83282470703125,16236500,287.1077638961489,227.40481401885083,59.53773731134847,7.747121669640592,328.3791399186076,287.2806460514445,9.561090285017439,1053555100,56.57875426587016,31.883471914766794
2023-08-08 00:00:00-04:00,312.68461132972385,316.15559034862434,308.418009292474,310.9342346191406,15183500,288.04213529705055,228.23595253228657,56.380717428853416,7.255687725656287,328.4395102047195,287.2985228356451,9.430839625812649,1038371600,51.93041899381355,31.439423850865335
2023-08-09 00:00:00-04:00,311.1728726416922,311.91878050042124,301.1975994249986,303.5447082519531,19955800,288.6500793344977,228.9852933852186,50.87420825470091,6.198497344518046,327.52695981374575,286.77892397531673,9.523006872213362,1018415800,52.43811515527442,29.810092001623353
2023-08-10 00:00:00-04:00,306.25984707130925,310.6358341050445,302.2120461658991,304.07183837890625,14358900,289.25485419898433,229.73242318615084,51.240051403793004,5.3416264025339615,327.5387218104003,287.19415172475595,9.444491234137079,1032774700,60.12190852533597,28.297140998755797
2023-08-11 00:00:00-04:00,300.91915070695234,303.0574139904705,298.72118686732165,299.9942321777344,14046300,289.67600627658237,230.43154566367903,48.246911559806584,4.2841364074098465,326.9014553060531,288.8100518554053,9.152074111097615,1018728400,61.789412749585914,26.34406399225961
2023-08-14 00:00:00-04:00,299.33787378695627,304.5393196515258,296.6227576522186,304.5194396972656,15641900,290.2581017048444,231.16873863913762,51.62416627540013,3.767781752874555,325.46962515437053,292.17528451359817,9.063823245969727,1034370300,61.428144789306224,24.709580204263805
2023-08-15 00:00:00-04:00,304.46966181584685,305.553710945325,298.392983249332,300.3025207519531,11623600,290.65200049100554,231.85663696861837,48.4511447118487,2.9839003070698027,324.404266537771,294.2325335924374,8.927887849542817,1022746700,53.697374461587785,23.027328543110947
2023-08-16 00:00:00-04:00,298.5621152597471,299.437288468193,292.67440153729876,292.6843566894531,18547700,290.7317007340819,232.46188791111427,43.276166699449554,1.728026823951268,325.16509787022653,292.9041526180547,8.835047232765069,1004199000,38.89081609191069,22.305831693273326
2023-08-17 00:00:00-04:00,291.4510449170292,294.434676280866,283.3952645155241,283.53448486328125,23950100,290.4494569744427,232.97007295541445,38.023222790413335,-0.005516555781468924,327.7849999711915,286.7542781863606,8.99250184223484,980248900,25.486393727283883,22.707017327355576
2023-08-18 00:00:00-04:00,277.5075527964142,284.13121808678676,272.882930238349,281.70452880859375,35347900,290.10651861499764,233.45499291415257,37.05448749622415,-1.5096223470482073,326.64582770972606,282.29349927595104,9.153629414106478,944901000,24.951324404445614,23.973491236111432
2023-08-21 00:00:00-04:00,281.90344809977756,288.914969646115,280.3121719729933,288.3182373046875,20181500,290.036389936162,234.00089584341163,42.73317982777022,-2.143259855081112,325.05928698231645,280.07424980153775,9.114284289750422,965082500,32.89391010406672,24.36285333684139
2023-08-22 00:00:00-04:00,290.95379669411346,291.301893118428,285.18545439516254,286.03082275390625,12980200,289.8793088701912,234.51860655893896,41.34393159619311,-2.797746700410414,321.8500572896088,278.6276933614329,8.900152463572924,952102300,39.06488279132119,24.350600309157127
2023-08-23 00:00:00-04:00,286.925910341543,295.77734483299173,286.10045227284775,292.63458251953125,18287000,289.98735881722416,235.09687497645731,46.72838446291267,-2.7518424902293077,319.7568407568628,278.05951259600175,8.960607436109536,970389300,45.83075403358936,23.669622213544113
2023-08-24 00:00:00-04:00,296.87131405126144,297.82606756800186,285.07603955897645,285.1854248046875,18360900,289.79904767947767,235.59526850708647,42.04030392696599,-3.2787524282774143,317.9020726670679,276.40817310116125,9.231280334174954,952028400,38.634681257492616,22.74305083370083
2023-08-25 00:00:00-04:00,284.5688282052502,286.81650695183856,274.5239295483601,283.9422607421875,23701400,289.56936976036826,236.07633310644073,41.295700390289696,-3.753378687537065,316.1744384003647,274.7901612090103,9.449944410553774,928327000,31.20712553444247,22.941360665023023
2023-08-28 00:00:00-04:00,286.4286212943843,289.85980962740086,284.24061274129133,288.6763000488281,14239300,289.5343474187393,236.59971586208638,45.270957249419816,-3.704819160358454,311.86317511254146,275.61388787573975,9.19763044445803,942566300,36.85206510545544,22.685983776701534
2023-08-29 00:00:00-04:00,287.00541461875986,297.51774906940636,286.6076031992326,296.36407470703125,20844500,289.8021798614174,237.19438609934954,51.06603372731327,-3.0112840120814326,308.5061733417704,277.02820165822953,9.319952974866299,963410800,44.88128439611261,21.449006941415465
2023-08-30 00:00:00-04:00,295.5485810211219,296.66246517052593,291.82896673878076,293.4898681640625,17717000,289.9467950889722,237.75454014974468,48.977968323622946,-2.66288082512591,306.76257184742866,277.43115780751924,8.999491936071932,945693800,45.468888471471296,20.30038559436412
2023-08-31 00:00:00-04:00,294.1861296061783,299.4572314924737,294.046909216174,294.2756652832031,17229900,290.11655470443225,238.316939404804,49.58491372703993,-2.2968844745583965,304.7254594243259,278.1621138178616,8.782911321239022,962923700,51.51045116706903,18.87791104951743
2023-09-01 00:00:00-04:00,297.7365853126754,300.09364936354297,292.86332655399076,294.7629089355469,12842300,290.2987646742799,238.87859084292086,49.9822302650414,-1.9450914358976092,303.71874092264136,278.47132255392114,8.67201214183282,975766000,45.985657178059896,17.70725487156805
2023-09-05 00:00:00-04:00,295.3994322088871,299.74561475213886,293.89769148766004,298.5123596191406,14956000,290.62086643682346,239.4719616765151,53.048641714095744,-1.3482023461086214,301.8896655962729,279.499453869873,8.470291507736105,990722000,51.14310016701366,16.620216992043627
2023-09-06 00:00:00-04:00,300.06380866941623,301.6451297075991,294.04683067406876,297.5376892089844,15418100,290.8921143886729,240.049730109674,52.15355554639273,-0.9429415552482396,301.1434543758678,279.87702088454887,8.40800633100712,975303900,57.694321538660304,15.532074212088997
2023-09-07 00:00:00-04:00,296.3740780329135,305.3746880609344,290.625615585781,297.0404357910156,33748700,291.13322503190204,240.6168018079958,51.674515665309194,-0.6543507062325489,301.8839220194273,279.7173637878644,8.860939627017567,941555200,55.41151568476108,15.043086746330664
2023-09-08 00:00:00-04:00,297.5874089073119,303.5845070462215,295.16071951053584,296.2646789550781,17548000,291.3344585190854,241.1705120283648,50.88919709780165,-0.48267351279093873,302.3189218904342,280.97972312909707,8.829714477636717,924007200,65.76129082049205,14.589026956697925
2023-09-11 00:00:00-04:00,299.7654884147937,307.35386342728196,299.63619284822624,305.8819274902344,19489300,291.90494749834613,241.81440670957744,59.17295360728666,0.4245198810323245,304.7107448893884,281.81155328769495,8.991105191534368,943496500,65.83443711830405,14.688159332981977
2023-09-12 00:00:00-04:00,304.65860186820225,306.97590601744315,298.59190871081046,300.01409912109375,13480400,292.22295344433627,242.39350812660746,53.26908389510666,0.6623572298680074,305.6299494072088,282.45179701206206,8.94774034261282,930016100,60.629246102272624,14.587465297960224
2023-09-13 00:00:00-04:00,300.71028809631645,305.5039971230148,299.6759842619226,303.39556884765625,13210900,292.6610952248586,243.00049380542387,55.99391173173699,1.1108956753212738,306.8248976212904,283.57214827714705,8.724902665361347,943227000,59.92778661548854,14.493963694011454
2023-09-14 00:00:00-04:00,305.06635649017477,311.1629148601405,303.365695084952,310.0191955566406,19343100,293.34180504179125,243.66734655916733,60.813859106126095,1.9780353837256257,310.0184139880513,282.69658031533413,8.658639601777574,962570100,67.33041621737067,15.197371144491653
2023-09-15 00:00:00-04:00,309.90978061383356,310.2976672664294,297.11996184565953,298.67144775390625,28131100,293.5508106383448,244.21465104866724,50.590433487092554,1.729643189422859,309.5663635656352,284.94676713097937,8.981430017419882,934439000,65.74249092830641,14.681131307049162
2023-09-18 00:00:00-04:00,296.56303432109945,301.9435202146152,296.17514764943604,300.89923095703125,14234200,293.8389839841756,244.77867671939723,52.286274517911615,1.6930377862791488,308.52041768575856,288.25364237283515,8.751925913688401,948673200,60.29763150013028,14.039815490258576
2023-09-19 00:00:00-04:00,300.8296222376651,304.49949132053314,298.1741769134743,303.4054870605469,15924400,294.21414096756274,245.36202806607534,54.19112514747512,1.84499372328429,308.3354937885184,290.4024578716378,8.578596520357719,964597600,59.61387770882878,13.832622215895428
2023-09-20 00:00:00-04:00,303.3855936391226,306.37918038275967,297.7962619783914,298.03497314453125,19379500,294.3639775235223,245.88613697232864,49.61974624891718,1.5146048860615906,308.3356224417226,290.62511567676694,8.578905226358474,945218100,52.330078087497235,13.917381377477186
2023-09-21 00:00:00-04:00,294.08665049202347,298.6217683577601,291.6698856896851,294.1164855957031,21319600,294.3542719577255,246.36604093873038,46.535222262367746,0.925906877093837,308.26921376838845,290.7750733409865,8.462689329338229,923898500,44.975290773173946,12.942304164310327
2023-09-22 00:00:00-04:00,297.66698202798716,303.7138260360941,296.64260300817284,297.44818115234375,25369600,294.4756017300635,246.8743209408559,49.414547813997615,0.7199008816847936,308.10855850740467,291.35873071785574,8.543735837270566,949268100,52.19310309199042,12.760208075688938
2023-09-25 00:00:00-04:00,294.02697421395317,299.30799991371646,292.097556612981,299.1886291503906,18987000,294.6604263347822,247.39486132105029,50.902080510452485,0.6891353309187025,307.9836485499761,292.0737367039301,8.448500656089486,968255100,46.06821558079764,11.860048421464418
2023-09-26 00:00:00-04:00,296.0359320136058,298.66151204809125,294.3949406981687,297.3288269042969,19417200,294.765069494371,247.89171669998808,49.23593297439075,0.5088175797079089,307.9863998443265,291.9131810476005,8.18744264152752,948837900,39.95443027093897,11.024185885398794
2023-09-27 00:00:00-04:00,298.8107142230933,299.65605222138623,285.22524148311436,296.115478515625,36429800,294.81802671089076,248.37155512601433,48.129082544769666,0.2649531729140904,308.03544842985684,291.67450436962235,8.633397505580687,912408100,39.64647222553362,11.500787678954037
2023-09-28 00:00:00-04:00,297.30894492208745,304.6586082892958,295.0811763806446,302.3015441894531,22167100,295.1114979845599,248.90817193261574,53.82807917777044,0.5643472307694992,308.32432490089263,292.0871090183782,8.700828534371437,934575200,40.650004621619246,11.146335791302816
2023-09-29 00:00:00-04:00,305.7028834930626,308.9451060506003,297.72662265167014,298.5719909667969,25373700,295.24720359170647,249.4023392861897,50.243937999677854,0.49496970015070474,308.2580878108912,292.4609877099422,8.88066102469706,909201500,41.81771700494575,10.495316464385466
2023-10-02 00:00:00-04:00,301.08820948228043,305.50398681035995,299.98428032579614,305.1459655761719,16265600,295.6353903361953,249.95700223434872,55.827189077243084,0.9593930316084993,308.07927606223257,292.5416712033924,8.74147065461606,925467100,46.98081644209303,9.890798517962212
2023-10-03 00:00:00-04:00,302.5999584549004,305.09624318442076,298.00517016313745,299.2980651855469,17362300,295.779024644013,250.44795808460938,50.40841744304496,0.8458250347053422,308.0470221131017,292.47845396111705,8.6271367087888,908104800,41.88724454511874,9.34014037989916
2023-10-04 00:00:00-04:00,297.1001181104207,305.2255249938912,296.8713620809238,303.9127197265625,16880500,296.09799307862284,250.97994576263878,54.18731199281813,1.1153288177858371,308.14104805035026,292.4533814743893,8.607638580515843,924985300,41.32329965868609,9.002411879040812
2023-10-05 00:00:00-04:00,302.96788350957667,304.53924936356407,297.86586894493325,303.12701416015625,19130000,296.37364096417315,251.49882206510165,53.440633365015856,1.251090838345931,305.9706090768602,293.7048629283481,8.46947728323834,905855300,42.627780289701654,8.68880684252949
2023-10-06 00:00:00-04:00,299.79526618653756,314.5841266836319,299.2681592205378,313.70892333984375,21803900,297.0534559592975,252.11782804793492,61.19598746769032,2.1873405515422633,310.034726358203,291.64574239179706,8.958512296085178,927659200,49.037645412764725,9.258373549300263
2023-10-09 00:00:00-04:00,310.7949730732878,318.5822385641406,310.1186904961375,316.62298583984375,22503700,297.82088850363266,252.75967041402356,63.02261612104477,3.128403397476177,313.9950051765783,289.7819642244634,8.923157708365029,950162900,50.315493900590695,10.264555060531421
2023-10-10 00:00:00-04:00,317.3788541880605,322.8886360603423,316.4241005132519,320.0840148925781,19038000,298.69395228359133,253.42956438893458,65.12256733243355,4.106145512913486,318.1429141248938,287.8578589870853,8.747541839702555,969200900,56.844175309091256,11.66478697990859
2023-10-11 00:00:00-04:00,321.24764865147614,327.0458264830826,321.18797844299854,326.0314025878906,22036300,299.76600915826975,254.15197073917295,68.43940276591348,5.299824587450075,323.5813696718849,286.1522606992089,8.619989679045547,991237200,64.07498404665162,13.372143018273235
2023-10-12 00:00:00-04:00,326.2104023931294,328.7365524221567,320.9293766605215,322.391357421875,20530500,300.65327771762685,254.83096961163767,64.4025082355199,5.8842724008384835,326.42664108194316,287.0769721993068,8.561931542087667,970706700,56.408938999211315,15.115741751360702
2023-10-13 00:00:00-04:00,321.7647868987937,323.2764827010933,310.66567332763464,312.9730224609375,21341000,301.13640496246256,255.40949750068543,55.311560765603964,5.523795706172393,327.02356430083785,288.55002782155793,8.85113710147131,949365700,55.73685984470084,14.929005157739878
2023-10-16 00:00:00-04:00,316.90145129411667,320.0640932967905,313.7984491403446,319.3977355957031,16536100,301.8525355755308,256.046196387203,59.51026771742015,5.690934435276574,328.6027314108547,289.66540823758277,8.725418082498571,965901800,61.77120301583534,14.755606892234827
2023-10-17 00:00:00-04:00,316.4439857147841,322.63005027804456,315.5687821854113,322.23223876953125,16387800,302.65173962235434,256.7047639730968,61.240507712579394,5.983143841629158,330.20021308823243,291.38838147556964,8.606550226079621,982289600,71.75037127374323,14.910296871374413
2023-10-18 00:00:00-04:00,319.63646730564585,324.1616297504693,313.8382595767355,315.2405700683594,16851000,303.14541924768787,257.2872098048905,54.9975116793758,5.586158906437163,329.8990754454105,294.23953132542283,8.729180222340634,965438600,65.01621931690924,14.758384464165458
2023-10-19 00:00:00-04:00,318.1347040637348,320.13374699293126,310.04905739013975,311.103271484375,18709200,303.45749188442073,257.8226930056814,51.64258555902781,4.881429980069299,329.72447546921063,295.5876949409456,8.826002320944268,946729400,57.21175657145745,13.996833975164892
2023-10-20 00:00:00-04:00,312.4260396254586,313.57968385643426,304.79787445273166,306.9659729003906,22312300,303.5950793752431,258.3116808653303,48.45912019821426,3.9436221879810205,328.89416780174895,297.5372001995531,8.822845683998434,924417100,50.10813562857871,13.471031402063648
2023-10-23 00:00:00-04:00,307.8113199598036,315.62842001127103,305.5835514598358,312.2967224121094,17796800,303.9363202786496,258.8488454578356,52.520334408082334,3.5891759052229304,328.7843057994744,298.60049644661933,8.91013303167249,942213900,56.401596593872966,12.666539470870571
2023-10-24 00:00:00-04:00,315.0516278339668,316.61306910270986,308.9351886783297,310.8446960449219,19525500,304.2072369753662,259.36621710546825,51.333805188035065,3.154742373426359,327.5886907014688,301.3356623258749,8.822114988294464,922688400,56.90400170164439,11.765923920218341
2023-10-25 00:00:00-04:00,308.3085968730104,309.18380032675657,297.20948374345363,297.8957214355469,42192500,303.95972656204,259.74959525800637,42.18170708676758,1.745456106189181,328.72972133210334,299.3923652564384,9.165907653521161,880495900,52.67456203087946,12.446428181054541
2023-10-26 00:00:00-04:00,293.3904441193893,293.3904441193893,277.87555354659054,286.7767333984375,66684100,303.2858836928791,260.01852200567237,36.21163105067103,-0.2655615945346881,332.38886100958973,293.5531881440561,9.941211956052245,813811800,40.158014228519505,14.618365742415616
2023-10-27 00:00:00-04:00,292.8732991698524,297.67693286175415,291.3715281655793,295.11102294921875,29596300,302.9653009186179,260.36770111953854,42.7520241494514,-1.1732753093467068,333.0810920402894,290.38123706127317,10.009711063713988,843408100,41.06719420393537,16.008751305924797
2023-10-30 00:00:00-04:00,297.45810774975297,307.71185211510857,297.4183174986179,301.0086364746094,28435100,302.88856897963717,260.7720885360069,46.9010017503774,-1.4006114678224435,332.50220216012974,288.8782136927348,10.194790928155118,871843200,42.40816339501029,16.01617369219014
2023-10-31 00:00:00-04:00,301.6550986956465,302.02307507127034,295.2402785955465,299.626220703125,19434200,302.7606337531073,261.15869681627674,46.0583723756462,-1.6730406396489457,331.1766234930996,287.4760864678379,9.951077038695741,852409000,36.34087033748202,16.20508056612167
2023-11-01 00:00:00-04:00,300.20308980365564,311.03365736334496,300.20308980365564,310.1485290527344,20434600,303.0503551374064,261.6461578335549,52.98258300704256,-1.028029887240507,328.2353243413209,288.29966914826247,10.055102725947473,872843600,42.26960945743259,15.370159085679388
2023-11-02 00:00:00-04:00,315.56873751352947,317.0804635233818,306.6476783593796,309.173828125,21631800,303.29049133299833,262.1190699757584,52.312700857722845,-0.5887180624977191,325.8966434118171,288.8760128381829,10.082080042951384,851211800,48.4928089242588,14.541827189223383
2023-11-03 00:00:00-04:00,310.84468121563503,313.82831289078524,309.3230302753513,312.8835144042969,16764300,303.6666883161865,262.6241888257936,54.66220471694155,0.0581105411335443,325.88352471799794,288.87719712444994,9.694394666010947,867976100,48.48149773648592,13.772661856799951
2023-11-06 00:00:00-05:00,314.256006308742,316.59316029596596,312.73435528867196,314.07696533203125,12887700,304.0749344736706,263.13615675122884,55.42311804296685,0.6594269223604101,324.78264233355355,289.26864347373817,9.27756683324545,880863800,47.906427342594235,13.335860402122734
2023-11-07 00:00:00-05:00,315.3300679800107,319.24857314388095,313.4006504992799,317.0804748535156,14055600,304.5849556650371,263.6729161353312,57.362552556984824,1.3626251096808915,323.41942446273043,289.94495948909247,9.03259224834228,894919400,52.51167449501103,13.194581436349335
2023-11-08 00:00:00-05:00,316.40424194690024,319.5768093760748,313.1620188025658,318.0352783203125,13609700,305.1124192985773,264.2138351620475,57.988308890344356,1.9742020274721312,324.0392725552406,289.69773916350937,8.845606414425616,908529100,57.422715169394465,13.096990813152953
2023-11-09 00:00:00-05:00,317.677216312415,322.41122449492514,317.06057361811105,318.801025390625,16103100,305.6492273806184,264.75699128372486,58.51416859708477,2.491944939869427,325.4639719780425,289.2994069282075,8.595966733167648,924632200,63.40105856980517,13.30253525569647
2023-11-10 00:00:00-05:00,318.1943867591092,327.3044127819098,317.7169947472732,326.9761962890625,19096200,306.48557910251816,265.37608785094216,63.73336008569846,3.5213361259264957,329.2629602650265,288.1684484263797,8.666784683272573,943728400,63.630922101851056,13.975931147871291
2023-11-13 00:00:00-05:00,324.4201837597374,330.5167114592816,323.92291188417136,327.39385986328125,16908900,307.3055116813716,265.99318010977146,63.9826642091883,4.321027897265822,332.25551175962005,287.1888485919425,8.518714318403836,960637300,63.43263870600191,14.898070201371723
2023-11-14 00:00:00-05:00,332.7147049495273,336.25527859415763,331.51128504957023,334.47503662109375,17179400,308.37098324763525,266.67459161734683,67.99915771271073,5.463204748399789,337.0050398223433,285.5900326060421,8.543193205009016,977816700,74.03921673613888,16.244040855901137
2023-11-15 00:00:00-05:00,336.08623507086924,336.5536719488275,328.21938865944196,330.89471435546875,14531200,309.25426682049147,267.31359781374607,64.10656167830186,6.010204154755172,339.87993403205894,287.1150041189827,8.52827106817877,963285500,86.96912890177396,16.970793381821128
2023-11-16 00:00:00-05:00,327.57292915978246,332.7544945334898,324.59925252331504,332.36663818359375,18932600,310.1606343249269,267.96089174777444,64.99377684930334,6.487691013205904,340.27769980278686,292.7958923196089,8.501626135464196,982218100,78.6669934353471,17.0957317648
2023-11-17 00:00:00-05:00,328.45802669648793,333.6694262041459,327.55298824707006,333.2119445800781,14494400,311.0646072761093,268.6101559550611,65.52086560792381,6.855288452301863,341.2027551919645,296.9509598145459,8.3312555512936,996712500,77.59544298568878,17.306406413278047
2023-11-20 00:00:00-05:00,333.06284232727603,340.0047397641144,332.36664941276837,338.1151123046875,16960500,312.1254113948771,269.30174756053,68.48503241350284,7.45630508543934,343.33767919627815,299.7635659209094,8.281743751297345,1013673000,85.28862958659376,18.121133741417516
2023-11-21 00:00:00-05:00,336.4839978177994,338.04543890201586,334.0672636154936,335.1413879394531,12027900,313.0279987103507,269.9568683603203,64.84399855308024,7.604994747959267,343.2399664297078,304.59663431899014,7.979322675432814,1001645100,79.3057905977021,18.877666260404165
2023-11-22 00:00:00-05:00,337.3592112529343,341.04899079349985,336.73264377053374,339.62677001953125,10702700,314.07108778129896,270.6501012126507,67.63871781552268,7.992631148082751,345.19978747627977,306.5672454013244,7.831342688190951,1012347800,78.3889373712127,19.86659309277952
2023-11-24 00:00:00-05:00,338.27420979357106,339.9947512560226,334.9325266232815,336.38458251953125,5467500,314.9461267906414,271.3041756535152,63.69703820945712,7.946614724839435,345.44310704499554,309.95202641854615,7.633548541373104,1006880300,74.51745015273387,20.45274608762391
2023-11-27 00:00:00-05:00,334.34574581240656,338.0454501661947,332.37656840464615,332.87384033203125,15684500,315.64917438049986,271.91680913290344,59.64384696701714,7.5399430537817125,345.0434791656441,313.0170310882622,7.493215199957065,991195800,67.21940059875533,20.53187206238503
2023-11-28 00:00:00-05:00,331.58091487486143,337.52829804855173,331.58091487486143,337.1404113769531,12637200,316.4919679882039,272.5658002000084,62.746344717483346,7.475753616464942,344.88144616658934,316.2541902266399,7.3827986266522965,1003833000,67.11695437058634,20.4598165424451
2023-11-29 00:00:00-05:00,337.83657426611256,338.0454199586524,328.9751856698298,330.387451171875,16024500,317.0368888973675,273.1411400106738,55.4767142067306,6.80157129318809,343.83362900612235,319.07627089622144,7.503329745378749,987808500,59.827713533404165,19.91641237166461
2023-11-30 00:00:00-05:00,330.0791483711407,331.6803492819204,320.64090729857554,325.364990234375,23146400,317.36348110666194,273.66078031140717,50.765829712500945,5.7952028307269075,342.6273824386679,321.2598123855509,7.755909190947759,964662100,50.54963606184266,18.875593137432986
2023-12-01 00:00:00-05:00,323.70413205266203,325.0765770233975,319.00988402862777,323.0477294921875,15276400,317.5863928080551,274.15219274106664,48.71060974310527,4.755842604855104,341.65354083376,322.7998812040004,7.655851834862007,949385700,42.58266025819138,18.131332085817906
2023-12-04 00:00:00-05:00,315.55884037745017,319.1093390094246,311.94864118889734,318.27392578125,19037100,317.61335488543534,274.59121496037193,44.696114646899815,3.506515150608948,343.13925737006196,320.15386193332347,7.90179729689259,930348600,34.39528281872232,18.30908314195077
2023-12-05 00:00:00-05:00,317.2395823552432,320.12375321506835,313.66917386673737,316.5533447265625,16952100,317.5717858595972,275.0087485898863,43.3106441843705,2.3504827288101637,344.55903968994187,317.2886775952144,7.798424586281046,913396500,34.04814872336186,18.30059143621883
2023-12-06 00:00:00-05:00,320.17346260702277,320.49172389172986,315.3101594451847,315.7179260253906,11294300,317.49908547394205,275.41381503203064,42.6198429832249,1.351330106181365,345.0993138571412,314.24745534858795,7.61150600487134,902102200,39.89166599810643,18.22679548926225
2023-12-07 00:00:00-05:00,316.03619083910985,326.44906624670375,316.03619083910985,324.8080749511719,15905100,317.7857125122648,275.90530020535545,51.65545206369235,1.2782585343130677,344.8629680359819,313.67224924917434,7.834337020331468,918007300,48.160317464504644,17.15469127352296
2023-12-08 00:00:00-05:00,321.327210790379,331.3522311033307,321.23770547432616,330.93450927734375,14087400,318.3013516010915,276.45285452447973,56.6141256635033,1.6951600862553846,344.707855406238,313.6364113580849,7.997207635236689,932094700,48.01678068704619,16.4073344195108
2023-12-11 00:00:00-05:00,327.6027651675685,328.0901123330326,318.25405827592755,323.5052490234375,25802500,318.50542600981095,276.9210375543201,49.9265046432508,1.409826751012531,344.1421660092553,312.9078746808489,8.331725018535225,906292200,38.03190721431423,15.262294858327149
2023-12-12 00:00:00-05:00,322.82894667233495,332.64508982523006,322.78915641918593,332.3964538574219,18485500,319.05017219991333,277.47303174639075,56.54271317047069,1.879478492196938,343.0697723405753,313.2177805565602,8.440597046214434,924777700,45.41363371456902,14.830093113321784
2023-12-13 00:00:00-05:00,332.10802663115385,336.52380383414567,330.82508689391784,332.9136047363281,16353300,319.5938362209492,278.02467923882796,56.899431650234945,2.2672749009328754,342.6822032692782,313.3083118674405,8.24474846721539,941131000,46.76324816289317,14.91647575302731
2023-12-14 00:00:00-05:00,332.02848593453984,332.87385431682435,326.84692073179696,331.3522033691406,19607300,320.0549486581332,278.55530136947783,55.42027673303699,2.4207098710679134,340.91270877089613,313.9745308124372,8.089172434166517,921523700,43.997664052845245,14.360973262800403
2023-12-15 00:00:00-05:00,330.1786147168993,336.81223578528665,329.4128268517232,333.0926513671875,31776900,320.5662311173118,279.09796156846005,56.76932934157159,2.652175173769251,340.20167295140277,314.2466424782847,8.03990361269487,953300600,53.837125835992175,14.346535148813663
2023-12-18 00:00:00-05:00,335.6386579939803,345.66364630610184,335.1811459857911,342.73968505859375,18993900,321.4357783306954,279.7312125484614,63.383633874305225,3.5728623558409254,342.79391890919254,312.96984248403663,8.363552993139118,972294500,55.041322374299654,15.281430515967992
2023-12-19 00:00:00-05:00,343.6944459296991,351.67070692929815,343.23696426285375,348.4483642578125,17729400,322.49509542587646,280.4149653017883,66.63666484727264,4.708875299500448,346.2434585630983,311.02802988091213,8.404086484393781,990023900,61.6148227812106,16.67593238947372
2023-12-20 00:00:00-05:00,346.7477610343906,353.0233312735355,345.8924677591949,347.37432861328125,16369900,323.47075162930406,281.08122762329566,65.4583915762864,5.459573476883577,349.7111055510095,309.82529988518843,8.31314198653284,973654000,69.66603610615485,18.082752389705156
2023-12-21 00:00:00-05:00,351.0540909402022,354.46536898216067,347.3046412881621,352.15802001953125,15289600,324.5957425465679,281.78845938843233,68.15892547337477,6.367114970467071,354.2142401010665,308.89456930648555,8.230826679923249,988943600,75.59180812034118,19.511131756491952
2023-12-22 00:00:00-05:00,353.6399067638995,355.25109337751167,349.30370992649625,351.4618835449219,11772800,325.64931670336614,282.48172729048696,67.33391988291936,6.9500597840412865,357.6457913293143,309.2515719519357,8.067723592144118,977170800,82.25571143230235,20.906094744643628
2023-12-26 00:00:00-05:00,353.05314312350913,355.03230620045724,351.52156731052384,352.8940124511719,9898600,326.7177361444566,283.1823470433296,68.1870408746822,7.441823869430834,360.325338200706,311.1880366365335,7.746487810957778,987069400,81.84830308207518,22.201417519355896
2023-12-27 00:00:00-05:00,354.1272479153226,357.041254209994,353.3713848514491,355.87762451171875,13207900,327.86126117846686,283.9056831375425,69.94793349488234,7.980310951196429,362.58056617631513,314.176045965612,7.489398807233804,1000277300,82.09227354349991,23.595703764523165
2023-12-28 00:00:00-05:00,357.7374350863552,359.92541334633074,355.8577326408115,356.3649597167969,11798800,328.97905327800925,284.62667096420176,70.23771138437682,8.350134567786029,363.57627818863216,318.5999384454824,7.2449903713970505,1012076100,81.8928002293425,25.155415034133462
2023-12-29 00:00:00-05:00,357.0312711706918,358.0357701270011,349.9004090789273,352.0287170410156,14987100,329.88296166087224,285.2973380893442,64.29682923867992,8.198813090205135,364.20509664403505,321.600538935392,7.308588276873963,997089000,75.62412736373453,25.315111058311782
2024-01-02 00:00:00-05:00,349.40315868568683,351.23311575908457,338.15486997648975,344.4006042480469,19042200,330.45228097801635,285.8854302899283,55.41687325079646,7.378312187359882,364.1220762591871,323.479038649667,7.777535333134814,978046800,77.29106629739069,23.566385998505694
2024-01-03 00:00:00-05:00,343.09777276631047,346.0515694254938,341.30757549800643,342.5905456542969,15451100,330.9282913574783,286.4496602935539,53.527749314823225,6.506994131357317,362.3077343974242,327.83808672887784,7.560853804159998,962595700,70.43438900990566,21.942569871542897
2024-01-04 00:00:00-05:00,342.62031347862063,346.25039200694727,341.5263093102174,345.22601318359375,12099900,331.4889863310515,287.03449962579316,55.88576610655357,5.960420481483197,361.77964587492977,330.0767831615285,7.358227296486416,974695600,69.95103437997867,20.46361327832835
2024-01-05 00:00:00-05:00,345.0967647163299,351.57125496566374,344.3707671222737,350.02972412109375,13920700,332.21607408752374,287.66131777997526,59.881543475525355,5.847470255297139,361.40029123899717,332.73828704876325,7.346960192693817,988616300,77.72501995464056,19.831907079363305
2024-01-08 00:00:00-05:00,352.76470940539207,357.0213557929677,350.1291439693291,356.7030944824219,13890200,333.1763493971276,288.34830063273597,64.66925895506905,6.224687283487583,361.1217106447438,336.3969864581208,7.3215795840638265,1002506500,75.95908835087866,19.9013099095962
2024-01-09 00:00:00-05:00,354.45541842236514,358.67230494169985,353.42108433070916,355.47979736328125,13463900,334.0509944154081,289.0162757245822,63.180787332555184,6.351706127597197,359.7654885495446,340.7381613527992,7.173696800272888,989042600,75.37635364255159,20.15122878961809
2024-01-10 00:00:00-05:00,358.204879693542,370.905194011208,357.1208001642387,368.44866943359375,22117200,335.3999228474938,289.80664780128876,70.84280784789296,7.413392097934832,364.295030552939,339.6364839327381,7.763103932248162,1011159800,76.03570788125295,21.517921539423533
2024-01-11 00:00:00-05:00,370.0996457960374,370.74609329476624,360.9498292951784,367.653076171875,17205400,336.6647523896264,290.5812391283593,69.88206291358736,8.09724811537916,367.6606291425649,338.83151359832056,7.908329651343854,993954400,76.23340090962621,22.78699337852859
2024-01-12 00:00:00-05:00,368.14032463206814,375.002670557831,367.52371235236853,372.4466857910156,19310000,338.0679654641907,291.3958206871917,72.31799991926994,8.92315262156609,371.82082432653306,338.0142993713836,7.877660262352324,1013264400,76.81310282674028,24.300319815080794
2024-01-16 00:00:00-05:00,371.6112760119249,373.5605733155288,365.22632196351435,365.4550476074219,15306900,339.1419686854939,292.1327284177413,64.16628983330473,8.910802933744208,373.41529340072094,338.1927673089145,7.910273911613905,997957500,69.80870293371726,25.26378287929072
2024-01-17 00:00:00-05:00,364.3014247464983,366.52922375985634,356.6533795947967,366.3601379394531,12724800,340.2093478719237,292.87130960701205,64.72068586925556,8.871780578789469,374.9878468446582,338.606647784248,8.050671786860027,1010682300,64.22147027443353,24.709507545803664
2024-01-18 00:00:00-05:00,369.46306105715274,374.79383152846,368.9260292659054,374.0777587890625,16354300,341.53752084906637,293.67933397698266,69.10934325453354,9.355755262155185,378.17166970482947,338.2473244357956,8.078030487013372,1027036600,64.8629975688845,24.976040575914304
2024-01-19 00:00:00-05:00,376.93208671146346,382.2628267201899,375.9077078481636,381.3578186035156,21670800,343.09910115316245,294.551756709585,72.57506253427232,10.209064925065832,382.8948727429246,336.92148060994,8.0856760187358,1048707400,66.58240834804712,25.80768244443914
2024-01-22 00:00:00-05:00,385.83327851888566,388.22017756352784,379.08031763314045,379.6969299316406,17680500,344.5343101248675,295.3989723635358,70.62820283544941,10.62877721790818,386.3591780313736,336.56810468347015,8.160974869568056,1031026900,73.50941763838141,26.984612939117888
2024-01-23 00:00:00-05:00,382.52144469863833,386.2609392280105,379.99529486117507,383.0982971191406,15506100,346.0466233403292,296.2716024606065,72.26884144783745,11.107820103691722,390.0623664451214,337.0075269468056,8.0469059000539,1046533000,81.22743721012762,28.077476969891013
2024-01-24 00:00:00-05:00,387.8721359601414,393.98857511083685,385.6940823070487,388.5683288574219,15698500,347.7141412037446,297.18997784763957,74.71490640230839,11.79290956764487,393.65486540003366,339.3040579398101,8.250003906599781,1062231500,87.74672316664248,29.580956810730974
2024-01-25 00:00:00-05:00,388.04117276632337,393.3321227832211,383.5557704585808,391.03472900390625,15091100,349.41298778414307,298.1237564661099,75.75341231492841,12.392018309576827,396.26823827944474,343.1499095070136,8.359028793602675,1077322600,81.11281169568002,30.61361734342037
2024-01-26 00:00:00-05:00,392.19837818349464,394.6250676356868,389.4534274110973,391.9895324707031,13163700,351.0826562032239,299.05774428705115,76.16159699288727,12.79635257699357,398.1059860987444,347.5472975926619,8.131358181530302,1090486300,81.18044242896066,31.659393744473164
2024-01-29 00:00:00-05:00,392.83490197563384,400.7315833039514,390.9552297076326,398.8320007324219,18742400,352.95517951809444,300.0505229581494,78.90265018272486,13.513149228161012,401.3478741151255,350.8123797911245,8.248857854015196,1109228700,81.71629285495666,33.019718748666556
2024-01-30 00:00:00-05:00,401.3879357279278,404.1428111764658,397.3898805073128,397.877197265625,18614700,354.7168272728996,301.0239227025024,77.56242563926158,13.844579385107181,404.0221244399493,353.6280098373945,8.142005912239323,1090614000,82.24965996502556,34.48182251543694
2024-01-31 00:00:00-05:00,386.87755798058026,395.82845263822867,384.98793073417954,388.0113525390625,20180800,356.0224949303962,301.88946926804033,65.23263098965816,13.159454949996075,403.2030044129752,358.7846705544727,8.481095956468334,1070433200,73.53317396045153,33.853530707121294
2024-02-01 00:00:00-05:00,391.7905634628166,398.31476797078204,390.9054049654808,392.6259765625,29727100,357.45792558263554,302.7923200868907,67.81019542683524,12.840829403559383,404.4452705826402,360.7660453353285,8.611261633271992,1100160300,75.02266377332327,33.46989819129161
2024-02-02 00:00:00-05:00,457.09239183183865,483.3085550019587,450.5383510393086,472.3984069824219,84707600,361.9653954414507,304.4799428420701,86.47595189892091,18.808472448782993,438.29556294427607,340.8817970817656,14.473498547999615,1184867900,81.3412615326884,36.08067552049484
2024-02-05 00:00:00-05:00,467.316318814232,469.32528667859077,456.71447660312197,456.9034423828125,40832400,365.68845610581786,305.9965945787939,77.12136889550452,22.033569140669897,453.3184737718235,337.1197871331244,14.559957964521065,1144035500,73.77459853898364,38.50496875475499
2024-02-06 00:00:00-05:00,461.4683489186266,464.571320891391,450.52836650891777,452.2389831542969,21655200,369.0825944214445,307.4517427238238,74.50842630057441,23.937165879438396,463.23337456976924,338.7760777414287,14.523029137231934,1122380300,71.14098929123884,40.188524095007566
2024-02-07 00:00:00-05:00,455.5011024839927,468.94732497591195,453.69102531650236,467.0278625488281,23066000,372.92358532840075,309.0395648116348,77.15162115043522,26.335539277416956,475.0552974069316,340.3765181855164,14.67912290040216,1145446300,72.01485386126407,41.84495777800817
2024-02-08 00:00:00-05:00,465.7648119405903,468.0224156934193,462.4927539732961,467.4356384277344,18815100,376.62994035190405,310.61564514612337,77.2217543662296,27.94701577868136,484.8549272744852,343.024605603119,14.025589958953663,1164261400,72.11344379593766,43.38307476936588
2024-02-09 00:00:00-05:00,470.36952715793745,471.006019440951,464.91941592011153,465.555908203125,18413100,380.1172332088147,312.15733930589454,76.06271322940144,28.741134093336484,492.56186992052267,346.5440749036961,13.458519499088363,1145848300,72.44701108102463,44.88055570038751
2024-02-12 00:00:00-05:00,465.63549612134716,476.53568841947236,464.0342647108487,466.34161376953125,19382000,383.49858146609773,313.69151119110484,76.22335509784341,29.098449637542103,498.52091947493886,352.13764986099864,13.390155514055172,1165230300,72.9991241868494,46.39884379545317
2024-02-13 00:00:00-05:00,454.37722965906966,465.3371219674141,452.60694287557016,457.6094970703125,20916600,386.4048918819493,315.12353095109694,70.5562206213029,28.350212339901816,501.4345653579878,359.1588306381059,13.414763755477024,1144313700,67.61277252379135,46.61671107029469
2024-02-14 00:00:00-05:00,465.3769075935074,471.5231814494736,463.5469505078024,470.6977233886719,16858400,389.7104931175071,316.6715328658987,73.71117173919524,28.48498222794558,505.85487373099306,365.68910820260066,13.45040094288303,1161172100,71.6280739822748,47.0187588389986
2024-02-15 00:00:00-05:00,472.6868396992966,485.95405213565635,469.64353768958824,481.38909912109375,24212300,393.3057325686282,318.3105136246569,75.97574554071554,29.11882926728481,510.9886332989657,372.60259798358635,13.654694764539107,1185384400,72.70820410701097,47.808292120384785
2024-02-16 00:00:00-05:00,475.501392487047,476.34676091319886,466.6499574186229,470.737548828125,23324600,396.3422743827261,319.8272005421043,69.54793046457237,28.433898243199394,512.1553377492663,381.93562904760876,13.73215526010566,1162059800,66.90319358114434,48.24182525393031
2024-02-20 00:00:00-05:00,467.1571331296785,473.5818778294014,464.0143709572483,469.1760559082031,18015500,399.1985011092154,321.31325880445354,68.63124121703075,27.448674806293184,512.2499576236388,391.220216530007,13.434680375251906,1144044300,62.229812287472036,48.37464944058382
2024-02-21 00:00:00-05:00,464.4470103721165,466.9360082840785,459.75774681329705,465.97027587890625,12921800,401.81700208057583,322.752632108677,66.68783787076796,26.108238951037606,509.7549472361649,402.7943040659184,13.147796712370061,1131122500,62.90509156634924,48.05907415031275
2024-02-22 00:00:00-05:00,478.1265072394582,487.83359856958594,473.96491024837377,483.9906005859375,21625800,405.03949613960964,324.3569900039732,71.56251498571581,26.19802891057452,503.39902237680195,421.9474619981981,13.77033428224932,1152748300,62.62467067659733,48.47830633197679
2024-02-23 00:00:00-05:00,485.90216960795544,492.18439802846353,480.22727248900344,481.8998718261719,18374300,408.05362851947484,325.9245808678757,70.27758452792288,25.803042352047214,486.14763078967053,451.1020396204857,13.64081937205009,1134374000,54.38417416344405,48.993840211166386
2024-02-26 00:00:00-05:00,481.3422703285055,484.00053314081714,478.48490593764205,479.619873046875,12101400,410.8601479127062,327.4538872577165,68.82624275594294,25.0176479394446,487.39728953274874,450.81524301933456,13.060448502844734,1122272600,59.96733572310606,49.29154469376623
2024-02-27 00:00:00-05:00,477.8676621827985,485.12555767334624,477.807928668057,484.9065246582031,10809600,413.7639273929218,329.0205801671741,70.35498847151153,24.53893622973999,489.6140741959318,452.332202659537,12.650247110162198,1133082200,66.52885281246441,49.605424564559314
2024-02-28 00:00:00-05:00,482.8655601096747,488.8889224690737,480.62546215040294,481.8898620605469,12715500,416.4355326740051,330.5416675491977,68.2968365799592,23.643585751614353,489.3828505411545,456.51687683514757,12.336905196484237,1120366700,65.23760814686364,50.02508284071023
2024-02-29 00:00:00-05:00,486.2904270330112,489.53608982298255,480.4860672630107,487.9729919433594,17732000,419.2409232335877,332.1081483889406,70.19057979309477,23.15792168388714,492.04019095708264,456.6522203384903,12.102127865304782,1138098700,65.1932318783934,50.43742434308623
2024-03-01 00:00:00-05:00,489.9442592294916,502.03084690503874,489.68542412374103,500.08941650390625,16273600,422.4114523814434,333.7796037930696,73.57625253372053,23.480060095097315,497.92662257007663,455.11962580231915,12.241822657902967,1154372300,65.04144569397133,51.22771894476613
2024-03-04 00:00:00-05:00,500.7863266009952,502.2000906332003,494.23529816240915,495.99749755859375,12324100,425.2971796432924,335.39371218874646,70.65756671375536,23.13844782225874,501.15110957042543,455.9540173826996,11.936320501680695,1142048200,64.13323400783614,51.96673023949955
2024-03-05 00:00:00-05:00,492.8215540308733,493.39898813968335,485.74285902058284,488.0625915527344,15325300,427.7585683456235,336.91280551575136,65.25198014295145,21.974132909199795,502.06105186974384,457.9402054544749,11.816200361418568,1126722900,65.33545544291624,51.589256291672164
2024-03-06 00:00:00-05:00,495.4399387418515,500.75643379353005,492.11464170428195,493.9067077636719,11757900,430.35261302868423,338.4749338963277,67.23986649819938,21.277700206003885,501.94251419758575,462.8983712190809,11.878889067088362,1138480800,64.68063058648806,51.54030460547505
2024-03-07 00:00:00-05:00,501.0650913395813,517.5621445947318,499.17345921115236,509.9358825683594,18586400,433.4735255596519,340.1810129875917,71.97548400651986,21.768261745400878,507.8176126369131,462.2550273370452,12.720071050229185,1157067200,63.97830081858511,52.06655700626437
2024-03-08 00:00:00-05:00,511.92708471200973,521.2658087856848,497.1523982608492,503.7233581542969,18597100,436.22842095552033,341.80830000417586,67.87991834936591,21.408947479756534,511.01391243252937,462.03662874585604,13.533881012701073,1138470100,64.9171563019679,52.66455491195292
2024-03-11 00:00:00-04:00,494.8226832995381,495.13131656797464,473.9051379702627,481.46173095703125,20428300,438.0022762496972,343.1978863818162,55.65820772958255,19.107600543874298,510.4354511625201,464.04498096638616,14.697048096367725,1118041800,64.05369486162303,50.914688608554926
2024-03-12 00:00:00-04:00,491.0892306270452,500.09939049089655,482.5967713665327,497.5506591796875,15448200,440.3375069528341,344.73373486736716,61.10828513271936,18.370247782310912,510.69656700209384,467.5671455630103,14.978520341903266,1133490000,70.08848028072009,49.516833454313606
2024-03-13 00:00:00-04:00,493.20983754544125,498.7752326970719,488.8690098038073,493.3890380859375,12090700,442.4179591541323,346.2128921133231,59.085316725536075,17.251221026800465,508.6642617962644,473.2552857297773,14.616213381286219,1121399300,68.81526856918805,48.218825096803805
2024-03-14 00:00:00-04:00,498.05838937279583,499.14358868890025,486.0116348178166,489.66546630859375,12620000,444.27080257195433,347.64028091128597,57.25884291731608,15.880858486520708,508.66932067418935,474.0068756148732,14.510194844843175,1108779300,61.90065951153719,46.74458426613978
2024-03-15 00:00:00-04:00,486.8579388165909,489.66550526344065,479.18184767146863,481.96954345703125,29153600,445.74918456744757,348.9768904888556,53.57277222391333,14.012314405703705,508.6638795738024,474.0216062660414,14.222585041066663,1079625700,57.24863268729326,44.74940752085176
2024-03-18 00:00:00-04:00,489.7451520014682,495.2309127099436,484.66759056588023,494.7928466796875,11755300,447.67246543459424,350.42779552558034,58.380519567158366,13.41161244099402,508.5547786205426,476.15377037034284,14.153926770484214,1091381000,57.46541072446589,43.22657609333753
2024-03-19 00:00:00-04:00,486.0216296035691,494.44438954443143,479.16193716995804,494.05609130859375,10903100,449.49143115514323,351.8569327970531,58.00883790737599,12.729365602105815,508.6788458965282,477.24964531440935,14.259425537573161,1080477900,52.297334294029824,41.30882069192061
2024-03-20 00:00:00-04:00,497.30173163353624,505.9634556291109,492.9908010622897,503.29522705078125,11711100,451.6013839353643,353.3637814960952,61.33338191062664,12.786802803469243,509.7066105149411,479.075929361361,14.167513325376595,1092189000,51.0719711325851,40.20924769799193
2024-03-21 00:00:00-04:00,512.4447853400868,512.7732892595714,503.78306185002987,505.5253601074219,9712500,453.71604966760185,354.87782705441685,62.113117177141326,12.863987261437899,511.40931594667285,479.7135396848376,13.832552531334702,1101901500,49.58347664302818,39.546434338886456
2024-03-22 00:00:00-04:00,504.76870917492283,507.7256395150062,502.1204121040678,507.33734130859375,8120600,455.818845418229,356.3948371464982,62.77003524870191,12.922406778612924,512.8295417431561,479.2597038623126,13.244886451306398,1110022100,44.556651634912825,38.767417834777326
2024-03-25 00:00:00-04:00,503.5640728242877,504.9877722326586,498.03847963839513,500.8062438964844,8380600,457.58305712325864,357.83176656689614,58.81177983565444,12.29991393693092,513.3171367654896,479.4132750183646,12.963027538370127,1101641500,46.04365249210248,37.63797575446574
2024-03-26 00:00:00-04:00,502.90696736388685,507.75553001466403,493.0306111369224,493.7076416015625,11205400,458.99970749495685,359.18376532346,54.769194790971305,11.105765642150118,513.1824237631943,480.30066136050374,13.088876919753805,1090436100,40.23995552316584,36.104703789418586
2024-03-27 00:00:00-04:00,497.10258460310035,497.69001476935216,485.9220269172614,491.6865234375,9989700,460.2815434142723,360.5022007275798,53.63867944276698,9.882389140078658,513.1732204232528,480.0138401236222,12.994527700635016,1080446400,32.1163760889455,34.03558647022148
2024-03-28 00:00:00-04:00,490.6710832601003,490.72088144774995,483.0149233375386,483.4430236816406,15212800,461.1898367580906,361.725492498267,49.17974594343663,8.153682337246607,510.9844763185321,478.67020304344715,12.685747157729756,1065233600,32.83183734341159,31.8608213783009
2024-04-01 00:00:00-04:00,485.055891897097,495.2408512075061,479.6597314262168,489.1876220703125,9247000,462.2877891232758,362.99377239450627,52.164030454534135,7.164621524582856,509.50037418434056,478.21620703310737,12.89255948798401,1074480600,40.08472400121446,30.203211608161684
2024-04-02 00:00:00-04:00,482.96513174990423,495.34042132891113,482.5170999994954,495.1811218261719,11081000,463.5777237390756,364.30906940377656,55.124868358930826,6.786182161572071,508.94384934398,480.60198398935336,12.887613905229136,1085561600,38.53467263254806,28.672124943164878
2024-04-03 00:00:00-04:00,496.73426100880533,505.0076872546703,496.55506045942224,504.5098876953125,12099200,465.1829066393202,365.70410242160284,59.34303200012942,7.156523730978563,510.17604437992316,480.2976860888268,12.668967585462656,1097660800,38.611247844898635,28.000921885493025
2024-04-04 00:00:00-04:00,514.147242644663,527.6674947124947,508.332947858352,508.6714782714844,26476300,466.8883408209737,367.12666337533307,61.09970305832237,7.697100291650031,512.5727669444196,479.93862221573653,13.418156116299764,1124137100,50.32991394268452,28.676412310461085
2024-04-05 00:00:00-04:00,514.5853067823032,528.3644242747368,512.1460769736384,525.0192260742188,19263300,469.1679833799245,368.6977336509439,67.11124817865984,9.337006535224475,519.8980337399355,477.32719005563746,13.866355393939244,1143400400,64.09727453608325,29.336734657199212
2024-04-08 00:00:00-04:00,526.9506698907369,529.1509047985135,516.6063816574513,516.9647827148438,13260600,471.0423676675684,370.17302767148027,62.02538200440418,9.872909033171936,522.0938377422124,479.7974179544023,13.771938804448027,1130139800,56.78636873483302,29.989441127674816
2024-04-09 00:00:00-04:00,519.9316823916643,523.5556775870256,504.50986253452,514.6251831054688,10863800,472.7514976847409,371.6103625514205,60.58905126200115,9.993629152090364,524.1780704451401,480.35749677491197,14.148644250737854,1119276000,56.625623922976004,29.322355059739806
2024-04-10 00:00:00-04:00,507.04861454038274,520.2602021063204,503.5739534292195,517.542236328125,11418500,474.5079972393835,373.0624209969599,61.77752956580345,10.207022332513645,526.515861927198,481.15119129545826,14.329901709763789,1130694500,50.04921586639426,28.611470994473887
2024-04-11 00:00:00-04:00,518.8165781570743,521.5544753957339,515.0133827008424,520.8575439453125,10369500,476.32562652196896,374.5330192352519,63.13808554986692,10.52236036262076,529.2161703362692,480.7925251389912,13.773558208701484,1141064000,50.303014438998616,28.04096383987481
2024-04-12 00:00:00-04:00,515.4714163739358,517.9006805254135,507.0884588703495,509.64715576171875,11984500,477.6323531588219,375.877438504172,55.89310235538188,9.755231153755574,529.6016774298951,480.95659079927157,13.773238699148736,1129079500,49.19249969826916,26.709557094475702
2024-04-15 00:00:00-04:00,514.4459225008984,516.2480151542466,495.09150452449086,498.0285339355469,13512900,478.43220338536014,377.09287228955884,49.547324957870686,8.116191643254979,529.2132802937413,480.1038136190192,14.300615265620662,1115566600,47.83698302516503,25.15941189985157
2024-04-16 00:00:00-04:00,495.91787553186504,502.54856948355643,494.92227638686524,497.5606384277344,9847900,479.1823380929043,378.2915565297397,49.304556301108484,6.702226668384753,529.1853543404876,479.6989921764394,13.823877967839987,1105718700,48.181719254314174,23.733539656943158
2024-04-17 00:00:00-04:00,500.8859322657038,500.9456657833053,484.9961785349423,491.9952392578125,12193700,479.68480480525363,379.42293645738226,46.39279942706441,5.074077233852904,529.2831424118167,479.37288379261037,13.975707202163056,1093525000,47.62475847204931,23.16795190237698
2024-04-18 00:00:00-04:00,497.6203470065215,509.95583437882266,496.8437809276719,499.59161376953125,14808700,480.46546398032336,380.61864468934397,50.67466320117469,4.346615931563576,529.0420927144929,480.66794553420505,14.260342053509277,1108333700,55.450333308749734,21.826405370273882
2024-04-19 00:00:00-04:00,500.58723051341923,500.58723051341923,473.6363851500769,478.952880859375,25215400,480.4061469951881,381.5970948004886,41.07513186960738,2.0807388850103052,529.8797497117177,479.23160282734483,15.16680657564021,1083118300,46.87614511477652,22.048378806772913
2024-04-22 00:00:00-04:00,487.5647817454041,489.8447121415832,471.31659749872864,479.6099548339844,17271100,480.3749237731801,382.5723471391304,41.45537563495531,0.3341831241752402,531.168607111167,476.6657231297184,15.406900009012665,1100389400,40.43821840547416,22.375733343283372
2024-04-23 00:00:00-04:00,489.08805583775546,496.5650147702585,486.81809111454174,493.9167175292969,15079200,480.9059745087141,383.68025132211716,49.14967387706718,0.10327084139004228,531.1994594405489,476.4662835607532,15.51748286095991,1115468600,41.1930010005298,22.0836963727729
2024-04-24 00:00:00-04:00,505.8240759731086,507.7555406564637,482.4473981829464,491.3281555175781,37772700,481.3146874894539,384.75137474694765,47.92245250153055,-0.28531519125846216,531.0150406723418,474.89313803859574,16.216815690428298,1077695900,43.83747866443197,20.919645136518366
2024-04-25 00:00:00-04:00,419.54544979254115,443.8081947165338,412.67582215895027,439.4375305175781,82890700,479.6724460395764,385.29551560038675,31.137979481076442,-4.725934559387497,540.4016911652301,456.2752945118532,20.67649552387112,994805200,28.306533529214207,22.631863179085055
2024-04-26 00:00:00-04:00,439.51714805221445,444.4752422585891,430.05895707836504,441.339111328125,32691400,478.16917801167637,385.8531633190707,32.07683157440293,-7.999502437742478,540.9404960050218,444.57914103924895,20.22933764218205,1027496600,36.753590321775086,24.177741628227
2024-04-29 00:00:00-04:00,437.6255554311239,437.8246874123807,426.6739648940422,430.7160949707031,21502600,476.3082727943833,386.2995606489377,29.645242557669945,-11.320521283339247,542.3218389957567,431.6979730159621,19.831895413032104,1005994000,35.83887822962561,25.703658541468428
2024-04-30 00:00:00-04:00,429.15295710826837,437.68524823408194,427.8288237442368,428.27685546875,18429500,474.42468780122124,386.71724517450804,29.0997618173639,-13.98803354391032,541.6137926779746,420.89290898218167,19.11936177566161,987564500,35.343691745574105,27.120581389478325
2024-05-01 00:00:00-04:00,426.7137807964904,447.97976301143586,425.23031747526596,437.2571716308594,20344900,472.96713814748153,387.22013001486977,33.92049463684562,-15.202178515256037,536.677661823203,415.12436454398454,19.378653472840774,1007909400,36.81351306478244,27.664846613233514
2024-05-02 00:00:00-04:00,436.9087082382991,442.00617080211333,430.3775805305028,439.7362060546875,15221300,471.663964339921,387.7426780351665,35.22972693325596,-15.782429766514952,528.6876454245493,412.29820255722154,18.825077529895754,1023130700,40.99267993876782,28.170235749577618
2024-05-03 00:00:00-04:00,443.9674860875785,452.17124308674926,441.89665339017773,449.970947265625,16489100,470.8132577879878,388.3618647936785,40.47344870867313,-15.240739228406255,521.5309367679479,411.49808341434385,18.368646065764754,1039619800,45.59564939929203,27.885697939332776
2024-05-06 00:00:00-04:00,453.5750276624564,464.10848322599213,451.34489538609245,463.6305847167969,15094600,470.53158433421567,389.1108072804757,46.67808899558137,-13.552996483317088,516.5964451888982,411.8461817642268,18.06642391537921,1054714400,49.418621067014485,26.822003450747935
2024-05-07 00:00:00-04:00,464.23792123892935,469.45485089459487,459.2798266933172,466.1793212890625,13406800,470.3609073520528,389.8776581661333,47.77199445380543,-11.87292279426805,511.4269600775641,412.8314912570713,17.5027525072291,1068121200,53.30533166927119,25.4980486910945
2024-05-08 00:00:00-04:00,461.4601836982539,473.4870074797213,460.9623841473388,470.5201416015625,11683900,470.3671518324257,390.6800709366351,49.665940416707535,-10.075045516730768,507.63348953517584,413.76161544529293,17.147171851882913,1079805100,52.715708391419575,24.015511850402923
2024-05-09 00:00:00-04:00,467.93156788594683,473.9847969274059,465.57200292622855,473.3277282714844,9437700,470.48325286925154,391.50243568623563,50.90598901044287,-8.32766984679489,501.7234754321106,416.16977814861855,16.52328771968966,1089242800,58.49517953493482,22.60645640147209
2024-05-10 00:00:00-04:00,474.9903459174112,475.3985451728716,467.53331877441457,474.1042785644531,10750000,470.62525387690647,392.32434457059605,51.26363305394542,-6.801794072371308,500.86051837846156,416.386254896278,15.904854768173042,1099992800,63.30953673338146,21.200629082931425
2024-05-13 00:00:00-04:00,470.6694471193848,471.26681262125675,460.81302267994835,465.9503173828125,14668800,470.4419230340008,393.0569413149962,47.362084431554216,-6.179252473596307,498.6703358326925,416.75515244855745,15.71816913362531,1085324000,58.411034197143984,20.33029971001854
2024-05-14 00:00:00-04:00,461.33074626432125,470.46040330394175,458.055216745279,469.7734375,10478600,470.41570791502045,393.8202895357425,49.310059571038956,-5.31610913217537,492.9328503325034,419.2735339448404,15.481527521127985,1095802600,54.012508576818156,19.697487911394074
2024-05-15 00:00:00-04:00,472.8896490118278,480.3765429505087,469.1262858077744,479.4207763671875,13100500,470.7688478543211,394.67203567336884,53.94201076446156,-3.8096865005493896,489.4855701646246,421.13316355933375,15.17929392267129,1108903100,76.08323016177135,18.356675821216445
2024-05-16 00:00:00-04:00,472.9095688401496,475.5877328290851,470.6694708824857,471.1473693847656,16608200,470.7836918359072,395.43298426751215,49.74399207626193,-3.246012500003701,491.33280867381285,423.5139035657705,14.720151891387754,1092294900,66.09817700142116,17.111636023194364
2024-05-17 00:00:00-04:00,468.7579268387386,470.71925834782434,466.35855966335566,469.83319091796875,10807300,470.7464172901057,396.17328483119826,49.090456923872,-2.872230724847725,492.60204278869156,426.043880062871,14.01077030781791,1081487600,69.19661140814289,16.27768601460313
2024-05-20 00:00:00-04:00,467.88180314929565,471.11750018246295,464.9846061597593,466.77667236328125,11745100,470.59074101846556,396.8758061001742,47.52651138140642,-2.790474623605462,491.4080991506563,432.0459006865833,13.448064858881176,1069742500,71.13934339260176,15.607221367940605
2024-05-21 00:00:00-04:00,465.0642370629435,468.6284987814829,460.2355754516668,462.585205078125,11742200,470.2767984325699,397.52963096562644,45.39092420073413,-3.0289824801533882,487.7178498913253,440.31059656049763,13.086983321090813,1058000300,63.47582140204344,15.344883687830245
2024-05-22 00:00:00-04:00,465.81094426680374,471.63520505609125,463.6007130579609,465.7213439941406,10078600,470.0981531604746,398.20815547337287,47.299078422411306,-2.931152967280525,484.8146930530517,447.00897638054204,12.798627368010488,1068078900,62.6076768434048,14.816522645371178
2024-05-23 00:00:00-04:00,470.79889252187127,472.272359698421,459.5088027275184,463.7301330566406,11747900,469.8484268818929,398.8601154493258,46.19537148912195,-2.979945498166103,480.3816374861332,454.64122221438765,12.796122339645637,1056331000,54.89273448299618,14.652093831826468
2024-05-24 00:00:00-04:00,465.5620904599371,477.73827954636835,464.2478922312414,476.1154479980469,12024300,470.09419241585977,399.62882522593003,53.468519581090355,-1.9962114401647568,478.8035678614583,459.7052252700521,12.882695493222927,1068355300,54.1752115023224,13.964066902827147
2024-05-28 00:00:00-04:00,474.4826250142837,478.74378812032353,472.750292232449,477.8079528808594,10175800,470.3966928262519,400.4067269936408,54.37613614893363,-1.067716145492966,480.1338215540465,460.26528733267224,12.390609807126612,1078531100,53.35599300965874,13.227481743414804
2024-05-29 00:00:00-04:00,472.57106734149943,477.7382290452824,471.61530072315185,472.2723693847656,9226200,470.47024876972307,401.121808012458,50.88050864203797,-0.7696798699200258,480.34564824245325,460.8658670570259,11.94789854645382,1069304900,46.96289972913106,12.650772744885407
2024-05-30 00:00:00-04:00,469.59423061708014,469.65396413111466,462.6648391563524,464.9945373535156,10719600,470.2555149886953,401.7573575581402,46.635695588139214,-1.1079721822071065,480.37232010111205,460.1024479652942,11.78072938087949,1058585300,40.85293668428612,12.907172429763934
2024-05-31 00:00:00-04:00,463.7500468415907,467.05544313285293,452.45995673704215,464.7755126953125,16919800,470.04061293797446,402.3844038779131,46.509939631185176,-1.3778616055113844,480.00286105097865,459.33161160527135,11.981783453374584,1041665500,33.08168433011764,13.896177201720056
2024-06-03 00:00:00-04:00,468.78775376415734,477.4893101155663,466.17928911634414,475.3885803222656,11279400,470.25033714912314,403.1108135937773,53.10833540590676,-0.726984828964305,480.25404038198127,459.2516725086437,12.034070165294528,1052944900,40.54024510778136,13.71522686054624
2024-06-04 00:00:00-04:00,474.90080433740025,476.7825013536527,471.14740640252404,474.8908386230469,7088700,470.43231759908093,403.8250426985462,52.779500187721055,-0.2484597996531761,480.93367822094893,459.764104168374,11.577000507139825,1045856200,39.359795232479144,13.547201543741982
2024-06-05 00:00:00-04:00,482.31796492041195,494.46425492403085,481.7803329339047,492.8812561035156,15690500,471.3126681286666,404.7111741752126,61.94998619213202,1.564417441692342,487.3116446341283,456.4671802356634,12.148173063842979,1061546700,40.48075345385112,13.300434791269984
2024-06-06 00:00:00-04:00,490.81043955740375,500.60713074206376,488.7296411509509,491.5870056152344,10667300,472.1077401869634,405.5756103089442,61.031697989533285,2.8636896865111225,490.68808713089936,454.71290163863193,12.128838530076541,1050879400,48.835963959844705,13.503077836759072
2024-06-07 00:00:00-04:00,493.72755686309443,496.71435418448607,488.01282771081276,490.79052734375,9380700,472.84039850683735,406.4235199311811,60.43796943800955,3.7854666579571585,494.0927944753449,453.927282022051,11.884030526047738,1041498700,49.13161917670789,13.621742770910911
2024-06-10 00:00:00-04:00,491.6865656105578,500.447856074985,491.2385642376234,500.38812255859375,11220900,473.9207014108278,407.35849110160314,64.87254761278021,5.230137502776131,499.87170515022575,452.2223622325867,11.72498039784683,1052719600,56.49867968195284,14.003928152186392
2024-06-11 00:00:00-04:00,497.9588370105871,505.36609655943624,496.0771401748187,505.2366638183594,9673700,475.1487783679859,408.33240326793907,66.89158990821707,6.689177638353158,505.9169037948698,451.3051624486198,11.550978682616167,1062393300,63.458750131378395,14.705301002922528
2024-06-12 00:00:00-04:00,511.7279763073018,511.74790773477673,502.2498837276922,506.60064697265625,11983200,476.38218497993375,409.3101967376378,67.45824953060105,7.864878080092751,510.72746206771706,452.36332976171,11.404339062935337,1074376500,64.11665846504233,15.776627893344383
2024-06-13 00:00:00-04:00,503.48440017238886,507.11833072281496,499.153538115515,501.8815002441406,9954600,477.3821581275497,410.23130423521496,63.414259949699556,8.319926515305212,513.4832796780082,454.42886631808545,11.158657173247095,1064421900,64.5077517758964,16.41222060459047
2024-06-14 00:00:00-04:00,500.9347487116365,505.4193928906367,499.041238363191,502.4396057128906,10243300,478.3648031308964,411.1487997723063,63.69147768771208,8.626153201194654,515.2983326678633,457.77507634906374,10.817192698546995,1074665200,57.38720875864601,16.98894802785652
2024-06-17 00:00:00-04:00,499.95811806823497,509.007120155757,494.3174285643263,504.90118408203125,11266600,479.40544552113704,412.08165931767667,64.95285184189748,8.964135879686864,518.0103470716418,458.90116008981647,11.0937997623244,1085931800,57.84623931450617,16.954448021163763
2024-06-18 00:00:00-04:00,502.8382288096328,504.2733173632675,493.3307747451631,497.7855224609375,13060400,480.12623285210964,412.9344340753211,58.613836458074836,8.559150602410455,519.1023865814475,460.4727965240213,11.127843303363237,1072871400,56.25853572953893,16.80411762689864
2024-06-20 00:00:00-04:00,500.28700123955986,501.9513160000998,495.0748368714323,499.988037109375,11801200,480.9051271367083,413.8006390806351,59.917793849422516,8.320013441429182,519.7713771405288,463.4992283282212,10.824174433742112,1084672600,63.09256060028303,16.664525117938172
2024-06-21 00:00:00-04:00,501.7320416830129,501.7320416830129,490.7097852096126,493.09161376953125,22359200,481.3830285732896,414.5896040029127,54.163347812290645,7.487698266069742,517.7758723373488,469.2410099868699,10.83832315086055,1062313400,60.58259196953463,15.977245739806975
2024-06-24 00:00:00-04:00,497.4965384489006,506.06716741550116,492.6032897190552,497.20751953125,13525300,482.0035968461508,415.41167281414,56.82820538561046,7.078603949944352,514.4775628304657,476.86358707187804,11.025862761259505,1075838700,61.247849877325,15.789084298770131
2024-06-25 00:00:00-04:00,495.3538552472839,508.96724553577997,493.8091566300633,508.8576354980469,12063200,483.0566964011271,416.3414833881092,63.327308235646164,7.606774589078498,514.3476854879485,481.4560051044993,11.321021771577875,1087901900,62.46927104699823,15.90253118284647
2024-06-26 00:00:00-04:00,504.9210956404324,512.0566664238407,502.9578168745125,511.3690185546875,8882300,484.166983544404,417.2870310017071,64.56566281901334,8.134234854011595,512.742259124057,487.9251887926097,11.16229518427433,1096784200,61.0386781976367,16.307098541591536
2024-06-27 00:00:00-04:00,512.4951102329746,521.0956650287512,512.1463289466473,517.7869873046875,10121200,485.4854150644151,418.28703056691086,67.57868402352672,8.966764080337896,516.4635509771203,487.52466109970254,11.059748847830715,1106905400,61.02315616600142,17.45448975783715
2024-06-28 00:00:00-04:00,515.3852901424151,520.0991299203725,502.1206815027582,502.4993896484375,15855100,486.1526297539846,419.1249644881201,55.477655066526985,8.297321762797651,516.0795126696265,489.36368394495685,11.55394167424383,1091050300,58.591277687786075,17.184024870500185
2024-07-01 00:00:00-04:00,503.2269228247233,504.8513350720168,491.4871220656849,502.95782470703125,10328200,486.81165700704526,419.9591223012436,55.733637209545975,7.7148438632701755,515.2739932199314,491.791509709756,11.68324676939298,1101378500,52.38832069432881,16.108534492401816
2024-07-02 00:00:00-04:00,499.05118715616857,508.7579400808467,497.7456599095063,507.7613525390625,7739500,487.6332136945753,420.83277633346074,58.430586086369594,7.553755491400523,515.8150413231767,492.23355893723993,11.635320583817798,1109118000,51.85553193536424,15.18613981671499
2024-07-03 00:00:00-04:00,504.6420418785985,509.5352904864763,504.29323014715453,508.21978759765625,6005600,488.44053031822557,421.702298833602,58.689266754090596,7.378034287442858,516.188346037178,492.2580040604782,11.178659137782367,1115123600,50.07903220131685,14.405995776291151
2024-07-05 00:00:00-04:00,509.85420477507415,539.0243118788674,509.85420477507415,538.0675659179688,21354100,490.386688577039,422.8601621876753,71.23856606295999,9.537300169866342,527.0455072818676,485.596432008497,12.580506648027278,1136477700,59.300963855895674,15.80765090903983
2024-07-08 00:00:00-04:00,540.4992371464056,540.957689320249,524.8528611647961,527.5137329101562,14917500,491.8426510999064,423.9014912495906,63.85243623570011,10.278444308807138,531.1022668631576,484.95730344934236,12.832243898557678,1121560200,66.18961327588264,17.210407797182206
2024-07-09 00:00:00-04:00,531.9286710631172,535.6459236229929,526.3876460280692,528.1914672851562,8753200,493.268094871877,424.9392024539246,64.10977895169523,10.796043805882618,534.6587178519491,484.83443400351973,12.576960591155252,1130313400,60.65415419282165,18.512967764742978
2024-07-10 00:00:00-04:00,528.9787621638455,537.0411834020582,526.5570613576638,532.865478515625,10983300,494.8209334461416,426.0130957480709,65.91216252003153,11.451394235869373,538.8685360836982,484.3531883629163,12.42747212352948,1141296700,67.6424375916449,19.80392159480383
2024-07-11 00:00:00-04:00,529.0784006805071,533.632813269708,506.6352286709946,510.9504699707031,16458300,495.4534642902421,426.8582437502862,52.579322986546536,10.08613939839097,538.7381966261601,486.23885415509,13.468194443185473,1124838400,59.317224911602665,18.9190767593652
2024-07-12 00:00:00-04:00,496.06143545934026,506.3561716108576,492.5434825758769,497.1676330566406,19750500,495.52068659480676,427.55783966378226,46.24367437466195,7.80206796963347,538.9431052962327,485.6578916113195,13.820965368302668,1105087900,60.11570550316942,18.111565498236853
2024-07-15 00:00:00-04:00,496.92846092249255,504.9509786314799,491.6864006139004,494.4668884277344,12539200,495.4793611764902,428.22360134302556,45.09696594829318,5.708196845997463,538.7779734265108,486.00639343546834,13.781223414679587,1092548700,52.987742574092614,17.42166420393698
2024-07-16 00:00:00-04:00,499.78868470106653,502.2303365025694,484.1323019174205,488.11865234375,14075800,495.19070592814745,428.8195719997492,42.433404165566664,3.496236855298207,539.899886977663,483.67263092598284,14.08956706971311,1078472900,45.8301323773987,17.299986118370338
2024-07-17 00:00:00-04:00,477.53491191999797,477.53491191999797,457.55331152845895,460.41351318359375,28076600,493.8268944479689,429.1339395737178,33.21357249513784,-0.4867199576586927,546.6373963885668,470.4759052064853,15.266408051540107,1050396300,37.36941187888032,18.578781273484527
2024-07-18 00:00:00-04:00,473.37912124383195,477.6046430358969,462.9548232159943,474.2262268066406,19267200,493.05824081497565,429.58261904867226,40.19085154413993,-2.4998546080495885,547.7673389593435,464.3935904026356,15.403888180166039,1069663500,39.700549715845895,19.759929961257768
2024-07-19 00:00:00-04:00,474.4355049831781,485.04915716621923,474.08669322978517,475.16302490234375,15149400,492.3564676419313,430.0361554253257,40.643765699936914,-3.973878151484314,547.1006450582132,459.3770893167867,15.086643591328041,1084812900,47.06690527238205,20.182965981508115
2024-07-22 00:00:00-04:00,484.9195767646279,490.3808877134724,482.2487293193248,485.7367858886719,12023100,492.0968722790584,430.59039055431424,45.646885304691644,-4.239962636445739,546.847197812645,457.3955227277194,15.09601639274237,1096836000,52.40844677954164,20.11710793239509
2024-07-23 00:00:00-04:00,488.16843897785293,493.53008483154133,486.0556782504006,487.0223693847656,9455500,491.8978721655567,431.15190278148293,46.24020346816222,-4.2975610550439,546.4075802231129,455.71041294094965,14.574393717751448,1106291500,52.73570615325257,19.787816667378586
2024-07-24 00:00:00-04:00,470.6982890383508,474.6746638479208,459.008305488975,459.6959533691406,17649700,490.6350518205992,431.43592318534024,36.99573512649679,-6.473598004707242,547.449834179277,448.2594390954625,15.53437015903996,1088641800,47.461361179716754,20.842918324553832
2024-07-25 00:00:00-04:00,461.6791870331621,461.96817554306887,441.13950052747947,451.86279296875,18240500,489.114571081311,431.63917562099607,34.84521095372166,-8.72956455840955,548.3066939746516,439.88831334956717,15.912534791650634,1070401300,38.192197687026685,22.46887799876304
2024-07-26 00:00:00-04:00,462.6159889198552,468.16695889164293,457.8523012762326,464.1108703613281,14222400,488.1340337981744,431.9622770611984,40.654171781192595,-9.420522897561455,539.8190160153183,438.515098568015,15.940508443882226,1084623700,37.4069278377299,23.47492759835742
2024-07-29 00:00:00-04:00,468.2766029126612,472.3426670825258,463.4331711904061,464.1208190917969,11339600,487.19233910380666,432.2822625540402,40.65879977594084,-9.853722006460089,532.5784230315801,437.3033030426387,15.438293261613476,1095963300,42.190134334032415,24.07355955101836
2024-07-30 00:00:00-04:00,465.4064017799669,471.11685958576277,455.14156182899654,461.6094055175781,11390400,486.1890868063075,432.5740749218366,39.81472363708965,-10.281170573409952,523.3606220327391,437.64349580580256,15.476650725552958,1084572900,36.85249512184081,24.962978556431043
2024-07-31 00:00:00-04:00,469.4126596070103,474.873970361899,465.1572416923743,473.20965576171875,24285800,485.6800895104413,432.9784090595469,45.44812336512684,-9.573525749425983,509.03021831052536,444.0197898274955,15.318644591179238,1108858700,46.455940487696786,25.47332664357031
2024-08-01 00:00:00-04:00,519.2221093462982,525.37103744849,490.4207354671662,496.0414733886719,43083100,486.0864182899798,433.6059022369511,54.47934714463574,-7.088661580913254,504.4823859605495,446.5797559665338,17.95026866943581,1151941800,59.985194411109894,24.37019623232452
2024-08-02 00:00:00-04:00,487.33132439808213,499.4398573571871,474.5251679707821,486.4742736816406,24044700,486.10162830533903,434.131955684162,50.69224134352603,-5.8242436297229006,502.08065550659427,447.55570517048903,18.447727292076472,1127897100,57.363474654155574,22.67995048253327
2024-08-05 00:00:00-04:00,449.8097889859803,481.8301512791444,449.2616475949092,474.1065979003906,21396200,485.6312349561254,434.52971331815434,46.21935972467103,-5.753824857012887,498.6214216716633,448.3002336017742,19.788077205980397,1106500900,55.976003895499076,22.12542899745046
2024-08-06 00:00:00-04:00,477.3654580221627,500.8450593281317,477.0166462812122,492.4039611816406,20955000,485.8968320630084,435.1055764809751,52.848089390239736,-4.173464076960727,499.6526239324867,447.8404058526696,20.284533221820446,1127455900,65.40128886780548,20.75732356057527
2024-08-07 00:00:00-04:00,501.41308715206713,508.4091206403475,485.19858862879056,487.2515869140625,20105300,485.9499597042262,435.6244422564287,50.943942422029686,-3.2987444435419206,501.21748269265595,449.8539569232295,20.493533135373053,1107350600,65.6307372650989,19.375926326305684
2024-08-08 00:00:00-04:00,495.80231803767714,508.2197906932699,493.0318057986474,507.89093017578125,16156800,486.81038991879706,436.3435117879646,57.54315407181251,-0.929386927039161,508.08037113773685,447.47969559403396,20.52743818136122,1123507400,65.86968184213944,18.093200323055356
2024-08-09 00:00:00-04:00,505.97747473337193,516.5712360513268,503.9743543668049,516.003173828125,13696600,487.9552049740648,437.13614524110056,59.83046903338043,1.5846691613142525,516.2271347520532,444.7782851698218,19.960969860158407,1137204000,66.18074421759704,17.266584041338202
2024-08-12 00:00:00-04:00,515.0963211984078,516.2523970320111,507.362821069691,514.189453125,9767400,488.98399901919953,437.9028448220349,59.06431250995294,3.391628044403774,521.8602870072206,442.93882187949816,19.170156010312816,1127436600,66.28163728759395,16.4990117797437
2024-08-13 00:00:00-04:00,518.2355285467402,529.6863103591749,516.3818902058347,526.7363891601562,13743800,490.4644849070802,438.7867606860958,62.62945194609825,5.7695807214874435,530.2977112880166,439.7966002354209,18.90777752630296,1141180400,72.43337804548605,16.37426230565046
2024-08-14 00:00:00-04:00,526.2580150181869,532.1777474509978,521.3448457351398,524.9624633789062,11444200,491.81734680793613,439.6442303646313,61.80982842183125,7.425389101649955,536.5720205274926,442.22449233058035,18.33100068269975,1129736200,78.50601804380855,16.363668171006108
2024-08-15 00:00:00-04:00,529.9752650350221,537.9280749520336,524.9026685286987,535.4963989257812,13482100,493.53025081255754,440.5979832856378,64.75914965303352,9.47836899752059,542.8484927976241,447.0991675213864,17.952029664173693,1143218300,78.60695385085492,16.60031397843524
2024-08-16 00:00:00-04:00,530.0849932744787,531.8389364369774,522.8696476223628,525.6202392578125,14776700,494.7886817319793,441.4439758823758,60.07484376686662,10.190971631911566,546.2037541532683,451.94515535193995,17.571652638405464,1128441600,72.97250188262089,16.68805981964122
2024-08-19 00:00:00-04:00,525.0721277005686,529.8457606228551,520.9761670777149,527.4739379882812,9879700,496.0704564871284,442.29999540581764,60.65018113230618,10.781015513344585,548.4542882222531,458.1417038024864,16.95007698888652,1138321300,73.01321658964697,16.64117690548554
2024-08-20 00:00:00-04:00,526.5470843874483,529.2777857666691,524.0855419773998,524.9326171875,7944400,497.2023059263587,443.12221054792394,59.38669598272008,10.917713584338344,547.8825183608628,467.1565685531997,16.110231760342437,1130376900,71.39850025889105,16.597642770912408
2024-08-21 00:00:00-04:00,525.3511855681114,537.5593838516315,525.1319046628375,533.3338012695312,13423300,498.6192273123655,444.01983831629815,62.19084268518948,11.570574750956098,549.3258792374975,473.72976041094006,15.861412824898801,1143800200,67.49593825949057,16.9879019312836
2024-08-22 00:00:00-04:00,535.1675132966868,542.3728218044048,526.7862387815086,530.1148071289062,15708300,499.8543480894848,444.87650467264257,60.46808964349724,11.693431405880688,551.6969551271636,475.90179568663854,15.841782124755758,1128091900,77.76393599122929,17.589742807754842
2024-08-23 00:00:00-04:00,535.087786368687,538.0277318947694,523.2682722695172,526.1982421875,11323900,500.8874419756815,445.68567619020337,58.35017442172787,11.343995611354671,551.8038113064296,481.091468641487,15.764473374791221,1116768000,80.91584252978973,17.855248409721934
2024-08-26 00:00:00-04:00,525.7996041549756,526.1982635338597,513.1928072539388,519.3417358398438,9584000,501.6111397742761,446.4185723061202,54.7357774616098,10.393987053877595,546.6266152224393,492.30001645073776,15.567400725157631,1107184000,74.5532826504643,17.3069266148823
2024-08-27 00:00:00-04:00,517.2090276320597,522.2218925970005,513.5515680694119,517.32861328125,6282700,502.2275112843535,447.12414485313644,53.68431654431285,9.370637386748513,544.2065567178854,498.0433619019064,15.07475242533127,1100901300,68.8932151944693,16.79777066253121
2024-08-28 00:00:00-04:00,515.9035183539326,519.3118919559577,510.7013599511842,515.0166015625,9106100,502.7290442364377,447.79969168606544,52.43843692842239,8.277645830815459,537.9101637899759,508.0417567829408,14.613022395291427,1091795200,62.03891267540328,16.09504663332736
2024-08-29 00:00:00-04:00,517.2787838642175,525.4009971702922,513.9202885037621,516.4515991210938,8317400,503.2671836436791,448.4827952426329,53.16495333076181,7.441454008695246,536.6766638171265,510.4166792818318,14.3892857003799,1100112600,60.777675078318154,15.861107148261281
2024-08-30 00:00:00-04:00,519.5709084999014,521.7534377247654,513.4419314026487,519.5310668945312,9157500,503.9049829868498,449.18974321926873,54.761944158728774,6.947170619915767,536.4822959211729,511.081432919973,13.955158601932526,1109270100,54.796689840851,15.601162823643126
2024-09-03 00:00:00-04:00,517.8668178929381,523.696831279206,506.88440259216975,510.0137023925781,12459100,504.1445406106038,449.7949567433813,49.18045911261818,5.721521558808263,537.1784125817778,509.8285494950451,14.159249322297075,1096811000,46.36944018293271,14.778054124850154
2024-09-04 00:00:00-04:00,504.3431035419103,514.8272247562169,502.34992830432384,510.9903259277344,8335200,504.4130027799031,450.4038658894943,49.74648013352563,4.7739599660578165,537.3387443944135,507.5687425847531,14.03910983155393,1105146200,39.74563377895787,13.812385954456149
2024-09-05 00:00:00-04:00,509.9738079913622,519.8499947589663,509.40574576002206,515.0962524414062,8640900,504.83195374702086,451.0475712283193,52.15899917197446,4.304702599995721,537.0468908806404,506.5451013068595,13.782334057796096,1113787100,37.57009074581081,13.15275829092561
2024-09-06 00:00:00-04:00,520.0991399974671,522.7899386747894,496.54977021380114,498.5628662109375,14744500,504.5861071769784,451.52036023312155,43.17153664301018,2.5690917723028406,536.7184277680717,501.94909339078254,14.672179372309818,1099042600,37.7313823682398,12.910365994900049
2024-09-09 00:00:00-04:00,504.4327639412016,509.5851046042932,500.366669657444,503.06744384765625,11047800,504.5265517522991,452.0332665377438,45.90637029627081,1.5393448467284543,536.6239605705671,499.0365212002661,14.411469302384521,1110090400,37.545121850976166,12.685287434304886
2024-09-10 00:00:00-04:00,506.42593906484467,512.4253852381723,498.32367732108537,503.06744384765625,9899000,504.46933183447,452.5410692970465,45.90637029627081,0.7150206760165929,535.5920873295632,496.81419522252014,14.389343489148983,1119989400,38.21000349202482,12.210237528579835
2024-09-11 00:00:00-04:00,505.27990577946883,511.36904162153746,493.9088372319285,510.08343505859375,10782500,504.68949274522,453.11363015039524,50.232643137531014,0.6207144773169375,534.231006981098,496.19538462046455,14.608690696324697,1130771900,36.812055203045716,12.129890274725431
2024-09-12 00:00:00-04:00,515.285585023477,524.9126549028794,513.4618127596613,523.806396484375,11970500,505.43917524479474,453.81704076068365,57.407940607093586,1.6344633587135036,531.671695973777,497.4843749897647,14.624442778321905,1142742400,34.95338696136443,11.668214402186843
2024-09-13 00:00:00-04:00,518.564409723777,525.7796940926987,515.3453904682744,522.8297729492188,10321400,506.12115946849764,454.5037346133059,56.78052007418417,2.3321774041973526,529.7460041708632,498.43872890205347,14.325147124472073,1132421000,42.706143720928836,11.30884836388485
2024-09-16 00:00:00-04:00,523.2487487578231,532.7852130316696,516.1263711491835,531.96728515625,9527600,507.1347330248801,455.2745162107482,61.06779406366912,3.581160295046743,531.5230097380719,497.4309290640114,14.491839607187364,1141948600,49.63550564134139,11.523167647261802
2024-09-17 00:00:00-04:00,536.2765732411165,540.7654956540217,529.2639105539961,534.999755859375,11690800,508.2274790183898,456.06780217740123,62.400804596491675,4.7608036953057535,535.3252274701504,495.71644733453724,14.278249999532955,1153639400,55.97101744683599,12.2827130046793
2024-09-18 00:00:00-04:00,535.7479547958741,542.8604084454137,532.5857751215418,536.6257934570312,10323500,509.3411384081404,456.8693742299349,63.12979000089809,5.760483960332408,539.2461378141135,494.36849434734484,13.992277379842877,1163962900,62.63317481152893,13.128325622398888
2024-09-19 00:00:00-04:00,548.6460587400361,560.686353189847,545.1746449788143,557.7236328125,15647000,511.23849112988,457.87289919095554,70.98923022896298,8.161081222423945,549.9308375350591,489.3780654597325,14.711440405055223,1179609900,64.66046797916962,14.931523929518123
2024-09-20 00:00:00-04:00,558.6214872028946,563.1104098679178,554.9305830568934,559.9681396484375,22066800,513.1494577384509,458.8887722303335,71.68084448599168,10.127936246901754,558.7997723269085,486.31133607152896,14.244896576910167,1201676700,73.10213007873134,16.723759721815348
2024-09-23 00:00:00-04:00,568.0980656176895,572.5670177481582,561.0254922344247,563.0205688476562,12830700,515.1051875858708,459.92490951010785,72.63625405067137,11.797000076878703,566.8580533111325,484.0516553477218,14.127323828539486,1214507400,80.5604266662415,18.821080073675507
2024-09-24 00:00:00-04:00,565.2850274737618,566.3524008193639,552.8257831664986,561.9432983398438,12993000,516.9419762428894,460.9400178566724,71.71666618159702,12.884296312540982,573.1632338998036,484.6704208853528,14.084416244562759,1201514400,77.9002931466281,19.868505979530756
2024-09-25 00:00:00-04:00,562.6614876784074,575.4599216096932,562.3322829789138,566.9110107421875,16543400,518.9015462232541,461.9944555968268,73.38970436243291,13.985621745083904,579.5639963141508,485.7257497795991,14.043859603511807,1218057800,79.03013437813951,21.28547534352275
2024-09-26 00:00:00-04:00,574.3126690807263,575.9786017718354,560.9656026133786,566.442138671875,14400800,520.7658831820236,463.0337360254343,72.95108318201977,14.651700346224061,584.8225737732952,487.3132904845173,14.113083857436454,1203657000,78.44988884484823,22.452650348414547
2024-09-27 00:00:00-04:00,568.6965630840433,569.4347925727498,563.1203580570185,565.9633178710938,9398400,522.5383316012028,464.05791096917216,72.47471330030277,14.96838932487583,587.0315181549431,494.0910729908903,13.556037475886082,1194258600,78.65197176299179,23.536455710099784
2024-09-30 00:00:00-04:00,566.3025009877178,573.2652987881467,563.409615584696,571.0308227539062,12792300,524.4399979209167,465.12231805160735,74.38137735108619,15.450172938973992,589.2516693665265,500.9327056334736,13.291726456426408,1207050900,79.14200666489647,24.74852432678595
2024-10-01 00:00:00-04:00,576.5571959701899,581.6047375850964,568.696588902483,575.0509033203125,15259300,526.4247393091282,466.2161348204502,75.8127542649026,15.972258574245984,590.2188378245341,509.56333177182,13.264328044011192,1222310200,79.81656198646355,26.28906006874663
2024-10-02 00:00:00-04:00,573.4449049037087,574.582113281958,567.9385343864964,571.3999633789062,6524700,528.1884735863744,467.2627400797383,71.88459852107111,15.908036913401133,589.479327882056,518.4783788236731,12.824902393282972,1215785500,75.60191390371162,27.620582917783857
2024-10-03 00:00:00-04:00,568.7465199933075,581.923962755275,567.3299716857563,581.33544921875,11581000,530.2726687092127,468.39779191196726,75.5910967201363,16.46900699639184,591.8471685260183,523.7810785442941,12.95126587015696,1227366500,75.91363327626469,29.210607175079332
2024-10-04 00:00:00-04:00,582.2930569666543,595.3807555940912,579.9987308779406,594.4730224609375,14169500,532.7903296406529,469.65227181792716,79.44908864882927,17.76884402094481,595.741376239772,529.4393040987696,13.124891502013645,1241536000,76.67889849646475,31.226564220870443
2024-10-07 00:00:00-04:00,596.747372331818,601.4657702066983,582.6022856022474,583.3405151367188,12014200,534.7726898561849,470.7834981196067,69.43414191785573,17.696677640859775,596.294226926285,535.7362174096526,13.534791009330586,1229521800,70.17689184570304,33.30640011706382
2024-10-08 00:00:00-04:00,588.2383463082548,592.0988145517903,584.5274722746422,591.4304809570312,7857400,536.9945640170024,471.98396561052635,72.17871781828393,18.083818888386645,597.6328461202881,541.9216948953369,13.193613038312082,1237379200,69.91651412492607,35.23767630638624
2024-10-09 00:00:00-04:00,592.5277491567871,592.9267888200291,580.1782204637724,589.0563354492188,9529700,539.0362021123834,473.1488648129014,70.18694267767621,17.99166074963341,596.3617248204245,550.1835551274922,13.16182413245098,1227849500,63.51486704584281,36.41671140740321
2024-10-10 00:00:00-04:00,586.1235444649961,588.7769693645316,581.0859885859968,582.3927612304688,7740400,540.7364593327005,474.23586875735487,64.78338982707201,17.182856734588768,596.8260341376513,553.0084629326611,12.791004327506048,1220109100,55.6766800212248,37.5115297154904
2024-10-11 00:00:00-04:00,583.3903503921083,589.7546497189596,581.275574032988,588.4977416992188,8587100,542.6094507980541,475.3728028164779,67.2695908230242,16.840369333019908,598.1525900251022,555.4858539853144,12.483009424539308,1228696200,54.60568933465515,38.57567945057128
2024-10-14 00:00:00-04:00,592.7571247125076,598.6226542461368,588.5076630898909,588.9664916992188,8252000,544.4273739706489,476.50308827799773,67.45954723716531,16.417518869306264,599.326798363673,557.771102026952,12.314573933280645,1236948200,61.52791768531908,39.967364187592345
2024-10-15 00:00:00-04:00,588.7072212723643,589.1561257186087,578.7119281451987,584.8268432617188,9564200,546.0116668840242,477.5809365862935,63.930807865666345,15.56890317344164,599.0320160369574,561.1170236765843,12.18097562186131,1227384000,53.29237186054482,39.86256749223553
2024-10-16 00:00:00-04:00,579.9688152072504,580.6471339722348,572.6169625125309,575.3701171875,11268400,547.1629786606311,478.5539632589423,56.64169856930174,13.972227221491039,598.465652852671,562.8112677202456,12.183040273813205,1216115600,54.3608846210994,39.00777166970856
2024-10-17 00:00:00-04:00,581.8940351157374,583.5299516595073,573.7840438446354,575.509765625,8701200,548.2746173651161,479.5186976108434,56.72017328264814,12.573182664732144,597.6630335877244,564.8229039122757,12.008959383888826,1224816800,60.55866506244198,38.407363288810735
2024-10-18 00:00:00-04:00,579.6695107509672,582.5324409442791,573.833935758237,575.0509033203125,7694300,549.3246677947317,480.4692668218829,56.359217984597,11.297176601202523,596.549717630545,567.1478979293508,11.772498369756917,1217122500,53.67931596004924,37.84984122083417
2024-10-21 00:00:00-04:00,574.6120550187865,575.8190374770412,567.7090456789956,573.744140625,8171900,550.2822941802325,481.39737501892887,55.28030765179729,10.064470819595158,596.2527177036116,567.8066735724301,11.510890757491824,1208950600,45.1102599787922,36.542338791060864
2024-10-22 00:00:00-04:00,572.8762432408589,582.093548193358,570.7116021970829,580.5772705078125,8544500,551.4703324675886,482.384239650659,59.632063984198886,9.529073849504925,596.1577110523472,568.6385291820279,11.50168041740491,1217495100,50.743802015620595,35.819147252702486
2024-10-23 00:00:00-04:00,578.5423228663096,583.559970297213,561.1153560550125,562.3024291992188,14248400,551.8951205747113,483.17944551681387,46.57754254034054,7.5431877560193925,598.017797933328,565.5654377437554,12.28331854774745,1203246700,41.415567044230954,34.033836197497145
2024-10-24 00:00:00-04:00,565.7338999709095,567.479591992889,560.13772472997,566.38232421875,7184700,552.4632462078108,484.00733485713164,49.24875173164928,6.22679355036189,598.7551830359942,562.8343026410892,11.930357741688274,1210431400,32.654433567935655,32.27035397266114
2024-10-25 00:00:00-04:00,572.5171248613034,579.8589918246462,570.3125433935071,571.8388061523438,11337900,553.2230720879886,484.88127984514375,52.6581495895519,5.559744870542545,596.1667501442041,562.4048400250667,12.040808446274553,1221769300,41.639172982359874,31.630228696808377
2024-10-28 00:00:00-04:00,580.5673294890416,582.3130216309761,572.7067222877099,576.7367553710938,10925100,554.1451773147771,485.79526467624777,55.54508445063304,5.364489063398651,595.6246938215392,562.0663950456484,11.928908948585825,1232694400,42.92293745791144,31.210222417554117
2024-10-29 00:00:00-04:00,578.7218967035824,592.2085737611511,573.9835895525686,591.819580078125,13019100,555.6226048741241,486.8502329887043,63.0229421682424,6.353565384135777,595.7293951477651,562.0135736022349,12.378628610014163,1245713500,51.56244954167381,31.464374697341242
2024-10-30 00:00:00-04:00,599.5005337173036,599.720023798207,587.9291140679284,590.3431396484375,26864900,556.9841944731168,487.8800131544728,61.92484625883866,6.938298702184056,596.0333100963801,561.8812325468491,12.33664869003305,1218848600,62.76980453877506,32.12120881182682
2024-10-31 00:00:00-04:00,583.559900275625,588.4478622558274,561.6240429965927,566.1828002929688,26838400,557.344924113111,488.65914536480614,47.37745519471689,5.3900336472022445,595.9677367451214,559.7854777731078,13.506823544448173,1192010200,51.24922599520686,30.17832838368614
2024-11-01 00:00:00-04:00,566.2126983561088,572.2577780027567,561.1751421313867,565.7637939453125,15303200,557.6750758712366,489.426355798443,47.17049213345136,4.08215557756364,594.4481323510108,558.2738891333643,13.333667282085447,1176707000,44.66971715126178,28.3393930003862
2024-11-04 00:00:00-05:00,562.7113688572082,567.2900967542433,556.5166945602261,559.2998046875,12064600,557.7387907267763,490.12161399634414,43.97874382101967,2.495298624060297,593.0043832207141,555.7620799954318,13.150791204366286,1164642400,44.166799740598016,26.36682387589709
2024-11-05 00:00:00-05:00,565.9034973845316,572.0682771206308,565.2750433492338,571.0208740234375,9775400,558.2596567384101,490.92658175780775,50.517048022052045,2.158612255674484,591.2754267027991,555.6502406149092,13.123482720706606,1174417800,49.91450860879697,24.80391833486627
2024-11-06 00:00:00-05:00,561.3646904544983,571.5894582504264,553.8033329293451,570.6417846679688,18305400,558.7452303827065,491.71976785641635,50.3125225468286,1.8399863232474445,590.9813763039743,555.3138466777965,13.456528620733376,1156112400,42.884815580798985,23.59209721708312
2024-11-07 00:00:00-05:00,575.4699283255658,593.3358138498232,573.7940711601258,590.2434692382812,14653700,559.9804554358664,492.70010319354935,59.453614553514086,3.1330492613053593,593.8943270087972,554.3653897880778,14.116350089384884,1170766100,48.88577621982741,22.84191765993204
2024-11-08 00:00:00-05:00,590.0838179044933,591.6399753063421,583.0811400386289,587.8892822265625,9415700,561.07491923158,493.64725920382807,58.07180340935375,3.9226301006003723,595.913330076706,554.0581705743357,13.719384744979765,1161350400,53.36080645082038,22.145322356863186
2024-11-11 00:00:00-05:00,584.9165858809725,585.5550250521813,575.0908572591889,581.7344360351562,10209100,561.8850963611321,494.5237485255329,54.50508843719376,4.005560348590052,596.6977367765192,554.3391365958767,13.653601903722185,1151141300,48.61889570690154,20.881482305711046
2024-11-12 00:00:00-05:00,587.0911844415632,598.1838057554388,578.9512984910941,583.38037109375,16287700,562.7280483114308,495.4078940237241,55.2958241598235,4.156186441021532,597.1081429509554,554.3024771662322,14.05209514376665,1167429000,56.20274463127777,20.493132371214138
2024-11-13 00:00:00-05:00,581.1757648981209,584.1983351227153,573.7540776314343,578.5722045898438,10757600,563.3493877733293,496.2353996014965,52.42905921683129,3.8432769468482775,596.9806496301183,556.5992738724858,13.794392454303393,1156671400,55.177033196456264,19.732452883102383
2024-11-14 00:00:00-05:00,575.5796174336194,579.3303713026751,571.5994492314262,575.7391967773438,11053700,563.8352626362318,497.02648216046015,50.75924609498037,3.3283269826458763,596.8435447396995,557.9839617707172,13.361287426942356,1145617700,49.76471687797991,18.859760578724487
2024-11-15 00:00:00-05:00,569.813825451255,571.160538750893,550.1423984696268,552.716064453125,17712900,563.399215648659,497.58060735740213,39.69477875505045,1.0503433553968762,599.0602485599081,553.2175590572795,14.23525248985483,1127904800,43.15425330252846,18.39856179444003
2024-11-18 00:00:00-05:00,555.6687332571458,558.5217391731533,548.7358905237554,553.0352783203125,14327300,562.992786733822,498.1323951281774,39.89042029058217,-0.7209070224772631,600.2034257548826,548.9141849222008,13.917437929822187,1142232100,36.8275285495796,18.05107527379651
2024-11-19 00:00:00-05:00,550.5014811986825,560.0479302018812,549.2445731772403,559.7088012695312,9522400,562.8640029901244,498.7450956867978,43.98200722385744,-1.5680625303043598,597.2912193582519,547.5449541443523,13.69500357945209,1151754500,30.83552788233652,17.607896718898598
2024-11-20 00:00:00-05:00,561.5442784685357,564.9558427139045,552.835787808682,564.1279296875,9797300,562.9135687429626,499.39567114949136,46.575327225588005,-1.8613956323787306,593.8889394232633,547.4518727512159,13.582507245578553,1161551800,39.18955449130714,16.80534583660453
2024-11-21 00:00:00-05:00,568.1180212623364,568.5968201540334,547.6983809906892,561.703857421875,11154700,562.8661290833122,500.0156531024505,45.33550158003222,-2.2633758146535,593.9262805681898,546.8173392234768,14.10507381113324,1150397100,40.143958996174156,16.4098212690084
2024-11-22 00:00:00-05:00,562.1627281992892,562.4420681636524,553.2248234982168,557.7636108398438,9164000,562.6660303286665,500.5902596471012,43.317015544509346,-2.866845760989122,594.1366952535385,545.540233457399,13.755943157869122,1141233100,40.82224393015948,16.042548456240564
2024-11-25 00:00:00-05:00,560.7162719500135,571.1805001939032,555.0203670417848,563.7188720703125,13599800,562.7073182401036,501.21840504434715,47.147181365517156,-2.831915669095224,594.0166714678456,546.2494662274668,13.927671014601215,1154832900,42.05960923331287,14.958343129056255
2024-11-26 00:00:00-05:00,564.606695691197,576.0783865047108,563.8086772028907,572.1281127929688,10356600,563.0767611637455,501.92397427567676,52.07204714290748,-2.1014536229938585,594.1078445701411,546.3059249611089,13.815659830301007,1165189500,50.18460153811962,14.213113884304637
2024-11-27 00:00:00-05:00,573.4747619979281,573.5645063421975,562.7112856361068,567.7987670898438,7200200,563.2619378667298,502.57944485094214,49.51402308249139,-1.8505670204800708,593.9465825439619,546.0881179768716,13.604057035714558,1157989300,43.24711958137507,13.426093037644545
2024-11-29 00:00:00-05:00,567.5993385095039,577.036073507685,565.5045322643998,572.90625,7130500,563.6401461856816,503.2792140564054,52.47985844078214,-1.225479826014066,590.3184185042178,547.4046527848448,13.456020193398176,1165119800,42.327422156371334,12.982642468608486
2024-12-02 00:00:00-05:00,576.0783868240748,593.036538470844,574.1531451491893,591.3706665039062,12522400,564.72761757071,504.1557459215547,61.32525125578074,0.7511713417683268,591.4262030152776,546.7610528440974,13.932753641787162,1177642200,49.722856819865946,13.704130208082239
2024-12-03 00:00:00-05:00,593.5352905826334,612.6880381868189,589.7945219445076,612.139404296875,14907200,566.5869033246772,505.2302101839957,68.44101638958429,3.9480347149197996,601.6790188321414,540.5622327954628,14.572808113253172,1192549400,49.42261571204104,15.387484688551996
2024-12-04 00:00:00-05:00,611.4510543153851,616.2591958818068,603.6103575687033,612.26904296875,14697000,568.3783597813076,506.29527319677936,68.48000066413877,6.418049448736042,609.5214109811632,536.5716635631077,14.43538169895677,1207246400,57.57910153772773,17.106708091165395
2024-12-05 00:00:00-05:00,615.560930463209,618.3739956805784,605.5555924267017,607.4309692382812,8081200,569.9098346619733,507.30159853052567,65.24100984737589,7.894162809281397,615.2537709695174,534.6871388612118,14.319883238593915,1199165200,58.47374735993179,18.797129514567917
2024-12-06 00:00:00-05:00,608.598164102458,628.2396979764825,607.0320823658618,622.2345581054688,16935500,571.9617846009339,508.44521006858486,69.92793882839608,10.141612983623418,624.7591281420757,531.3811631990702,14.811864122310112,1216100700,69.42209805009946,20.783306594152155
2024-12-09 00:00:00-05:00,622.3840671657603,624.8580035041053,604.6777626799444,612.0595703125,11426000,573.5342467857013,509.4761987277283,63.581852645371704,10.975181894753064,629.5017171037622,534.5510416853002,15.195319601013741,1204674700,70.11532654708694,22.36920483697032
2024-12-10 00:00:00-05:00,616.0397939169814,624.0500562603173,611.2316516629029,617.7954711914062,10938900,575.2699810761211,510.55400243383457,65.4835183871379,11.960754395012259,634.2645092584439,538.422941913431,15.025539957899506,1215613600,70.58371089844417,23.841824633872903
2024-12-11 00:00:00-05:00,621.835418815051,636.8284480526352,619.9999825164779,631.1224975585938,10837200,577.4602758401397,511.7536889524889,69.47219003483394,13.659746298922528,641.6146521452783,540.5946251984717,15.311785450994464,1226450800,70.99716602996432,25.756799265311113
2024-12-12 00:00:00-05:00,629.9454567515796,635.0927277561048,625.6660392252307,629.2371826171875,7474700,579.490742772573,512.9226789392023,68.27028863556377,14.684803193567177,647.1133352686096,543.7771757990987,14.891421385271574,1218976100,77.23534241140956,27.53498999450374
2024-12-13 00:00:00-05:00,625.6760211142185,629.5265657036249,615.3714930308155,618.8229370117188,8453300,581.0331817623435,513.9764128503717,61.89976088226703,14.489796231458513,648.7883462238324,549.7180421225219,14.838825048667134,1210522800,77.11932713295803,27.985240601420582
2024-12-16 00:00:00-05:00,628.9361065383608,630.1042117262369,617.5550328463455,623.2056274414062,10885600,582.6870031615224,515.063270706999,63.44565704206704,14.521503446630959,649.130287143472,558.1017034164239,14.675278893754584,1221408400,76.90276768833576,28.43498737156802
2024-12-17 00:00:00-05:00,625.1324029345234,631.3221415597952,615.5183552206975,618.41357421875,12897800,584.0880451637667,516.0916319359717,60.55263854865116,13.99858601116523,647.9106190515198,566.613998461501,14.755886568421955,1208510600,68.91357769985365,28.614696978824764
2024-12-18 00:00:00-05:00,619.9709830820838,626.3204297339289,595.3318859457509,596.200439453125,17075500,584.5630410182513,516.8887344983315,49.32498139452297,11.657376859497958,645.547336528633,572.1869245390753,15.91536208411882,1191435100,64.62461570033292,26.823520430370426
2024-12-19 00:00:00-05:00,609.37851745456,610.5066497694395,594.0140061011585,594.5830688476562,14958100,584.955983286071,517.6618124520561,48.61811302707458,9.561227568615777,641.2685985017438,580.0369028003395,15.956596482987544,1176477000,57.75793869378563,25.05301692915819
2024-12-20 00:00:00-05:00,589.6013973957005,602.1106028930976,579.0389119066372,584.2802124023438,48989400,584.9294824671014,518.3246821033028,44.26623250016341,6.988105216091981,638.6241293838757,584.1979002385201,16.464817518949896,1127487600,42.195167383325995,24.216670327847567
2024-12-23 00:00:00-05:00,588.6230024208112,600.0940145583529,585.2785777785421,598.8560180664062,10205800,585.4756211180545,519.1259889288064,50.95482527338649,6.055231970466366,637.8810633082416,585.9390131891543,16.418316421596987,1137693400,40.820970398983256,23.440062769487703
2024-12-24 00:00:00-05:00,601.7212257007668,606.9825124772965,598.286984494369,606.742919921875,4726100,586.3096328358514,519.9977991874439,54.16046773321568,5.884497444894237,637.6478233049821,585.4527219424136,15.86668867597774,1142419500,37.747223737196386,22.116335314499395
2024-12-26 00:00:00-05:00,604.4766951738098,605.2953437391651,597.9475539437108,602.3502197265625,6081400,586.9386754590166,520.8172262574849,52.11727060480191,5.333256448368161,637.3798893287046,584.3981461530661,15.361594197562487,1136338100,38.15942573282867,20.91388174712022
2024-12-27 00:00:00-05:00,598.4167395081588,600.8526988194768,588.8226780836644,598.8161010742188,8084200,587.4044568556913,521.5933344646166,50.46768266431839,4.558670630408642,637.4463378339275,583.1830485593017,15.230590443657887,1128253900,30.65453327165308,20.489103341503753
2024-12-30 00:00:00-05:00,587.7743898032761,595.9508206949702,584.6096598318045,590.26025390625,7025900,587.5164488968896,522.2765873943841,46.6205449682023,3.2173330145578802,636.2421216449353,580.124024188398,15.15743692928334,1121228000,31.467923070285593,20.388526191036
2024-12-31 00:00:00-05:00,591.2886030654797,592.9857373463826,582.8825114890158,584.539794921875,6019500,587.3997173684578,522.8961217976429,44.1947844219895,1.6734298009404256,636.6619010331489,576.0349414147678,14.796421852717875,1115208500,25.98972445783788,20.41601057881774
