Date,Open,High,Low,Close,Volume,EMA_50,EMA_200,RSI,MACD,BB_High,BB_Low,ATR,OBV,MFI,ADX
2018-01-02 00:00:00-05:00,196.10000610351562,201.64999389648438,195.4199981689453,201.07000732421875,10966900,,,,,,,0.0,10966900,,0.0
2018-01-03 00:00:00-05:00,202.0500030517578,206.2100067138672,201.5,205.0500030517578,8591400,,,,,,,0.0,19558300,,0.0
2018-01-04 00:00:00-05:00,206.1999969482422,207.0500030517578,204.0,205.6300048828125,6029600,,,,,,,0.0,25587900,,0.0
2018-01-05 00:00:00-05:00,207.25,210.02000427246094,205.58999633789062,209.99000549316406,7033200,,,,,,,0.0,32621100,,0.0
2018-01-08 00:00:00-05:00,210.02000427246094,212.5,208.44000244140625,212.0500030517578,5580200,,,,,,,0.0,38201300,,0.0
2018-01-09 00:00:00-05:00,212.11000061035156,212.97999572753906,208.58999633789062,209.30999755859375,6125900,,,,,,,0.0,32075400,,0.0
2018-01-10 00:00:00-05:00,207.57000732421875,213.63999938964844,206.91000366210938,212.52000427246094,5951500,,,,,,,0.0,38026900,,0.0
2018-01-11 00:00:00-05:00,214.2899932861328,217.75,213.35000610351562,217.24000549316406,7659500,,,,,,,0.0,45686400,,0.0
2018-01-12 00:00:00-05:00,217.17999267578125,222.5500030517578,216.0,221.22999572753906,8199400,,,,,,,0.0,53885800,,0.0
2018-01-16 00:00:00-05:00,224.24000549316406,226.07000732421875,217.1999969482422,221.52999877929688,13516100,,,,,,,0.0,67401900,,0.0
2018-01-17 00:00:00-05:00,221.0,221.14999389648438,216.32000732421875,217.5,9123100,,,,,,,0.0,58278800,,0.0
2018-01-18 00:00:00-05:00,220.33999633789062,220.5800018310547,216.5500030517578,220.3300018310547,8225300,,,,,,,0.0,66504100,,0.0
2018-01-19 00:00:00-05:00,222.75,223.49000549316406,218.5,220.4600067138672,10548600,,,,,,,0.0,77052700,,0.0
2018-01-22 00:00:00-05:00,222.0,227.7899932861328,221.1999969482422,227.5800018310547,17703300,,,82.67353545870044,,,,5.445713588169643,94756000,86.7486858032702,0.0
2018-01-23 00:00:00-05:00,255.0500030517578,257.7099914550781,248.02000427246094,250.2899932861328,27705300,,,90.85082152955736,,239.64691100615994,193.9237595667567,7.2088761621592,122461300,89.66412709330054,0.0
2018-01-24 00:00:00-05:00,250.8800048828125,261.7099914550781,249.30999755859375,261.29998779296875,17352400,,,92.65956123391811,,251.14396114660605,190.45737348881062,7.57967028603957,139813700,90.47798709325609,0.0
2018-01-25 00:00:00-05:00,263.0,272.29998779296875,260.2300109863281,269.70001220703125,15336400,,,93.68527573165932,,262.7656064384098,187.45572941770996,7.900406466082503,155150100,91.20835329227923,0.0
2018-01-26 00:00:00-05:00,271.489990234375,274.6000061035156,268.760009765625,274.6000061035156,11021800,,,94.19486089928712,,273.12810533868225,186.289230680198,7.753234314068798,166171900,91.5565337946763,0.0
2018-01-29 00:00:00-05:00,274.20001220703125,286.80999755859375,273.9200134277344,284.5899963378906,17529700,,,95.06860863804845,,284.53993822022716,184.82406324461658,8.120145015268125,183701600,92.30201977202563,0.0
2018-01-30 00:00:00-05:00,277.0,282.7300109863281,272.70001220703125,278.79998779296875,12482900,,,86.90440121387982,,291.9434993178816,186.32050011245693,8.389419237810356,171218700,87.80360311496099,0.0
2018-01-31 00:00:00-05:00,281.94000244140625,282.2900085449219,269.5799865722656,270.29998779296875,11695100,,,76.51589804857669,,295.58899255520373,190.80700557305147,8.698033718870777,159523600,81.4550365153488,0.0
2018-02-01 00:00:00-05:00,266.4100036621094,271.95001220703125,263.3800048828125,265.07000732421875,9669000,,,70.89995147559146,,297.41939234041666,195.98327286140625,8.688888976395633,149854600,76.40259836419655,0.0
2018-02-02 00:00:00-05:00,263.0,270.6199951171875,262.7099914550781,267.42999267578125,9123600,,,71.90211555765327,,299.14581193565743,200.94885155718111,8.633254311089471,158978200,76.71138642633962,0.0
2018-02-05 00:00:00-05:00,262.0,267.8999938964844,250.02999877929688,254.25999450683594,11896100,,,59.57244116061772,,298.88137631542287,205.61728701465523,9.293021511525044,147082100,70.4124207947473,0.0
2018-02-06 00:00:00-05:00,247.6999969482422,266.70001220703125,245.0,265.7200012207031,12595800,,,65.16942912087553,,299.2018502146046,211.18881344099444,10.179235132632629,159677900,75.18355272541041,0.0
2018-02-07 00:00:00-05:00,266.5799865722656,272.45001220703125,264.3299865722656,264.55999755859375,8981500,,,64.20053861993267,14.892970668803855,297.5967869021316,219.06854309461323,10.032148739927843,150696400,75.47822789772016,0.0
2018-02-08 00:00:00-05:00,267.0799865722656,267.6199951171875,250.0,250.10000610351562,9306700,,,53.51903452990388,13.020248727147703,294.3594939623692,226.27516993737046,10.57413776687496,141389700,70.76749006869666,0.0
2018-02-09 00:00:00-05:00,253.85000610351562,255.8000030517578,236.11000061035156,249.47000122070312,16906900,,,53.104476403251965,11.35438073403435,289.66768130201336,234.83498186530431,11.22527095791291,124482800,62.59670217879483,63.10166286562075
2018-02-12 00:00:00-05:00,252.13999938964844,259.1499938964844,249.0,257.95001220703125,8534900,,,57.83849981313236,10.596286963592377,284.76093286876005,243.79106501535452,11.148465453525159,133017700,58.663470099547055,58.82989547582315
2018-02-13 00:00:00-05:00,257.2900085449219,261.4100036621094,254.6999969482422,258.2699890136719,6855200,,,58.01074375754222,9.907108661199317,284.19762054130587,245.41837677314723,10.831432686406732,139872900,56.06838474001714,54.66328654362504
2018-02-14 00:00:00-05:00,260.4700012207031,269.8800048828125,260.3299865722656,266.0,10972000,,,62.04482969739815,9.870891680613283,284.4257878389864,245.81687776973757,10.887045770887724,150844900,54.818100709406615,51.4310270360141
2018-02-15 00:00:00-05:00,270.0299987792969,280.5,267.6300048828125,280.2699890136719,10759700,,,68.13170027889798,10.868374461237806,286.47255777762473,245.17943807198472,11.145113930110028,161604600,54.78128360403927,49.18990512199389
2018-02-16 00:00:00-05:00,278.7300109863281,281.9599914550781,275.69000244140625,278.5199890136719,8312400,,,66.71861223745053,11.386420805473648,287.26392977721196,244.91073046041822,10.796890721793018,153292200,51.75030089440307,47.206497429996844
2018-02-20 00:00:00-05:00,277.739990234375,285.80999755859375,276.6099853515625,278.54998779296875,7769000,,,66.73135035888744,11.664930854656745,285.63271852464914,245.7366072403248,10.682827970738606,161061200,59.27610883407966,45.62466769163225
2018-02-21 00:00:00-05:00,282.07000732421875,286.6400146484375,280.010009765625,281.0400085449219,9371100,,,67.8319093072067,11.948837182751902,286.2016768627721,245.46631833579562,10.497627891076473,170432300,67.26600621221169,44.21276232566316
2018-02-22 00:00:00-05:00,283.8800048828125,284.5,274.45001220703125,278.1400146484375,8891500,,,65.12959826483939,11.803763286437402,287.5419068126566,245.17142529997358,10.465653598354493,161540800,67.44458236220177,42.261047607062046
2018-02-23 00:00:00-05:00,281.0,286.0,277.80999755859375,285.92999267578125,7301800,,,68.73299000690696,12.177008329552507,291.04542583427974,244.44923765855876,10.303107087143903,168842600,67.11993800915229,40.56916354271741
2018-02-26 00:00:00-05:00,288.75,295.6499938964844,287.010009765625,294.1600036621094,10268600,,,72.02237182677355,12.98719254936907,296.28950233361024,242.769162624072,10.26145666811242,179111200,75.3979901081751,39.71479572352161
2018-02-27 00:00:00-05:00,294.7699890136719,297.3599853515625,290.5899963378906,290.6099853515625,9416500,,,68.66663007733915,13.190757727593507,299.31957081719753,244.5857595864483,10.012066121366667,169694700,75.05421505348303,39.03861033444946
2018-02-28 00:00:00-05:00,293.1000061035156,295.75,290.7799987792969,291.3800048828125,7653500,,,69.00398173702948,13.261350149178554,302.4301320444318,244.8965321808286,9.66406244472887,177348200,68.73685067999921,38.41072390173961
2018-03-01 00:00:00-05:00,292.75,295.25,283.8299865722656,290.3900146484375,11932100,,,67.99044962937094,13.086557524610612,304.85018149967436,245.9204850042319,9.789487514943549,165416100,66.74543195829712,36.91862478019795
2018-03-02 00:00:00-05:00,284.6499938964844,301.17999267578125,283.2300109863281,301.04998779296875,13345300,,,72.64896019331087,13.650845405500206,307.5427659102554,250.0212314855779,10.372379955979946,178761400,77.84679840111919,36.018477343656286
2018-03-05 00:00:00-05:00,302.8500061035156,316.9100036621094,297.6000061035156,315.0,18986100,,,77.30396971467901,15.050207591880621,312.67219729458463,253.62913327182162,11.010781213309503,197747500,79.86622535054286,36.21254525009692
2018-03-06 00:00:00-05:00,319.8800048828125,325.7900085449219,316.5,325.2200012207031,18525800,,,79.99078508649438,16.79033239264072,320.7060670373088,254.56459539758703,10.995011736996101,216273300,81.75489416464913,36.84699051719223
2018-03-07 00:00:00-05:00,320.0,323.739990234375,314.54998779296875,321.1600036621094,17132200,,,76.13483975366864,17.638460765853893,324.8902806493644,258.7657170719898,10.971797572048834,199141100,71.18251275275489,37.18780282084493
2018-03-08 00:00:00-05:00,322.20001220703125,322.9200134277344,314.1300048828125,317.0,11340100,,,72.28963420869147,17.77008856366342,327.4452754070295,263.01072231432465,10.815955498682623,187801000,64.05516315484667,37.44836728446595
2018-03-09 00:00:00-05:00,321.3299865722656,331.44000244140625,320.2300109863281,331.44000244140625,14500200,,,76.69040787558828,18.82261665056467,334.43628838507806,262.8423777933073,11.074815994591452,202301200,65.78947338621971,38.14559288610146
2018-03-12 00:00:00-04:00,333.55999755859375,333.9800109863281,318.6000061035156,321.29998779296875,20369200,,,68.46746924587754,18.623854106802128,337.2387478112954,265.7439182043296,11.382329486607242,181932000,56.508364969865625,38.91907778968117
2018-03-13 00:00:00-04:00,323.8699951171875,325.8399963378906,313.2799987792969,315.8800048828125,12917200,,,64.48727691909991,17.823527504391052,338.1554999930962,269.8045016345079,11.466448634606278,169014800,50.342633306816936,38.89116429331653
2018-03-14 00:00:00-04:00,318.1600036621094,323.8800048828125,317.70001220703125,321.54998779296875,10475100,272.0306297758,,66.67011779409027,17.44568019898867,339.5558851052515,273.8054470887589,11.218845160705829,179489900,55.44162814819637,38.86524461812079
2018-03-15 00:00:00-04:00,323.1700134277344,323.3999938964844,318.1400146484375,321.0899963378906,5642900,273.9545265037251,,66.31399808263858,16.914140339946584,339.3120125616187,279.7759838576521,10.79321188123019,173847000,52.062982845816144,38.84117634829618
2018-03-16 00:00:00-04:00,321.4200134277344,324.1099853515625,318.3699951171875,318.45001220703125,7333700,275.6994475116979,,64.1946614796883,16.09434097168321,338.9110064911703,284.5129925322672,10.432267477883391,166513300,47.3383073656826,38.869554094564016
2018-03-19 00:00:00-04:00,315.79998779296875,317.0,307.3399963378906,313.4800109863281,9925200,277.1810382361932,,60.28834056358878,14.872169392370267,338.530982772093,287.469017227907,10.480678077258906,156588100,42.184934752876835,37.28494480413132
2018-03-20 00:00:00-04:00,313.260009765625,319.5,312.79998779296875,317.5,5991900,278.76217399163664,,62.287324937977594,14.065827029128911,337.3911864133607,292.1941488730976,10.210630515099789,162580000,45.80872778448858,36.03986012890835
2018-03-21 00:00:00-04:00,316.3500061035156,319.3999938964844,314.510009765625,316.4800109863281,5263900,280.2413048541736,,61.44221436643865,13.192416344255093,335.28296254582165,297.64904022110545,9.830584344796902,157316100,50.36958230774015,34.88371007334417
2018-03-22 00:00:00-04:00,313.07000732421875,314.1199951171875,305.6600036621094,306.70001220703125,8063300,281.2789012209524,,53.89189533972784,11.577608453834443,331.462330796065,303.6443383120079,9.901257414755605,149252800,44.325813324675096,32.653907209943476
2018-03-23 00:00:00-04:00,307.4100036621094,309.3699951171875,300.3599853515625,300.94000244140625,9529900,282.0499247982251,,49.99520496339576,9.72101906033447,331.4898630193338,303.60214137519745,9.837596868389133,139722900,35.23095238819184,30.65290214424519
2018-03-26 00:00:00-04:00,309.3599853515625,321.0299987792969,302.0,320.3500061035156,11988300,283.5518887709816,,60.3890223774629,9.704021747186914,331.84148169793104,303.9638568437356,10.569911116210667,151711200,32.249974414905566,29.324491222043342
2018-03-27 00:00:00-04:00,322.489990234375,322.8999938964844,297.0,300.69000244140625,12068600,284.22397166001787,,49.227700306168074,8.011798241080385,332.0255692056637,300.5091028320967,11.664917029087361,139642600,33.491455519681494,27.541711524306844
2018-03-28 00:00:00-04:00,298.3900146484375,298.79998779296875,281.6099853515625,285.7699890136719,18972900,284.2845997915337,,42.76755396209158,5.404479058401819,335.53428372129605,292.2817196966727,12.194567033427104,120669700,32.185549638744604,26.644092929027654
2018-03-29 00:00:00-04:00,287.0,295.3500061035156,275.8999938964844,295.3500061035156,19145500,284.7185372939644,,47.528950103468446,4.064336001551169,335.88802393475424,289.04131363035,12.712813117255973,139815200,33.268171551588196,26.229277777501665
2018-04-02 00:00:00-04:00,291.94000244140625,292.8699951171875,275.04998779296875,280.2900085449219,13405800,284.5448694998843,,41.6612535946443,1.7666818241131068,335.1732443944232,282.9360939844831,13.25475634534818,126409400,35.31106311898493,25.905903270264677
2018-04-03 00:00:00-04:00,285.45001220703125,291.25,278.010009765625,283.6700134277344,12694900,284.5105614186236,,43.351594199355496,0.21602231022944807,334.6325695262651,278.45943893727656,13.253701623135811,139104300,43.642039878044564,25.605626942116043
2018-04-04 00:00:00-04:00,273.6300048828125,290.30999755859375,271.2200012207031,288.94000244140625,12914000,284.6842649881445,,45.97974815000202,-0.5809456760272838,333.6529233899659,275.8470847480549,13.67057981704687,152018300,36.00740605284599,25.8410976094026
2018-04-05 00:00:00-04:00,293.1499938964844,299.1600036621094,289.1099853515625,293.9700012207031,10655200,285.04841150706835,,48.43859081613663,-0.7974768660448603,330.79647854950514,275.0261980455469,13.42410991730803,162673500,41.651935628264525,25.007158406060846
2018-04-06 00:00:00-04:00,289.1000061035156,298.8500061035156,285.6499938964844,288.8500061035156,11444800,285.1974936481055,,46.136587448720576,-1.3664684132583602,327.6637622667065,273.8602489637623,13.408102938002546,151228700,40.80021378922526,24.514338159779868
2018-04-09 00:00:00-04:00,291.7699890136719,299.54998779296875,289.1199951171875,289.92999267578125,9853600,285.3830818452692,,46.7118663637669,-1.7105344468971566,324.49467309782676,273.22666886180866,13.214665705963302,161082300,47.01723048402126,23.97314949868359
2018-04-10 00:00:00-04:00,297.67999267578125,298.95001220703125,291.69000244140625,298.07000732421875,10660500,285.8806083346398,,50.96295713442557,-1.3112626842385566,322.24754951904384,273.4191252856437,12.91504812205521,171742800,48.37788845461918,23.470617170522758
2018-04-11 00:00:00-04:00,302.8800048828125,311.6400146484375,301.82000732421875,303.6700134277344,14877400,286.5782320637808,,53.699507683157385,-0.5367756290633565,319.2406285316745,274.58204806337756,12.961830922209748,186620200,51.2384968548121,22.024113496533158
2018-04-12 00:00:00-04:00,309.7200012207031,311.1300048828125,306.75,309.25,10249400,287.46732100245606,,56.3154968409855,0.52126045843778,317.3135533596155,275.5451217705928,12.568842388843203,196869600,56.59445938398275,20.680931513542816
2018-04-13 00:00:00-04:00,317.2900085449219,317.489990234375,308.2300109863281,311.6499938964844,12046600,288.41566111594733,,57.42958580762889,1.5357183254765232,318.4241304811969,275.0945422076052,12.332495021643465,208916200,62.70493050409468,20.06324241850624
2018-04-16 00:00:00-04:00,315.989990234375,316.1000061035156,304.0,307.7799987792969,20307900,289.1750469066669,,54.99405740596834,2.004302874913776,319.4922023582759,274.9384698422449,12.315888670348619,188608300,53.16835499078902,18.999649622305565
2018-04-17 00:00:00-04:00,329.6600036621094,338.6199951171875,323.7699890136719,336.05999755859375,33866500,291.0136724224288,,66.25589151322218,4.604540782081642,325.67659022967035,270.8487474981942,13.63903921803019,222474800,64.56209936169878,19.77210668914248
2018-04-18 00:00:00-04:00,336.29998779296875,338.82000732421875,331.1000061035156,334.5199890136719,11221100,292.7198024848305,,65.29767117636797,6.46644112990225,333.38384990909583,267.65215269507087,13.216250789649687,211253700,72.42790790111397,20.501817503757042
2018-04-19 00:00:00-04:00,332.8800048828125,335.30999755859375,326.7699890136719,332.70001220703125,8438800,294.2876538464854,,64.11750036010584,7.706319991854116,339.13174433093286,268.16159469901504,12.882233486454842,202814900,66.42424802333716,20.672051279486677
2018-04-20 00:00:00-04:00,332.2200012207031,336.510009765625,326.0,327.7699890136719,9158700,295.6006865981398,,60.906231277057735,8.196635540729574,342.9204221714423,268.69558124652644,12.712788934966996,193656200,67.29688216931144,20.91851523509016
2018-04-23 00:00:00-04:00,329.1499938964844,331.2200012207031,317.0799865722656,318.69000244140625,8968000,296.50614996454243,,55.40257857480518,7.763047534331861,343.32118168644877,273.41482091771786,12.814733628786318,184688200,61.87708212493035,20.138135989259162
2018-04-24 00:00:00-04:00,319.2200012207031,320.25,302.30999755859375,307.0199890136719,13893200,296.9184573782338,,49.24358452202873,6.403932811046218,342.326092287599,277.52324039469266,13.18082425825917,170795000,61.19379325552021,19.311602815786006
2018-04-25 00:00:00-04:00,306.3699951171875,309.9800109863281,292.6199951171875,305.760009765625,14919700,297.26518492283736,,48.61519553776473,5.165608882006211,341.57499802786185,280.517002297659,13.479337944750702,155875300,54.52636597531478,19.239772309929105
2018-04-26 00:00:00-04:00,310.0,316.6300048828125,305.5799865722656,313.9800109863281,9266700,297.9206682978762,,52.84302996215647,4.7922713269226165,341.5251512555325,283.2348503720717,13.305815113736143,165142000,59.811104399375616,18.556372661266348
2018-04-27 00:00:00-04:00,316.25,317.45001220703125,306.5,311.760009765625,7074400,298.46338757112125,,51.60803107193892,4.26806350032615,340.2240299715707,287.5906388109814,13.137543477542936,158067600,55.57840585731458,17.846597934580267
2018-04-30 00:00:00-04:00,311.07000732421875,317.8800048828125,310.1199951171875,312.4599914550781,6088800,299.0122739979431,,51.98904195224378,3.8645594575608015,338.44827860282425,292.3703900169674,12.753433926691654,164156400,54.61043152106889,17.14569523195853
2018-05-01 00:00:00-04:00,310.3599853515625,313.4800109863281,306.69000244140625,313.29998779296875,6036600,299.5725764997088,,52.47263849400663,3.571391502775043,337.5831613941467,295.26617128814496,12.327474970850956,170193000,48.957110532848674,16.785609652577484
2018-05-02 00:00:00-04:00,311.6499938964844,317.1000061035156,310.3999938964844,313.3599853515625,5697100,300.1132591997815,,52.509433682490894,3.3057880214743705,337.19864544650625,296.9426834922958,11.925513344863834,175890100,47.63430605389615,16.067711536702465
2018-05-03 00:00:00-04:00,312.5899963378906,312.5899963378906,305.7300109863281,311.69000244140625,6135800,300.5672491308256,,51.31850848479589,2.926803317975839,337.14413501246247,297.3225275851938,11.618689132033158,169754300,42.038767238217,15.816726699012891
2018-05-04 00:00:00-04:00,308.7099914550781,320.9800109863281,307.6700134277344,320.0899963378906,8209500,301.3328470605144,,56.644964259282695,3.266609079706825,337.52001638785407,298.0719798686564,11.739496876787486,177963800,50.72305385459265,14.71772135301344
2018-05-07 00:00:00-04:00,321.989990234375,329.0199890136719,319.3399963378906,326.260009765625,7117800,302.31038285287167,,60.0984380780638,3.987807154161999,338.40110891292966,299.6548888084245,11.59238943385847,185081600,39.337455266952176,14.353321961835167
2018-05-08 00:00:00-04:00,325.8999938964844,327.3500061035156,323.04998779296875,326.8900146484375,4735700,303.2742899821095,,60.44490481265993,4.557660084581585,336.10701530421284,300.72631802912053,11.071505782193356,189817300,35.66344292807378,14.0149510985982
2018-05-09 00:00:00-04:00,328.7900085449219,331.95001220703125,327.510009765625,330.29998779296875,5633400,304.3341212688099,,62.350466334228805,5.224207559151182,334.90248951227727,301.36817699162896,10.642112337650527,195450700,41.821961087397085,14.102618791740554
2018-05-10 00:00:00-04:00,331.5,332.05999755859375,327.3399963378906,329.6000061035156,5302300,305.3249402819356,,61.6934442584863,5.63105723996415,334.03608819688264,301.8212441598882,10.219104400725712,190148400,43.374805243460806,14.163680310725292
2018-05-11 00:00:00-04:00,329.6499938964844,331.260009765625,324.8699951171875,326.4599914550781,4589700,306.1537658181373,,58.705000873804096,5.635157020897054,333.7473183374135,301.93534767821154,9.945597989847982,185558700,45.20070787377766,13.914685811513527
2018-05-14 00:00:00-04:00,327.25,330.5,327.0400085449219,328.5299987792969,4089800,307.0312651499475,,60.077917287375975,5.739279575743467,335.2768733681678,301.71779215917593,9.523770172353261,189648500,54.14328521177162,13.683476633674031
2018-05-15 00:00:00-04:00,325.94000244140625,326.94000244140625,322.42999267578125,326.1300048828125,4746100,307.78023533555006,,57.68338703836225,5.563999675966329,335.7547065950546,303.78796104817457,9.279215596007715,184902400,60.10242698180819,12.879224464967317
2018-05-16 00:00:00-04:00,326.2799987792969,329.7200012207031,325.1400146484375,328.19000244140625,3671700,308.58061835930914,,59.187030617858994,5.527595005020544,335.8636731572302,306.6696601761031,8.943556380026136,188574100,57.44308036373418,12.454374871308687
2018-05-17 00:00:00-04:00,327.5299987792969,330.45001220703125,323.1700134277344,325.2200012207031,4935700,309.233143177403,,56.092374238876076,5.199157116958304,336.1876447992407,307.84435389867605,8.824730837116903,183638400,58.82726798863059,11.799784712560278
2018-05-18 00:00:00-04:00,324.8999938964844,326.4200134277344,322.79998779296875,324.17999267578125,3577700,309.8192941381237,,55.00776121758766,4.799620686922026,335.93187624969227,309.75612016957854,8.452966179806097,180060700,52.70487295414316,11.141480074603816
2018-05-21 00:00:00-04:00,327.1099853515625,331.8800048828125,325.45001220703125,331.82000732421875,6657300,310.68206720424513,,60.977174767970425,5.041356895322451,336.6789965440879,311.5903353244016,8.399183753179322,186718000,61.04860188673357,11.212446584329246
2018-05-22 00:00:00-04:00,334.04998779296875,336.6300048828125,331.1499938964844,331.6199951171875,5964400,311.5031624165174,,60.74993367705702,5.157344610228392,336.9762799840192,313.7357195276996,8.190671412689952,180753600,61.366822238281,11.806358822208788
2018-05-23 00:00:00-04:00,329.0400085449219,345.0,328.0899963378906,344.7200012207031,10049100,312.8057835460933,,68.91962274536054,6.234459749990833,340.8318606958605,314.06147426507704,8.813480859077053,190802700,70.91695083838958,13.149197286903126
2018-05-24 00:00:00-04:00,344.3399963378906,354.0,341.1199951171875,349.2900085449219,14758600,314.236537467616,,71.17377374798893,7.371864392477562,344.6182232226837,315.28844588538925,9.103946860772442,205561300,73.50562574211158,15.077673033109162
2018-05-25 00:00:00-04:00,349.8999938964844,354.3599853515625,348.8299865722656,351.2900085449219,7817400,315.6896147647653,,72.1265379281207,8.33852769479654,349.1567560867277,314.90991464894944,8.848664854952759,213378700,73.90350412913625,16.89357271136797
2018-05-29 00:00:00-04:00,351.5,356.1000061035156,346.7099914550781,349.7300109863281,9717900,317.02453226365014,,70.17813811879999,8.876414776613899,352.52002859746165,314.6759756343092,8.887332697344526,203660800,64.43337178531368,18.218495904453945
2018-05-30 00:00:00-04:00,352.3699951171875,354.0,349.260009765625,353.5400085449219,5685500,318.4565117256608,,72.15644277341582,9.50061198468785,356.33812834903625,314.4112084022658,8.59109394998956,209346300,64.5988467918948,19.44878172660521
2018-05-31 00:00:00-04:00,353.79998779296875,355.5299987792969,350.2099914550781,351.6000061035156,6921700,319.75625660322373,,69.62377486741636,9.726628269366472,359.03734990291196,314.5519892897963,8.357444905291645,202424600,70.88645282574467,20.726065782832247
2018-06-01 00:00:00-04:00,353.8800048828125,359.989990234375,352.82000732421875,359.92999267578125,7112300,321.3316972335201,,73.865512719179,10.457362141824035,363.4603474719509,314.1729899303928,8.35976913568934,209536900,76.40372810782013,22.288574391241777
2018-06-04 00:00:00-04:00,362.67999267578125,363.0,355.510009765625,361.80999755859375,7682000,322.9190815599936,,74.72339581203921,11.060674116403163,367.3527851783559,314.9938863711233,8.297642071309744,217218900,77.38613854194395,23.975642037114884
2018-06-05 00:00:00-04:00,363.32000732421875,369.8299865722656,361.4100036621094,365.79998779296875,8358000,324.6006857259926,,76.48744801222674,11.725596689355143,371.5823181790984,315.73368523887035,8.306380702655924,225576900,82.67203278799316,26.018959549639266
2018-06-06 00:00:00-04:00,367.7799987792969,369.67999267578125,363.3299865722656,367.45001220703125,7712300,326.28105147034705,,77.19621402139396,12.24454826883698,375.0209854286154,317.8043522992492,8.166639659860188,233289200,83.42744076265434,27.916325811269044
2018-06-07 00:00:00-04:00,368.5400085449219,368.70001220703125,357.79998779296875,361.3999938964844,8278000,327.65826489882306,,68.98497614775675,12.028972709255413,376.3787209530842,320.8746156354574,8.361881428017496,225011200,80.42676727787796,28.546485825833845
2018-06-08 00:00:00-04:00,358.05999755859375,362.3900146484375,356.25,360.57000732421875,5225700,328.94892146452486,,67.91765678896819,11.656782413684482,376.2795785074706,325.6870922282065,8.203176658047495,219785500,78.95922575680586,28.834812415671372
2018-06-11 00:00:00-04:00,361.8800048828125,365.6700134277344,360.9100036621094,361.45001220703125,4432400,330.22347404266236,,68.47458520406532,11.302539324744316,374.7480610403758,332.1879456328013,7.981521618438075,224217900,78.64078318099867,29.414449096948648
2018-06-12 00:00:00-04:00,363.6000061035156,365.9800109863281,362.0,363.8299865722656,4291000,331.54137649480367,,69.99179352627954,11.08605008106639,373.9946013585461,337.2094025477039,7.734984272785132,228508900,78.40418115356238,29.982178649657442
2018-06-13 00:00:00-04:00,367.5299987792969,384.25,364.1099853515625,379.92999267578125,18222800,333.43896928621456,,77.78171905022121,12.074430219421743,376.179342586315,341.46599432774747,8.641057783852935,246731700,80.1820280153493,31.823070252414084
2018-06-14 00:00:00-04:00,384.2699890136719,395.0299987792969,383.25,392.8699951171875,14598300,335.7695977501743,,81.85805610486051,13.743452685317493,384.7510998142135,339.31423628604693,9.102411235257412,261330000,80.44421906675919,34.02940952213596
2018-06-15 00:00:00-04:00,390.7099914550781,398.8599853515625,387.510009765625,391.9800109863281,13588100,337.97392768100383,,80.76058853481851,14.82347494091863,390.94754623809393,338.80979018768727,9.262951546020275,247741900,81.56982519588911,36.229299678487955
2018-06-18 00:00:00-04:00,387.7200012207031,393.1600036621094,386.5,390.3999938964844,6824800,340.02985184631683,,78.74221247283774,15.374676485109546,395.35791077041,339.61409036891297,9.077026697169497,240917100,82.94841790598015,38.085319171314566
2018-06-19 00:00:00-04:00,389.5,405.2900085449219,388.5,404.9800109863281,16697100,342.576916910631,,82.97144325498206,16.7943978447326,403.0030022548921,339.3356655510974,9.627953972008953,257614200,84.57628165130151,40.268192266343746
2018-06-20 00:00:00-04:00,415.1499938964844,419.4700012207031,409.6000061035156,416.760009765625,16494600,345.48605780690525,,85.48422834349596,18.65504100238985,412.98346706159583,337.7845342404875,9.975242276463671,274108800,85.85205443087573,42.69038110120706
2018-06-21 00:00:00-04:00,421.3800048828125,423.2099914550781,406.3699951171875,415.44000244140625,18389900,348.2293497533563,,83.9886340401692,19.79491706868066,419.8678561051898,339.4121447086123,10.465581852279882,255718900,74.01806009893536,45.027594394155635
2018-06-22 00:00:00-04:00,419.9800109863281,420.5,409.6499938964844,411.0899963378906,10428600,350.69447314882825,,79.07859484478897,20.115390228386673,424.66694461545205,341.43439001996467,10.49304072736815,245290300,67.49251107746596,47.19786388046503
2018-06-25 00:00:00-04:00,404.69000244140625,405.989990234375,378.75,384.4800109863281,22490900,352.0193962012792,,57.091225969811525,18.01450409779369,424.59963222774866,344.5243708646992,12.053537556691184,222799400,56.96999519060946,45.28091408566126
2018-06-26 00:00:00-04:00,393.2799987792969,404.7799987792969,389.04998779296875,399.3900146484375,15191200,353.8770675129325,,63.25601686055685,17.352619198177763,426.14234835070033,347.4603249891434,12.642569716425296,237990600,58.97730196879043,43.50088927620061
2018-06-27 00:00:00-04:00,407.55999755859375,411.5899963378906,390.0,390.3900146484375,16541400,355.3089477927562,,57.85287201531965,15.918349043798628,426.30348127179883,350.35785906023244,13.281671617958533,221449200,56.07076487151815,42.27043752963895
2018-06-28 00:00:00-04:00,395.0,396.8999938964844,387.1000061035156,395.4200134277344,12219900,356.8819307588338,,59.913740850865665,15.01448088764721,425.83158771503116,355.3657552211668,13.032979916173549,233669100,53.895392126893086,40.830823655039865
2018-06-29 00:00:00-04:00,399.19000244140625,401.3299865722656,390.54998779296875,391.42999267578125,9252500,358.2367567163611,,57.51143378370381,13.816924626829746,424.0272226112188,361.2847850385208,12.872052692110929,224416600,55.11149993579236,39.779957088289045
2018-07-02 00:00:00-04:00,385.45001220703125,398.3800048828125,380.0,398.17999267578125,8142500,359.80315812653447,,60.403896904818055,13.259672005085804,421.7246428407569,368.48469553814937,13.265477848589612,232559100,51.99826624326432,37.755018485615956
2018-07-03 00:00:00-04:00,399.489990234375,399.9800109863281,389.5,390.5199890136719,5280300,361.00773972995165,,55.76448100211921,12.060916274205454,417.8777118616404,375.89029350945333,13.06651592985665,227278800,48.9110940676781,35.99280623816
2018-07-05 00:00:00-04:00,393.79998779296875,399.239990234375,390.8599853515625,398.3900146484375,8448900,362.4737112953825,,59.22928395719609,11.612082162195577,417.05225812914745,379.17708350496713,12.75605059348854,235727700,47.24045391154303,34.35646629409376
2018-07-06 00:00:00-04:00,397.45001220703125,408.6499938964844,395.5199890136719,408.25,8629600,364.26885987203417,,63.12611127411772,11.914651622002623,418.49162413099634,379.78838482082654,12.782761614154538,244357300,45.84776136220136,33.53816182781131
2018-07-09 00:00:00-04:00,415.95001220703125,419.1199951171875,411.1000061035156,418.9700012207031,11127500,366.4140026700212,,66.83732238377497,12.871084753451612,422.21667239164276,379.66200192476344,12.64613543579975,255484800,51.0246901061155,33.43473695427748
2018-07-10 00:00:00-04:00,417.239990234375,419.44000244140625,413.0799865722656,415.6300048828125,9382900,368.34404197248364,,64.65395093292642,13.20730946762177,424.2855621308122,380.9571136504378,12.197126895324098,246101900,43.43220000969673,33.35765634318322
2018-07-11 00:00:00-04:00,411.3399963378906,419.7699890136719,410.6000061035156,418.6499938964844,9713900,370.3168244008758,,65.74361874781275,13.561133544285894,426.62042368575976,380.44491648351107,11.980902324954966,255815800,41.04450187234184,32.98746866278494
2018-07-12 00:00:00-04:00,415.1600036621094,416.7900085449219,407.79998779296875,413.5,12743300,372.0102822675081,,62.22091842292834,13.272977583613397,425.9580274214047,380.6726447791161,11.900124023423585,243072500,42.56399979445231,32.305112848441915
2018-07-13 00:00:00-04:00,409.19000244140625,410.0,395.0799865722656,395.79998779296875,15719000,372.9432118959576,,51.92331740735761,11.483988577014372,423.9535185505029,380.0584850302262,12.365830409445783,227353500,41.29013016748323,30.32061911148782
2018-07-16 00:00:00-04:00,398.9800109863281,403.3599853515625,391.75,400.4800109863281,22960000,374.02308637008974,,54.08700421689153,10.3248225322601,422.70680184357644,379.8905370236111,12.311841476739833,250313500,41.0511449003871,28.1687301108985
2018-07-17 00:00:00-04:00,346.95001220703125,385.0,344.0,379.4800109863281,58410400,374.2370834138638,,44.42543688239435,7.6237685367146355,423.5347869434898,378.395885257031,15.466710727424712,191903100,25.902248340686725,28.934175950183803
2018-07-18 00:00:00-04:00,381.239990234375,383.1300048828125,372.3599853515625,375.1300048828125,21746300,374.2720999420579,,42.72299760888844,5.073668554320591,425.3527277418276,373.34327648994326,15.131232784840803,170156800,35.200475341545626,29.644947086663013
2018-07-19 00:00:00-04:00,371.05999755859375,375.75,363.0,364.2300109863281,16878700,373.8782925320293,,38.71907255312834,2.14839220538272,428.7737576810215,366.4342460624681,14.961144728780747,153278100,34.62022911638297,30.660496425246265
2018-07-20 00:00:00-04:00,364.9200134277344,370.5,360.1400146484375,361.04998779296875,15096700,373.3752217579485,,37.61159560031013,-0.4216511398979037,431.4457511525891,359.1795825062651,14.632490487550871,138181400,29.68388899121078,31.708168455090913
2018-07-23 00:00:00-04:00,359.1499938964844,363.8999938964844,353.6000061035156,362.6600036621094,11505200,372.95501712673916,,38.56962203150764,-2.3019784078655903,433.03282971440495,353.75650540929297,14.323026009366433,149686600,29.36306257012137,32.91686251496126
2018-07-24 00:00:00-04:00,366.94000244140625,367.3999938964844,354.55999755859375,357.32000732421875,12851500,372.34187948742465,,36.56411510683253,-4.174918529006845,434.05766762105617,347.28366945576676,14.217095318546734,136835100,26.23708514956975,33.68211180182623
2018-07-25 00:00:00-04:00,357.57000732421875,363.2799987792969,355.6499938964844,362.8699951171875,8467800,371.970433041533,,40.0529646824033,-5.1520102697325,434.3787876325375,343.2758835914208,13.746588858851434,145302900,25.996587994905326,34.392700425343705
2018-07-26 00:00:00-04:00,358.19000244140625,365.5400085449219,356.6300048828125,363.0899963378906,6993700,371.6221806217823,,40.19337992280608,-5.841275664151112,433.4318501828377,339.5161519330477,13.401118487655571,152296600,25.20134708141741,34.80044680522563
2018-07-27 00:00:00-04:00,366.8500061035156,367.0,351.6499938964844,355.2099914550781,8949500,370.97856536034294,,36.86279242083677,-6.9433355431461905,430.78384501764543,335.0921559589171,13.540324745931288,143347100,20.327825611309763,35.41479746135255
2018-07-30 00:00:00-04:00,351.92999267578125,352.0299987792969,334.0199890136719,334.9599914550781,18260700,369.56607226601886,,29.986229712164302,-9.343031054687629,426.6463324930346,328.0283338481112,14.086730295608072,125086400,19.805791425029426,36.68704904838781
2018-07-31 00:00:00-04:00,331.510009765625,342.5,328.0,337.45001220703125,14085400,368.3066189303723,,31.674070007839234,-10.918026953264473,420.6635959167729,323.58707140093543,14.116249560207496,139171800,15.19547403071951,38.06889694321452
2018-08-01 00:00:00-04:00,335.8699951171875,344.4100036621094,334.0199890136719,338.3800048828125,7790500,367.13302622262484,,32.33022114828985,-11.953388689371877,411.1346823908886,322.4133197249968,13.850089923652495,146962300,18.645839066825545,39.12812993398226
2018-08-02 00:00:00-04:00,337.2300109863281,345.0,334.7099914550781,344.5,7131300,366.2454565668356,,36.642181720488026,-12.14014384433142,400.0331252852074,324.314876830678,13.595798396600307,154093600,22.391473386057186,40.03919819408925
2018-08-03 00:00:00-04:00,347.75,347.8599853515625,338.4800109863281,343.0899963378906,8848400,365.3373993029554,,36.07188262680559,-12.260591692694902,393.00411980238533,324.315883452823,13.294668108645597,145245200,28.032852802870963,40.52179497009937
2018-08-06 00:00:00-04:00,342.8699951171875,351.9800109863281,341.739990234375,350.9200134277344,8198100,364.7720116215742,,41.51551949203405,-11.59062107449995,381.53712583150366,329.1748777492255,13.076479011738993,153443300,41.68582572622507,40.45195392539177
2018-08-07 00:00:00-04:00,353.2300109863281,357.30999755859375,349.010009765625,351.8299865722656,7970900,364.2644812274837,,42.13223446626912,-10.86103801937611,376.3158181740623,330.70951548479184,12.735301067541117,161414200,35.86906695453928,39.74529287123048
2018-08-08 00:00:00-04:00,352.2099914550781,352.2900085449219,346.6099853515625,347.6099853515625,5394700,363.6113637421535,,40.02439598876232,-10.502293124627158,371.4566483794903,331.89934934186385,12.231352647956708,156019500,38.99250873610531,39.239294888861885
2018-08-09 00:00:00-04:00,347.9599914550781,352.44000244140625,345.82000732421875,349.3599853515625,4820300,363.0524861582088,,41.33511977106067,-9.96193979541215,369.30608137952726,332.06724625719147,11.830541395758909,160839800,45.90532636295208,38.820516860027745
2018-08-10 00:00:00-04:00,346.9100036621094,349.1000061035156,344.4200134277344,345.8699951171875,4328400,362.37866298012955,,39.48198756883493,-9.703463447397098,367.56693326719136,331.7823953460899,11.338357862049566,156511400,48.71368224719246,38.526182262691414
2018-08-13 00:00:00-04:00,339.8900146484375,347.19000244140625,339.07000732421875,341.30999755859375,6888900,361.552440806736,,37.13913952300882,-9.754133197103386,365.15466561939047,331.347995513422,11.108474808845132,149622500,51.40763885468245,38.60536028869107
2018-08-14 00:00:00-04:00,342.0899963378906,342.4100036621094,336.25,337.489990234375,5805200,360.60881529409437,,35.25196232538208,-9.987403434878104,363.89054402269505,329.96811483147167,10.755012584078292,143817300,45.147509369481384,38.85624335419724
2018-08-15 00:00:00-04:00,334.0299987792969,335.5,321.0,326.3999938964844,11784500,359.267292886345,,30.41934321912423,-10.941020526358102,362.06682116129514,326.9291708634445,11.16465384481377,132032800,37.54453013346949,39.88822015376743
2018-08-16 00:00:00-04:00,329.8999938964844,331.1700134277344,321.2099914550781,322.44000244140625,6689700,357.823085417916,,28.896044102641767,-11.879369183890162,359.5885185204468,323.9874743180948,11.078608711088233,125343100,38.50745189937712,40.84648432479689
2018-08-17 00:00:00-04:00,319.010009765625,324.3699951171875,312.9599914550781,316.7799987792969,10407900,356.21355260855836,,26.82812818281866,-12.93067547057052,359.45806435358566,318.9939294615185,11.102279779018314,114935200,41.51055483198759,42.09699536391601
2018-08-20 00:00:00-04:00,314.6400146484375,331.6000061035156,310.92999267578125,327.7300109863281,13591100,355.09655097631406,,36.322439666309776,-12.733485114895132,359.69146343663755,317.7965329826333,11.785689325355175,128526300,53.79884054804979,42.21069087564235
2018-08-21 00:00:00-04:00,331.0,341.5,329.70001220703125,338.0199890136719,14783200,354.4268818797399,,43.71352008273229,-11.613027356957957,359.72200146564137,317.84199186118155,11.927425017377796,143309500,56.54523833799505,41.0830661720982
2018-08-22 00:00:00-04:00,338.489990234375,346.2099914550781,337.4100036621094,344.44000244140625,8930700,354.03523954882485,,47.78561463894064,-10.090695821809504,360.31239356312625,318.0595994381758,11.70403664420572,152240200,57.22733320879423,39.512307777885894
2018-08-23 00:00:00-04:00,348.1099853515625,350.0799865722656,337.6499938964844,339.1700134277344,11336400,353.4522895048605,,44.913205662456,-9.203390229016804,359.76602587482506,317.8953022501749,11.755890646461115,140903800,48.58264810852837,37.6385420651685
2018-08-24 00:00:00-04:00,346.0,359.1499938964844,344.5400085449219,358.82000732421875,14729100,353.66278824287457,,55.62425757529696,-6.835804963958026,363.02248904616823,316.73617387700887,12.343325633767464,155632900,51.40211013957491,35.011140653317
2018-08-27 00:00:00-04:00,367.1499938964844,374.489990234375,360.0,364.5799865722656,17427300,354.0909136675566,,58.19052839179375,-4.443472808139461,366.528722455333,315.0512702204482,12.580944010652376,173060200,55.1247299102214,33.64879369189452
2018-08-28 00:00:00-04:00,367.2300109863281,369.989990234375,360.3800048828125,368.489990234375,9222600,354.6555833368436,,59.88638670769029,-2.2065915072229245,370.70442293730537,313.0969035600905,12.36873267786024,182282800,53.411486014289366,32.383757227716494
2018-08-29 00:00:00-04:00,367.20001220703125,369.8599853515625,362.9100036621094,368.0400085449219,8118700,355.18046275676824,,59.58683790576859,-0.4647988107093397,374.81814159883515,311.7071879910086,11.981679035831162,174164100,54.632557623978244,31.209080510979756
2018-08-30 00:00:00-04:00,365.0,376.80999755859375,363.5400085449219,370.9800109863281,10981000,355.80005288341766,,60.96080967928293,1.1396805486737094,379.0899182635152,310.31808141096394,12.0737011771055,185145100,59.75644224245838,30.635339302831227
2018-08-31 00:00:00-04:00,370.6600036621094,376.0,367.0799865722656,367.67999267578125,7943400,356.26593287527504,,58.55440910449882,2.1205141353982526,382.41189203228555,309.9041073166728,11.848437766436135,177201700,59.09572166737139,30.102579609550446
2018-09-04 00:00:00-04:00,366.4700012207031,368.8800048828125,361.260009765625,363.6000061035156,7605200,356.553543590108,,55.63054247620436,2.5393390806524394,384.79734074878326,310.49065973949797,11.54640614863266,169596500,58.20323375585317,28.928872247902948
2018-09-05 00:00:00-04:00,360.0,363.3900146484375,335.8299865722656,341.17999267578125,13092800,355.95065924052653,,42.94131656554123,1.0500488460249358,384.81934519147194,310.96065562233014,12.70523567596247,156503700,57.47175193978761,28.049058953214587
2018-09-06 00:00:00-04:00,347.44000244140625,356.0,341.989990234375,346.4599914550781,13050200,355.5784761901168,,46.06165763399293,0.2924561278302349,384.35589572269237,314.0987714322556,12.856290793695061,169553900,63.108392594667045,27.23208946528968
2018-09-07 00:00:00-04:00,342.20001220703125,355.75,341.25,348.67999267578125,9105800,355.30794742484875,,47.36500149293525,-0.12733813950649164,383.078153428363,318.87517909116826,12.973698594145414,178659700,68.89776428063365,26.526548490412573
2018-09-10 00:00:00-04:00,352.2699890136719,352.5,343.0799865722656,348.4100036621094,5752200,355.03743982630994,,47.21557614685659,-0.4763232202540735,379.59256037712254,326.57810612678367,12.719863939401767,172907500,63.803886031822444,25.87140329945526
2018-09-11 00:00:00-04:00,344.6700134277344,356.1499938964844,343.8999938964844,355.92999267578125,6198100,355.07244189883824,,51.77869203242665,-0.14443123148407722,377.7516312825485,332.1790327799515,12.686302229444497,179105600,61.82743434878671,24.85650238791655
2018-09-12 00:00:00-04:00,359.0799865722656,370.42999267578125,356.239990234375,369.95001220703125,10480800,355.6558760285713,,58.91054232111054,1.2356501608596773,379.1030010723775,335.0849994159037,12.815852070198462,189586400,62.39437744775358,23.601281917192303
2018-09-13 00:00:00-04:00,371.9100036621094,374.0899963378906,366.8399963378906,368.1499938964844,8366100,356.14584143515617,,57.7300100790352,2.159237823411786,380.2222521057475,337.1270805765442,12.418291208041428,181220300,69.40789019833046,22.732001056254813
2018-09-14 00:00:00-04:00,368.54998779296875,371.0899963378906,363.4599914550781,364.55999755859375,4756400,356.47580834195765,,55.34776369693244,2.571858217848444,379.35749137614675,341.3771725235928,12.076270756239362,176463900,63.518133628989425,21.58575790030758
2018-09-17 00:00:00-04:00,364.2200012207031,367.3299865722656,349.57000732421875,350.3500061035156,7071900,356.2355808031952,,47.06836737908962,1.732266807183123,379.43609218712834,340.16923821651744,12.482249934225612,169392000,54.54419255574655,20.77516596449861
2018-09-18 00:00:00-04:00,353.6700134277344,368.1499938964844,351.55999755859375,367.6499938964844,10414000,356.68320484606926,,55.74744558694721,2.4347823429137065,379.89801624280693,340.1166484707348,12.862088352707264,179806000,62.60218430014124,19.94386017747581
2018-09-19 00:00:00-04:00,373.95001220703125,377.6099853515625,359.1700134277344,366.9599914550781,11876800,357.0862160856382,,55.3575710673567,2.9023965155486735,379.63602135716667,340.17464351913543,13.260508607787326,167929200,63.74390089564849,18.72689525321491
2018-09-20 00:00:00-04:00,370.260009765625,370.260009765625,363.1700134277344,365.3599853515625,6768100,357.4106776254784,,54.407374742020984,3.1080493375258698,379.2064093821176,340.24691906840326,12.819757731366133,161161100,56.79453790987087,17.59685639497265
2018-09-21 00:00:00-04:00,366.5899963378906,372.2200012207031,360.739990234375,361.19000244140625,11930600,357.55888644178935,,51.90670081803886,2.901105768321429,377.6362575929983,340.51173638486625,12.724061535291991,149230500,55.029252311735476,16.366293816460225
2018-09-24 00:00:00-04:00,359.0,373.6400146484375,354.3299865722656,369.6099853515625,9322500,358.03147855589816,,56.27663129856849,3.3775890072954553,378.0266638719731,340.37866246266236,13.194487716783412,158553000,61.67932057535563,15.813720834374681
2018-09-25 00:00:00-04:00,370.2300109863281,371.3399963378906,364.489990234375,369.42999267578125,6799800,358.47847910961906,,56.15915808415797,3.6980526533546936,378.99429769605194,340.1883601815522,12.741310458692855,151753200,70.23128123579849,15.300617351009535
2018-09-26 00:00:00-04:00,373.5899963378906,382.0,370.8800048828125,377.8800048828125,13799700,359.23932325758744,,60.34424227205394,4.58106015720017,380.7817962874998,343.29419655104186,12.729074520516134,165552900,70.67013019016883,14.661096197614441
2018-09-27 00:00:00-04:00,379.8699951171875,383.20001220703125,376.0,380.7099914550781,7326200,360.08131024572435,,61.66414577045242,5.446423253929879,383.26160513893007,345.3810543662783,12.334141498124357,172879100,70.41145889056604,14.177230927421705
2018-09-28 00:00:00-04:00,379.239990234375,380.79998779296875,373.7300109863281,374.1300048828125,7114900,360.63223944717885,,56.92032155170703,5.537447568919902,383.5575228297129,348.47847163643286,11.958129734446947,165764200,69.35328739269251,13.478202438604372
2018-10-01 00:00:00-04:00,375.8500061035156,386.1099853515625,375.5899963378906,381.42999267578125,8376600,361.4478376130064,,60.54660737938374,6.127993308377768,384.6179580751142,351.82070159285456,11.959690501182878,174140800,70.02736415873257,13.3445314556419
2018-10-02 00:00:00-04:00,384.3800048828125,386.79998779296875,373.8299865722656,377.1400146484375,8638700,362.06321710459196,,57.484248697348434,6.178616443283147,385.1853179959037,354.08134460175256,12.031855552577182,165502100,62.43982598426608,13.01127735342126
2018-10-03 00:00:00-04:00,378.5299987792969,380.92999267578125,374.8800048828125,377.04998779296875,5798600,362.65093360217537,,57.41861593856457,6.14068523066976,386.0944662853693,354.11885972374523,11.604579284033722,159703500,56.75282760844433,12.70182711564495
2018-10-04 00:00:00-04:00,375.8800048828125,375.9200134277344,360.3999938964844,363.6499938964844,9074400,362.69011243724634,,48.53579080054556,4.972042343225553,386.09610313015145,353.5172228789631,11.964966042065912,150629100,54.800083417318625,12.72872595594208
2018-10-05 00:00:00-04:00,359.7699890136719,363.5,343.0,351.3500061035156,13523000,362.2454023849432,,42.097900222534165,3.0185818827606568,387.52014700959313,350.331846805511,12.585325174524373,137106100,52.244625317778514,14.031241846906786
2018-10-08 00:00:00-04:00,345.17999267578125,352.95001220703125,338.1099853515625,349.1000061035156,12375500,361.7298966484166,,41.025882575482946,1.2742059449860221,387.7771638521632,349.9081632962743,12.746375294591829,124730600,43.960842450776184,15.52980928692544
2018-10-09 00:00:00-04:00,348.4800109863281,358.7200012207031,347.0899963378906,355.7099914550781,8755000,361.4938219349524,,45.42286656103028,0.4203010537489149,388.0864421863516,348.0068846365651,12.666634550893304,133485600,42.462032886295795,16.252731803331642
2018-10-10 00:00:00-04:00,353.5199890136719,355.1499938964844,325.3900146484375,325.8900146484375,17183100,360.0975941982263,,33.34448111061465,-2.6323040741460773,394.3811050389445,336.2362248764201,13.927587569160972,116302500,39.71762126110447,18.08831479367078
2018-10-11 00:00:00-04:00,324.94000244140625,334.20001220703125,315.80999755859375,321.1000061035156,16082100,358.5682770180416,,31.87812069827349,-5.37605744489349,398.8484802440502,325.8675191049081,14.246332360537867,100220400,39.061011815081905,20.184178193779832
2018-10-12 00:00:00-04:00,339.57000732421875,341.29998779296875,328.8999938964844,339.55999755859375,14870800,357.8228542941417,,42.3923370986469,-5.991864243850046,399.14522413698603,322.68677456093064,14.671593026888957,115091200,40.88464928341438,21.392543516060535
2018-10-15 00:00:00-04:00,337.6300048828125,339.2099914550781,326.92999267578125,333.1300048828125,11215000,356.8545072584033,,40.072283349886014,-6.9189844935923475,398.7772025109418,318.1907987911415,14.525765302312067,103876200,35.36649822692192,22.606723792367802
2018-10-16 00:00:00-04:00,337.239990234375,347.95001220703125,330.55999755859375,346.3999938964844,20156400,356.4445263422496,326.01049145559614,46.57106535663145,-6.507937309324404,397.21157900230037,316.68575579587673,14.730354541321026,124032600,37.30410045657998,22.852130438703032
2018-10-17 00:00:00-04:00,378.3299865722656,380.0,356.5,364.70001220703125,32610900,356.76827088596656,326.3954618113318,53.98236214434499,-4.651896746343482,395.021301871845,317.11870056956127,16.078186795763497,156643500,46.112687888571266,21.705519070573864
2018-10-18 00:00:00-04:00,360.6700134277344,362.20001220703125,346.04998779296875,346.7099914550781,18461000,356.3738285553435,326.5975964346527,47.06999682034653,-4.579822214291028,390.6559358424285,316.9507332656444,16.261889482784856,138182500,43.57048978905301,20.30889175693357
2018-10-19 00:00:00-04:00,351.0,355.79998779296875,332.20001220703125,332.6700134277344,16717200,355.4442671777902,326.6580184942854,42.496509247505465,-5.591160104872301,387.597149332112,314.48152091528385,16.7860384901529,121465300,37.60201363778235,19.75885739677859
2018-10-22 00:00:00-04:00,333.1000061035156,335.79998779296875,320.3399963378906,329.5400085449219,17097200,354.4284138980699,326.68669501220216,41.52777366169837,-6.569488925980863,381.72050061418804,313.43950508242654,16.691320844790418,104368100,36.413003869912814,19.80806084693047
2018-10-23 00:00:00-04:00,318.0,336.5799865722656,316.7699890136719,333.1600036621094,14907300,353.59435859469886,326.75110604354455,43.14209686182804,-6.972345355666562,375.52882079400183,313.76718343776895,16.914083467204943,119275400,41.513125754537015,20.014315158666466
2018-10-24 00:00:00-04:00,332.2799987792969,333.0,300.7300109863281,301.8299865722656,19039300,351.5643832212701,326.5031347055219,34.312666948538165,-9.707777307964363,372.22120283915916,307.0454678965179,18.022362696388964,100236100,40.147715381999994,20.86998892874186
2018-10-25 00:00:00-04:00,307.1199951171875,319.94000244140625,305.25,312.8699951171875,13346900,350.0469562367963,326.36748157528973,39.04660707115392,-10.859607616774156,368.7029079589991,303.7930962727717,18.028623637299795,113583000,45.74946155411394,21.66454314381187
2018-10-26 00:00:00-04:00,300.510009765625,313.989990234375,292.29998779296875,299.8299865722656,19616000,348.07766330877547,326.10342689864274,35.76772637325456,-12.678511160117182,368.8547939610024,296.7718743332685,18.290150694735967,93967000,44.819691360191975,22.894043147174955
2018-10-29 00:00:00-04:00,305.260009765625,307.8900146484375,275.3999938964844,284.8399963378906,21698800,345.5977548001133,325.6928455000283,32.399587770467875,-15.154876277898836,370.5835719004938,286.4750950916937,19.304427127394337,72268200,39.407377211415394,24.579457967727755
2018-10-30 00:00:00-04:00,275.57000732421875,290.5199890136719,271.2099914550781,285.80999755859375,23685700,343.25313686907333,325.29600124190455,32.840307944458715,-16.84496422119986,368.26908069475127,279.46958711123835,19.30482501533715,95953900,38.97510751349279,26.26749291592312
2018-10-31 00:00:00-04:00,297.7699890136719,311.5,295.04998779296875,301.7799987792969,20360300,341.6267392969252,325.06201116764976,39.79910091096011,-16.70318158115225,367.97886262879814,276.5451363946393,19.760909117199226,116314200,45.750712122433704,26.26944676759973
2018-11-01 00:00:00-04:00,304.5899963378906,318.45001220703125,296.6700134277344,317.3800048828125,15121500,340.67588696696004,324.98557329416883,45.716090926050576,-15.157303737174743,367.793702304042,276.23429655663506,19.90512980734906,131435700,45.55639437625368,25.81920253131737
2018-11-02 00:00:00-04:00,318.0,321.8800048828125,308.3299865722656,309.1000061035156,13404600,339.4376171291779,324.8275079489882,43.28434128987668,-14.433925799219764,365.16809354702406,274.79857311964264,19.45119327186319,118031100,50.21259963316059,25.17881619291109
2018-11-05 00:00:00-05:00,311.1000061035156,317.5299987792969,303.739990234375,315.44000244140625,10283000,338.4965342002457,324.7340999339874,45.66749953865632,-13.196932826013324,363.4751808640007,274.13281881047845,19.046822934224526,128314100,44.06160980634779,24.798210015923534
2018-11-06 00:00:00-05:00,314.760009765625,320.2200012207031,305.29998779296875,310.8399963378906,9710400,337.4119640879965,324.5958501469616,44.21578467911167,-12.444338444140442,358.70472514781335,274.1619415188533,18.752050826618085,118603700,33.06093298535045,24.254399376901635
2018-11-07 00:00:00-05:00,312.8999938964844,328.55999755859375,311.0,327.5,13328300,337.0232596139574,324.62474716042465,50.36933241674422,-10.383880007300945,348.21237466732964,279.6942903717329,18.678332997624157,131932000,40.15318413159637,23.17084644382498
2018-11-08 00:00:00-05:00,328.0,332.04998779296875,316.6099853515625,317.9200134277344,11023900,336.2741127046937,324.55803339194017,47.14857991122212,-9.415441357339034,341.64834723645686,282.41965406562645,18.447023672180023,120908100,41.40187938462821,21.92930398752419
2018-11-09 00:00:00-05:00,311.07000732421875,312.9800109863281,298.010009765625,303.4700012207031,13480800,334.9876769602235,324.34820222605725,42.712178097370746,-9.702102176791982,337.7974519603309,282.3772143808149,18.551522242889263,107427300,42.33152855476455,21.770815485173536
2018-11-12 00:00:00-05:00,300.0,302.489990234375,290.6300048828125,294.07000732421875,10924800,333.3830624646939,324.04692665489466,40.07077866341,-10.5659857829001,334.4245439003018,281.02078894475034,18.143556106817933,96502500,35.92738314943546,21.96424863114007
2018-11-13 00:00:00-05:00,295.0,303.54998779296875,289.1000061035156,294.3999938964844,12232200,331.8543146777053,323.7519322990896,40.210563544547746,-11.096083858469058,328.8254725919918,281.451858950977,17.879729362720447,108734700,37.247055244757576,22.214456848901385
2018-11-14 00:00:00-05:00,300.3999938964844,301.8399963378906,278.29998779296875,286.7300109863281,16853600,330.08473414078856,323.3835549725945,37.99236359499649,-11.996802254001693,329.5182104298818,278.745791034962,18.284035018591975,91881100,30.307069129892113,22.92847920544751
2018-11-15 00:00:00-05:00,285.510009765625,292.5,282.1600036621094,290.05999755859375,9967100,328.5151366277613,323.0519772868831,39.55148151098296,-12.300137654947719,328.4503537595905,276.7723146974407,17.716603684256164,101848200,31.827801403297542,23.591499965097483
2018-11-16 00:00:00-05:00,287.1400146484375,291.7200012207031,281.0,286.2099914550781,9099500,326.85611132687177,322.68539036318356,38.35084286811251,-12.704744080984142,328.79629643263166,274.6103726754413,17.216846365430946,92748700,33.87389246276855,24.261127331348657
2018-11-19 00:00:00-05:00,283.7900085449219,285.0899963378906,269.1499938964844,270.6000061035156,12993800,324.64998955340684,322.16712783323663,33.862424126602974,-14.122201005997965,330.9627580609256,270.545245682564,17.20564287922829,79754900,35.8293137037376,25.405876025591187
2018-11-20 00:00:00-05:00,254.6300048828125,276.3399963378906,250.0,266.9800109863281,16693800,322.3884217664626,321.61800229247143,32.9007790593994,-15.360581956527994,333.42350740157923,265.5738314656083,17.85809669770417,63061100,25.237016560121347,27.150084650766694
2018-11-21 00:00:00-05:00,274.4200134277344,275.3399963378906,261.510009765625,262.1300048828125,11023000,320.0253465945548,321.02608192023604,31.605743314612923,-16.54266914874478,335.50680257389195,258.20387044043093,17.57037454588713,52038100,22.625441495638498,28.76970694557252
2018-11-23 00:00:00-05:00,260.1099853515625,265.5,256.8399963378906,258.82000732421875,5245100,317.62513721140436,320.40711600385777,30.717103223135027,-17.544330780953487,334.2601424860846,251.64253085375915,16.93391948276015,46793000,15.167001199393582,30.4285406541518
2018-11-26 00:00:00-05:00,260.54998779296875,266.25,253.8000030517578,261.42999267578125,12498600,315.4214060531446,319.82027895581723,32.332703065933075,-17.920969059841866,332.91770010262564,246.62897144685346,16.61363930172315,59291600,21.974188068977142,32.069726928875774
2018-11-27 00:00:00-05:00,259.239990234375,269.0799865722656,256.1400146484375,266.6300048828125,11149500,313.5080177719551,319.2910224973794,35.55699618746368,-17.597012674252312,328.7832493470877,244.25542252791226,16.351234489016363,70441100,28.19205235102453,33.27988613958385
2018-11-28 00:00:00-05:00,271.9800109863281,284.0,263.3399963378906,282.6499938964844,14801300,312.2978991886033,318.92643514811675,44.35395441610366,-15.864717092722515,324.8689896099488,244.41101527286366,16.659003715665865,85242400,27.887127853055233,32.915018855019795
2018-11-29 00:00:00-05:00,282.32000732421875,290.489990234375,275.5,288.75,15431500,311.37445216159927,318.6261721118171,47.30373252379623,-13.840100784488925,315.31806336555076,248.79527485059512,16.539788467002232,100673900,36.504996400369805,32.01329539943124
2018-11-30 00:00:00-05:00,288.0,290.80999755859375,283.05999755859375,286.1300048828125,11860100,310.38447383694097,318.30282716426484,46.17163156514698,-12.305143449386435,307.31976392850135,252.55490648165485,15.91194643364493,88813800,44.195723119310514,31.148018611118516
2018-12-03 00:00:00-05:00,293.19000244140625,298.7200012207031,284.5799865722656,290.29998779296875,14117400,309.5968469332558,318.02419194664003,48.29272535406372,-10.629663784329182,304.11274486016,254.0059237596317,15.785379877558684,102931200,51.877061925236006,29.66177679330884
2018-12-04 00:00:00-05:00,288.1300048828125,295.739990234375,274.7200012207031,275.3299865722656,12800600,308.2530484877268,317.5993739827159,41.90831109285049,-10.390018402994826,301.5808520385437,254.03914714765418,16.159280530138197,90130600,51.8856118213888,28.900824832244826
2018-12-06 00:00:00-05:00,268.3299865722656,283.2200012207031,267.1400146484375,282.8800048828125,13074300,307.25802716988704,317.25390762351293,45.80009503246061,-9.481576619022633,299.3165301564765,254.7674704945652,16.153616676004443,103204900,53.246951114485206,28.622936878772887
2018-12-07 00:00:00-05:00,282.4800109863281,284.2099914550781,263.3800048828125,265.1400146484375,12466700,305.60634040434,316.7353614247559,39.1613965477322,-10.076938241512778,297.9770845521341,253.2282499205221,16.487643097165954,90738200,52.68400339772795,28.568869555257827
2018-12-10 00:00:00-05:00,264.19000244140625,271.17999267578125,260.6099853515625,269.70001220703125,9605600,304.1982491024848,316.26734799970393,41.50835976119499,-10.064792263102902,295.38295526141746,253.1077144976971,16.064954827669727,100343800,52.727117379347824,28.669762808883302
2018-12-11 00:00:00-05:00,274.0799865722656,274.5,262.760009765625,265.32000732421875,9843200,302.67361217000376,315.760409286515,39.91555027016491,-10.289979794737064,293.39798137400476,252.30735716766196,15.756028785291532,90500600,59.42149934680818,28.424833742348888
2018-12-12 00:00:00-05:00,267.6600036621094,281.7699890136719,266.4800109863281,274.8800048828125,11456700,301.58366678619234,315.3536390934434,44.886654899328626,-9.586523157642603,293.66912561387824,252.60687943169464,15.805596849874503,101957300,67.99706136101473,27.48893461096746
2018-12-13 00:00:00-05:00,277.6400146484375,279.32000732421875,271.8500061035156,276.0199890136719,8379300,300.5811696186425,314.9622594906596,45.46606143305974,-8.835194885575334,294.04280694765083,253.43852850156787,15.210197162076549,110336600,67.55075992278731,26.619885417541845
2018-12-14 00:00:00-05:00,271.80999755859375,277.6700134277344,265.0,266.8399963378906,9915300,299.25798635273065,314.48343100157734,41.667234518924296,-8.87816850540753,293.76588936090224,254.3434449489936,15.028755466766395,100421300,65.63354605406928,26.294661550877947
2018-12-17 00:00:00-05:00,266.510009765625,272.9800109863281,261.0799865722656,262.79998779296875,9634700,297.8282609190145,313.9691678850738,40.08009344988416,-9.132941470336334,293.2972696908672,255.34272868152857,14.805274677287544,90786600,59.4762123813795,26.253130638333953
2018-12-18 00:00:00-05:00,263.29998779296875,275.75,263.2900085449219,270.94000244140625,10350100,296.7738194100887,313.5410169851368,44.65446102789524,-8.579124915686236,292.7660238064661,257.14197586801305,14.672755929412094,101136700,59.34341979896833,25.905832386678345
2018-12-19 00:00:00-05:00,269.9599914550781,280.8699951171875,263.7699890136719,266.7699890136719,13788400,295.5971986102292,313.0756336222367,42.84975995629773,-8.38010589513084,292.75803976660876,257.16862445865166,14.846130941848061,87348300,59.012619056220394,25.02792848654524
2018-12-20 00:00:00-05:00,264.6400146484375,269.8999938964844,251.8800048828125,260.5799865722656,16792900,294.2239746087405,312.5532888754708,40.2493751651598,-8.62246889833915,292.13079001275815,254.85320656927317,15.072835089835477,70555400,49.247551235280206,25.064716392152896
2018-12-21 00:00:00-05:00,263.8299865722656,264.5,241.2899932861328,246.38999938964844,21397600,292.34813244328586,311.89494768655715,35.004985086097605,-9.846057477832574,291.86456509828736,249.47143140236372,15.654061634409171,49157800,39.93187822716154,25.72086782841344
2018-12-24 00:00:00-05:00,242.0,250.64999389648438,233.67999267578125,233.8800048828125,9547600,290.05526469581633,311.11867959895767,31.151334771472875,-11.690451995327692,293.6025013828542,240.76682845113012,15.748057319144452,39610200,32.42597565475113,26.719925813405116
2018-12-26 00:00:00-05:00,233.9199981689453,254.5,231.22999572753906,253.6699981689453,14402700,288.6283914986841,310.54705092801225,42.024587137036676,-11.423576987687,288.8314484455008,240.65388277194702,16.285339244381344,54012900,40.3568824263302,27.21590670340919
2018-12-27 00:00:00-05:00,250.11000061035156,255.58999633789062,240.10000610351562,255.57000732421875,12235200,287.33198427615605,310.000015668273,42.95605573850504,-10.932735986548607,287.21343327423483,239.63723404347354,16.22852860080946,66248100,47.767862738072445,27.552166918667865
2018-12-28 00:00:00-05:00,257.94000244140625,261.9100036621094,249.8000030517578,256.0799865722656,10992800,286.1064157387486,309.4634979658252,43.219751502166076,-10.382902259470029,283.23874893003443,240.03858261293436,15.934348030062468,77240900,54.795091942439996,27.155986451257252
2018-12-31 00:00:00-05:00,260.1600036621094,270.1000061035156,260.0,267.6600036621094,13508900,285.3830270298608,309.047542798624,48.986369911355624,-8.910035129840082,283.551777479562,240.06155259856303,15.797610280147293,90749800,61.544325919422995,25.96059913590806
2019-01-02 00:00:00-05:00,259.2799987792969,269.75,256.5799865722656,267.6600036621094,11679500,284.68800650563526,308.63572648880796,48.986369911355624,-7.654540539619006,283.24142481844837,240.09990412035376,15.609924790689226,102429300,55.11678442627759,25.11263661445847
2019-01-03 00:00:00-05:00,270.20001220703125,275.7900085449219,264.42999267578125,271.20001220703125,14969600,284.15906555274887,308.2632318193376,50.75938278892901,-6.301265856635894,284.09326281276765,240.03206677707612,15.306359867721469,117398900,55.99529482196619,23.736367365324732
2019-01-04 00:00:00-05:00,281.8800048828125,297.79998779296875,278.5400085449219,297.57000732421875,19330100,284.68498483790455,308.1568315756051,61.495119722049246,-3.065609262538601,291.2988087335963,235.85185451510165,16.1130467047369,136729000,58.9424690840203,23.29371710682947
2019-01-07 00:00:00-05:00,302.1000061035156,316.79998779296875,301.6499938964844,315.3399963378906,18620100,285.8871421516295,308.2283058518468,66.75521588102353,0.9219340218195953,303.80466844764305,228.58866244428407,16.335684830737836,155349100,66.45038829358373,23.886290703306294
2019-01-08 00:00:00-05:00,319.9800109863281,320.5899963378906,308.010009765625,320.2699890136719,15359200,287.2354890873959,308.3481235947505,68.05889768569155,4.428847019064904,316.0535168697558,223.46381304560876,16.067420669418393,170708300,72.50590150631935,24.609080113105424
2019-01-09 00:00:00-05:00,317.7099914550781,323.3500061035156,313.5,319.9599914550781,13343200,288.5188029057364,308.4636645684851,67.87864657716233,7.101228086089293,325.95503522475957,221.18362851221963,15.623319628996766,157365100,73.21745697860119,25.407262760224224
2019-01-10 00:00:00-05:00,314.57000732421875,325.3699951171875,312.5,324.6600036621094,13472500,289.93610489618237,308.6248221714067,69.21010214280918,9.488978008836398,335.35017575346694,218.95115481293934,15.426653592438962,170837600,73.4959342059415,26.243823634050727
2019-01-11 00:00:00-05:00,330.9599914550781,341.0899963378906,328.5199890136719,337.5899963378906,19500400,291.80488495271993,308.91303285963045,72.57770325352112,12.283038155964562,347.01333411082294,216.7306640988124,15.498320669820554,190338000,81.86113246125936,27.687273387766634
2019-01-14 00:00:00-05:00,334.239990234375,335.4800109863281,329.1300048828125,332.94000244140625,10499600,293.4180268150214,309.15210718382724,69.62828162612767,13.96119929196118,355.43366979227534,217.9583305332455,14.995582868767524,179838400,84.53575897975729,29.02761958764569
2019-01-15 00:00:00-05:00,349.6000061035156,357.2200012207031,347.0,354.6400146484375,21181200,295.8188890829985,309.6047231785,74.77920107356653,16.847951021385995,366.81234890143185,221.01298679192757,15.658755433805336,201019600,89.47425448922313,31.007676479388987
2019-01-16 00:00:00-05:00,354.0,358.8500061035156,348.1099853515625,351.3900146484375,15385500,297.9981489090942,310.02049722297704,72.78814223011324,18.658392393198767,372.37813343490205,231.1152035605407,15.307417242244464,185634100,81.35483158819032,32.89353270094919
2019-01-17 00:00:00-05:00,349.5,355.7900085449219,346.4100036621094,353.19000244140625,18871200,300.162535322126,310.4500445385833,73.21353447556652,20.0077868828821,378.3961580529617,238.36651284547577,14.88403064514218,204505300,72.57068180935315,34.45487829766577
2019-01-18 00:00:00-05:00,351.9700012207031,353.0,336.7300109863281,339.1000061035156,26621000,301.6894949606119,310.7351187830105,64.68870262570783,19.71300750872382,379.41700609251996,248.4829979764904,14.99659927442332,177884300,62.61578088261633,34.86776169096719
2019-01-22 00:00:00-05:00,334.8900146484375,336.8800048828125,321.0299987792969,325.1600036621094,17941400,302.609907066553,310.87864997583733,57.5491644020277,18.145382362604778,376.3614980912256,260.74917492309737,15.21612842083728,159942900,56.05603023297858,33.84094216775024
2019-01-23 00:00:00-05:00,328.25,331.75,318.6000061035156,321.989990234375,13480100,303.36991032803616,310.98921057542475,56.03462326561223,16.457522474827726,373.1819104843014,271.17276073965695,15.0685473833835,146462800,55.1360834959899,32.69013269806662
2019-01-24 00:00:00-05:00,320.6000061035156,331.79998779296875,319.0,326.6700134277344,11131600,304.28363986135764,311.1452384645024,57.80034607725781,15.3209101966969,367.97269225741957,284.24998026862215,14.906507412639588,157594400,54.89166249701196,31.624507293221164
2019-01-25 00:00:00-05:00,328.7200012207031,340.0,328.510009765625,338.04998779296875,11152900,305.6078103684797,311.4129474130444,61.8161241155699,15.16360895724904,360.6822245774829,300.45377802668384,14.793898781184305,168747300,53.76400439504091,31.118415870003677
2019-01-28 00:00:00-05:00,334.70001220703125,336.29998779296875,328.8800048828125,335.6600036621094,8652100,306.7863277525436,311.6542116543286,60.51369851220543,14.676908580208476,357.5536666667216,308.66100211583046,14.392190504682302,160095200,47.93937818798865,30.648473834158867
2019-01-29 00:00:00-05:00,335.8699951171875,338.2200012207031,328.1499938964844,328.8999938964844,7655200,307.6535303464237,311.82581147763364,56.86424827941557,13.589072365266986,356.7026073434116,311.32006111361966,14.083463134649191,152440000,42.61236865725125,30.32993570450484
2019-01-30 00:00:00-05:00,332.75,341.7799987792969,330.79998779296875,340.6600036621094,9234500,308.9479018489996,312.1127188625538,61.24316870608671,13.520038248080425,357.0256320885281,313.7157049882948,13.997501830946572,161674500,41.6696240333098,30.254673519082697
2019-01-31 00:00:00-05:00,339.67999267578125,345.989990234375,338.0899963378906,339.5,8535500,310.14602334511727,312.3852291226279,60.589789234202385,13.21934127441176,356.7573174852946,316.5893540641846,13.561965549913557,153139000,40.45602358543206,30.440277751715588
2019-02-01 00:00:00-05:00,337.17999267578125,346.8399963378906,336.5,339.8500061035156,9827800,311.31088541407405,312.65851048562183,60.72593827683221,12.861025428377332,356.7508909551306,318.62111425320273,13.33182489191192,162966800,32.32106684368425,30.42135835900674
2019-02-04 00:00:00-05:00,342.6000061035156,352.0,341.29998779296875,351.3399963378906,9051400,312.88065446991,313.04340089211206,65.00054216450272,13.350309665384486,358.8467172217148,318.3586213199519,13.247408392238524,172018200,37.397368450730674,30.731999093322063
2019-02-05 00:00:00-05:00,353.20001220703125,360.0,352.8999938964844,355.80999755859375,9046600,314.56415812044656,313.46893916740044,66.52690772464919,13.93809302918828,361.8282589704926,318.42641225346574,12.919736625800727,181064800,32.959413208941186,31.481702872889297
2019-02-06 00:00:00-05:00,357.0,357.0400085449219,347.19000244140625,352.19000244140625,6717700,316.03968142715087,313.8542233790821,64.0892784876479,13.950993854396359,361.258618545934,318.66938438375354,12.700470159923219,174347100,34.73209699755276,31.464522224088693
2019-02-07 00:00:00-05:00,347.8999938964844,348.75,339.0199890136719,344.7099914550781,7864500,317.164007310599,314.1612459470025,59.25764857401054,13.20541962048594,360.1065172664039,318.930815904169,12.734008964766872,166482600,37.3088108545218,30.52748667737787
2019-02-08 00:00:00-05:00,338.0,348.0,338.0,347.57000732421875,7561400,318.35639946799586,314.49367143334297,60.48432104218281,12.69894056501198,358.91122243543975,319.3767780528415,12.538722610140667,174044000,48.15099104545827,29.547167495596387
2019-02-11 00:00:00-05:00,350.0,352.8699951171875,344.80999755859375,345.7300109863281,5454900,319.4298744294991,314.8044807821289,59.248395464614816,12.010628884167716,359.6241619094391,319.5478392298838,12.218813677887315,168589100,57.12729382255488,29.01023366344794
2019-02-12 00:00:00-05:00,348.0899963378906,360.0,346.5199890136719,359.9700012207031,10429400,321.0196833232718,315.2538889456969,65.17864062437965,12.470433724035729,362.7703219945112,321.04301215262416,12.365326201871927,179018500,66.89305859663291,29.013618914565523
2019-02-13 00:00:00-05:00,357.29998779296875,359.6000061035156,350.2799987792969,351.7699890136719,10559100,322.22557766407186,315.61723322498017,59.78354565318941,12.034434448453624,362.32265047888177,325.4613501721599,12.174231647552949,168459400,58.071058060631294,29.01676236203185
2019-02-14 00:00:00-05:00,351.75,360.45001220703125,348.3299865722656,359.07000732421875,9295300,323.6704572585874,316.0495991364154,62.7403759407391,12.138032665309538,363.4694190473398,328.6345807898998,12.170359789496711,177754700,57.63333853967357,28.76346500473491
2019-02-15 00:00:00-05:00,358.4700012207031,364.3999938964844,355.5,356.8699951171875,9230000,324.972399919709,316.45577223075145,61.278151298827005,11.905374651569502,364.94759154788574,329.6657425992497,11.936762225710115,168524700,64.9468384871615,28.832579163813488
2019-02-19 00:00:00-05:00,355.79998779296875,365.0,355.32000732421875,361.9200134277344,7396600,326.4213259396316,316.90815274017416,63.387502444403815,11.990269410288988,366.9379823537699,331.17668642878215,11.775564400715197,175921300,71.09131797994303,28.943258155243516
2019-02-20 00:00:00-05:00,364.8500061035156,366.7099914550781,356.70001220703125,359.9100036621094,8110700,327.73460741894445,317.33603185382526,61.941189612272204,11.759798491682716,366.14727268408996,336.1020640672121,11.649451175524604,167810600,70.9600892776617,29.18352152873113
2019-02-21 00:00:00-05:00,360.0299987792969,362.8500061035156,353.8800048828125,356.9700012207031,6227900,328.88109345038595,317.7303997082221,59.79218556011351,11.210685201247259,366.3844556543396,338.03954743810834,11.458061893037355,161582700,65.06734519788486,28.96428431863131
2019-02-22 00:00:00-05:00,360.3399963378906,366.1300048828125,360.04998779296875,363.0199890136719,7088200,330.21987366855404,318.1810423878783,62.66289860209337,11.135331248336684,367.16215302898127,340.3978485986229,11.2939148765425,168670900,72.68832948714518,29.052986193304196
2019-02-25 00:00:00-05:00,367.010009765625,371.489990234375,363.7900085449219,363.9100036621094,7569300,331.5410552369288,318.63605692792044,63.08050049627343,11.020393208771225,367.40107145412276,343.3669298479606,11.09220675826826,176240200,72.4301582947731,29.578082455969483
2019-02-26 00:00:00-05:00,362.9800109863281,365.70001220703125,359.3299865722656,364.9700012207031,4944600,332.851994295116,319.0970911994904,63.60263713949988,10.889311721378078,368.99111653086777,343.59421875559053,10.7549081065895,181184800,66.7587108624677,29.347459428685237
2019-02-27 00:00:00-05:00,363.5,368.0299987792969,359.79998779296875,362.8699951171875,5629900,334.02917079794236,319.5326424822536,61.73972058123246,10.494995975460483,369.8720602738088,343.65460802046204,10.574558312285117,175554900,72.65987565593488,29.34279538194286
2019-02-28 00:00:00-05:00,362.4700012207031,366.3900146484375,357.7099914550781,358.1000061035156,6186800,334.97312512365113,319.91639734415674,57.6119783047627,9.685946099642933,370.04596414656123,344.26870463599084,10.439234375218991,169368100,73.57227056605923,28.99640535764444
2019-03-01 00:00:00-05:00,362.260009765625,362.8699951171875,354.69000244140625,357.32000732421875,5526500,335.84947344524204,320.28857256783897,56.94157123078365,8.879471837338883,369.04248425671796,346.95351997505287,10.277859968116294,163841600,67.80405465591008,28.190122542798825
2019-03-04 00:00:00-05:00,359.7200012207031,362.25,348.0400085449219,351.0400085449219,7487000,336.445180704053,320.5945570054219,51.72291038480322,7.6454596569876685,368.5093493895259,347.94932167167207,10.558726502899281,156354600,61.46088333222515,26.479175585949466
2019-03-05 00:00:00-05:00,351.4599914550781,356.1700134277344,348.25,354.29998779296875,5937800,337.1453692173438,320.92993442619354,54.07584964603146,6.85156857642005,366.9755137454568,350.6258208899599,10.370246997530359,162292400,53.982930534270686,24.89043912601792
2019-03-06 00:00:00-05:00,353.6000061035156,359.8800048828125,351.70001220703125,359.6099853515625,6211900,338.0263345559406,321.3148105548042,57.69284251144006,6.575083135334239,366.9397447816839,350.6135877378474,10.213800260262564,168504300,62.70938104395701,23.8867876543364
2019-03-07 00:00:00-05:00,360.1600036621094,362.8599853515625,350.5,352.6000061035156,6151300,338.59785108721803,321.6261060329008,51.883308739602036,5.724333141644024,366.81358148109024,350.8504199837535,10.367099195355417,162353000,54.978533539498,23.313268064523434
2019-03-08 00:00:00-05:00,345.75,349.9200134277344,342.4700012207031,349.6000061035156,6898800,339.0293081466807,321.904453297285,49.58221417591967,4.7532403187625505,367.41066864468013,348.99066599073655,10.350163887316638,155454200,46.40766335825557,21.6772178852709
2019-03-11 00:00:00-04:00,352.0,358.9800109863281,350.0299987792969,358.8599853515625,5387300,339.80698176255845,322.2721700341435,56.06017824591548,4.676932430950217,367.52014234552877,349.14652432113786,10.280866815566343,160841500,45.151349113661816,21.144847788007162
2019-03-12 00:00:00-04:00,359.3699951171875,360.1300048828125,353.79998779296875,356.2699890136719,5164600,340.4525898900531,322.61045679015876,53.97140030702827,4.357239279003977,366.9863258665481,348.9270042115769,9.998663263729014,155676900,43.22506825339279,20.770171051782274
2019-03-13 00:00:00-04:00,355.80999755859375,362.4800109863281,352.7699890136719,361.2099914550781,6444100,341.2666056377011,322.994531761949,57.2436827725366,4.451186556662549,367.1707451503017,348.9159166335525,9.978046028652388,162121000,50.56346458865735,20.669821657889578
2019-03-14 00:00:00-04:00,360.5,363.8399963378906,358.1000061035156,358.82000732421875,5271400,341.95497433129003,323.3510041556035,55.19908702013684,4.283412196165102,367.2827217175476,349.0506075467754,9.675327757632575,156849600,49.46465207969934,20.720867495298098
2019-03-15 00:00:00-04:00,361.0199890136719,364.0,358.8900146484375,361.4599914550781,8444500,342.7198769635955,323.73019805908086,57.025026939303174,4.313748258109854,366.98848303876946,349.1368465510743,9.354232394643194,165294100,49.92490188970559,20.78602703046456
2019-03-18 00:00:00-04:00,362.4700012207031,370.9700012207031,361.8599853515625,363.44000244140625,7194700,343.5324309039018,324.1253204907458,58.39464604964509,4.446305898051605,366.8777698960055,349.18489286441115,9.365359349713325,172488800,56.961656146470524,21.56974967162289
2019-03-19 00:00:00-04:00,366.3999938964844,366.9599914550781,356.79998779296875,358.7799987792969,7541400,344.13037474215264,324.47014316028367,54.030246667776275,4.1277532623043385,365.67403930455646,349.56328979700606,9.422119657741614,164947400,49.395458595787396,21.434067680728397
2019-03-20 00:00:00-04:00,358.9100036621094,375.8999938964844,357.010009765625,375.2200012207031,10917200,345.3495757805272,324.97511687232765,64.1967974401519,5.1425882494258985,370.16543791395037,346.7185586680809,10.09839569153574,175864600,58.6586093033831,22.160823923355547
2019-03-21 00:00:00-04:00,374.0,379.0,370.6099853515625,377.8699951171875,8544000,346.62488634274916,325.5014340687939,65.52049909137534,6.090477416269948,374.96236279740776,344.5576323197797,9.976368474171581,184408600,65.73733467343979,23.092529009787533
2019-03-22 00:00:00-04:00,375.95001220703125,376.42999267578125,360.0400085449219,361.010009765625,8661300,347.1890088299208,325.85475322995643,52.27765329827112,5.418762377447479,375.1618185628776,344.8501768798307,10.537341195464013,175747300,64.77967317021792,22.394836281446835
2019-03-25 00:00:00-04:00,359.0,367.0400085449219,357.44000244140625,366.2300109863281,8473800,347.93571479683874,326.2564970882288,55.2906624773808,5.247147987116136,375.66414497103995,346.37318413052253,10.47038868889627,184221100,63.038881387522444,21.41423846699029
2019-03-26 00:00:00-04:00,367.8699951171875,368.3800048828125,358.0199890136719,359.9700012207031,7666500,348.4076475977746,326.5919548407908,51.122187653293444,4.553521711540384,375.615466802179,347.1778640897481,10.462504916056579,176554600,56.13516803495921,20.649204918583557
2019-03-27 00:00:00-04:00,361.0,362.4700012207031,350.3699951171875,353.3699951171875,7852400,348.602249461281,326.858403002745,47.09113426257554,3.4316941231417104,375.7391036742946,346.2222285197158,10.579469286589369,168702200,55.23729154359911,19.363353142427798
2019-03-28 00:00:00-04:00,354.489990234375,355.94000244140625,349.20001220703125,354.6099853515625,4361000,348.8378469471744,327.1345381504944,47.92198338802791,2.612578348954571,375.6002789636007,346.62905046348266,10.305220782859772,173063200,56.51555302217977,18.304783912812137
2019-03-29 00:00:00-04:00,357.1600036621094,358.25,353.7099914550781,356.55999755859375,4705600,349.14067638291635,327.42732879137105,49.27111034814781,2.096604532714082,374.9632525317465,348.1940757560139,9.893419908721352,177768800,56.22950358554646,17.024881452531105
2019-04-01 00:00:00-04:00,359.0,368.3299865722656,358.510009765625,366.9599914550781,7036100,349.83947305241287,327.82068861887063,55.84152646787208,2.4980877563738204,375.67344709014026,348.56388201142227,10.027460559074962,184804900,57.074367054628375,16.91020912140169
2019-04-02 00:00:00-04:00,366.25,368.4200134277344,362.2200012207031,367.7200012207031,5158700,350.54067023548305,328.21769670446105,56.28709850164334,2.844799462694141,376.3224676181452,349.4415297776882,9.754071391071841,189963600,56.583391062549104,16.812862905304655
2019-04-03 00:00:00-04:00,369.260009765625,373.4100036621094,366.19000244140625,369.75,5368900,351.29397728507195,328.6309534536704,57.52005872891594,3.2459575459067764,377.2782144885238,349.62445071329915,9.573066378902647,195332500,56.684322593491856,17.221866141921964
2019-04-04 00:00:00-04:00,370.07000732421875,372.04998779296875,362.3999938964844,367.8800048828125,4627300,351.9444097398853,329.021491278836,55.95437912739254,3.3740908206036124,377.81155975587734,350.2991051204247,9.578561201587055,190705200,50.29316905687968,17.046549027112416
2019-04-05 00:00:00-04:00,369.0,369.79998779296875,364.6600036621094,365.489990234375,3905500,352.4756089749634,329.3843619152095,53.933739439249294,3.2453725217516194,378.02428062372303,350.623717423152,9.261519982249364,186799700,44.42953949505826,16.883754563360693
2019-04-08 00:00:00-04:00,365.1099853515625,365.94000244140625,359.92999267578125,361.4100036621094,4653800,352.82597739406714,329.7030250171688,50.576035244357705,2.782071535156888,377.9611177671579,350.41621377581083,9.029269252490481,182145900,45.800296759356996,16.04334827122733
2019-04-09 00:00:00-04:00,360.5400085449219,366.739990234375,359.0,364.7099914550781,5439200,353.29201716116563,330.0513530414266,53.118315315920576,2.650628802248036,378.0497617052944,351.11823552777855,8.937177894053661,187585100,42.26122167298712,15.131639855302842
2019-04-10 00:00:00-04:00,365.7900085449219,368.8500061035156,362.25,363.9200134277344,4545600,353.708801328482,330.3883546373102,52.42313705969691,2.4544218178475603,376.0375394069613,351.6237927870492,8.770237051872373,183039500,39.26716944543456,14.568209025596854
2019-04-11 00:00:00-04:00,365.0,370.1199951171875,360.80999755859375,367.6499938964844,6526900,354.25551476252133,330.7591172170035,55.39168415603946,2.5702760775155298,373.07304653269813,353.22561883188524,8.808791373781043,189566400,48.515436915031394,13.82102181105125
2019-04-12 00:00:00-04:00,360.69000244140625,361.75,349.3599853515625,351.1400146484375,15646200,354.13333828745925,330.96191221632125,42.69365927849263,1.3147188072970835,374.06662768472466,350.91603833090034,9.486021171719674,173920200,44.74074961456787,14.029562569311123
2019-04-15 00:00:00-04:00,350.7099914550781,352.2099914550781,342.2699890136719,348.8699951171875,8842300,353.9269326729388,331.14010209593187,41.2920536384307,0.13495336167238747,374.5392977066255,348.1286995264474,9.518448405268714,165077900,44.32150682116179,14.923821941741236
2019-04-16 00:00:00-04:00,355.0,364.4800109863281,352.7200012207031,359.4599914550781,18740200,354.14391537027757,331.421892039804,49.604109933564565,0.053883807448642074,374.52178592831274,348.0782100026769,9.95356036697385,183818100,58.22035460572559,14.126840295088988
2019-04-17 00:00:00-04:00,365.04998779296875,368.760009765625,350.6000061035156,354.739990234375,18054100,354.16729085514413,331.65391291736194,46.447608918296396,-0.38677059944876646,374.4101114485529,348.3725504980616,10.53973488805496,165764000,51.18879563634143,13.318283245898172
2019-04-18 00:00:00-04:00,355.0,360.4100036621094,351.6400146484375,360.3500061035156,8353200,354.4097502766489,331.9394461828958,50.480969654124266,-0.28008238054013646,374.30112804253224,349.2468700043428,10.41332446845617,174117200,45.611736000355975,12.56748027164956
2019-04-22 00:00:00-04:00,359.70001220703125,377.69000244140625,359.0,377.3399963378906,11980500,355.30897561238385,332.39119295060715,60.24616532173019,1.1620239336608051,377.53348355062616,348.7851810001551,11.004515752238317,186097700,47.94211852137154,13.458425131106043
2019-04-23 00:00:00-04:00,375.45001220703125,384.79998779296875,374.7099914550781,381.8900146484375,10089800,356.35136930007224,332.88371853964026,62.385453757091845,2.6416012936776383,381.2531577116059,347.0561765982899,10.939192936927768,196187500,50.1534362828854,14.778510226136007
2019-04-24 00:00:00-04:00,381.07000732421875,381.8999938964844,373.2699890136719,374.2300109863281,6541900,357.05249250345486,333.2951244346322,56.83990909789537,3.1596561833952137,382.3449400895442,346.832395522435,10.774250933062392,189645600,45.35721838057771,15.818843810730282
2019-04-25 00:00:00-04:00,374.489990234375,374.760009765625,365.70001220703125,368.3299865722656,6255500,357.49474717282,333.64373002804155,52.93665454237561,3.0588749479108515,382.15407353325963,346.83392695502164,10.651804263457489,183390100,44.7668378385429,15.858762927872167
2019-04-26 00:00:00-04:00,368.3500061035156,375.1400146484375,366.239990234375,374.8500061035156,5621900,358.175345562259,334.05374272531,56.492307169663356,3.4651718348771396,383.304139162429,346.61319482194597,10.526677131357847,189012000,48.53617174607504,15.928024380400542
2019-04-29 00:00:00-04:00,373.67999267578125,374.5799865722656,369.1199951171875,371.8299865722656,3821700,358.71082168029847,334.4296257486628,54.440647367887244,3.5030932300373365,384.04566184532905,346.717004984098,10.184058120998582,185190300,48.808168168999984,15.992338586319748
2019-04-30 00:00:00-04:00,369.55999755859375,374.5,368.3500061035156,370.5400085449219,3870100,359.17471136126414,334.7889330401679,53.54610448813222,3.3899782043486653,384.6920335983769,347.2879672154252,9.895910676390425,181320200,45.151683268605794,15.947684077669791
2019-05-01 00:00:00-04:00,374.0,385.989990234375,373.1700134277344,378.80999755859375,9257300,359.94472258468886,335.2269535826398,58.27912702656531,3.922437314038234,386.66884619161516,347.19115543598906,10.292630034466331,190577500,47.23769661567705,16.91794563949342
2019-05-02 00:00:00-04:00,378.0,383.5,374.510009765625,379.05999755859375,5398200,360.6943412111165,335.6631032739428,58.41705470937468,4.314849011783224,388.4909142807003,347.3877518976851,10.199584334459809,195975700,42.6314600135232,17.818902804043933
2019-05-03 00:00:00-04:00,381.5299987792969,385.0299987792969,378.2699890136719,385.0299987792969,5130300,361.64868072359417,336.1543161645434,61.67538391149785,5.049361419225988,391.3435844168384,346.8524157459221,9.953900436685895,201106000,50.42086053493717,18.782323295322662
2019-05-06 00:00:00-04:00,377.69000244140625,381.3500061035156,376.0,378.6700134277344,5793100,362.31618396689385,336.57735792835626,56.588258745900156,5.059942264029701,391.42303845959646,350.4436282070702,9.887907461158107,195312900,51.43325912911439,19.313977619305355
2019-05-07 00:00:00-04:00,377.0,379.9100036621094,365.80999755859375,370.4599914550781,6974900,362.63554896643046,336.91449856046296,50.76702349737528,4.355638412264852,389.15927238302163,355.58606046203045,10.18877164989793,188338000,39.864382446256506,18.386758255783388
2019-05-08 00:00:00-04:00,367.9200134277344,369.0,361.3599853515625,364.3699951171875,6572000,362.7035664625386,337.1876875809279,46.91197429114674,3.2683848215373814,388.636636097711,356.763363902289,10.111002682299196,181766000,44.40367685074417,17.145155437150784
2019-05-09 00:00:00-04:00,360.8999938964844,364.20001220703125,352.75,362.75,5882600,362.70538738557633,337.4420389482819,45.913200472976854,2.2500710323138264,387.1343563942564,359.3336449078269,10.21878785621979,175883400,45.511111196326674,16.88110564503558
2019-05-10 00:00:00-04:00,361.6199951171875,365.260009765625,353.05999755859375,361.0400085449219,5657100,362.640078411433,337.67684461591017,44.82827383412781,1.2901954285875945,387.0130652881625,359.54693633944163,10.36030388127775,170226300,35.17772393683656,16.50307683239607
2019-05-13 00:00:00-04:00,352.2900085449219,354.260009765625,343.1000061035156,345.260009765625,8026700,361.9585070919896,337.7522989955093,36.30308437801674,-0.7353502653137411,390.51325244813006,351.7694176365054,10.901710921286929,162199600,24.11857546226507,17.050557656645015
2019-05-14 00:00:00-04:00,348.7099914550781,349.95001220703125,342.5,345.6099853515625,5353000,361.317388592365,337.8304849294004,36.59110109924622,-2.2860179244458436,390.96876435924105,346.4765684858111,10.65516101312581,167552600,24.597251557530953,17.608473006646584
2019-05-15 00:00:00-04:00,343.3399963378906,356.5,341.3900146484375,354.989990234375,6340100,361.0692553234242,338.0012262757186,43.91132668897304,-2.7266144995022046,390.47278813846043,344.40720860633127,10.973362751585572,173892700,31.920332434011144,17.260673114452693
2019-05-16 00:00:00-04:00,356.3699951171875,364.0,353.94000244140625,359.30999755859375,6441500,361.00026482284267,338.2132538506726,46.948952794579526,-2.696122747548827,390.21552662325666,343.4618049197121,10.908122380657586,180334200,32.407841581820264,16.076733927566806
2019-05-17 00:00:00-04:00,356.3900146484375,359.6199951171875,353.7900085449219,354.45001220703125,4725400,360.74339217124225,338.37481363531293,44.058136877768554,-3.029199291897555,389.20400715739027,341.7533251993806,10.545398394343875,175608800,32.13643550620267,14.993659646851869
2019-05-20 00:00:00-04:00,351.2300109863281,352.4200134277344,345.3999938964844,348.1099853515625,4621500,360.24796445282345,338.4716810155742,40.55037411444501,-3.7613930368588626,388.8488422144909,338.9458233128529,10.43858553121552,170987300,31.957010690621473,14.848370124429348
2019-05-21 00:00:00-04:00,350.95001220703125,356.42999267578125,349.92999267578125,354.2699890136719,4026400,360.01353404344496,338.62887811008267,45.12206057798682,-3.800787923405494,387.928820958571,337.69650863127276,10.287258516430034,175013700,27.09912448454358,14.238313252598598
2019-05-22 00:00:00-04:00,358.010009765625,370.4599914550781,357.29998779296875,359.7300109863281,6229400,360.0024154921855,338.8388396312394,48.874896810409716,-3.352781732158519,385.1762222366869,337.90510914352143,10.708883082499764,181243100,34.569594004089325,14.14966201466601
2019-05-23 00:00:00-04:00,355.5,357.4200134277344,347.70001220703125,352.2099914550781,5630400,359.6968302358284,338.9718859180438,44.37399434222457,-3.563458989575736,381.82309889294345,337.67823167346285,10.803248489413843,175612700,27.883789278517213,13.163168500613777
2019-05-24 00:00:00-04:00,355.4100036621094,359.44000244140625,353.7900085449219,354.3900146484375,3831000,359.4887198206366,339.1253001342667,45.92855806475328,-3.5140053155511737,375.2509059471718,340.16509340178646,10.548017239193433,179443700,33.450869799581355,12.385425841996533
2019-05-28 00:00:00-04:00,354.3900146484375,361.20001220703125,353.6499938964844,355.05999755859375,4717100,359.3150444378114,339.28385433749384,46.42410792541092,-3.3817679847724094,369.64468136765163,342.6233158654213,10.33387445857582,184160800,40.617197137556204,11.829769312811775
2019-05-29 00:00:00-04:00,353.6000061035156,353.8500061035156,345.8999938964844,349.19000244140625,5658900,358.9179839673642,339.38242297534373,42.72920589733958,-3.70788629069267,366.23229203636197,343.1997066615547,10.250026544542504,178501900,41.24107441696344,11.415177190971312
2019-05-30 00:00:00-04:00,350.54998779296875,354.2099914550781,348.29998779296875,351.8500061035156,4008000,358.64080836486033,339.50647852885794,44.87048230082843,-3.708942947177718,364.23389206006493,343.52877476936214,9.940024910082995,182509900,47.63334788853337,10.991890451703526
2019-05-31 00:00:00-04:00,347.2200012207031,349.3399963378906,342.9200134277344,343.2799987792969,5023400,358.03842367523043,339.5440259940364,39.71806268450071,-4.351150963766884,363.04432118060106,342.12234548606557,9.867879750490014,177486500,48.17905069403746,11.10706037378429
2019-06-03 00:00:00-04:00,343.55999755859375,347.6600036621094,332.6499938964844,336.6300048828125,7849600,357.19887784023365,339.5150307590989,36.24054063638134,-5.335203470343856,363.10662239787894,338.80537711383977,10.235174751571083,169636900,48.415997733789226,12.050653724216856
2019-06-04 00:00:00-04:00,345.0,353.6099853515625,343.25,353.3999938964844,7891600,357.0499019993023,339.65318959628684,48.488921742891776,-4.707607837991873,363.30547278691427,339.69185794225245,10.716946588512434,177528500,56.98777256054419,12.241616044547103
2019-06-05 00:00:00-04:00,354.3800048828125,357.8800048828125,348.7099914550781,355.7300109863281,5020100,356.99814156742093,339.81315796832706,49.92817911204099,-3.9763835964979535,363.7105512311593,340.6361162493095,10.606451362742572,182548600,56.26531113213832,11.957725624944684
2019-06-06 00:00:00-04:00,354.8399963378906,358.2099914550781,352.0899963378906,357.1300048828125,3710000,357.00331267782843,339.98546490279955,50.81738263995262,-3.246491773425646,364.04041951585367,340.59158325107336,10.285990202345781,186258600,54.57205810775683,11.658058163051823
2019-06-07 00:00:00-04:00,357.3900146484375,365.1499938964844,355.69000244140625,360.8699951171875,4777300,357.15494728329355,340.1932711735895,53.20799131057272,-2.339295348921098,364.41527822284985,340.4247242185564,10.226990291826663,191035900,61.19161813640915,11.006052666432657
2019-06-10 00:00:00-04:00,363.6499938964844,367.1000061035156,349.2900085449219,352.010009765625,7810300,356.9531850276987,340.3108506620675,47.33780135096206,-2.308649741255408,364.2041638704983,340.31050491205383,10.76863366802431,183225600,58.525411809083955,10.673675261619154
2019-06-11 00:00:00-04:00,355.0,357.5799865722656,348.5,351.2699890136719,5396700,356.73031459577606,340.4198968148198,46.87265414626031,-2.3173632454764856,364.2248023794612,340.71120022470546,10.648016018327263,177828900,52.2935762473025,10.441199158647484
2019-06-12 00:00:00-04:00,351.82000732421875,353.6099853515625,343.2300109863281,345.55999755859375,4584700,356.29226294725913,340.4710420958524,43.334382380573786,-2.75327926092109,364.0829590394766,339.6917113706796,10.628870185963487,173244200,45.13120037674654,10.725330871677047
2019-06-13 00:00:00-04:00,347.2300109863281,348.5,339.25,343.42999267578125,6209300,355.78786019151494,340.5004843901801,42.05894300889158,-3.2333474202440016,362.91188553828925,338.68944909712746,10.530379458394666,167034900,44.878963885978564,11.343302430021012
2019-06-14 00:00:00-04:00,341.6300048828125,343.3999938964844,336.1600036621094,339.7300109863281,5019000,355.15814061484093,340.4928179881517,39.86405512162196,-3.867777167929262,363.23763929107656,336.6996979485068,10.297494426628754,162015900,39.295003935156146,12.183185445452688
2019-06-17 00:00:00-04:00,342.69000244140625,351.7699890136719,342.05999755859375,350.6199951171875,5358200,354.9801741247369,340.59358591978395,48.39940035002357,-3.4520435960706664,362.7830583454617,336.65160962328827,10.42195754096554,167374100,39.701601975386595,11.918798307803772
2019-06-18 00:00:00-04:00,355.57000732421875,361.5,353.75,357.1199951171875,5428500,355.06408867346045,340.75802780234517,52.71354317801837,-2.5684683634627277,363.18280036590164,336.52653394399414,10.454675208240323,172802600,46.86274516781728,11.464573340984833
2019-06-19 00:00:00-04:00,361.7200012207031,364.739990234375,356.1199951171875,363.5199890136719,5667200,355.3956926083707,340.9845149785773,56.56422986319235,-1.3363974474439715,365.76554346725095,335.85445571894695,10.32362663030798,178469800,48.079251673246226,11.342015540505551
2019-06-20 00:00:00-04:00,365.9100036621094,370.1199951171875,361.2200012207031,365.2099914550781,5899500,355.7805670729475,341.22556449575643,57.54733247473764,-0.22105511110692078,368.2989380339384,335.1023925324679,10.221938577892008,184369300,54.96409719286695,11.701976743872722
2019-06-21 00:00:00-04:00,365.0,371.45001220703125,365.0,369.2099914550781,7448400,356.30721116636437,341.50401650530193,59.862885918753825,0.9743960653522095,371.49572417242376,335.36293875075336,9.952515265687667,191817700,64.44856828934164,12.15084532460952
2019-06-24 00:00:00-04:00,370.2699890136719,375.0,370.20001220703125,371.0400085449219,4830200,356.8849679263078,341.7979069733579,60.913295601796,2.045883153045793,373.40919470768085,338.03746870377745,9.655193357061538,196647900,63.19988477464846,12.873902038259647
2019-06-25 00:00:00-04:00,370.75,371.0,358.2900085449219,360.29998779296875,5750400,357.01889027402,341.98200728002075,52.267944191627116,2.005298638655063,373.96223603408106,338.4044265635752,9.876250974414287,190897500,56.09882468264162,12.157746399350554
2019-06-26 00:00:00-04:00,361.6000061035156,366.7900085449219,361.6000061035156,362.20001220703125,3669700,357.222071526295,342.18318145839896,53.524645337045044,2.102218147434769,374.64086544521876,338.5884639818646,9.63437738709563,194567200,56.120907510932156,11.492744734649252
2019-06-27 00:00:00-04:00,363.20001220703125,370.8500061035156,363.20001220703125,370.0199890136719,4138600,357.72395064344704,342.460164618153,58.38134130885643,2.778011147180166,376.70522186085253,338.24277211701207,9.564064280623398,198705800,55.803989653792726,11.28535383940083
2019-06-28 00:00:00-04:00,370.260009765625,371.5400085449219,364.8699951171875,367.32000732421875,4592700,358.1002665917126,342.7075262371188,56.1977218650492,3.0604371957174408,377.6998737605613,338.10812184490743,9.357346362559896,194113100,58.10112481617256,11.162645246785383
2019-07-01 00:00:00-04:00,373.5,376.6600036621094,372.0,374.6000061035156,4992600,358.7473152000186,343.0248643452422,60.48890563745334,3.8275750315726214,380.5730768099359,338.24691830725163,9.35610707508352,199105700,65.22955602510044,11.5575400034509
2019-07-02 00:00:00-04:00,374.8900146484375,376.0,370.30999755859375,375.42999267578125,3625000,359.4015378461269,343.34730343310827,60.958509059405955,4.45119961492685,383.1174304392557,338.92389849954634,9.094242458392285,202730700,65.81990008968751,11.697188362153668
2019-07-03 00:00:00-04:00,376.69000244140625,381.989990234375,375.8399963378906,381.7200012207031,3799000,360.27677170395344,343.72912132154204,64.41071220345636,5.390835515840081,386.1367615384675,340.7259012219492,8.913224965549533,206529700,73.24523568634399,12.408672864016893
2019-07-05 00:00:00-04:00,378.2900085449219,381.3999938964844,375.55999755859375,380.54998779296875,3732200,361.0717997858756,344.0954981023523,63.28965703440054,5.97224906202581,387.41194939325106,344.4000460494572,8.716566301018094,202797500,74.08614315350685,13.028332656276756
2019-07-08 00:00:00-04:00,378.19000244140625,378.25,375.3599853515625,376.1600036621094,3113400,361.6634940555318,344.41454790891703,59.131109233410115,6.009514512991302,385.1939513905574,351.4753764089218,8.46466888247439,199684100,68.58516917308633,13.572449530673412
2019-07-09 00:00:00-04:00,379.05999755859375,384.760009765625,377.5,379.92999267578125,6932800,362.37982733475735,344.7679354190351,61.47233584976057,6.270966459847045,385.15925067009573,355.4180768038626,8.474335826834478,206616900,69.45397344930355,14.715438762412674
2019-07-10 00:00:00-04:00,382.7699890136719,384.3399963378906,362.67999267578125,381.0,5878800,363.1100301843747,345.1284534745671,62.135339648798826,6.489700433135056,385.85736610346714,357.90396202153283,9.416169243639828,212495700,60.959382032374876,13.775780338819237
2019-07-11 00:00:00-04:00,381.1000061035156,384.5400085449219,378.79998779296875,379.5,4336300,363.75277409871296,345.47045891263116,60.561963802711176,6.467458384478846,386.64451476390025,359.2474814926102,9.153587208519351,208159400,60.169542572919944,12.925266102254165
2019-07-12 00:00:00-04:00,378.67999267578125,379.739990234375,372.7900085449219,373.25,6636900,364.125214330136,345.7468722567841,54.38281149847237,5.877753549953468,386.542088144209,360.4219092516243,8.996186814300335,201522500,49.667479935163406,12.538246407196533
2019-07-15 00:00:00-04:00,372.94000244140625,373.67999267578125,362.29998779296875,366.6000061035156,7944700,364.22226498791554,345.95436612590584,48.690377486751096,4.8182673026718135,386.6574556192334,359.9585437297249,9.166459533479777,193577800,40.541376490358466,13.153251270738407
2019-07-16 00:00:00-04:00,370.0899963378906,371.3399963378906,364.9200134277344,365.989990234375,5863200,364.2915875466002,346.1537255697712,48.19204832306806,3.8846142213354256,386.7794376382334,359.16322593598534,8.970282631813811,187714600,40.43839450535087,13.724327215455862
2019-07-17 00:00:00-04:00,366.25,366.5,361.75,362.44000244140625,13639500,364.21897636600437,346.31577807595664,45.287227768545776,2.8256606245947182,386.43095434060615,359.7970445200709,8.668833872398539,174075100,30.945338154432676,14.531431836699145
2019-07-18 00:00:00-04:00,323.760009765625,329.8500061035156,320.29998779296875,325.2099914550781,31287100,362.6892122518504,346.10577024888323,26.944471861683553,-1.0061205412720824,397.7256210392649,343.57037505448505,11.059632499258466,142788000,19.935202416736075,17.471341919173387
2019-07-19 00:00:00-04:00,323.3999938964844,325.8500061035156,314.2300109863281,315.1000061035156,16302500,360.82296887348434,345.7972551827602,24.090928746523517,-4.803257089112606,405.7460809258944,328.2272507798348,11.099658400539111,126485500,18.259279636945735,20.393041757308655
2019-07-22 00:00:00-04:00,312.0,314.5400085449219,305.80999755859375,310.6199951171875,17718000,358.85422480460994,345.44723269454556,22.931966476634415,-8.080863442152122,411.08529026024814,315.32803981787686,10.970397696566451,108767500,12.666577931786293,23.352845822964127
2019-07-23 00:00:00-04:00,311.44000244140625,313.5,306.0,307.29998779296875,9171100,356.83249001983967,345.0676581184105,22.08407623236222,-10.821542924760081,413.5899180753462,303.85007622803926,10.722512146811706,99596400,12.266175067117828,26.10123531250135
2019-07-24 00:00:00-04:00,310.510009765625,319.989990234375,307.25,317.94000244140625,11961800,355.30729442852856,344.7977311962513,30.901736118939084,-11.996700405848117,412.5151020328057,297.2595602393297,10.866617724494798,111558200,16.423748428160664,27.854835570271863
2019-07-25 00:00:00-04:00,318.8599853515625,327.69000244140625,316.29998779296875,326.4599914550781,10798500,354.176027645256,344.61526612419976,37.0455112662991,-12.101036056255566,408.5633478373951,293.84331313265693,10.904003219062133,122356700,22.585248632374203,28.61045797343146
2019-07-26 00:00:00-04:00,328.7900085449219,336.0,327.5,335.7799987792969,10847500,353.4546147485517,344.5273530162903,43.01442141578308,-11.301400599158455,403.7912546041755,292.64607449738696,10.806575028052114,133204200,28.298462866454344,28.460348335157242
2019-07-29 00:00:00-04:00,335.9800109863281,336.3999938964844,328.7699890136719,332.70001220703125,5782800,352.6407087665313,344.4096680331136,41.6103569935643,-10.791811627435038,399.27282840333567,291.3698351708831,10.579677160534999,127421400,23.68998883469392,28.280791094256642
2019-07-30 00:00:00-04:00,329.20001220703125,329.6499938964844,323.2300109863281,325.92999267578125,6029300,351.593229704149,344.22579066637394,38.62582333618973,-10.809635938379017,393.1002628146903,290.3424007595284,10.50041459340415,121392100,23.799487375673564,28.4429723022436
2019-07-31 00:00:00-04:00,325.1600036621094,331.7699890136719,318.5299987792969,322.989990234375,6259500,350.47153403866764,344.01448916953814,37.37220254619707,-10.934944229306211,385.4157047341157,290.2922908713531,10.69609856775921,115132600,20.513449069280355,28.86024119665374
2019-08-01 00:00:00-04:00,324.25,328.5799865722656,318.739990234375,319.5,6563200,349.25696407636696,343.7705639041696,35.8833798441908,-11.18690927104484,376.57921162214205,291.12878398332674,10.634948408482883,108569400,20.65975048966675,29.247705170034582
2019-08-02 00:00:00-04:00,317.489990234375,319.4100036621094,311.79998779296875,318.8299865722656,6280300,348.06374927228455,343.5223989555934,35.59024379545252,-11.310279998596116,367.8970456552665,292.5549481598377,10.425310108379195,102289100,21.031747342585362,30.003190611708867
2019-08-05 00:00:00-04:00,310.9599914550781,313.4200134277344,304.67999267578125,307.6300048828125,8692500,346.4781122374033,343.16526070611303,31.027361897172227,-12.171491729043112,360.0677662064948,292.52156077918227,10.691358950386709,93596600,20.819132109093744,31.070936327773392
2019-08-06 00:00:00-04:00,310.5799865722656,311.8800048828125,305.29998779296875,310.1000061035156,6179100,345.051519839996,342.83625319762945,33.065450900858636,-12.510486671427941,349.67652905292124,295.46080004864126,10.39769167463364,99775700,25.992606702197875,32.06241449269045
2019-08-07 00:00:00-04:00,302.55999755859375,305.0,296.80999755859375,304.2900085449219,9322400,343.4530292009735,342.4527084747169,30.762762830597822,-13.096986939549652,337.1281493922044,300.25584718982685,10.604285736797085,90453300,30.5637069081516,33.39754227541125
2019-08-08 00:00:00-04:00,311.0299987792969,316.3599853515625,306.6300048828125,315.8999938964844,5905900,342.3725180125622,342.18850235951066,39.78665362260529,-12.481089606591013,336.2124556248672,299.9302079493516,10.708977956071623,96359200,38.020143543638554,33.21739156487294
2019-08-09 00:00:00-04:00,313.739990234375,316.6400146484375,305.67999267578125,308.92999267578125,5349100,341.06104643072763,341.8575719148965,36.69463212243165,-12.412325815108716,336.3242147996521,298.99578031753543,10.726909671541952,91010100,42.23123135326449,33.108056096507944
2019-08-12 00:00:00-04:00,305.4599914550781,312.8900146484375,303.239990234375,310.8299865722656,6531700,339.87551467157226,341.5488397224325,38.106691074875464,-12.065433578585555,336.317374690897,299.0306192869676,10.649989296007705,97541800,43.24852712702107,33.15994890865206
2019-08-13 00:00:00-04:00,309.7699890136719,316.42999267578125,308.1600036621094,312.2799987792969,5289400,338.7933375777576,341.2576074742421,39.22091022755198,-11.540483603784764,336.0668580043759,299.94513743833244,10.479989275840861,102831200,39.460997091991786,32.76051552461972
2019-08-14 00:00:00-04:00,308.010009765625,308.4100036621094,298.010009765625,299.1099853515625,7355800,337.2371276865343,340.8382281496383,33.34866005424996,-12.048281890084468,337.1248101781728,296.37651631922296,10.75070354282879,95475400,29.63739742678132,33.04315645597048
2019-08-15 00:00:00-04:00,299.5,300.6300048828125,288.0,295.760009765625,9629200,335.61057404257707,340.38968866323023,32.03480030027116,-12.57606171224495,336.8559029087733,292.5520926966954,10.884939352827626,85846200,18.23348454092779,33.840303366310444
2019-08-16 00:00:00-04:00,298.8599853515625,303.54998779296875,296.2699890136719,302.79998779296875,6905800,334.3238843857297,340.01566178889925,37.59869189487267,-12.284653790534207,332.2716076557227,292.73905315156895,10.663870686721635,92752000,25.105622180298326,34.21146427946705
2019-08-19 00:00:00-04:00,306.25,311.75,304.75,309.3800048828125,4942200,333.34569303267415,339.7108293818735,42.34917714626178,-11.391445037975188,327.5304426887546,294.3708838086413,10.541452223886608,97694200,30.67416624889981,33.58521213497465
2019-08-20 00:00:00-04:00,304.57000732421875,305.0,297.67999267578125,298.989990234375,7349900,331.99841056999577,339.3056469027939,37.49523909576236,-11.390653650654997,324.65629494544964,293.65303122642536,10.62420650839694,90344300,30.489165428227096,33.44687643473057
2019-08-21 00:00:00-04:00,301.6099853515625,302.8800048828125,296.20001220703125,297.80999755859375,5685400,330.65768849111726,338.8927548695183,36.97688396859518,-11.354356068906327,322.0466850194255,292.90530879567865,10.34247694892439,84658900,30.92372224986508,33.40832974653443
2019-08-22 00:00:00-04:00,298.6499938964844,300.3299865722656,293.1499938964844,296.92999267578125,4974200,329.335033753261,338.4752149471925,36.57083667400467,-11.266723241163447,319.9123940484866,292.03026545672174,10.11658521512845,79684700,31.47719188679659,33.560710597677655
2019-08-23 00:00:00-04:00,295.0,299.010009765625,290.32000732421875,291.44000244140625,6324900,327.84895409397257,338.00720288245833,34.05814891413911,-11.50761727526185,318.0461711933501,290.2444904277436,10.014686445576865,73359800,32.4114563049786,33.876033636689556
2019-08-26 00:00:00-04:00,295.239990234375,296.95001220703125,292.5,294.9800109863281,4695700,326.55997593288845,337.5790716198103,37.061046805998615,-11.282817135712548,317.777882108335,288.8261136598942,9.692923825580305,78055500,31.109428131424124,34.16883360148632
2019-08-27 00:00:00-04:00,294.5400085449219,296.7699890136719,287.20001220703125,291.0299987792969,6309400,325.1666434954927,337.1158967656758,35.13822910395962,-11.293213246476057,317.22681964002913,286.8345084849709,9.684141895656042,71746100,32.26290912475453,34.776483083877224
2019-08-28 00:00:00-04:00,289.4700012207031,292.82000732421875,287.75,291.7699890136719,3955700,323.8569707707154,336.6646937034668,35.810120721094634,-11.113630200639989,317.1600268876591,285.2319652998409,9.354560854839093,75701800,25.924980542039066,35.34072903181164
2019-08-29 00:00:00-04:00,295.0,299.92999267578125,294.989990234375,296.7799987792969,4388500,322.79512873183626,336.26783106740544,40.3177952074077,-10.446621278004727,313.9176189145021,285.9250405907062,9.269235341072685,80090300,31.455778100374943,34.78975499579304
2019-08-30 00:00:00-04:00,298.7799987792969,298.94000244140625,290.8500061035156,293.75,4446400,321.6561040756858,335.8447680717099,38.55440448456813,-10.046695428955104,312.3374358080819,285.4812246736889,9.185003983702538,75643900,32.364008120524474,34.59883729987999
2019-09-03 00:00:00-04:00,290.82000732421875,293.8999938964844,288.05999755859375,289.2900085449219,3682800,320.38684542742055,335.38153663363244,36.054693268947304,-9.974653749575452,310.0767756513513,284.869887760107,8.946074866144544,71961100,26.25703264771674,34.63046275194342
2019-09-04 00:00:00-04:00,291.25,292.3800048828125,286.510009765625,291.5199890136719,4652500,319.2548118425677,334.9451033239811,38.21180703151725,-9.62664939073585,306.1973942346705,285.98126787470443,8.726354884076184,76613600,27.246776810547715,34.776424171766216
2019-09-05 00:00:00-04:00,285.32000732421875,293.9700012207031,282.7900085449219,293.25,8966800,318.2350152997219,334.5302266739912,39.90548824749647,-9.106284422470765,305.7624179175164,285.6349128116503,8.901614726340831,85580400,27.530829653815488,35.18782541114134
2019-09-06 00:00:00-04:00,293.3500061035156,293.3500061035156,287.0299987792969,290.1700134277344,5166600,317.13442699101654,334.08883151731203,37.912986031841044,-8.8405126847519,305.76024650274076,284.89175138137387,8.717214197617825,80413800,25.648730396930205,35.56984084770396
2019-09-09 00:00:00-04:00,294.80999755859375,301.54998779296875,290.6000061035156,294.3399963378906,8232700,316.2405277497175,333.69332071950686,42.12624343649942,-8.198892171657633,304.40379698621,285.12020203722744,8.907411352447578,88646500,28.559071432753598,34.57057538414795
2019-09-10 00:00:00-04:00,291.1600036621094,297.1700134277344,282.6600036621094,287.989990234375,12320200,315.13266353342954,333.2385612121921,37.90764160893133,-8.10931656228695,299.66661864943455,287.00537842087795,9.307596953388822,76326300,26.982173906611635,34.3333932907865
2019-09-11 00:00:00-04:00,285.70001220703125,292.6499938964844,284.6099853515625,288.2699890136719,7405900,314.07922531696846,332.79111273260486,38.20151503096227,-7.924386292639099,298.650669358084,286.5919942161348,9.21705492421261,83732200,26.510096588257326,34.1131527755223
2019-09-12 00:00:00-04:00,288.1000061035156,292.7300109863281,286.6000061035156,288.8599853515625,5010900,313.09023551440356,332.35398708702235,38.858171816412224,-7.6421262733096,297.63913873331467,286.41018987996654,8.996551349826888,88743100,32.350553193858715,33.89515181991853
2019-09-13 00:00:00-04:00,290.6099853515625,296.6199951171875,290.0400085449219,294.1499938964844,6583100,312.34748094115184,331.9738478512956,44.54764843565806,-6.911897641780683,296.9552738435607,286.72338826581426,8.908226950955324,95326200,39.97627644080824,33.03680372399815
2019-09-16 00:00:00-04:00,294.2300109863281,297.42999267578125,289.7799987792969,294.2900085449219,5307400,311.6393447687507,331.5988842761078,44.69434004051853,-6.249843868578807,297.2817117301717,286.77695119300535,8.818353161350256,100633600,40.393481574746005,32.10510192151686
2019-09-17 00:00:00-04:00,294.5,299.1499938964844,291.7900085449219,298.6000061035156,4777100,311.12799815442776,331.2705372296144,49.15332572016804,-5.316100008905153,298.31597671618545,286.2253522226166,8.714184032079702,105410700,46.801625264776085,30.947121011363766
2019-09-18 00:00:00-04:00,294.989990234375,296.04998779296875,287.45001220703125,291.55999755859375,7811100,310.36062558204213,330.875407481644,43.04810484201696,-5.0855480938394635,298.3280421167915,286.28395332591685,8.88817045096575,97599600,44.76332069632499,30.38221442136382
2019-09-19 00:00:00-04:00,291.55999755859375,293.80999755859375,283.3999938964844,286.6000061035156,8461300,309.42883658288423,330.43485622415017,39.34059882285182,-5.242630121542504,298.6243233191106,285.29834106891025,8.996872823190296,89138300,38.06440307780179,30.290066800152708
2019-09-20 00:00:00-04:00,280.260009765625,282.5,266.0,270.75,23832800,307.9120194619868,329.84097705774076,30.346308762469505,-6.570342964934525,302.31470754255287,278.1372903415617,9.825668057499248,65305500,31.925307264933053,31.5559431093601
2019-09-23 00:00:00-04:00,268.3500061035156,273.3900146484375,261.8900146484375,265.9200134277344,13478600,306.26527412731025,329.20494756888496,28.228372275933282,-7.9209961959787165,305.29986617098336,271.44146683682914,9.945263196249302,51826900,29.601803548389285,32.967425223626286
2019-09-24 00:00:00-04:00,262.5,265.0,252.27999877929688,254.58999633789062,16338200,304.2387926453722,328.46251024320344,23.997396721574006,-9.792751558568057,309.9166842287243,262.1979804848173,10.209174014262745,35488700,27.356155114501945,34.757854473844475
2019-09-25 00:00:00-04:00,255.7100067138672,266.6000061035156,253.6999969482422,264.75,11643800,302.6902125416321,327.8285549174004,33.60737686743083,-10.337143626769546,310.1500378811021,258.39529496394994,10.401376524334937,47132500,35.03992906359984,36.147894352934834
2019-09-26 00:00:00-04:00,266.4200134277344,268.04998779296875,260.20001220703125,263.30999755859375,7684000,301.1458903854345,327.18657922228795,32.971049156555196,-10.760731411976678,309.6517135060483,254.901619013483,10.21913360016369,39448500,35.92897765687677,37.18509278841788
2019-09-27 00:00:00-04:00,266.17999267578125,267.44000244140625,260.3900146484375,263.0799865722656,7328300,299.6531098437416,326.5487026785067,32.864011441736295,-10.988321220812168,309.07139867218757,251.86993026661446,9.99276604250691,32120200,30.014851176308127,38.148205621366436
2019-09-30 00:00:00-04:00,264.0,268.8800048828125,262.7799987792969,267.6199951171875,6727200,298.39690926622967,325.9623473793891,37.19783709704077,-10.67924336693386,306.9391291369165,250.4395329724585,9.714711761150388,38847400,36.413532247572256,38.76457790516971
2019-10-01 00:00:00-04:00,267.3500061035156,272.20001220703125,264.0299987792969,269.5799865722656,8650300,297.26683386646636,325.40132886389534,39.02775016916602,-10.15903497939405,305.58825696968523,249.3357379847418,9.604376165906388,47497700,42.59162258398516,38.70514373172356
2019-10-02 00:00:00-04:00,263.6099853515625,269.3500061035156,262.19000244140625,268.0299987792969,7659100,296.12029131402835,324.83046985807846,38.082726522311724,-9.759337576864425,303.97620710126336,248.24912248858044,9.446205306260172,39838600,38.004041356120936,38.80387225630683
2019-10-03 00:00:00-04:00,267.7799987792969,268.8399963378906,257.010009765625,268.1499938964844,8951000,295.02341690549724,324.2664850226397,38.207472083667135,-9.325394558960284,301.97769597464435,247.48630142118893,9.61647539668913,48789600,32.412993736471975,39.30309404160149
2019-10-04 00:00:00-04:00,268.20001220703125,275.4800109863281,266.4700012207031,272.7900085449219,9890400,294.15151853841587,323.7542812765928,42.99048023616306,-8.508994791679015,298.5007301883823,248.11526916057605,9.573156423041693,58680000,34.38238710871484,38.55667936294184
2019-10-07 00:00:00-04:00,271.989990234375,276.67999267578125,271.2799987792969,274.4599914550781,6525600,293.3793017900497,323.2637908306076,44.65103061414569,-7.639178732837308,294.58330426798324,249.38869280232922,9.275073385430456,65205600,35.00849688041346,37.66005620690113
2019-10-08 00:00:00-04:00,273.0299987792969,275.5299987792969,270.6400146484375,270.7200012207031,6276400,292.4907017677223,322.7409670533946,41.720178180701815,-7.1689895460842195,287.6876736388735,252.56698944706406,8.961852724389665,58929200,35.52669050126235,36.89376426136628
2019-10-09 00:00:00-04:00,270.0199890136719,271.0,264.57000732421875,267.5299987792969,6794400,291.511850670137,322.19160418499564,39.34777820804207,-6.973382947274956,281.8446105170274,255.20605273167052,8.781005578060492,52134800,36.106290833061934,36.774862816029646
2019-10-10 00:00:00-04:00,265.9700012207031,280.5299987792969,265.0299987792969,280.4800109863281,10809100,291.07922950606604,321.77656345665065,51.423916948869305,-5.70761175565525,279.4190782271235,256.815585672616,9.260933751056172,62943900,48.49605699530714,35.10863633264357
2019-10-11 00:00:00-04:00,284.79998779296875,287.8699951171875,282.3399963378906,282.92999267578125,8786100,290.75965159115293,321.390030414055,53.31761930536229,-4.45542653621726,282.4109667436665,255.44769617951061,9.127294492470686,71730000,57.62648566639788,32.606406466233906
2019-10-14 00:00:00-04:00,283.92999267578125,286.92999267578125,282.0,285.5299987792969,5513200,290.5545671671586,321.03321417888327,55.30878587775017,-3.2161877544829736,285.9207851223584,254.5525425143604,8.827487219850012,77243200,67.72373206381553,30.32462281496132
2019-10-15 00:00:00-04:00,283.82000732421875,285.8699951171875,279.3999938964844,284.25,7685600,290.30732923903474,320.6672120477501,54.08570007878677,-2.3107306314784637,286.9596308339357,257.468363957731,8.65909536276809,69557600,59.45255104920806,28.53167544407005
2019-10-16 00:00:00-04:00,283.1199951171875,288.1700134277344,280.739990234375,286.2799987792969,16175900,290.14939471120186,320.3250507216959,55.75671774583065,-1.4130565654600673,289.3686589644202,257.93000233115276,8.571304493524611,85733500,62.696615529709476,26.55176009200443
2019-10-17 00:00:00-04:00,304.489990234375,308.75,288.29998779296875,293.3500061035156,38258900,290.2749088834494,320.0566423175349,61.07068212708227,-0.12965827630046078,293.14614527889563,258.1578504893335,9.564068545465933,123992400,75.7541386024905,26.668838879282585
2019-10-18 00:00:00-04:00,289.3599853515625,290.8999938964844,273.3599853515625,275.29998779296875,23429900,289.6876570759796,319.61130247151937,45.9099391690914,-0.5625567095518136,292.63067971123655,260.3026495530863,10.308779417357874,100562500,64.13294147298137,25.096238711630154
2019-10-21 00:00:00-04:00,272.8900146484375,279.94000244140625,269.0,278.04998779296875,12599200,289.23127788841055,319.19775705183235,48.02686835332453,-0.6759380266626636,292.62613855503514,261.697856399392,10.35386677621847,113161700,57.70690479931369,23.37917795680456
2019-10-22 00:00:00-04:00,271.1600036621094,275.4100036621094,265.79998779296875,266.69000244140625,11802400,288.3473063022535,318.67529183182813,40.9049849619123,-1.6632762031372295,292.8723103098243,261.06635342715487,10.489304863631437,101359300,56.36143716323399,22.076939955099352
2019-10-23 00:00:00-04:00,268.05999755859375,273.9200134277344,266.6300048828125,271.2699890136719,7133500,287.67760758505426,318.20359727642364,44.47963877876109,-2.0525219857427714,292.67953408614954,261.6911283487463,10.260783698009325,108492800,60.867182426949526,20.867718953515944
2019-10-24 00:00:00-04:00,271.80999755859375,274.0199890136719,268.79998779296875,271.5,4827400,287.0431916013266,317.738884865713,44.660683552024295,-2.3157476115443387,292.46589985804286,262.3514300573217,9.900727806773167,113320200,59.72064348771669,19.733637188677687
2019-10-25 00:00:00-04:00,270.67999267578125,277.7699890136719,270.17999267578125,276.82000732421875,4747800,286.64228241398905,317.33173185534986,48.817877917063775,-2.0712001801230713,292.5378655433062,262.8167975426313,9.735675558995842,118068000,59.301429118482275,18.39490646121166
2019-10-28 00:00:00-04:00,278.04998779296875,285.75,277.3500061035156,281.8599853515625,6248400,286.4547413527174,316.9787791538197,52.46134247299171,-1.4539502395903696,293.06250268504846,263.27882625375366,9.678126781623373,124316400,63.01960219768941,17.968566175411567
2019-10-29 00:00:00-04:00,281.8699951171875,284.4100036621094,277.54998779296875,281.2099914550781,4356200,286.2490648861433,316.6228708185089,51.94773867492946,-1.0056319902932387,293.27383740884966,264.46615689453574,9.476833145017464,119960200,63.83539464723524,17.57267876716862
2019-10-30 00:00:00-04:00,284.3399963378906,293.489990234375,283.0,291.45001220703125,9345600,286.4530236046095,316.37239461341954,58.792270596946146,0.17394244723544716,294.78976203063525,266.13956739644806,9.677059261751708,129305800,63.61958068967412,18.032334606430293
2019-10-31 00:00:00-04:00,291.0,291.45001220703125,284.7799987792969,287.4100036621094,5090000,286.4905522343154,316.0842116188792,55.437231487912584,0.773848319809872,295.66498067059644,266.1883477799244,9.462270273607613,124215800,59.49320798216664,18.459157885744702
2019-11-01 00:00:00-04:00,288.70001220703125,289.1199951171875,283.0199890136719,286.80999755859375,5594300,286.5030795019341,315.79292590683656,54.935823714685355,1.187177524312176,296.18901121668785,266.181651218208,9.222108547172471,118621500,55.93461573485413,18.59975566245635
2019-11-04 00:00:00-05:00,288.0,295.3900146484375,287.1600036621094,292.8599853515625,5566200,286.75236992740975,315.56473744360005,58.9659396110144,1.9801019668876734,297.65735124752166,265.6906427303429,9.176244871648992,124187700,60.31796033324598,19.297103652938933
2019-11-05 00:00:00-05:00,289.989990234375,291.19000244140625,286.30999755859375,288.0299987792969,4062400,286.8024730196406,315.29075994445276,54.75583746840357,2.1934757270508385,298.18075176426765,265.6712420508365,8.98865508031469,120125300,54.07918270481466,19.81306990244758
2019-11-06 00:00:00-05:00,288.19000244140625,290.55999755859375,285.8399963378906,288.5899963378906,3438300,286.8725719732975,315.0250807045865,55.15562046807923,2.3803241965018174,298.539318519438,265.6206749701454,8.683751233199578,123563600,35.098733495186366,20.215612973397196
2019-11-07 00:00:00-05:00,290.70001220703125,298.19000244140625,288.2699890136719,289.57000732421875,5928500,286.978353751765,314.7717963923441,55.8901792503393,2.5777667604054955,297.6944760655788,265.961517586765,8.77205567566635,129492100,48.545013273400116,21.27641663324722
2019-11-08 00:00:00-05:00,288.7300109863281,293.989990234375,287.510009765625,291.57000732421875,4509000,287.1584185977436,314.5409328195269,57.422952160467254,2.862626128017723,299.06765296596444,266.75767662387926,8.608336018029467,134001100,53.04519479296002,22.1297589993466
2019-11-11 00:00:00-05:00,289.1600036621094,296.3599853515625,288.5,294.17999267578125,3944300,287.43377444394116,314.33833640018617,59.405407737909044,3.2613879839295237,300.83753315204757,267.13846375550446,8.554882398996112,137945400,63.51432009789953,23.131218784146125
2019-11-12 00:00:00-05:00,295.32000732421875,295.3500061035156,288.70001220703125,292.010009765625,5772800,287.6132346526347,314.11616399586217,57.027919516494926,3.363537376965553,300.16316464620485,271.1888332379097,8.418818934530988,132172600,55.079236498566395,24.061145727174257
2019-11-13 00:00:00-05:00,291.0299987792969,293.4100036621094,281.1400146484375,283.1099853515625,9158900,287.43663664082794,313.80764480537164,48.46134119137273,2.695264584895199,298.8669232283753,274.0637408341247,8.69390251161248,123013700,45.993341015636,23.567699700499997
2019-11-14 00:00:00-05:00,283.25,290.6300048828125,283.2200012207031,289.6199951171875,6529000,287.5222585418617,313.566971674146,53.91462514218761,2.6602907879680515,297.20712813743313,278.13953527402515,8.610053727300874,129542700,47.34536046754221,23.109499818588183
2019-11-15 00:00:00-05:00,290.5899963378906,295.82000732421875,287.57000732421875,295.0299987792969,6333800,287.8166797276435,313.38252418265495,57.90116138396855,3.034140204584048,297.13465409651945,280.64000817561595,8.58433560392224,135876500,47.56196382941356,23.275709210355476
2019-11-18 00:00:00-05:00,296.0,304.989990234375,293.2799987792969,302.57000732421875,8616600,288.3952415941759,313.2749369502327,62.73894758754488,3.8939472359483602,300.12439660273384,280.41160193242246,8.80759673614766,144493100,55.51462922684391,24.281349946454988
2019-11-19 00:00:00-05:00,304.010009765625,305.6700134277344,298.5199890136719,302.6000061035156,5918000,288.95229118277746,313.1687187328524,62.75728484236908,4.52560282142332,302.0713581211043,281.31664236717694,8.689198713141577,150411100,53.78015250907103,25.271558990189877
2019-11-20 00:00:00-05:00,301.010009765625,308.25,301.0,305.1600036621094,5111800,289.5878877505944,313.08903002568087,64.36878547637943,5.173132184273868,304.96468348430756,280.2513158646508,8.586398805060035,155522900,60.181448351801734,26.40742944319263
2019-11-21 00:00:00-05:00,306.0,312.69000244140625,304.260009765625,311.69000244140625,7488400,290.4546373463125,313.07510935320056,68.15409169233786,6.142414269365418,309.46154794400445,278.9917845755268,8.57522693868298,163011300,67.95401715071282,27.81182750197765
2019-11-22 00:00:00-05:00,309.1000061035156,311.3999938964844,304.4100036621094,310.4800109863281,5970100,291.2399461165092,313.04928747890335,66.73925717334964,6.735300752500791,312.4755520548559,279.13378225504,8.482710641583973,157041200,60.71560666203648,29.115911413706595
2019-11-25 00:00:00-05:00,308.8299865722656,315.7300109863281,305.25,315.54998779296875,7873900,292.1932810842135,313.07417006909304,69.58808278533532,7.527499984518386,316.56365404593305,278.071013922817,8.62537495192284,164915100,67.2210471477289,30.658226008684885
2019-11-26 00:00:00-05:00,315.0,316.5,311.69000244140625,312.489990234375,5321000,292.98923046265116,313.06835733441926,65.91830519379266,7.818283053538664,318.9022608350143,278.9937393277461,8.352847995256477,159594100,71.80661930273335,32.14743691960421
2019-11-27 00:00:00-05:00,313.92999267578125,316.82000732421875,312.75,315.92999267578125,4096900,293.88886819649946,313.0968313179154,67.96366648865715,8.231423452757497,321.58357977715514,279.9577532306573,8.06550293058414,163691000,71.32988084404113,33.55521980552037
2019-11-29 00:00:00-05:00,315.7799987792969,316.6199951171875,313.3399963378906,314.6600036621094,2411700,294.70342252848417,313.112385271589,66.37982808157739,8.359993890339638,323.41891760429496,281.4677482485696,7.723681205492192,161279300,72.87836384875433,34.86244677101396
2019-12-02 00:00:00-05:00,314.3900146484375,314.3900146484375,303.75,309.989990234375,6218800,295.30289577185243,313.08131666425356,60.77145905528906,7.992918445317287,324.10666022268947,283.23600335152923,7.951275666679133,155060500,66.33892448365734,33.904893533999044
2019-12-03 00:00:00-05:00,302.2200012207031,307.3599853515625,301.8800048828125,306.1600036621094,4992800,295.72866470872526,313.01244787816256,56.551498589862106,7.30871033937467,324.2861532454315,284.65384512696437,7.962612072742231,150067700,66.75189230918673,32.665749308089275
2019-12-04 00:00:00-05:00,308.42999267578125,308.42999267578125,303.2699890136719,304.32000732421875,3512100,296.0655801054113,312.92595593235217,54.5902694058044,6.542579376546655,323.96127442797984,286.6200569522285,7.762425757697026,146555600,75.33200166967688,31.659688813038553
2019-12-05 00:00:00-05:00,305.2699890136719,306.4800109863281,298.80999755859375,302.8599853515625,4615500,296.3320273699663,312.8257970211005,53.01902732573788,5.7513060217937095,321.1688347963919,292.0458299171498,7.755824876985408,141940100,69.0265944762967,29.893804308903075
2019-12-06 00:00:00-05:00,304.70001220703125,307.8500061035156,302.6000061035156,307.3500061035156,4457800,296.76410496736037,312.7713115393335,57.10768706439176,5.423998854872025,319.1754664885244,296.403199689861,7.576837385772165,146397900,68.38119533961151,28.463180009784317
2019-12-09 00:00:00-05:00,307.3500061035156,311.489990234375,302.44000244140625,302.5,5748400,296.9890420274639,312.66910943446453,51.85778119050251,4.718854589283978,317.9153685947369,298.659297746409,7.682062414857635,140649500,59.49611800220509,27.666430833925784
2019-12-10 00:00:00-05:00,296.1199951171875,298.94000244140625,292.0199890136719,293.1199951171875,10476100,296.8373146976491,312.47459088404383,43.524175278991414,3.364352514889106,319.646530955454,295.66813375808766,7.881915884248384,130173400,48.83309804235719,26.154296450584155
2019-12-11 00:00:00-05:00,294.489990234375,299.42999267578125,294.20001220703125,298.92999267578125,5589800,296.91938050071315,312.3398187625686,48.992003505910844,2.7282683300527992,319.9423126988144,294.8830168910293,7.769636003844481,135763200,49.05575356955136,24.672794385677257
2019-12-12 00:00:00-05:00,295.6700134277344,299.1700134277344,295.05999755859375,298.44000244140625,4766600,296.9790127336815,312.20151213250733,48.56496063119718,2.1597328579368877,320.2426556626811,293.6866737644022,7.508234565651349,130996600,47.08238073934663,23.297113896835132
2019-12-13 00:00:00-05:00,298.5,301.79998779296875,297.25,298.5,3879700,297.038659293145,312.0651786784525,48.62401299622319,1.694472873256018,319.73687310623956,292.43378932865625,7.296931224745449,134876300,53.656978874589335,21.69474878412004
2019-12-16 00:00:00-05:00,300.8500061035156,305.7099914550781,298.6300048828125,304.2099914550781,4658900,297.31988800537766,311.9870176115533,54.032944339504105,1.7661406039167673,319.13779189611387,292.1968679346153,7.290721241197782,139535200,51.399563042781686,20.823205242019363
2019-12-17 00:00:00-05:00,307.3599853515625,316.79998779296875,306.6000061035156,315.4800109863281,10427100,298.0320496909051,312.02177376453614,62.43852662022509,2.7011964739767222,319.11947475895107,292.20585483089263,7.669240890961556,149962300,54.756224399909094,21.37172195122909
2019-12-18 00:00:00-05:00,316.260009765625,325.3599853515625,315.6000061035156,320.79998779296875,11207400,298.9249100086331,312.10911917775434,65.63322357822749,3.827392852770231,321.33393018407094,291.09939908025194,7.8271504248381865,161169700,58.85737185446482,22.640142475916072
2019-12-19 00:00:00-05:00,324.5,332.8299865722656,324.17999267578125,332.2200012207031,9822300,300.23059986008684,312.3092274567887,71.28013528789101,5.577121652581297,326.7697502780603,287.83558012558547,8.127353878728092,170992000,65.24185563498352,24.350867179149922
2019-12-20 00:00:00-05:00,335.0,338.0,330.6000061035156,336.8999938964844,9914900,301.6686153124946,312.5539116999697,73.2219775279749,7.257767602038882,333.0616555633493,284.5090068715465,8.075399594282112,180906900,73.47613230841898,26.2587381054943
2019-12-23 00:00:00-05:00,337.760009765625,337.95001220703125,331.0199890136719,333.1000061035156,5765300,302.9012188729268,312.7583504502538,69.13456474745783,8.188670472379442,337.4758157368036,283.176182147311,7.993586994216202,175141600,72.48004227014206,28.030332537099792
2019-12-24 00:00:00-05:00,334.010009765625,335.70001220703125,331.6000061035156,333.20001220703125,2019300,304.0894068468133,312.9617500697242,69.18332005283344,8.832669840905282,341.4375631150075,282.8197692417633,7.715474073451875,177160900,69.80460171333279,29.675384509304894
2019-12-26 00:00:00-05:00,334.6000061035156,336.4599914550781,332.010009765625,332.6300048828125,3589900,305.20864598547996,313.1574540977151,68.51896706019852,9.191099874816587,344.68495101793445,283.34704767998227,7.482224617451964,173571000,74.403078185419,31.255841738010535
2019-12-27 00:00:00-05:00,332.9599914550781,333.82000732421875,326.010009765625,329.0899963378906,5036100,306.14516952871173,313.31598685632383,64.38389305099462,9.084785403501826,346.6800066668215,284.84932682927223,7.505636970390663,168534900,69.00927924463917,31.487142851273266
2019-12-30 00:00:00-05:00,329.0799865722656,329.19000244140625,322.8599853515625,323.30999755859375,4311500,306.81830003968753,313.41542974888375,58.20718343692215,8.436877748100471,347.61064138060067,286.0466909761701,7.421664121780169,164223400,69.85174785363282,31.12014748836859
2019-12-31 00:00:00-05:00,322.0,324.9200134277344,321.0899963378906,323.57000732421875,3713300,307.4752297371202,313.51647032177266,58.400520201833594,7.853852554965783,348.18340800797273,288.28325865869397,7.165117905213282,167936700,74.71046300219079,30.46033315669413
2020-01-02 00:00:00-05:00,326.1000061035156,329.9800109863281,324.7799987792969,329.80999755859375,4485800,308.3511029850211,313.6785949708953,62.843063236421926,7.805340840523058,347.8938972201701,293.4647697720174,7.111181173563002,172422500,74.53127145449032,30.395305527568727
2020-01-03 00:00:00-05:00,326.7799987792969,329.8599853515625,325.5299987792969,325.8999938964844,3806900,309.03929478547064,313.80020093035387,58.61873076185134,7.36647420983104,347.1517532577974,297.8029138971506,6.912524416327476,168615600,69.71436250477984,30.334922729095137
2020-01-06 00:00:00-05:00,323.1199951171875,336.3599853515625,321.20001220703125,335.8299865722656,5663100,310.0899101496587,314.0194027775371,65.04509477484274,7.730820576333201,346.82040284930883,303.119595523087,7.50162789691346,174278700,70.50176468223516,30.920809423981073
2020-01-07 00:00:00-05:00,336.4700012207031,336.70001220703125,330.29998779296875,330.75,4703200,310.9001097516329,314.18587638174074,59.91858942178454,7.522935517812641,343.88353563404456,310.35646273835124,7.422941933852677,169575500,70.66536100311083,31.496173442454907
2020-01-08 00:00:00-05:00,331.489990234375,342.70001220703125,331.04998779296875,339.260009765625,7104500,312.0122626933581,314.43537024625704,64.90818024066402,7.953192327707541,342.04684026574904,316.86649388138636,7.746304096222575,176680000,69.71826572329454,32.55091354276565
2020-01-09 00:00:00-05:00,342.0,343.4200134277344,334.6099853515625,335.6600036621094,4709300,312.9396250842895,314.64656062850435,61.42462796999829,7.912473474464889,341.26345158683904,320.34054825040056,7.8222843805046685,171970700,67.27098973373586,33.58864489915072
2020-01-10 00:00:00-05:00,337.1300048828125,338.5,327.2699890136719,329.04998779296875,4718300,313.57140401404166,314.7898783117328,55.53149534854537,7.263105887924951,340.4279636500161,322.2760361872235,8.065693423777772,167252400,58.12324626862384,33.05014068870396
2020-01-13 00:00:00-05:00,331.79998779296875,340.8500061035156,331.510009765625,338.9200134277344,6290000,314.56546712830414,315.02997915865825,61.47504958686398,7.458924144116509,341.6296106002695,321.96772419790756,8.33243091568985,173542400,55.82229086184349,32.79827170396824
2020-01-14 00:00:00-05:00,344.3999938964844,345.3800048828125,335.5199890136719,338.69000244140625,7199400,315.51152733666106,315.26540227589953,61.269529991368366,7.508992566507004,342.03308935600296,321.8029132481637,8.44154412665062,166343000,65.44179210420045,33.011743297521186
2020-01-15 00:00:00-05:00,338.67999267578125,343.1700134277344,336.6000061035156,339.07000732421875,5158000,316.4353892969574,315.50226401767384,61.49854123935974,7.492961177931704,343.03743496407424,321.5945678028528,8.307862926476915,171501000,62.43780122474534,33.20996692010606
2020-01-16 00:00:00-05:00,343.5,343.55999755859375,335.8500061035156,338.6199951171875,5016000,317.3053738389272,315.7322911927934,61.03825714088864,7.3591126925561525,343.84943830463726,321.5052288503107,8.265157821377,166485000,56.133239147951166,33.23130896391565
2020-01-17 00:00:00-05:00,341.0,341.57000732421875,337.3800048828125,339.6700134277344,6066500,318.18241852868437,315.9704774836884,61.75748233870888,7.254143257931787,344.85023880920465,321.44309615173285,7.974075294236232,172551500,63.65728072345339,33.251126576024554
2020-01-21 00:00:00-05:00,340.0,341.0,332.5899963378906,338.1099853515625,14350300,318.9638917374247,316.190771094314,59.985762977446804,6.964787264523636,345.4829037111761,322.0130964515843,8.005213034798599,158201200,55.79471827231402,32.21544670339715
2020-01-22 00:00:00-05:00,332.54998779296875,336.29998779296875,323.6000061035156,326.0,21730000,319.2398175516434,316.2883753620323,48.3822973260925,5.692674338343863,345.0868086314992,322.76785852344875,8.469839192887761,136471200,45.97977271881391,30.123902548537732
2020-01-23 00:00:00-05:00,326.0400085449219,349.8800048828125,325.010009765625,349.6000061035156,18200300,320.43041318112864,316.61983437438533,63.28673813643513,6.513752454713199,347.8849393689885,323.4403942898657,9.641278901766315,154671500,52.632179417058175,29.44655864327573
2020-01-24 00:00:00-05:00,348.4599914550781,359.8500061035156,345.8800048828125,353.1600036621094,17939700,321.71392653332396,316.98341814839256,64.93169335225232,7.366804887258411,351.7863713102469,322.65229649574263,9.950473353118943,172611200,61.01402760489021,29.686676525001882
2020-01-27 00:00:00-05:00,345.95001220703125,351.8999938964844,341.0199890136719,342.8800048828125,7709500,322.5439688215392,317.24109562833706,56.99088757589914,7.131141735066251,351.82168749866673,324.8809817721666,10.106869159927411,164901700,55.708371815183774,29.203004941534633
2020-01-28 00:00:00-05:00,345.8800048828125,352.3999938964844,342.7799987792969,348.5199890136719,6821600,323.5626362800542,317.5523283983404,59.88915937414055,7.31515205378696,353.49649668648135,324.89817290987287,10.072092442588845,171723300,56.50116373179921,28.79895136880859
2020-01-29 00:00:00-05:00,349.0,349.3999938964844,338.54998779296875,343.1600036621094,7643500,324.3311604911152,317.80713113728336,56.02520084121234,6.948378947203764,353.6953248510969,326.3540119002052,10.127657704083616,164079800,50.936467338431946,27.811312612587766
2020-01-30 00:00:00-05:00,341.1000061035156,348.20001220703125,339.25,347.739990234375,5328100,325.24915381438035,318.1049705312843,58.48968244591734,6.9471923486972855,354.7789460174496,326.40105479635247,10.043540168579876,169407900,51.20209236278625,26.894219481811287
2020-01-31 00:00:00-05:00,347.3900146484375,347.3900146484375,340.9800109863281,345.0899963378906,5230000,326.0272260702043,318.373478250753,56.516082524692415,6.655696869820929,355.31348779771974,327.1238453728532,9.80900010282752,164177900,50.93772907521158,26.04263300323313
2020-02-03 00:00:00-05:00,347.239990234375,359.6300048828125,346.2799987792969,358.0,6670600,327.281060341961,318.76777199950175,63.056226176995345,7.381326665743359,357.95994962398026,328.3373851741968,10.14692927726283,170848500,51.19849547946614,26.469740086475163
2020-02-04 00:00:00-05:00,361.0,369.57000732421875,356.1000061035156,369.010009765625,7161500,328.9174897311243,319.26769476334374,67.54008586122423,8.744013733131396,364.56751371645527,325.74182059344054,10.384291558937136,178010000,51.373769222621036,27.590809761777425
2020-02-05 00:00:00-05:00,375.1300048828125,375.25,362.29998779296875,369.6700134277344,6437000,330.5156279153051,319.76921037194467,67.79244084979594,9.76464903551954,369.7792330902854,324.66076935112085,10.567557319515288,184447000,55.75138330242128,28.979212519161937
2020-02-06 00:00:00-05:00,369.6000061035156,371.54998779296875,362.510009765625,366.95001220703125,3920400,331.9444272992944,320.23867108672164,65.53133456456953,10.23603387265615,373.1866327211112,324.9707037046701,10.458444512931607,180526600,56.06588221788308,30.268443651018988
2020-02-07 00:00:00-05:00,365.0400085449219,371.79998779296875,363.57000732421875,366.7699890136719,4385200,333.310135601819,320.70166927504954,65.37591648361669,10.474341694046132,375.883220692611,326.0274482527015,10.299268509775777,176141400,55.63942889653947,31.4817599255641
2020-02-10 00:00:00-05:00,365.0,374.79998779296875,362.5199890136719,371.07000732421875,5294100,334.7909148850504,321.2028467680761,67.36676918765468,10.884705787497353,379.0833064758079,327.01402832236914,10.440749243312997,181435500,63.852088115673986,32.80562922973751
2020-02-11 00:00:00-05:00,373.75,378.1099853515625,369.7200012207031,373.69000244140625,4772900,336.31636929902515,321.72510702353213,68.55322565331505,11.291176345418592,382.05530147822265,328.7860355986003,10.29426602099488,186208400,77.55092704030498,34.24400177085299
2020-02-12 00:00:00-05:00,377.17999267578125,380.6199951171875,375.8800048828125,380.010009765625,4624800,338.0298453957546,322.305056304548,71.26700432663874,11.985121938366717,383.2692314741912,334.77344023804835,10.05396078205105,190833200,74.56275066908728,35.73303214166598
2020-02-13 00:00:00-05:00,376.9599914550781,385.3699951171875,376.510009765625,381.3999938964844,4485400,339.73063553303814,322.893065633821,71.84253544543515,12.503110844267951,387.21547850683766,335.0671915777978,9.968676822730439,195318600,70.49511991754017,37.388672609787065
2020-02-14 00:00:00-05:00,381.4700012207031,385.1499938964844,379.42999267578125,380.3999938964844,3736300,341.32551233160467,323.46527387524054,70.74465169464283,12.686684934711764,390.3176710169371,335.596997765615,9.665199994014202,191582300,78.7964809306754,38.926053044470926
2020-02-18 00:00:00-05:00,379.29998779296875,389.5400085449219,379.19000244140625,387.7799987792969,5173900,343.14725689818084,324.1052213867237,73.91304721852933,13.274651521184467,393.6917076875887,338.209626947828,9.714114716121445,196756200,78.50230078323953,40.598935115089986
2020-02-19 00:00:00-05:00,388.1199951171875,392.95001220703125,384.8999938964844,386.19000244140625,4896400,344.83520770379755,324.7229804021932,72.10128466533556,13.457193708461773,396.25682168242105,340.6671814100269,9.595250687151832,191859800,87.80251972604127,42.32809224103926
2020-02-20 00:00:00-05:00,386.55999755859375,389.70001220703125,376.67999267578125,386.0,4079400,346.4495132840408,325.33270199023104,71.87455774035482,13.43169586888348,396.83719341452115,345.79880918964557,9.839877033158844,187780400,81.71727004691927,42.22627669763227
2020-02-21 00:00:00-05:00,385.3299865722656,387.32000732421875,377.8999938964844,380.07000732421875,3930100,347.76796403071444,325.8773517945494,65.00417395450077,12.78560332107321,395.9416979813942,351.004973568085,9.809886775628526,183850300,82.6644626384641,42.131733693040076
2020-02-24 00:00:00-05:00,364.760009765625,372.82000732421875,361.0,368.70001220703125,6936400,348.5888286650798,326.3034479180567,54.28880974463656,11.226692417331378,391.963686685405,358.1309869799596,10.471323957670686,176913900,73.04793143119318,39.45762698360029
2020-02-25 00:00:00-05:00,372.0,375.6499938964844,357.7200012207031,360.0899963378906,6481200,349.0398548483273,326.6396324794481,47.855611688062595,9.190545088173906,391.5649480749082,358.80839176884183,11.004086008964297,170432700,63.67557147417205,36.685107053898165
2020-02-26 00:00:00-05:00,366.30999755859375,382.0,365.0,379.239990234375,8934100,350.2241738830743,327.16301912377577,59.38388684531048,9.01817224837498,392.0116251745122,359.72571206507115,11.78308012704609,179366800,64.99632462374765,34.709443653315375
2020-02-27 00:00:00-05:00,371.4599914550781,391.55999755859375,370.6000061035156,371.7099914550781,10967700,351.06675496432933,327.6062725798086,54.300303344912834,8.1796674456441,391.969839744267,360.03949456562884,12.438573793334092,168399100,73.05467020449171,33.750603290012926
2020-02-28 00:00:00-05:00,364.2099914550781,376.7699890136719,356.79998779296875,369.0299987792969,11168600,351.77119589824963,328.018448959903,52.57523637374231,7.215715065429151,391.82513604603173,360.4615298068328,12.976532895289022,157230500,62.36206270078039,31.35969879351389
2020-03-02 00:00:00-05:00,373.1099853515625,381.3599853515625,364.5,381.04998779296875,6997900,352.9193838156896,328.54612596321715,58.88432056203274,7.3371108704491235,392.104815956327,362.0858497337772,13.253922356451413,164228400,63.13449881590011,29.55568358757765
2020-03-03 00:00:00-05:00,381.0299987792969,393.5199890136719,367.3999938964844,368.7699890136719,8364600,353.5409761763948,328.94636340650527,51.36607562010412,6.369006702581316,392.2388068230849,361.6451897589464,14.172927553646847,155863800,64.60887009168937,28.838659344116234
2020-03-04 00:00:00-05:00,377.7699890136719,384.010009765625,370.510009765625,383.7900085449219,5487300,354.72721273986645,329.4920713183303,58.36777253474507,6.736117454435998,393.1673129108344,362.06335115166553,14.249148496383011,161351100,64.94769606119402,28.17285111804492
2020-03-05 00:00:00-05:00,381.0,391.3999938964844,368.6400146484375,372.7799987792969,8747000,355.43516513356957,329.9227969647081,52.411279423914245,6.068683589777322,392.8062506645044,361.4604119331519,14.857064978644715,152604100,57.33865884703493,28.08048821114059
2020-03-06 00:00:00-05:00,367.70001220703125,371.30999755859375,356.8500061035156,368.9700012207031,8147200,355.96594301933953,330.31132636029014,50.49104794397114,5.172675103222161,392.29872017537195,360.3106100655135,14.933702671297324,144456900,51.180400153234636,26.763772255338274
2020-03-09 00:00:00-04:00,343.8599853515625,357.4700012207031,341.7200012207031,346.489990234375,7405500,355.5943370277723,330.4723080903805,40.95635649680617,2.6184490581145496,395.67589217312786,352.4121042461429,15.813438194776086,137051400,45.174099092278226,25.40081764184279
2020-03-10 00:00:00-04:00,356.42999267578125,364.5400085449219,347.8500061035156,364.1300048828125,7604400,355.929069100519,330.8072105460266,49.08188603202003,1.994615586659279,393.29738742295,351.63727647678957,15.973193917331143,144655800,46.338277885532406,23.604389924955736
2020-03-11 00:00:00-04:00,358.9200134277344,362.9800109863281,344.7900085449219,349.9200134277344,6036000,355.69341985844903,330.99738768912823,43.847099757114975,0.3495659349811149,392.3171637189703,347.78150164561305,16.213679804513962,138619800,45.68169307322701,22.138178138276203
2020-03-12 00:00:00-04:00,326.5,335.7200012207031,307.32000732421875,315.25,12071600,354.10740339341186,330.8406972643608,34.249255054682536,-3.7089733639589326,399.0937877561534,331.57154427509664,18.098417397299794,126548200,43.116647141573395,22.884713506806634
2020-03-13 00:00:00-04:00,330.510009765625,336.4200134277344,307.3900146484375,336.29998779296875,9458200,353.40907336986504,330.895018563153,42.48157686788705,-5.167271812818058,398.0883197225082,326.7410097045751,18.87924463887102,136006400,49.839610931539816,23.520259801351404
2020-03-16 00:00:00-04:00,306.6300048828125,334.3500061035156,294.75,298.8399963378906,10559900,351.2691095646896,330.5760631181255,34.260696042048025,-9.239188470730255,405.2242525393157,310.2904081052155,20.498583435592284,125446500,48.80141149959014,24.626266514569437
2020-03-17 00:00:00-04:00,306.19000244140625,322.8999938964844,290.25,319.75,10013900,350.03306605234883,330.46834109704963,41.11118622201016,-10.656112187265478,406.1360192778296,303.9999751883162,21.366541325656005,135460400,48.51670594210193,25.823215035793133
2020-03-18 00:00:00-04:00,302.3999938964844,331.5799865722656,300.0,315.4700012207031,12593600,348.67765174522543,330.31910388434966,40.1880460353631,-11.98622483432655,403.71252305264954,297.9208062116734,22.096073128985264,122866800,48.31343837759604,26.177734918120375
2020-03-19 00:00:00-04:00,324.3299865722656,348.510009765625,316.82000732421875,332.0299987792969,10616000,348.0248026093067,330.33612771415017,45.30548564568263,-11.570715281517039,400.58973901935946,295.75292455485925,22.877782801552165,133482800,57.290472343165575,25.23622244531565
2020-03-20 00:00:00-04:00,342.30999755859375,350.489990234375,332.0,332.8299865722656,10853800,347.4289274705992,330.3609422301513,45.547860443591645,-11.049496915842383,397.44099412585035,294.07500115409755,22.564369046753797,144336600,58.317194229613,24.226017043118787
2020-03-23 00:00:00-04:00,347.8900146484375,366.1099853515625,340.8800048828125,360.2699890136719,13449400,347.93249851150404,330.6585446857087,53.207455655592256,-8.326268691958376,393.23446016067845,295.5108686153632,23.32977117050687,157786000,59.82845935870637,22.696559993407142
2020-03-24 00:00:00-04:00,369.989990234375,372.92999267578125,353.0299987792969,357.32000732421875,11638700,348.3006361120027,330.9238328711665,52.35481244884278,-6.333125247424903,391.26558943570876,295.95307511507247,23.084787079505265,146147300,61.6327851657418,21.662246586227326
2020-03-25 00:00:00-04:00,361.0199890136719,362.0,339.1700134277344,342.3900146484375,8767200,348.06884703500015,331.03792423213434,48.14938142376122,-5.890369824876416,383.3994809724489,298.29918439213446,23.066587043273863,137380100,61.96513711478391,20.366487363320733
2020-03-26 00:00:00-04:00,344.0,363.8399963378906,341.7300109863281,362.989990234375,7229600,348.6539899055639,331.3558552371318,53.678186221724786,-3.8330520559118213,381.03352252319524,299.3598083687319,22.998258351008765,144609700,68.03473042403357,19.05036700619747
2020-03-27 00:00:00-04:00,359.0899963378906,368.55999755859375,353.0,357.1199951171875,7948800,348.98599010994127,331.6122148379284,51.97740813298185,-2.6457736188528997,378.4034720389863,300.40985803913867,22.46695400869341,136660900,73.73545542964652,17.845734985833268
2020-03-30 00:00:00-04:00,363.0,377.79998779296875,361.1700134277344,370.9599914550781,8622000,349.84771565288787,332.00373500327316,55.55320765643529,-0.581373156951031,383.0168384160032,299.0591584915488,22.339313913485398,145282900,73.99157402472022,17.276486843028255
2020-03-31 00:00:00-04:00,367.92999267578125,383.010009765625,366.44000244140625,375.5,9366500,350.8536875880688,332.43653365995704,56.69240001023563,1.4048258712786605,385.7781357273887,297.81386052912177,21.927220585680637,154649400,79.10298439818669,17.04124101577459
2020-04-01 00:00:00-04:00,376.04998779296875,380.2300109863281,361.0199890136719,364.0799865722656,6672500,351.3723659796059,332.7513938879402,53.01175884880037,2.033957077265768,387.9692380038714,297.5107546719098,21.73313497046461,147976900,81.44128973242874,16.42734405490243
2020-04-02 00:00:00-04:00,364.0799865722656,370.989990234375,360.05999755859375,370.0799865722656,4592500,352.10599815971017,333.1228226708688,54.67666520707705,2.9823196223865693,391.00525134985566,301.78540620222765,20.9614819494158,152569400,77.19872150969432,15.786188788764674
2020-04-03 00:00:00-04:00,367.4700012207031,370.8999938964844,357.510009765625,361.760009765625,4860800,352.4845868501382,333.40776980614004,51.928986080277674,3.0276503085196964,392.97358097793466,303.21174617050286,20.420660676661765,147708600,79.80816490007695,14.994443609874073
2020-04-06 00:00:00-04:00,365.2200012207031,380.2900085449219,361.7099914550781,379.9599914550781,8183900,353.56205369739075,333.8709759917016,57.017481349335625,4.480513057115786,392.503628094747,314.4976984026488,20.289186134746192,155892500,79.78387389368343,14.886335558306069
2020-04-07 00:00:00-04:00,380.0,381.3299865722656,369.3399963378906,372.2799987792969,7046400,354.2960907594263,334.2531553229215,54.40059834109971,4.955086871114588,392.5337326595302,321.4715936751053,19.69638642757682,148846100,79.15458390055852,14.853115473692837
2020-04-08 00:00:00-04:00,374.010009765625,378.3900146484375,368.30999755859375,371.1199951171875,6908900,354.9558517146326,334.6199895497301,53.99747958537833,5.1778998307332245,389.0067797957096,332.41854572512375,19.00950290345303,141937200,72.5558169937284,14.728612186914049
2020-04-09 00:00:00-04:00,371.05999755859375,372.1000061035156,363.0299987792969,370.7200012207031,7711300,355.57405365604717,334.97919364595873,53.849300101098166,5.261552638341811,387.40144757762505,339.18254493539575,18.299538933507726,134225900,65.10269228410704,14.132304112263913
2020-04-13 00:00:00-04:00,371.30999755859375,400.510009765625,367.70001220703125,396.7200012207031,11692900,357.1876202272101,335.5935300397373,61.28610121610832,7.34120594756979,391.1993873531032,343.9032737797093,19.33600026387101,145918800,64.89460676858309,15.292998578144264
2020-04-14 00:00:00-04:00,397.5,417.82000732421875,394.8500061035156,413.54998779296875,11581000,359.3979091513575,336.3692161865356,65.19572988659843,10.229466518142033,403.6434501005067,338.5632108695454,19.59557176078759,157499800,65.34391939776046,17.086852538783546
2020-04-15 00:00:00-04:00,413.0,434.9800109863281,412.25,426.75,13561200,362.03916761601016,337.26852746826165,67.93116855740953,13.428766041309245,417.5440404278619,333.919952898961,19.819460276897626,171061000,74.36915457427708,19.319762600928705
2020-04-16 00:00:00-04:00,437.0,449.5199890136719,431.6099853515625,439.1700134277344,16128700,365.0639066674503,338.2824726021868,70.29671434893083,16.77307567288267,430.747895179396,333.6200979846665,20.030212329524357,187189700,76.74886100377579,21.793142340961197
2020-04-17 00:00:00-04:00,431.0,432.0,414.70001220703125,422.9599914550781,12616300,367.3343413650043,339.12503497883245,63.693029318630764,17.909007954241076,437.5595734444906,334.8044198823323,20.347340107465698,174573400,67.44678704310586,22.775316540524575
2020-04-20 00:00:00-04:00,435.1700134277344,444.489990234375,430.55999755859375,437.489990234375,12655800,370.08554328145027,340.10379075251944,66.71166088339979,19.75398035132622,446.32684536169256,336.75314731408866,20.43181572688221,187229200,68.87373996279186,24.08711564730762
2020-04-21 00:00:00-04:00,444.7699890136719,447.0,425.6000061035156,433.8299865722656,23177600,372.58532537128616,341.03638971590004,65.24024213891819,20.682388856323655,453.1360752230246,338.3265834683816,20.50097131042522,164051600,55.493842998707834,24.944241678683348
2020-04-22 00:00:00-04:00,429.7300109863281,433.0,413.0,421.4200134277344,21084800,374.50041117742137,341.8362267677591,60.37747489909342,20.184108330403717,456.45239759728736,341.13292955115014,20.52447240055668,142966800,50.11805677906812,24.87292394379185
2020-04-23 00:00:00-04:00,419.260009765625,438.4100036621094,419.260009765625,426.70001220703125,13952300,376.5474543550531,342.6806425432743,61.685973833467095,19.984895760234735,459.0145758331337,346.9200880666059,20.426295364551514,156919100,55.51492412228834,25.02192489713027
2020-04-24 00:00:00-04:00,425.0,427.1700134277344,415.8800048828125,424.989990234375,8658900,378.44716164443827,343.4996410277629,60.98355441418404,19.464657426696988,460.74457317789165,352.51142454346257,19.77370344886368,148260200,54.0700929643272,24.924826134943498
2020-04-27 00:00:00-04:00,425.0,429.0,420.8399963378906,421.3800048828125,6277500,380.13080255574704,344.27457002134554,59.444651224319465,18.547267793439346,459.45558516301946,361.74974524062634,18.944153464095514,141982700,53.81577683888861,24.915978897728746
2020-04-28 00:00:00-04:00,419.989990234375,421.0,402.9100036621094,403.8299865722656,10101200,381.0601823211007,344.8671612308074,52.50756260072839,16.217148895960918,458.4359411275825,365.95205529168834,18.910285446710343,131881500,49.154033654554944,23.69575493913261
2020-04-29 00:00:00-04:00,399.5299987792969,415.8599853515625,393.6000061035156,411.8900146484375,9693100,382.2691953535453,345.5340552946645,55.09913209575165,14.8497115561957,455.890913475404,373.77841839308564,19.149549289662954,141574600,48.25758103648087,22.018475896208578
2020-04-30 00:00:00-04:00,410.30999755859375,424.44000244140625,408.0,419.8500061035156,7954000,383.74295263785785,346.2735174917675,57.56206925075618,14.244115106286756,451.8548462889779,384.3118203776887,18.95601022907319,149528600,52.33895374846818,20.92806804413393
2020-05-01 00:00:00-04:00,415.1000061035156,427.9700012207031,411.7300109863281,415.2699890136719,8299900,384.97930700553684,346.96004954671184,55.669907434284,13.241961366498401,443.6173027811919,398.4893622578706,18.762008800880462,141228700,51.65665908376774,20.1034716069983
2020-05-04 00:00:00-04:00,417.7799987792969,428.5400085449219,414.8699951171875,428.1499938964844,7799100,386.6722751189073,347.76790968949564,59.68354226138154,13.333357414392879,441.7794150149967,404.51791571417,18.398294845655737,149027800,50.713683603217376,19.369377317344995
2020-05-05 00:00:00-04:00,427.55999755859375,431.0,421.55999755859375,424.67999267578125,6286300,388.1627738466279,348.5332040475681,58.15586703287407,12.976207697394898,441.8059850712038,405.9753463090046,17.758416816780773,142741500,48.54713033594793,18.830636452909783
2020-05-06 00:00:00-04:00,429.29998779296875,439.7699890136719,426.3900146484375,434.260009765625,6660700,389.97050858854936,349.38620708953886,61.11509756274989,13.31273041976408,443.00446453291937,405.7782014827056,17.567815354002907,149402200,45.25992268412629,18.824786712303084
2020-05-07 00:00:00-04:00,436.8900146484375,438.8800048828125,430.6600036621094,436.5299987792969,5641900,391.79637094897083,350.25330949441206,61.8043842581268,13.60575754043441,442.3088348135001,406.1218292489999,16.900114344481494,155044100,51.227282688022065,18.81935481031115
2020-05-08 00:00:00-04:00,434.1400146484375,442.0,433.6400146484375,435.54998779296875,5049300,393.51219906050017,351.1020326615619,61.299181826148896,13.602108310820256,443.9860288800709,406.1233013608146,16.290105130701566,149994800,48.506576665537956,18.996390844709854
2020-05-11 00:00:00-04:00,436.3299865722656,444.8900146484375,435.55999755859375,440.5199890136719,5486000,395.3556418037618,351.9917635705381,62.95307898944004,13.84070678031452,444.77017403274215,405.7431560453829,15.793670968184937,155480800,60.30901831451528,19.331376318948514
2020-05-12 00:00:00-04:00,442.0,444.1700134277344,431.3599853515625,431.82000732421875,4598200,396.7856169222111,352.78607445365935,58.25952496121541,13.175898417593714,444.4253098344251,405.820023010627,15.580553618755433,150882600,69.53759818795274,19.241859022587594
2020-05-13 00:00:00-04:00,435.69000244140625,447.0,427.2699890136719,438.2699890136719,7014600,398.4124550434449,353.6366606681869,60.604592061973186,13.019412930089686,446.4940235488592,405.99797270765123,15.87694343072491,157897200,67.44174216910355,18.775898046037035
2020-05-14 00:00:00-04:00,444.8999938964844,452.3800048828125,432.82000732421875,441.95001220703125,9007500,400.1198102263306,354.5154004844938,61.91915452251929,13.042004065787921,448.97803731063885,405.5472922792049,16.140018725572684,166904700,76.29430412170845,18.71987863523477
2020-05-15 00:00:00-04:00,440.70001220703125,455.0,437.510009765625,454.19000244140625,7244000,402.2402099210395,355.5071875686422,65.98475272324222,13.887486323954306,454.67258167258115,403.7460828782001,16.23644526191571,174148700,76.619580983426,18.84776376407405
2020-05-18 00:00:00-04:00,451.1600036621094,456.3599853515625,443.3500061035156,452.5799865722656,7773500,404.2143188093229,356.4730860661907,65.00170101122183,14.26320493182891,458.8642336680128,403.71442844136226,16.00598340378222,166375200,85.99987234111053,19.06234771103217
2020-05-19 00:00:00-04:00,453.3999938964844,458.9700012207031,450.4700012207031,451.0400085449219,4810500,406.0506203675817,357.4140504689642,64.01924665954533,14.272180466508587,459.4107597367037,409.4625719690254,15.469841732083491,161564700,95.08086829031492,19.449763788309447
2020-05-20 00:00:00-04:00,454.25,455.80999755859375,444.0,447.6700134277344,5607300,407.68275342876416,358.3121197521361,61.8173473528328,13.847735130011813,459.4512893078894,414.1927089017461,15.208424291119938,155957400,88.67520290809075,19.075410064899682
2020-05-21 00:00:00-04:00,448.55999755859375,448.9599914550781,430.25,436.25,9117300,408.8030376080283,359.08762104813474,54.9234229416882,12.446385317951353,458.665695175542,417.164968886958,15.458536231402665,146840100,78.9412991898505,17.994404524905626
2020-05-22 00:00:00-04:00,437.0,439.0899963378906,427.17999267578125,429.32000732421875,5422300,409.6076246557221,359.78645076232465,51.19252357068292,10.653802598548793,456.4593751558476,421.244624681392,15.205069619310288,141417800,72.49827475262312,17.243150228423396
2020-05-26 00:00:00-04:00,427.7699890136719,428.5,413.1400146484375,414.7699890136719,7881100,409.81007031681816,360.3335506454227,44.3765904693453,7.967261370841527,458.7192486669251,417.20075051927284,15.274706980486785,133536700,64.69922260022695,17.559702847020276
2020-05-27 00:00:00-04:00,410.3800048828125,420.0199890136719,397.8599853515625,419.8900146484375,10446300,410.2053622513915,360.9261522772935,47.04831597040942,6.180061469618181,459.3335867687099,415.9477486805089,15.76651388631697,143983000,55.53321921292225,18.70647982148632
2020-05-28 00:00:00-04:00,417.239990234375,422.3699951171875,411.5,413.44000244140625,5655100,410.33221088629404,361.44867814957325,44.17002335778958,4.194874687533343,461.0721780240617,411.43315644859456,15.416762545664865,138327900,55.420523728049574,19.53631666869909
2020-05-29 00:00:00-04:00,417.4599914550781,420.29998779296875,411.8500061035156,419.7300109863281,5254900,410.7007520666875,362.02859190914296,47.540493199021746,3.093491141762229,461.28165512113696,408.9836809791235,14.91913534164974,143582800,55.405425675907445,20.30687945539666
2020-06-01 00:00:00-04:00,418.8299865722656,426.7200012207031,415.9800109863281,425.9200134277344,3743700,411.29758584555213,362.6643274466414,50.69504616704413,2.6891197135720972,461.036992243846,407.94434727438323,14.6206249768444,147326500,54.490808075885724,20.34865375981359
2020-06-02 00:00:00-04:00,425.8699951171875,427.5899963378906,419.4599914550781,427.30999755859375,3494800,411.92552355978904,363.3075679452678,51.40175081781075,2.452541178123397,460.17427998175503,407.0457273424637,14.157009255842123,150821300,58.90166790377305,20.297189124587252
2020-06-03 00:00:00-04:00,426.95001220703125,427.1000061035156,418.04998779296875,421.9700012207031,4316000,412.3194246445308,363.89127374900346,48.52420891039497,1.8132558236451928,460.14179152423327,405.7648816528501,13.80722357796947,146505300,52.88744547109578,20.35225324627115
2020-06-04 00:00:00-04:00,422.3900146484375,428.7099914550781,410.0299987792969,414.3299865722656,5410500,412.3982702103243,364.3931514885384,44.67112431638674,0.6822674876556789,459.8875516685218,402.8271211830407,14.155278513527454,141094800,44.60583650922982,20.96092942414355
2020-06-05 00:00:00-04:00,407.2900085449219,420.239990234375,404.25,419.6000061035156,5099600,412.68069122574354,364.94247342500586,47.75299356258302,0.20879080539720007,458.3635483971402,401.3711236406202,14.28632935073085,146194400,36.97412393743908,21.88827182557338
2020-06-08 00:00:00-04:00,416.0,420.79998779296875,406.5,419.489990234375,5851500,412.9477225594154,365.4852347862932,47.69326978702792,-0.1733222862797561,453.2753415472545,401.83266219623505,14.287304953747844,140342900,35.03746791666917,22.6787441389917
2020-06-09 00:00:00-04:00,421.6499938964844,434.7300109863281,420.30999755859375,434.04998779296875,6797000,413.77526237249594,366.1674711346183,55.60654469091982,0.690757829317306,448.67314396198896,403.96419327759435,14.35535608219108,147139900,36.38504449105874,21.844712833282607
2020-06-10 00:00:00-04:00,436.0,439.69000244140625,430.54998779296875,434.4800109863281,4896900,414.58721329852864,366.84719789931194,55.81913728634895,1.3941756352602965,443.9132623572146,406.5160752078896,13.982831694065823,152036800,42.82964033189862,20.59815114127401
2020-06-11 00:00:00-04:00,428.20001220703125,445.57000732421875,424.1600036621094,425.55999755859375,7462900,415.0175185636292,367.43140486109587,50.424871999987765,1.2178303877295775,438.1112563770059,409.37007907221283,14.513343977497504,144573900,43.793455753541025,19.96173697720091
2020-06-12 00:00:00-04:00,429.0,434.05999755859375,412.45001220703125,418.07000732421875,6461100,415.13722400522096,367.9352715522712,46.372493035154434,0.4682976493125466,435.470236087671,409.58710033811025,15.02024693278786,138112800,43.313605710009064,20.19638993223012
2020-06-15 00:00:00-04:00,421.3999938964844,426.489990234375,415.4200134277344,425.5,4467900,415.54360737756525,368.5080549199103,50.612567776588605,0.4684261429306389,434.8151266505169,409.7328754653685,14.7380847809202,142580700,50.789650379618244,20.414281961900095
2020-06-16 00:00:00-04:00,425.760009765625,437.9599914550781,425.17999267578125,436.1300048828125,5507900,416.35091708365337,369.1809101434218,55.975585747954405,1.311166222395002,437.3123213107292,410.0836829210416,14.598221495089962,148088600,61.46212034654684,19.47712562024848
2020-06-17 00:00:00-04:00,441.82000732421875,450.4599914550781,439.2200012207031,447.7699890136719,6529600,417.5830375514972,369.9628910277029,60.97316556643379,2.8850363438399427,443.50623776520484,407.6070963819306,14.579061857745367,154618200,62.13479968924193,18.57559120266784
2020-06-18 00:00:00-04:00,448.7300109863281,452.760009765625,442.79998779296875,449.8699951171875,4277600,418.84919275015176,370.75798659078237,61.815351155896956,4.252769417687432,448.4078675231002,407.56279898080606,14.24913043738186,158895800,61.80798176123096,17.907887302929318
2020-06-19 00:00:00-04:00,449.1199951171875,453.9700012207031,445.6000061035156,453.7200012207031,5934500,420.21667543527144,371.58347927366714,63.37576083587527,5.5830135445698374,453.8092110663473,406.6934541354756,13.82919220022512,164830300,63.07826638237131,17.38009431893331
2020-06-22 00:00:00-04:00,455.010009765625,468.5899963378906,454.2099914550781,468.0400085449219,6272100,422.0921002631009,372.54324573407763,68.52743594405177,7.703940284719465,463.0464491223045,403.0722154284767,13.903535265722434,171102400,64.60976705566203,17.888156979755472
2020-06-23 00:00:00-04:00,466.5,474.010009765625,464.5,466.260009765625,5948400,423.82417514555283,373.4757508488194,67.26093962259984,9.13584662825781,469.67635373805524,401.63564577366355,13.589712015715476,165154000,70.74314298764693,18.676466408581515
2020-06-24 00:00:00-04:00,468.5400085449219,472.3599853515625,454.0,457.8500061035156,4826200,425.15852145762983,374.3152956772244,61.47956149112089,9.482714877320348,472.91779292092644,403.178207241834,13.930445825418834,160327800,70.80955986335199,18.40389555345882
2020-06-25 00:00:00-04:00,458.8599853515625,467.010009765625,454.0,465.9100036621094,4134500,426.756618798982,375.22668580642727,64.61840232540466,10.28937539191736,476.49529437490094,406.4780413998386,13.864700392576419,164462300,76.67568586831734,18.150794045130603
2020-06-26 00:00:00-04:00,466.3900146484375,468.0299987792969,442.239990234375,443.3999938964844,6804700,427.40930017535464,375.9050271804577,51.89909848386519,9.008446236672341,476.06984651147377,410.076820968995,14.716508117743953,157657600,68.4870317693146,16.89752401111486
2020-06-29 00:00:00-04:00,445.2300109863281,447.6700134277344,432.1400146484375,447.239990234375,4844000,428.18697429531625,376.61482780785985,53.57779691034936,8.20853340140701,475.44212092412886,414.40454655633994,14.77461459356916,162501600,61.64485052451505,16.387299104939647
2020-06-30 00:00:00-04:00,450.0199890136719,457.5899963378906,447.0,455.0400085449219,4198500,429.24003446196747,377.3951778649451,56.870435300874014,8.110500208790825,476.6430984635676,416.0022384504949,14.475713289592122,166700100,61.3938599781166,15.29002674054169
2020-07-01 00:00:00-04:00,454.0,488.2300109863281,454.0,485.6400146484375,9705900,431.45179839084864,378.4722409175172,66.81473412154338,10.382292351508283,485.0550840149977,414.4115867206794,15.886734553644695,176406000,71.82271184903064,16.012037526594536
2020-07-02 00:00:00-04:00,485.6400146484375,492.2799987792969,475.5299987792969,476.8900146484375,6351500,433.23368922447963,379.4515222481731,62.38525871238943,11.345864060457814,488.3919871987187,417.9186858156042,15.948396371241502,170054500,79.5632788088686,16.86293912957238
2020-07-06 00:00:00-04:00,480.7699890136719,499.5,479.79998779296875,493.80999755859375,7839000,435.60923072777825,380.58941752489375,66.94826311356874,13.321243790382766,493.5900354797905,422.8193028991157,16.424224155550146,177893500,80.60820270741672,17.9673564728692
2020-07-07 00:00:00-04:00,497.30999755859375,504.82000732421875,490.8299865722656,493.1600036621094,5669900,437.86612378402657,381.7095228595924,66.61395105324785,14.665245560941969,497.51975664221624,427.91091555830457,16.250352483864642,172223600,80.8223312836645,19.21624107932269
2020-07-08 00:00:00-04:00,498.5799865722656,505.1000061035156,493.80999755859375,502.7799987792969,5691700,440.41176594070384,382.9142042120273,69.07527529101084,16.318520113481156,504.1984785364502,430.1188595169353,15.942470337974756,177915300,80.79165939356108,20.387962837577756
2020-07-09 00:00:00-04:00,508.3999938964844,510.0,495.7799987792969,507.760009765625,5840500,443.05287354168115,384.15645103345616,70.29611106706051,17.82512048132031,511.7451309849967,430.57087650198247,15.819436829598212,183755800,81.28837550953854,21.69174484112288
2020-07-10 00:00:00-04:00,519.72998046875,555.8800048828125,511.2799987792969,548.72998046875,21605600,447.1970738133309,385.79399859002626,77.993224073292,22.070629879947035,532.1303085278165,423.367030339371,18.12661956442602,205361400,84.729616084164,24.309972989150356
2020-07-13 00:00:00-04:00,567.97998046875,575.3699951171875,520.9600219726562,525.5,18399000,450.26777680104345,387.1841080567922,67.33842256167398,23.2922626776039,540.1521282467436,424.9158771243501,20.718287677290675,186962400,86.65724746156302,27.12231845265608
2020-07-14 00:00:00-04:00,517.0800170898438,525.5,490.489990234375,524.8800048828125,15083300,453.1937465297403,388.55421648292173,67.07504814235347,23.934485200008453,547.0240306229897,425.62264092648945,21.739124969314556,171879100,74.98923481873187,27.65953219653405
2020-07-15 00:00:00-04:00,516.2999877929688,529.0,510.17999267578125,523.260009765625,10066700,455.94144312722597,389.89457263498844,66.34487117852468,24.035662948099457,552.4393790090728,427.80729254040637,21.530616566093425,161812400,79.66641204583269,28.258627065912577
2020-07-16 00:00:00-04:00,526.47998046875,535.5399780273438,504.3599853515625,527.3900146484375,24499000,458.74334789276367,391.2626864858685,67.32154640956017,24.170481653658896,557.1285268012639,432.39014588753827,22.219857716785413,186311400,82.63299022267802,29.00415979423943
2020-07-17 00:00:00-04:00,494.8699951171875,503.5899963378906,484.1400146484375,492.989990234375,24991400,460.08635347478764,392.27489846346566,53.416632827667044,21.256500268532022,557.0276445714352,436.10169299366896,23.72201073701503,161320000,73.50724141350511,28.495647446281257
2020-07-20 00:00:00-04:00,489.1400146484375,504.5,484.20001220703125,502.4100036621094,11940300,461.7461044625258,393.3707701569845,56.091140348130665,19.482681163097652,553.8770240278259,447.1203148393617,23.47758052672601,173260300,77.0967218762651,28.056044216325176
2020-07-21 00:00:00-04:00,506.0,506.2200012207031,488.6099853515625,490.1000061035156,9113700,462.8580221739372,394.33325011665147,51.89786334307488,16.888917885925366,549.0619120165741,457.6500956331655,23.05846876546991,164146600,72.76219277294427,27.713009436851348
2020-07-22 00:00:00-04:00,492.19000244140625,497.20001220703125,487.20001220703125,489.82000732421875,6954100,463.91535492492864,395.2833671037915,51.803000300156334,14.64196478453971,544.3252667625186,467.0240740577938,22.125720996507773,157192500,68.55877558747557,27.304105878027737
2020-07-23 00:00:00-04:00,491.1300048828125,491.8999938964844,472.0199890136719,477.5799865722656,7722000,464.4512228326674,396.1022389392987,47.698476479882096,11.738259533616883,545.0893068229959,465.1853635871603,21.9653127026724,149470500,64.65250811764514,25.997666788864507
2020-07-24 00:00:00-04:00,468.7699890136719,487.1700134277344,467.5400085449219,480.45001220703125,7746200,465.0786263375444,396.9415202653458,48.72438132496704,9.558455361637357,544.6898326366785,466.0595041146236,21.798505001253833,157216700,60.45992728045738,24.529935916982243
2020-07-27 00:00:00-04:00,484.510009765625,496.9200134277344,482.30999755859375,495.6499938964844,7863100,466.2775034967185,397.9236941323223,53.88366597405982,8.954237465807637,544.6786568964048,466.31601269994934,21.417897588357356,165079800,60.91875879127113,23.647771419240893
2020-07-28 00:00:00-04:00,496.0199890136719,497.7900085449219,487.760009765625,488.510009765625,5986700,467.14936648765604,398.82505050678304,51.27383004869822,7.80923340062111,544.8251218271176,465.54954858303853,20.604476244853036,159093100,57.71688468868203,22.871234146773215
2020-07-29 00:00:00-04:00,492.25,494.9200134277344,484.1300048828125,484.4800109863281,6611800,467.82899960525106,399.6773386707586,49.807462510085244,6.501674946635035,544.9307343756977,463.00393766206264,19.903442837715094,152481300,54.3027110101489,21.911544446775842
2020-07-30 00:00:00-04:00,480.7099914550781,488.3500061035156,477.510009765625,485.79998779296875,6608600,468.5337442400635,400.5342804530692,50.30873423359263,5.508438695789607,544.3794014868286,460.62726762124447,19.256053802013348,159089900,45.760168785753,20.590646550572355
2020-07-31 00:00:00-04:00,488.2900085449219,494.79998779296875,484.5,488.8800048828125,5916300,469.331636814289,401.4133423876935,51.52525929162624,4.913187284820879,532.7123993081048,464.31427305517644,18.61633480136731,165006200,40.696435500552504,19.74035586635275
2020-08-03 00:00:00-04:00,490.8599853515625,503.0899963378906,490.2300109863281,498.6199951171875,5873100,470.48019988499095,402.3805727631114,55.255768618985776,5.1678107589143565,527.7459371474089,465.6967345648307,18.30159599091808,170879300,47.605518674656324,19.408627552989792
2020-08-04 00:00:00-04:00,498.6499938964844,510.44000244140625,498.6499938964844,509.6400146484375,5608000,472.0158788953222,403.44783089132363,59.09171424587596,6.187499531606818,523.8382110849739,467.57246192934906,17.83862537186813,176487300,45.76144064611447,19.48151848669317
2020-08-05 00:00:00-04:00,508.67999267578125,510.1000061035156,501.20001220703125,502.1099853515625,4308200,473.19603993282186,404.4295438710275,55.58506374098932,6.31520207876207,518.6258797954043,469.96478996371025,17.200151695055006,172179100,32.00024746305618,19.54920292513202
2020-08-06 00:00:00-04:00,504.1099853515625,510.82000732421875,498.70001220703125,509.0799865722656,3725900,474.6032535265255,405.47084180835327,58.065662662920374,6.899297310478175,511.8426208103479,474.3067118719437,16.83728336806447,175905000,43.07452981287271,19.404066393920896
2020-08-07 00:00:00-04:00,505.45001220703125,508.2900085449219,486.67999267578125,494.7300109863281,5910300,475.39253813279225,406.35899274544755,51.667596089965485,6.133569911827919,511.9765956646355,474.4047397845833,17.234619834380176,169994700,32.57680506430391,18.335337599811744
2020-08-10 00:00:00-04:00,493.3500061035156,497.4599914550781,478.6300048828125,483.3800048828125,4691200,475.7057721229891,407.1253709756701,47.234395840150356,4.558329213324839,510.6162199164534,473.2277823621924,17.348574601371993,165303500,34.30576129805041,17.262576634862885
2020-08-11 00:00:00-04:00,479.75,480.9200134277344,466.54998779296875,466.92999267578125,7329200,475.3616239093731,407.7204418383578,41.655749171332424,1.9599678152093816,512.8629892231452,467.89167793180275,17.311534779119974,157974300,34.274598978150934,17.006641035978046
2020-08-12 00:00:00-04:00,471.3399963378906,482.489990234375,470.17999267578125,475.4700012207031,5439200,475.36587400001355,408.39456680733633,45.269644143284296,0.5831330104094832,513.1086799504117,465.7326530574008,17.186424977653814,163413500,41.542668494265506,16.648975001819597
2020-08-13 00:00:00-04:00,478.3999938964844,484.45001220703125,476.45001220703125,481.3299865722656,3008900,475.5997607675529,409.12029237713665,47.665118957357286,-0.034765888501851805,512.92879672064,466.41253628717254,16.60025254970198,166422400,47.71293083907078,16.16098621138215
2020-08-14 00:00:00-04:00,482.82000732421875,488.3299865722656,480.2099914550781,482.67999267578125,2943500,475.87741692081676,409.85222969354106,48.22731516200712,-0.41078572539117886,512.8673678714053,466.77129586557385,15.994519875950946,169365900,44.18712561366957,15.395032451602924
2020-08-17 00:00:00-04:00,484.19000244140625,486.239990234375,479.1000061035156,482.3500061035156,2423500,476.13124394758927,410.57360060309304,48.09132464432076,-0.7270305580590843,512.0384888093016,465.8268432219483,15.362053037015835,166942400,46.460772883440505,14.765770862566345
2020-08-18 00:00:00-04:00,484.3500061035156,495.29998779296875,482.79998779296875,491.8699951171875,3505500,476.74844987580883,411.382519951492,52.27259479500602,-0.2070861545508933,512.306859029067,466.00647104905795,15.189762226475642,170447900,53.8038977519299,13.974634190487569
2020-08-19 00:00:00-04:00,493.92999267578125,494.5,483.5,484.5299987792969,3156200,477.0536086563378,412.1103555617189,48.995644627536954,-0.3828891228642419,512.3075119686878,466.01248314849977,14.890493496013095,167291700,56.65839833975696,13.240007280700132
2020-08-20 00:00:00-04:00,484.69000244140625,498.94000244140625,483.8900146484375,497.8999938964844,5132500,477.87111395987296,412.9639838038559,54.581030056086306,0.5502892346473232,513.4307650494271,466.5025642148958,14.901885945795641,172424200,56.15065401718632,12.915205090846976
2020-08-21 00:00:00-04:00,496.4599914550781,498.1300048828125,490.0,492.30999755859375,3921300,478.4373446892346,413.7534963785299,52.01625138294321,0.8292151432402761,513.6794592831666,466.71120233792715,14.41818015558256,168502900,48.239843018829625,12.613603057411902
2020-08-24 00:00:00-04:00,495.44000244140625,501.0,483.1600036621094,488.80999755859375,4762200,478.84411538999376,414.500327236043,50.41874927926775,0.7590948135824078,512.5929804048319,466.4896815417827,14.662595597175994,163740700,39.41231299419975,11.751077255932797
2020-08-25 00:00:00-04:00,488.19000244140625,492.4700012207031,485.0899963378906,490.5799865722656,5727700,479.3043456324358,415.25733877172684,51.234398051586766,0.8367022850143258,508.703135103925,467.8381897658667,14.14241054615003,169468400,38.586574426006095,10.95016044027363
2020-08-26 00:00:00-04:00,492.5,549.0399780273438,492.0799865722656,547.530029296875,20373700,481.9798626388844,416.5734849461064,68.93960091842092,5.430994141973713,526.8821294964812,455.71520123268544,17.307952039644896,189842100,52.6215388345859,13.3533668022388
2020-08-27 00:00:00-04:00,537.780029296875,541.0,521.25,526.27001953125,9062900,483.71673153662425,417.6649927529238,60.158686365057996,7.2726636880092315,531.2099660005827,453.67936912311535,17.94881470087562,180779200,50.21865817761788,15.584915566920742
2020-08-28 00:00:00-04:00,532.0,539.0,522.0,523.8900146484375,4417500,485.2921544037542,418.72195814491903,59.248877457861276,8.442829880855356,536.2207332295543,452.55660238242496,17.881042222241646,176361700,50.15534604697211,17.65706799126826
2020-08-31 00:00:00-04:00,521.1599731445312,531.989990234375,517.5800170898438,529.5599975585938,4941400,487.02814825296355,419.8248242087367,60.77099340382405,9.715718499070817,542.2954958521011,452.6391721166488,17.633108716690906,181303100,51.22623611955199,19.14773948667069
2020-09-01 00:00:00-04:00,532.5999755859375,557.3900146484375,532.4500122070312,556.5499877929688,9572700,489.7544949015912,421.18527359763453,67.07527954070557,12.755323121792912,553.9293493948859,452.9546512561557,18.36145931477325,190875800,54.270641458909516,21.437276211497853
2020-09-02 00:00:00-04:00,553.780029296875,556.5,537.3699951171875,552.8400268554688,5886900,492.2284373311551,422.4952711424886,65.51668968626046,14.69546862752344,562.3086087361748,454.89139533283554,18.41992598341668,184988900,56.106155232340825,23.56327459883736
2020-09-03 00:00:00-04:00,545.0,554.0,521.3200073242188,525.75,9071100,493.54300841620784,423.52268137987676,55.39476976124937,13.887028136391393,563.807497991492,459.31517453454967,19.438502175728438,175917800,49.128477244097226,24.11974008773834
2020-09-04 00:00:00-04:00,520.1799926757812,527.3599853515625,485.9800109863281,516.0499877929688,8270100,494.4256350584338,424.44335109542993,52.28021585571462,12.321587710739664,563.7139752255408,463.8580299827926,21.005750189264575,167647700,46.189693835577756,22.409299270724997
2020-09-08 00:00:00-04:00,498.3999938964844,522.0,495.0,507.0199890136719,5572700,494.91953129197253,425.2650091841687,49.49056655296652,10.234344309835194,562.6605806341264,468.20075562889434,21.43391089003139,162075000,41.90120287001445,20.821032797784035
2020-09-09 00:00:00-04:00,519.2100219726562,520.0,492.57000732421875,500.19000244140625,6848100,495.1262164350876,426.01053150513627,47.42911059737095,7.937566712936302,562.281627792492,469.68904278042453,21.86220244615638,155226900,40.41450343211359,19.45434911364162
2020-09-10 00:00:00-04:00,503.3500061035156,506.2900085449219,478.8399963378906,480.6700134277344,6240200,494.55930651323064,426.5544069471522,42.03954189893855,4.490490364270329,562.7578958017598,468.6981100576151,22.2613317147903,148986700,35.381473962482346,18.898498298370335
2020-09-11 00:00:00-04:00,486.489990234375,493.7300109863281,476.80999755859375,482.0299987792969,5035200,494.06796111189993,427.10640288578054,42.52953849276571,1.8471047018872468,563.9182660775214,465.4217404328954,21.879808980000586,154021900,35.05781597647457,18.482754635436063
2020-09-14 00:00:00-04:00,480.6199951171875,488.989990234375,471.29998779296875,476.260009765625,7359100,493.3696100787127,427.5954935015004,40.947861082540534,-0.7052576010920006,565.3774817661683,461.8225263718525,21.5805370843867,146662800,34.31767067641674,18.372686249411288
2020-09-15 00:00:00-04:00,484.0,497.4700012207031,481.6300048828125,495.989990234375,5337000,493.47237008481716,428.276035757549,48.06094076073025,-1.1230329566188857,565.0571842374117,463.10015625738004,21.55406953943609,151999800,39.11469985130492,17.69732237043453
2020-09-16 00:00:00-04:00,499.989990234375,504.6600036621094,483.30999755859375,483.8599853515625,4394900,493.09541382076793,428.82910988286255,44.51109621659949,-2.405187451382915,565.5370051773017,461.72433515472954,21.539493579727484,147604900,23.46091245276814,16.611499928636675
2020-09-17 00:00:00-04:00,475.1600036621094,478.3999938964844,463.2699890136719,470.20001220703125,5379300,492.19755493395473,429.2407606522573,40.851767128164326,-4.471999372469668,561.243752894137,455.7069184925818,21.471672348167708,142225600,24.640749703632366,16.65045958163248
2020-09-18 00:00:00-04:00,472.510009765625,479.3999938964844,458.6000061035156,469.9599914550781,6717700,491.32549362105766,429.64592712790727,40.788314069381464,-6.059480460400323,559.8509748994458,449.59169274378337,21.42369487993921,135507900,24.201108179945663,16.901809380333315
2020-09-21 00:00:00-04:00,467.69000244140625,487.7799987792969,466.32000732421875,487.3500061035156,5457500,491.1695921497815,430.2200970679631,47.18867700027717,-5.846941905366407,557.0395798222603,447.531086681646,21.42628749244913,140965400,29.899884947380613,16.571638819151637
2020-09-22 00:00:00-04:00,489.010009765625,491.82000732421875,479.260009765625,491.1700134277344,3482300,491.16960867048556,430.82656389741356,48.50543953434664,-5.309061348859473,552.7014506034085,446.7505513497165,20.79298106860232,144447700,24.016053777004018,16.00067892938541
2020-09-23 00:00:00-04:00,491.0400085449219,491.0400085449219,469.0,470.6099853515625,3726400,490.3633489324886,431.2224188372558,42.380637080544375,-6.467259034608674,539.1641821797054,448.8291527812321,20.891340522826038,140721300,16.971750261009078,16.010544578015992
2020-09-24 00:00:00-04:00,470.5299987792969,477.0,467.82000732421875,473.0799865722656,3727200,489.6855700164014,431.63891204854946,43.306807073603665,-7.103940781796382,522.1507007315048,455.2079621916723,20.054815676608552,144448500,18.353190300705478,16.080439249426416
2020-09-25 00:00:00-04:00,474.3900146484375,484.8699951171875,468.0299987792969,482.8800048828125,3769400,489.4186851092019,432.1487736687909,46.95031301800126,-6.74004107995637,512.8429152285205,458.7997483456982,19.825185723842985,148217900,24.69586047900323,15.578103540036597
2020-09-28 00:00:00-04:00,489.1099853515625,492.0,477.8800048828125,490.6499938964844,4773500,489.466971728311,432.73087536259885,49.70993119150539,-5.7582967075670695,506.06521887084335,462.19077885051087,19.417672109081877,152991400,31.710504026207857,14.627826310469985
2020-09-29 00:00:00-04:00,489.5,496.2900085449219,486.5299987792969,493.4800109863281,3541500,489.62434581686074,433.3353443737803,50.71554100074077,-4.697745802287955,502.2400713275779,464.2105959901304,18.72783908454924,156532900,38.5925421477306,13.703188814155505
2020-09-30 00:00:00-04:00,492.57000732421875,504.6300048828125,489.2699890136719,500.0299987792969,4634100,490.03241063891704,433.9989727758252,53.055293989380765,-3.2907881374331396,502.1914666781557,464.237866817938,18.487280283448627,161167000,46.58235861655023,13.370831684797944
2020-10-01 00:00:00-04:00,506.0299987792969,529.5499877929688,503.6000061035156,527.510009765625,8153700,491.5021204085919,434.92943085532573,61.346377865235326,0.041168609011208446,515.365055447419,457.30961089372676,19.275330907036,169320700,56.508821956685914,14.324340645779696
2020-10-02 00:00:00-04:00,516.4299926757812,526.3699951171875,502.70001220703125,503.05999755859375,6071200,491.95537049290573,435.6073469419254,52.467432929030046,0.700778549294057,517.8121017025871,457.6665644757982,19.670664239290122,163249500,57.215576383846155,15.141860040499267
2020-10-05 00:00:00-04:00,506.79998779296875,520.989990234375,501.70001220703125,520.6500244140625,4088100,493.0806510388335,436.4535427376681,57.26010777383306,2.612773909219243,524.2103236455482,457.1870111526288,19.64347236700824,167337600,56.54654401572864,15.821084759661991
2020-10-06 00:00:00-04:00,518.719970703125,521.8200073242188,504.1600036621094,505.8699951171875,4199000,493.582193943867,437.1442537066186,52.472567032929035,2.9019670944900327,525.6386416231076,457.07602715944455,19.501796030944035,163138600,56.567088667088406,16.49424399982898
2020-10-07 00:00:00-04:00,518.0,536.489990234375,515.8200073242188,534.6599731445312,7988700,495.1930872458539,438.1145593726675,59.564628362082296,5.392108525649974,534.9232512479422,454.56474924033915,20.295953108532853,171127300,65.90155452906018,17.8163089728895
2020-10-08 00:00:00-04:00,533.47998046875,535.0,524.1500244140625,531.7899780273438,5386500,496.6282594333634,439.0466530906245,58.62546970180966,7.052680024752931,540.710097197518,456.98989873347153,19.62124042834747,165740800,74.69402181803349,19.043940733588553
2020-10-09 00:00:00-04:00,537.8300170898438,544.280029296875,535.0,539.4400024414062,4781300,498.3071513160317,440.04559189013474,60.417005631162034,8.883583516912552,546.8781250360614,460.0858723597718,19.11186977414631,170522100,74.66308797098297,20.58962784739005
2020-10-12 00:00:00-04:00,548.8099975585938,551.8099975585938,538.239990234375,539.8099975585938,5391100,499.93471391377926,441.03827254355224,60.50607750122693,10.246329925908299,552.9883202894066,460.97034263377043,18.716022456294343,175913200,75.53234575567888,22.325517470355063
2020-10-13 00:00:00-04:00,540.5599975585938,557.6500244140625,537.2000122070312,554.0900268554688,5602500,502.0584516761985,442.16316562128276,63.88399771085641,12.336389079990113,561.8853547354844,460.4626433113906,18.839878867061266,181515700,81.1659467874117,24.157628692465153
2020-10-14 00:00:00-04:00,562.6099853515625,572.489990234375,541.0,541.4500122070312,9499000,503.603218755839,443.1510944430315,59.068120230501634,12.824993925848503,563.7305461353079,468.0627888256296,19.743458250440817,172016700,87.10699700561835,26.352252468246565
2020-10-15 00:00:00-04:00,545.52001953125,551.219970703125,535.0999755859375,541.9400024414062,5113100,505.106622037626,444.1340686519706,59.1965320356093,13.10073775339879,564.0278863618964,476.9467840482598,19.484639455208434,177129800,80.74456095374055,27.79505330195594
2020-10-16 00:00:00-04:00,549.5,554.3300170898438,530.030029296875,530.7899780273438,6347400,506.1138124685953,444.99631650645193,54.97038035420962,12.278019570974266,562.4902061737653,484.87246065566177,19.828592907905602,170782400,73.24208591339965,28.638445418726718
2020-10-19 00:00:00-04:00,537.0700073242188,541.7999877929688,525.3800048828125,530.719970703125,7567500,507.07875985034156,445.84928819000095,54.94385749705627,11.487934717615985,560.991429959872,491.71390044377387,19.58512076520922,163214900,65.65067025510693,28.975475805802635
2020-10-20 00:00:00-04:00,528.1400146484375,533.780029296875,522.260009765625,525.4199829101562,10047200,507.798023499746,446.64103639617167,52.864303723731666,10.315214684148373,558.3780958687103,498.58589745811264,19.009042105640702,153167700,56.758929461444055,28.99014226676275
2020-10-21 00:00:00-04:00,501.0299987792969,506.8500061035156,488.25,489.04998779296875,17405700,507.06280641320575,447.06301601206025,41.309678167992736,6.377554481238235,560.7711712289749,494.7288206330043,20.306252163106098,135762000,43.928740603260835,27.315330350341792
2020-10-22 00:00:00-04:00,494.69000244140625,495.1400146484375,482.0,485.2300109863281,6997900,506.2066183572498,447.4427871063316,40.31303202618539,2.9150868906081087,564.1833726021607,485.6792860892456,19.794378054915484,128764100,43.669875366751,26.100934162991113
2020-10-23 00:00:00-04:00,488.1099853515625,490.05999755859375,481.3500061035156,488.2799987792969,4927900,505.50361366791833,447.849127520988,41.52606760235007,0.4124108883785311,565.987602558967,481.90438962853295,19.0026361549271,133692000,39.45852495167809,25.009316570999008
2020-10-26 00:00:00-04:00,487.0299987792969,496.82000732421875,478.8999938964844,488.239990234375,6186100,504.82660882738725,448.25102665246453,41.51414888562846,-1.556266557275194,567.4570269165537,476.11362738032136,18.925305960127616,127505900,44.421703466187594,23.526522825736468
2020-10-27 00:00:00-04:00,490.010009765625,490.489990234375,482.92999267578125,488.92999267578125,3627200,504.20321211555955,448.65579248354237,41.824271243668555,-3.025899500199216,568.6259422906951,472.6860450139925,18.113498217160913,131133100,38.32550463851622,22.14964291942125
2020-10-28 00:00:00-04:00,486.3599853515625,494.0,483.2799987792969,486.239990234375,5992700,503.4987720417877,449.0297646004661,40.913446010611345,-4.357425225733834,567.6574286496556,467.1985609336778,17.585391288842498,125140400,38.40571098950979,20.614499952625494
2020-10-29 00:00:00-04:00,488.5,513.9000244140625,479.3399963378906,504.2099914550781,11120700,503.5266629991716,449.57882158409404,48.91668617519711,-3.917481748353225,565.599924614339,465.5787334260255,18.79786534508031,136261100,41.76663300306962,20.34487471023437
2020-10-30 00:00:00-04:00,502.010009765625,505.8800048828125,472.2099914550781,475.739990234375,7807900,502.4369895574149,449.83913171991776,39.734106564652,-5.799264229568564,563.3107958208509,459.37452725857617,19.860161636698457,128453200,35.824978376324026,19.56992345437978
2020-11-02 00:00:00-05:00,478.8699951171875,486.29998779296875,475.0,484.1199951171875,4408200,501.71867604995504,450.1802348382986,43.11878936351114,-6.539016334119026,558.8849186359065,456.3750707846664,19.24872064786062,132861400,30.788784020249338,18.850325859657655
2020-11-03 00:00:00-05:00,484.92999267578125,495.30999755859375,478.760009765625,487.2200012207031,3690200,501.15010056645497,450.54878972767574,44.36361420250387,-6.7967815549636725,548.8124097641758,457.53157623842844,19.055954015368343,136551600,26.10823224596922,18.727420210259215
2020-11-04 00:00:00-05:00,495.3599853515625,507.7300109863281,493.9800109863281,496.95001220703125,5137300,500.9853912190266,451.010493433938,48.19574490188376,-6.145094950676651,541.0396853397884,459.37096732948237,19.159815140386677,141688900,31.277907515155306,19.272016941260464
2020-11-05 00:00:00-05:00,506.55999755859375,518.72998046875,503.45001220703125,513.760009765625,5372800,501.48635665222656,451.63486673077074,54.080369834784044,-4.2235162395020325,533.5097005275676,463.14361978493235,19.346968934767542,147061700,37.192821072362165,20.28250249122053
2020-11-06 00:00:00-05:00,515.0,515.2100219726562,502.510009765625,514.72998046875,4236300,502.005714448953,452.2626788077656,54.40223395783175,-2.5924980337512125,529.2557050896786,465.25628221500887,18.872186311357805,151298000,38.63434242033688,21.13739088511021
2020-11-09 00:00:00-05:00,485.5400085449219,495.8500061035156,467.260009765625,470.5,10419700,500.77019623526854,452.44414469027544,40.471683620306415,-4.813408160271308,522.426773667796,464.05588420980814,20.91488519648403,140878300,38.89043203990719,19.79114377800744
2020-11-10 00:00:00-05:00,470.95001220703125,484.6000061035156,463.4100036621094,480.239990234375,8306100,499.9650901175865,452.7207202678287,43.8796726856952,-5.721604529471904,514.4047996999559,466.0538591542107,20.934536428264188,149184400,43.08336978130115,18.74907094270609
2020-11-11 00:00:00-05:00,483.0,491.67999267578125,478.260009765625,490.760009765625,5460500,499.6041065743723,453.09922066084164,47.38347400185674,-5.528747083709163,514.5116072935878,466.1750544902664,20.397782605542194,154644900,50.112285593074766,17.457090632679503
2020-11-12 00:00:00-05:00,491.0,496.5199890136719,480.42999267578125,486.7699890136719,5063700,499.10080784650165,453.4342531817653,46.205181144650545,-5.63293453423654,514.5394838469082,466.3525083405919,20.090083586424225,149581200,55.838154903470084,16.537069532546234
2020-11-13 00:00:00-05:00,486.7699890136719,488.94000244140625,477.79998779296875,482.8399963378906,3002700,498.4631289638111,453.72684764103025,45.017742099694594,-5.963873581757753,514.4584386994323,465.70821982921353,19.4507929479966,146578500,50.60332284201013,15.51435596202103
2020-11-16 00:00:00-05:00,480.0,485.5799865722656,477.29998779296875,479.1000061035156,3953600,497.703790812427,453.97931687946294,43.86248851180411,-6.4535387393184465,514.4524599864761,464.4955339913884,18.65287907880376,142624900,50.440382953024795,14.531146017767005
2020-11-17 00:00:00-05:00,480.1199951171875,487.510009765625,478.8500061035156,480.6300048828125,3698100,497.03423057989306,454.24449785462065,44.49006924500068,-6.641583746587912,514.2875255495404,463.5538033892617,17.93910226332559,146323000,49.02591791816394,13.749694423393633
2020-11-18 00:00:00-05:00,481.95001220703125,488.6099853515625,477.7200012207031,481.7900085449219,3629200,496.43641795107067,454.5185825381063,44.99217348634187,-6.620688987253743,514.2124403605106,463.0355576863643,17.43559382529229,149952200,43.66690154843423,12.937641990284812
2020-11-19 00:00:00-05:00,482.0,487.79998779296875,480.4700012207031,484.6700134277344,2254700,495.97499032270457,454.81859677581406,46.291110009493124,-6.299125022910005,511.55705418265416,463.085613460575,16.713764735790384,152206900,50.44657706589336,12.183593302398052
2020-11-20 00:00:00-05:00,485.2200012207031,494.760009765625,481.57000732421875,488.239990234375,4253400,495.67165698590736,455.15114795450626,47.93240929051515,-5.690618068858441,511.58648469134766,464.72284961854814,16.462067429048663,156460300,56.735792705731775,12.020339237284984
2020-11-23 00:00:00-05:00,490.4599914550781,491.1499938964844,475.8399963378906,476.6199951171875,5416600,494.9245329910556,455.3647683242842,43.29471881362938,-6.0759684353588455,511.72100799044205,463.58832631945376,16.37977672401617,151043700,50.13902002642662,11.367069504495557
2020-11-24 00:00:00-05:00,478.8399963378906,484.04998779296875,475.8900146484375,482.8800048828125,3550500,494.45219855543826,455.6385517726278,46.30863187142513,-5.8092653117367945,511.5496850133091,463.18098311820137,15.792647896910106,154594200,43.73432916455748,10.760461895476805
2020-11-25 00:00:00-05:00,485.1300048828125,486.8999938964844,478.9200134277344,485.0,3598600,494.0815241022838,455.93070548633307,47.32961424447873,-5.364990999701888,510.2190037464259,462.918329424147,15.234600223470098,158192800,41.97612762644826,10.443846499443477
2020-11-27 00:00:00-05:00,486.5799865722656,493.25,481.8500061035156,491.3599853515625,2805800,493.97479709245164,456.28323563424584,50.378159061699144,-4.448424077616039,504.0325186967615,466.11814455193644,14.960699771542547,160998600,47.37861871530644,10.675791044493607
2020-11-30 00:00:00-05:00,490.0799865722656,492.54998779296875,481.2699890136719,490.70001220703125,3530900,493.8463741557685,456.6256911225323,50.0543990787611,-3.7322692290769623,494.56566029668505,472.38100718378365,14.697792557810713,157467700,52.83116200650988,10.828857517676196
2020-12-01 00:00:00-05:00,492.3399963378906,509.4700012207031,491.9800109863281,504.5799865722656,5052700,494.2673001328861,457.1028482911864,56.4005318047438,-2.0214118430623103,499.0234111506204,472.46725453948375,14.988663733229368,162520400,65.05860878671206,12.18051315286527
2020-12-02 00:00:00-05:00,501.6199951171875,506.79998779296875,493.5,503.3800048828125,3028400,494.62466110347145,457.5633175110036,55.74111771934956,-0.753685514795734,502.8325868714518,471.7434141051107,14.868044023210754,159492000,57.60995346921239,13.43562195696941
2020-12-03 00:00:00-05:00,502.989990234375,508.7699890136719,496.0400085449219,497.5199890136719,2826100,494.7382033744597,457.9608963319257,52.51229026800054,-0.21932928118735617,504.0336169293446,471.44371461362414,14.715325197892128,156665900,50.06119672748947,14.729317926077826
2020-12-04 00:00:00-05:00,497.5,504.5,493.6400146484375,498.30999755859375,3666200,494.87827373462187,458.3623799262209,52.90832292659901,0.26484599124819397,505.61672630480047,471.39927304415784,14.439943780297154,160332100,49.306098760930006,15.625768743525315
2020-12-07 00:00:00-05:00,500.010009765625,517.760009765625,497.7699890136719,515.780029296875,4289300,495.69795042333766,458.9336998204563,60.71135536172354,2.0347881696716854,512.2258229165158,469.18218082697376,14.836377849701153,164621400,57.383317538758476,17.298631834658135
2020-12-08 00:00:00-05:00,517.9000244140625,521.489990234375,505.54998779296875,512.6599731445312,4229000,496.3631277849531,459.46828960477546,58.83628362627843,3.149413167170792,516.0888894036417,469.7937766119832,14.915208177680087,160392400,58.023953017849735,19.05543795450813
2020-12-09 00:00:00-05:00,510.5299987792969,514.5,491.2900085449219,493.6000061035156,4178800,496.2547700719556,459.8079086744147,48.90043246135737,2.466350900775069,515.9987039497202,471.6132955619986,15.507692697494234,156213600,50.55332268173647,19.05157102206319
2020-12-10 00:00:00-05:00,494.55999755859375,503.7699890136719,492.9100036621094,501.0899963378906,3018200,496.4443867882668,460.2186757158423,52.308766774299286,2.500573691944794,516.5761499571411,473.60918126030685,15.175713601356252,159231800,45.63744059477841,19.0479802990786
2020-12-11 00:00:00-05:00,495.0,503.3399963378906,494.8500061035156,503.2200012207031,3210900,496.71009715816626,460.6465496014628,53.26346368310254,2.6688047732059204,517.4022660349335,475.25639688824356,14.698161932286164,162442700,44.656148467376845,19.044646056307194
2020-12-14 00:00:00-05:00,505.44000244140625,524.1599731445312,501.17999267578125,522.4199829101562,5770400,497.71832797196976,461.26121062941,60.86787052978755,4.301818492746293,522.8438223710306,474.3721729089173,15.289720399176437,168213100,55.3138000393068,20.356758663476857
2020-12-15 00:00:00-05:00,518.5,524.7000122070312,513.5599975585938,519.780029296875,3394900,498.5834927298092,461.8434874320714,59.43588793015896,5.321627033289701,524.8277339720084,478.1429325318978,14.993312845552227,164818200,61.866893511495164,21.603356976930247
2020-12-16 00:00:00-05:00,520.1099853515625,527.3800048828125,517.6900024414062,524.8300170898438,3682400,499.61276819490865,462.47021907045723,61.31095315253176,6.462825035339222,528.0853593328742,480.47864213196954,14.6145049595418,168500600,62.1342998749299,22.905827432566376
2020-12-17 00:00:00-05:00,529.0,535.489990234375,526.4400024414062,532.9000244140625,3193400,500.9181507917382,463.1710131534782,64.16189115453946,7.927036874371652,532.8734167604432,482.0772546262756,14.332038401326761,171694000,62.59251263834757,24.528218841784366
2020-12-18 00:00:00-05:00,533.2000122070312,536.3699951171875,526.02001953125,534.4500122070312,4502700,502.23312574920067,463.8802569251554,64.69993086566865,9.107520539441737,537.4927016191101,483.2033066816712,14.04760534308467,176196700,69.74417053821747,26.07785960633418
2020-12-21 00:00:00-05:00,530.0499877929688,532.6199951171875,521.1500244140625,528.9099731445312,3894000,503.27927662744895,464.5273187780845,61.16530366430853,9.48667105792174,539.3493173163997,486.44135244271473,13.994204089504962,172302700,61.637292511757686,26.8684865797182
2020-12-22 00:00:00-05:00,527.6900024414062,530.4000244140625,520.5,527.3300170898438,1906600,504.2224429200919,465.1522212488483,60.155968541112166,9.549579715526022,541.3885871261502,487.4354200353082,13.701762684116215,170396100,62.82928166400775,27.516005917185815
2020-12-23 00:00:00-05:00,524.760009765625,526.3200073242188,514.2000122070312,514.47998046875,2393200,504.62469929454915,465.64304472367326,52.559289513563044,8.46496585965258,541.4786469395555,488.8253569666946,13.66092284116595,168002900,63.24442347118584,27.29676637964412
2020-12-24 00:00:00-05:00,515.1199951171875,519.3499755859375,512.2100219726562,513.969970703125,1144000,504.99118052625806,466.1239096587922,52.27711649225886,7.478045782042045,540.8606703081255,491.63666449005154,13.195139324888473,166858900,66.35359219846559,26.844801354013565
2020-12-28 00:00:00-05:00,516.4299926757812,523.6599731445312,507.1300048828125,519.1199951171875,2891900,505.5452516866867,466.65123389220906,54.90959948774935,7.030426064442793,540.3172311318393,494.9547700074835,13.433341391804921,169750800,65.39925372524286,25.80870331436906
2020-12-29 00:00:00-05:00,519.9000244140625,536.5499877929688,515.47998046875,530.8699951171875,4022400,506.53837888003966,467.2902265412138,60.29149974303626,7.536929977270233,542.2253643803762,495.05863220165503,13.978817529834481,173773200,65.33121685857805,25.868093360776225
2020-12-30 00:00:00-05:00,530.1300048828125,533.260009765625,523.6900024414062,524.5900268554688,1876300,507.246286643782,467.86037380802236,56.415746188251916,7.346906458154422,542.9646971041682,495.9099733059881,13.663902515147644,171896900,68.40486611688175,25.92324126101145
2020-12-31 00:00:00-05:00,525.530029296875,545.5,523.1500244140625,540.72998046875,5392300,508.5593726761337,468.58544452106446,62.99903147811166,8.401819870070085,543.955268317297,501.2033986748905,14.284336305918348,177289200,76.26110645406544,26.772489921700558
2021-01-04 00:00:00-05:00,539.0,540.7999877929688,515.0900268554688,522.8599853515625,4444400,509.12018101634663,469.1254897034575,53.38436962589567,7.70704507096832,542.0690057821629,505.99232641184756,15.100452351031324,172844800,67.76574269369564,26.601559263479043
2021-01-05 00:00:00-05:00,521.5499877929688,526.780029296875,515.8900146484375,520.7999877929688,3133900,509.57821265464554,469.63966381380095,52.39173397429796,6.910545977870129,539.5964708225221,510.8088595811238,14.799706800846051,169710900,59.20632760010673,26.442837937987637
2021-01-06 00:00:00-05:00,511.9700012207031,513.0999755859375,499.5,500.489990234375,5346200,509.2218117754192,469.94663223589623,43.753642257915025,4.587584820735856,542.6991641935944,504.7821671866139,15.264012585997673,164364700,49.971366944886455,24.634861753578743
2021-01-07 00:00:00-05:00,508.2799987792969,516.4400024414062,506.4200134277344,508.8900146484375,3686400,509.20880012338074,470.33412857830956,47.60158457346089,3.385408256914957,543.3110783875752,502.71825103950823,15.313012558928643,168051100,49.88185415193144,23.234298934005107
2021-01-08 00:00:00-05:00,511.30999755859375,513.239990234375,504.510009765625,510.3999938964844,2973900,509.2555136046789,470.73279390485857,48.2864630287427,2.5254060656526462,543.2611158284723,500.8442105061632,14.84279598105874,171025000,43.41663339054183,21.756043638490578
2021-01-11 00:00:00-05:00,507.8399963378906,510.7300109863281,497.95001220703125,499.1000061035156,3806200,508.85725840855486,471.0150547227557,43.68477537786442,0.9214120911145756,543.0070325763279,496.59162465023456,14.695453323790035,167218800,34.44161792968279,20.61080577565267
2021-01-12 00:00:00-05:00,500.0,501.0899963378906,485.6700134277344,494.25,5990400,508.28442474547427,471.2462482081014,41.841671707727144,-0.732673841252506,542.1533329899243,492.085322609034,14.747205437101908,161228400,33.21078592617188,20.488310743968878
2021-01-13 00:00:00-05:00,495.5,512.3499755859375,493.010009765625,507.7900085449219,5032100,508.2650358748644,471.60986771394045,48.38845350379997,-0.9401459118454909,540.306236566159,491.11642375285146,15.075259750188378,166260500,40.7784394032796,19.34486196155787
2021-01-14 00:00:00-05:00,507.3500061035156,514.5,499.5799865722656,500.8599853515625,4177400,507.97464173669573,471.90091366058346,45.561526153760454,-1.644803704380422,538.7513278586601,489.141994895246,15.06417072715595,162083100,47.121244229731246,18.101547434910852
2021-01-15 00:00:00-05:00,500.0,506.32000732421875,495.1000061035156,497.9800109863281,5895800,507.5826954327598,472.16040716631227,44.400611028675144,-2.4078833635147703,538.8915867035402,486.80174011937646,14.789587190980749,156187300,43.422037469053315,17.309596592214195
2021-01-19 00:00:00-05:00,501.0,509.25,493.5400085449219,501.7699890136719,12315800,507.35474616142307,472.45502987126116,46.33836596956965,-2.675963101526918,538.6429830284826,485.4236795691736,14.855330352701989,168503100,51.05446145906049,16.305344365083194
2021-01-20 00:00:00-05:00,565.4199829101562,593.2899780273438,556.8599853515625,586.3400268554688,32637500,510.4522081494249,473.58821392085525,70.79665121678357,3.89082602674398,562.1956024032254,470.83373109286845,20.331377399914125,201140600,66.99800418889183,18.748913133022764
2021-01-21 00:00:00-05:00,582.4500122070312,588.75,570.4000244140625,579.8400268554688,11802100,513.1732990790737,474.6454458903539,68.22285865838509,8.47288786767706,575.0832459529173,464.4754251082805,20.189848698915796,189338500,72.09190859457667,21.017941274680936
2021-01-22 00:00:00-05:00,582.0999755859375,583.989990234375,564.3499755859375,565.1699829101562,7550800,515.2123847195083,475.54618755224254,62.68400016355583,10.79600531587414,582.2549937669704,462.7143381015193,20.150574838167348,181787700,65.42582533019197,22.67695107600914
2021-01-25 00:00:00-05:00,567.0,569.75,548.6500244140625,556.780029296875,7207300,516.8424884284248,476.354484485025,59.69883057180247,11.823796130172695,585.1402782786714,461.96906010023474,20.21838917729379,174580400,63.6010715707284,23.142898671438182
2021-01-26 00:00:00-05:00,554.72998046875,567.989990234375,554.0599975585938,561.9299926757812,5023800,518.6106258498897,477.2059820789629,60.92881099262416,12.905124517696436,590.6436924380816,461.67498025072035,19.769217998614323,179604200,66.9523417220282,23.57556429576515
2021-01-27 00:00:00-05:00,550.7100219726562,556.4199829101562,515.72998046875,523.280029296875,8670300,518.7937397105559,477.6644303099869,48.87338416451538,10.522064215385512,590.7659189251566,461.8834259641663,21.6571318706441,170933900,64.93497793653256,21.909810828096745
2021-01-28 00:00:00-05:00,535.8800048828125,553.1500244140625,530.739990234375,538.5999755859375,5969000,519.5704548429238,478.27075414357853,52.85524528094373,9.757188591729346,592.0243036317197,465.7063726378115,22.243764959682917,176902900,65.6623768202724,20.36303975097608
2021-01-29 00:00:00-05:00,538.0,541.0,530.1799926757812,532.3900146484375,4325300,520.0731826784341,478.8092542481045,51.11734962233009,8.551352531551743,592.690710408271,468.1732991945936,21.42778227143548,172577600,64.86550165831812,18.954168336995
2021-02-01 00:00:00-05:00,536.7899780273438,545.0599975585938,531.72998046875,539.0399780273438,3547500,520.8169785744699,479.40856493247503,52.90318813197412,8.039639277803303,593.7767917383143,470.9058824153315,20.84937047275036,176125100,67.77685064019566,17.764343008232512
2021-02-02 00:00:00-05:00,542.010009765625,555.47998046875,538.9299926757812,548.1599731445312,3767600,521.8892528713351,480.0926585465254,55.31429304231641,8.274625492587347,594.8031406501702,476.4208624422776,20.542271709908814,179892700,71.89668598858555,17.18015373705787
2021-02-03 00:00:00-05:00,550.1699829101562,550.47998046875,538.239990234375,539.4500122070312,3172300,522.5779101001859,480.6832789809583,52.5474620712911,7.6696220761922405,593.5341776535232,483.7164937331955,19.94925160451354,176720400,68.84659324022947,16.596268200660766
2021-02-04 00:00:00-05:00,539.8099975585938,559.47998046875,537.510009765625,552.1599731445312,5164500,523.7379910038858,481.394489868158,56.005696282277626,8.122113467749273,594.2642627867527,488.902403879914,20.09358868298579,181884900,69.1978617705052,16.503815780887447
2021-02-05 00:00:00-05:00,552.260009765625,554.4400024414062,545.47998046875,550.7899780273438,2376200,524.7988532400998,482.0849922379012,55.5358799585216,8.274782457851757,592.9882505803589,496.83574844307844,19.29833391796225,179508700,73.07006763345005,16.41796710538365
2021-02-08 00:00:00-05:00,555.0,555.0,543.7000122070312,547.9199829101562,2791700,525.705564207553,482.74006677195354,54.504368549461034,8.071149919861796,589.253985558665,507.2286763879495,18.727023480462712,176717000,68.30589379173918,16.20958198128453
2021-02-09 00:00:00-05:00,546.0,566.0,543.0,559.0700073242188,3703500,527.01397374154,483.499568667996,57.78492340160557,8.70909047817247,584.910199667569,519.2124647204519,19.032236089001092,180420500,55.47645433507137,16.597990058757027
2021-02-10 00:00:00-05:00,562.5,566.6500244140625,553.4600219726562,563.5900268554688,3991300,528.4483287656157,484.29648864996096,59.07327320477568,9.470223921186061,578.686250793493,522.4030802611946,18.61493368560146,184411800,49.93692347426883,16.991999028008788
2021-02-11 00:00:00-05:00,564.4400024414062,565.9299926757812,554.219970703125,557.5900268554688,2730600,529.5911404554138,485.02577758732923,56.60378307828921,9.479998283419604,572.8841382648134,525.2385261232075,18.121725706105373,181681200,54.00493577392967,17.35786449945685
2021-02-12 00:00:00-05:00,556.9400024414062,561.25,550.8499755859375,556.52001953125,2197100,530.647174928976,485.7371630793086,56.1529569557025,9.294265381432297,571.1084200804639,525.8609158570362,17.570175613816595,179484100,58.825893908332056,17.395937135770346
2021-02-16 00:00:00-05:00,557.2899780273438,563.6300048828125,552.72998046875,557.280029296875,2624100,531.6916005904623,486.4490323949063,56.41846837815352,9.103458155977137,571.191961657272,525.8440409468947,17.093736242405587,182108200,56.9670655355853,17.581604539303118
2021-02-17 00:00:00-05:00,550.989990234375,555.25,543.030029296875,551.3400268554688,2069600,532.4621271106586,487.0947139318273,53.68239994148484,8.376375854029902,569.4052902972682,526.2187168641902,16.8906122250909,180038600,64.41468893937953,16.88734101166181
2021-02-18 00:00:00-05:00,549.0,550.0,538.22998046875,548.219970703125,2456200,533.0800817613435,487.70292544198946,52.249074735623246,7.462373834892446,566.6435884985099,532.3057441837818,16.62057180806432,177582400,56.2618487408439,15.848733011075083
2021-02-19 00:00:00-05:00,548.0,548.989990234375,538.8099975585938,540.219970703125,2841500,533.3600774061193,488.2254831062794,48.661426063390905,6.023057451409954,566.4950686721116,532.6702633591384,16.16053044147267,174740900,58.073922531856205,14.88431129624455
2021-02-22 00:00:00-05:00,534.989990234375,541.7899780273438,530.7899780273438,533.780029296875,3078600,533.3765461077177,488.67876217285254,45.92753590896657,4.3130215692495995,566.2211679414875,533.1294993762208,15.79192112422462,171662300,50.63688769145478,14.312538609460654
2021-02-23 00:00:00-05:00,525.0,548.5399780273438,518.280029296875,546.1500244140625,4136500,533.8774668256136,489.2506155284865,51.557377447673396,3.9108788610163856,565.8342696683349,534.4644038342692,16.825351667527773,175798800,50.971091529321264,14.656384828920904
2021-02-24 00:00:00-05:00,539.7999877929688,556.8499755859375,539.0700073242188,553.4099731445312,3245000,534.6434474655713,489.8890170968054,54.54838841681811,4.130382576813872,566.2253312353677,534.7733422672364,16.893538567112845,179043800,58.31267428685419,14.243958370775001
2021-02-25 00:00:00-05:00,550.27001953125,556.47998046875,535.75,546.7000122070312,4252900,535.1162539260207,490.45430063024054,51.390174293896756,3.720020996435096,565.73614661834,536.2291935509309,17.1675701315155,174790900,47.44266615072999,14.09320007299615
2021-02-26 00:00:00-05:00,546.510009765625,553.0900268554688,538.0,538.8499755859375,3755600,535.2626743832724,490.93584963477485,47.896369646896474,2.729905486519101,566.0138782445115,534.1767955836135,17.019174183226447,171035300,40.5701859145652,13.953210225058646
2021-03-01 00:00:00-05:00,545.5700073242188,552.1400146484375,542.0,550.6400146484375,3041400,535.8657073348475,491.5299209284432,53.05822980897752,2.863579864231383,566.0023113549829,534.1683673559545,16.752807388888844,174076700,47.22844760811666,13.82321965197382
2021-03-02 00:00:00-05:00,553.3400268554688,556.989990234375,546.02001953125,547.8200073242188,3042200,536.334503412862,492.0900212905902,51.73794655611734,2.710719264048521,565.9993508971743,534.1579977356382,16.33974762562,171034500,46.375637528690206,13.212986355255069
2021-03-03 00:00:00-05:00,545.9299926757812,548.010009765625,517.8099975585938,520.7000122070312,5362400,535.7213861106726,492.37469781712196,41.13648793056954,0.3966468840264952,568.3988359180563,526.6425133657978,17.329766524292232,165672100,36.075629445493206,14.519439476491085
2021-03-04 00:00:00-05:00,521.5,531.5,507.67999267578125,511.2900085449219,5034800,534.7632928728001,492.5629098641648,38.21080354185153,-2.171548542130836,569.8884730840606,518.1795404250539,17.793355152858414,160637300,34.55509857061125,16.20573327382854
2021-03-05 00:00:00-05:00,511.9800109863281,517.760009765625,498.7900085449219,516.3900146484375,5070000,534.0427721581193,492.7999954839088,40.6735201034248,-3.7520823800975904,569.448599872297,513.1260786758802,17.87740130056161,165707300,32.795310596593254,18.141684411399734
2021-03-08 00:00:00-05:00,514.4600219726562,518.8400268554688,492.8500061035156,493.3299865722656,3981800,532.4461923312231,492.8052690270765,34.06270722432724,-6.7871799927849,572.7608458484358,501.3884949718768,18.456874118518147,161725500,26.815510118109657,20.169498364461795
2021-03-09 00:00:00-05:00,507.30999755859375,513.1099853515625,503.82000732421875,506.44000244140625,3470000,531.4263417473087,492.94093801627383,40.03034836588136,-8.04194546053975,570.6846115150449,496.6860590578717,18.551383022859486,165195500,32.50437671889456,22.05246846373371
2021-03-10 00:00:00-05:00,513.5,518.969970703125,504.25,504.5400085449219,3771500,530.3719757393719,493.0563516533748,39.47277386326358,-9.084944181029641,568.9503831608163,492.18028497069423,18.277710714307023,161424000,38.55710588382517,23.161888705432183
2021-03-11 00:00:00-05:00,512.2000122070312,530.239990234375,510.7099914550781,523.0599975585938,4714500,530.0852314969885,493.35489539372526,47.19374776011599,-8.321198252333943,566.2251591448469,491.550845900726,18.807872926817456,166138500,45.68484779964215,23.088816532398404
2021-03-12 00:00:00-05:00,512.5,526.510009765625,506.5899963378906,518.02001953125,3981700,529.6120859297047,493.6003195144967,45.493005345904514,-8.030042871607407,564.5907291436342,490.22528241235545,18.887311534025805,162156800,45.0588289851052,23.256359891054053
2021-03-15 00:00:00-04:00,516.3200073242188,520.72998046875,508.0299987792969,520.25,3484300,529.2449453050104,493.8654904646012,46.41317769632623,-7.532529041660837,563.683097806558,489.3289098431817,18.445359402270615,165641100,38.17210276512502,23.41193586694859
2021-03-16 00:00:00-04:00,524.469970703125,533.4199829101562,523.2100219726562,524.030029296875,3238900,529.0404387948875,494.1656351295989,48.01521270918589,-6.755357418542758,560.6988184008518,489.36385656659616,18.068546795691017,168880000,38.009339510615725,22.379659761147707
2021-03-17 00:00:00-04:00,522.0,528.3699951171875,514.2999877929688,524.4400024414062,2817400,528.8600295261235,494.46687261528854,48.19610553195853,-6.0367737317093315,555.3890613506096,490.81095085642164,17.782936833442996,171697400,39.1418203949332,22.00857670131359
2021-03-18 00:00:00-04:00,516.4000244140625,517.9000244140625,503.8500061035156,504.7900085449219,4094500,527.9161071347038,494.5695903857327,40.85757156390568,-6.97250655306425,551.1643304838387,489.44768123491116,17.983441083760685,167602900,39.08302075385345,22.269832785380736
2021-03-19 00:00:00-04:00,504.9599914550781,513.1900024414062,501.6300048828125,512.1799926757812,4386400,527.2990046069029,494.7448182692158,44.29294036611113,-7.03665739066048,547.9473649009124,489.1086490964835,17.524623689105905,171989300,40.26242424404087,22.633988021528904
2021-03-22 00:00:00-04:00,509.1300048828125,529.3099975585938,509.1300048828125,523.1099853515625,3360600,527.1347293419876,495.02705873769685,49.01048625346889,-6.1348199429522765,540.8306444456355,492.55469897884365,17.71429290243986,175349900,40.41590388683389,21.590677937730316
2021-03-23 00:00:00-04:00,529.8699951171875,543.1199951171875,529.4000244140625,535.0900268554688,5583500,527.4467017934967,495.4256952363812,53.64423794333713,-4.402666837536572,536.1329500641588,495.55506263115365,17.878272678381656,180933400,50.369948528820046,20.423248546298876
2021-03-24 00:00:00-04:00,533.780029296875,534.4199829101562,520.0,520.8099975585938,4102200,527.1864388823241,495.67827535899033,48.04007189316103,-4.134541620935465,536.1473751555294,495.55530225332484,17.679112262459306,176831200,51.148947625622895,19.210869287400506
2021-03-25 00:00:00-04:00,516.989990234375,518.530029296875,497.0,502.8599853515625,4926800,526.2324603124903,495.74973515991144,42.08801959115117,-5.30926452904896,536.5054690811048,494.0732052353015,18.117032640754623,171904400,51.320867472629985,19.318185628632285
2021-03-26 00:00:00-04:00,502.82000732421875,508.7200012207031,496.67999267578125,508.04998779296875,3467800,525.5194221744698,495.87212573337473,44.239213112236556,-5.755109751999498,536.2400820306477,493.22658870502937,17.682959491052284,175372200,51.76561303383497,19.432968640231365
2021-03-29 00:00:00-04:00,505.6600036621094,518.0,504.3999938964844,513.9500122070312,3330000,525.0657198228056,496.0520052007743,46.664688277482604,-5.568176172824792,534.355853870249,497.86015361673014,17.391319963371092,178702200,51.66993061576378,18.874307333690865
2021-03-30 00:00:00-04:00,510.510009765625,514.4099731445312,506.9100036621094,513.3900146484375,2418100,524.6078490316539,496.2245227077163,46.45812807363712,-5.402935411218664,534.154566005301,498.9881097759491,16.684794929017578,176284100,46.050055345741846,18.35555040618897
2021-03-31 00:00:00-04:00,515.6699829101562,528.1300048828125,515.4400024414062,521.6599731445312,3503100,524.4922460556884,496.4776117667891,49.979471936290125,-4.552189573676742,534.2130845601972,501.21225316766737,16.54588030797168,179787200,44.803013162036635,17.145030560975226
2021-04-01 00:00:00-04:00,529.9299926757812,540.5,527.030029296875,539.4199829101562,3938600,525.0776475009617,496.9048990418475,56.58330649800555,-2.4170210920351565,538.4383999713276,499.1682691367454,16.709747918507183,183725800,52.44393153989334,16.737471515966458
2021-04-05 00:00:00-04:00,540.010009765625,542.8499755859375,529.22998046875,540.6699829101562,3355900,525.6891116346555,497.340372513174,57.01346827266919,-0.6169087934039226,542.7578982896556,497.8687659356048,16.48905128984149,187081700,59.03864820768885,16.488010748332368
2021-04-06 00:00:00-04:00,544.8099975585938,554.1699829101562,543.2999877929688,544.530029296875,3474200,526.427971150821,497.80992133689244,58.38465243909665,1.108389828035797,547.4204956838163,496.44350578102757,16.275547626281384,190555900,59.32899713958237,16.84915495088911
2021-04-07 00:00:00-04:00,543.5,549.6400146484375,541.4500122070312,546.989990234375,2151300,527.2343248403722,498.2992752562704,59.27617495648647,2.643724494228877,551.8626403008574,495.06268928898646,15.698008684504588,192707200,59.97659782961064,17.040758875670583
2021-04-08 00:00:00-04:00,551.1300048828125,556.9000244140625,547.5700073242188,554.5800170898438,4309800,528.3067049285868,498.859282637699,61.98239629992566,4.421966338044626,557.8504604320793,493.09353777755604,15.28458193416051,197017000,67.9851516641565,17.59457011972415
2021-04-09 00:00:00-04:00,552.6900024414062,556.9000244140625,547.1099853515625,555.3099975585938,2894000,529.3656575807439,499.4209812936283,62.24227648364652,5.823015041241661,562.4009994477133,495.27899729707843,14.892114586184759,199911000,67.23250645079699,18.069220639187996
2021-04-12 00:00:00-04:00,551.0499877929688,557.97998046875,549.5800170898438,552.780029296875,2944100,530.2838682362785,499.95191709465564,60.69374208617562,6.6525227959028825,565.837410255977,497.25592470496036,14.42838949995058,196966900,67.08577007137072,18.570075869701846
2021-04-13 00:00:00-04:00,557.0,559.75,550.2999877929688,553.72998046875,2720300,531.2033236179441,500.4870222028556,61.0852321335258,7.302389388953316,569.2451552202388,497.93084575632383,14.072791121884913,199687200,65.15438492916734,19.138054007033695
2021-04-14 00:00:00-04:00,554.8699951171875,554.8699951171875,538.530029296875,540.02001953125,3740300,531.5490763988581,500.8803853603521,52.89668096926683,6.6346539168253,569.7137504485597,498.1195828847736,14.234732171772597,195946900,65.45857898231856,18.571664133127104
2021-04-15 00:00:00-04:00,544.1699829101562,553.489990234375,542.6599731445312,549.219970703125,3139100,532.2420526460843,501.3613762592852,57.05674300300589,6.769789991782545,571.6397589326942,499.98157081990996,14.180106352583483,199086000,74.58927384585698,18.04573067878527
2021-04-16 00:00:00-04:00,550.5399780273438,551.97998046875,539.510009765625,546.5399780273438,3209100,532.8027556022121,501.8109145853355,55.518521227768275,6.584728640569551,570.2023496494248,507.2429791266168,14.057953806193591,195876900,74.58085439544722,17.26976030493258
2021-04-19 00:00:00-04:00,546.9000244140625,556.4400024414062,545.530029296875,554.4400024414062,4288700,533.651275086102,502.33458710131634,59.025291827261,6.994899288569286,569.5228155897715,514.1078484727285,13.833098044646281,200165600,75.25307939076649,16.896085537323422
2021-04-20 00:00:00-04:00,554.4199829101562,563.5599975585938,546.2999877929688,549.5700073242188,11257600,534.27553909544,502.8045912826388,56.089697668689,6.848054467385282,567.7298412255293,520.6501555192624,14.077877453287618,188908000,83.48036925975029,17.06760266095431
2021-04-21 00:00:00-04:00,508.0,515.4600219726562,503.6000061035156,508.8999938964844,22897400,533.2804196758732,502.8652420549159,38.75500510504987,3.4106330438190753,569.0481259295082,518.7332013816897,16.355886293817296,166010600,58.31087048235526,17.432761039457983
2021-04-22 00:00:00-04:00,513.8200073242188,513.9600219726562,500.54998779296875,508.7799987792969,9061100,532.3196188563995,502.924095355656,38.716985419439276,0.6690567277586297,571.7878109106422,514.2761864851913,16.145468285665167,156949500,49.903331146670666,17.9166269277606
2021-04-23 00:00:00-04:00,509.010009765625,509.70001220703125,500.70001220703125,505.54998779296875,7307700,531.2698294029317,502.9502236386144,37.64638092102691,-1.7441911965856889,575.0911038179046,506.4568942289703,15.635077693831942,149641800,43.69773006120442,18.36593096689874
2021-04-26 00:00:00-04:00,506.760009765625,510.4800109863281,503.0,510.29998779296875,4388800,530.4474826731292,503.0233556202498,40.26245012584286,-3.2361183031621295,576.2847532509849,501.21391211359844,15.05257292901024,154030600,44.111460974074,18.715125830572806
2021-04-27 00:00:00-04:00,512.6199951171875,512.989990234375,504.5799865722656,505.54998779296875,3761300,529.4711103248876,503.04849623888384,38.521925265793634,-4.747045599731564,576.9783925352552,495.32293396214067,14.578103695660179,150269300,43.39612261132093,18.81153176860709
2021-04-28 00:00:00-04:00,505.20001220703125,508.3999938964844,503.3399963378906,506.5199890136719,3193000,528.5710663518987,503.08303845554843,39.10089293206213,-5.799344146677413,576.3546781150081,490.5506482196273,13.898238971584005,153462300,38.79425068217062,18.978599596063226
2021-04-29 00:00:00-04:00,507.6000061035156,509.2900085449219,499.0,509.0,5127800,527.8035735537851,503.14191369479676,40.64008677148757,-6.359869548974302,573.3565956437943,487.4713950788619,13.640508226822424,158590100,34.43433591815106,19.408020750012238
2021-04-30 00:00:00-04:00,505.0,514.5499877929688,505.0,513.469970703125,4413200,527.2414714812102,503.24468043119805,43.41603598177149,-6.36997162233115,569.1484177299411,486.1009027453194,13.348328195832876,163003300,35.322930215767,19.273190407896212
2021-05-03 00:00:00-04:00,512.6500244140625,518.9500122070312,505.20001220703125,509.1099853515625,4091900,526.5304328094593,503.3030416741868,41.38317757621259,-6.653099182238748,564.8753177735074,484.5513301757113,13.37701903898767,158911400,36.12891493314344,18.719130669340274
2021-05-04 00:00:00-04:00,510.7799987792969,511.6300048828125,496.7900085449219,503.17999267578125,4349500,525.6147292748053,503.30181730604346,38.72718588784895,-7.272151823741524,559.6406219328551,483.0460276439678,13.48151741748074,154561900,36.00948263930244,18.80604953738083
2021-05-05 00:00:00-04:00,504.989990234375,507.7799987792969,494.6300048828125,496.0799865722656,3129400,524.4565040707841,503.2299582937671,35.767279134823795,-8.240673305270661,557.2667484517423,479.5612300638829,13.457837165981001,151432500,32.449075960917256,19.033416084794247
2021-05-06 00:00:00-04:00,495.989990234375,499.54998779296875,491.3699951171875,499.54998779296875,3783700,523.4797779422423,503.1933416718686,38.25124643229783,-8.628766410740127,551.2620508959299,478.9432632316743,13.080848273823875,155216200,32.36073396908692,19.46750482415927
2021-05-07 00:00:00-04:00,504.6199951171875,508.54998779296875,501.1199951171875,503.8399963378906,3132800,522.7095904283461,503.1997760466549,41.27486359753232,-8.492271536390604,544.5881074306321,479.92387580504493,12.789359111407885,158349000,31.20519026458308,18.92049887588723
2021-05-10 00:00:00-04:00,502.0,503.1499938964844,486.1099853515625,486.69000244140625,5131600,521.2970575661133,503.03549969237383,34.088666627661894,-9.65664376576342,533.4984465212596,481.9802033810841,13.142262816759331,153217400,19.240782975881245,19.422564611211538
2021-05-11 00:00:00-04:00,479.75,497.989990234375,478.6300048828125,495.0799865722656,4401000,520.268937134982,502.9563403578454,39.62652093769559,-9.789567504653519,517.7766239158277,490.43668988625564,13.586385854959557,157618400,24.80065756805294,20.307835525503812
2021-05-12 00:00:00-04:00,486.8299865722656,493.5400085449219,482.70001220703125,484.9800109863281,4121500,518.8850576781721,502.7774714088751,35.73419419672071,-10.587844070415372,518.8864684680747,486.1375142793211,13.500213605693473,153496900,26.92383388405682,21.129872803060923
2021-05-13 00:00:00-04:00,489.1300048828125,490.7799987792969,482.7099914550781,486.6600036621094,2712500,517.6213300696991,502.6170985954745,36.84541403316846,-10.958598726771413,518.8125220646311,483.262128000473,13.112341728445278,156209400,29.211581143713275,21.893193132221096
2021-05-14 00:00:00-04:00,487.8599853515625,494.8500061035156,486.5899963378906,493.3699951171875,2882500,516.6702973264634,502.5250876155911,41.21729995083734,-10.588921732038216,518.2132828662053,482.23736817546137,12.765746588243829,159091900,27.090868756765218,22.12093301627184
2021-05-17 00:00:00-04:00,485.5899963378906,492.7099914550781,482.80999755859375,488.94000244140625,2705200,515.5828347819513,502.38991263873356,39.28380433312041,-10.532007015348995,516.7554746479797,480.847178346812,12.608193086125965,156386700,27.69263752949375,22.59257315181228
2021-05-18 00:00:00-04:00,488.3999938964844,493.4800109863281,486.19000244140625,486.2799987792969,2350500,514.4337039583178,502.2296149883909,38.12725774086486,-10.5795868654576,516.1019709230508,478.9313502032513,12.228322761754244,154036200,32.59810834555057,22.933493704506514
2021-05-19 00:00:00-04:00,481.6300048828125,488.57000732421875,478.5400085449219,487.70001220703125,3349900,513.3853238896398,502.08504182638734,39.15706197101913,-10.383022008880573,514.7876209216294,477.7363699637873,12.071299620150146,157386100,33.85735706275936,23.776418606436188
2021-05-20 00:00:00-04:00,489.54998779296875,502.70001220703125,488.9800109863281,501.6700134277344,3721200,512.9258999499573,502.08091219057985,48.27763915253964,-8.996277114937925,513.28830218106,478.258357161388,12.280492504425137,161107300,32.777817422124016,22.943113352337832
2021-05-21 00:00:00-04:00,503.1199951171875,505.3999938964844,497.260009765625,497.8900146484375,3322900,512.3362573891134,502.0392117175237,46.25708584193363,-8.108812760312048,509.5718300719026,479.897501796587,11.984741906313298,157784400,31.587968579893726,21.901867137036017
2021-05-24 00:00:00-04:00,501.04998779296875,504.25,499.510009765625,502.8999938964844,2412600,511.9662078403828,502.0477767143293,49.286619625926555,-6.921441342908395,507.81616934137486,480.8251636664376,11.582973580973956,160197000,38.12467019044432,20.93499565139862
2021-05-25 00:00:00-04:00,506.0,506.3699951171875,499.2200012207031,501.3399963378906,2699500,511.54949366381453,502.040734123519,48.372246361482624,-6.036732016649125,507.39941276806724,480.99658739469317,11.266332174938984,157497500,44.34619615394034,19.808710040838744
2021-05-26 00:00:00-04:00,502.3399963378906,504.1400146484375,500.5,502.3599853515625,2465300,511.18912078882425,502.04391075265374,49.03797527506531,-5.193422372288126,508.4150894578902,480.81824387544316,10.721595208760307,159962800,51.13767813018128,18.762873402461715
2021-05-27 00:00:00-04:00,501.79998779296875,505.1000061035156,498.5400085449219,503.8599853515625,3253800,510.90170371285325,502.0619811466728,50.05788462341535,-4.353867267762723,509.26923236518,480.5387673092992,10.424338233748411,163216600,51.25620963676456,17.999548989128623
2021-05-28 00:00:00-04:00,504.3999938964844,511.760009765625,502.5299987792969,502.80999755859375,2910300,510.58438190288234,502.0694240960451,49.31390343753526,-3.7302391634538026,509.0379779441046,480.6326885598016,10.339029144646961,160306300,60.644625268877554,16.916159183423286
2021-06-01 00:00:00-04:00,504.010009765625,505.4100036621094,497.739990234375,499.0799865722656,2482600,510.1332291448189,502.03967844904236,46.660811545762066,-3.4966825317684993,509.3031135044338,482.01955088358704,10.148385164867491,157823700,63.352774173951,16.038154358897717
2021-06-02 00:00:00-04:00,499.82000732421875,503.2200012207031,495.82000732421875,499.239990234375,2269000,509.7060433051937,502.0118208548666,46.79304939479589,-3.2610845078949637,509.69059520600695,482.18673633696176,9.952071502840125,160092700,66.17371687702149,15.429620880408795
2021-06-03 00:00:00-04:00,495.19000244140625,496.6600036621094,487.25,489.42999267578125,3887400,508.9109040648246,501.88662853467673,40.210781597442065,-3.8218997131480137,509.1981901290656,483.27247230583026,10.097637126521189,156205300,64.24664009384823,15.70556481183188
2021-06-04 00:00:00-04:00,492.0,501.8599853515625,490.95001220703125,494.739990234375,3160500,508.3551819538266,501.815517705818,44.74185026356808,-3.7941408839496376,508.73315695410804,484.8148370237566,10.264233951468336,159365800,64.5100279423724,15.307370539999637
2021-06-07 00:00:00-04:00,492.9200134277344,496.70001220703125,490.54998779296875,494.6600036621094,2791900,507.8181161384652,501.74431856110454,44.68691318362801,-3.735535135966984,508.73828530384014,484.9817098133474,9.970361841653633,156573900,64.32512881408476,14.978204405771583
2021-06-08 00:00:00-04:00,497.0,498.82000732421875,489.3699951171875,492.3900146484375,2374000,507.21309255062096,501.6512409102323,43.07060577214434,-3.8281304953508197,508.46907118806735,485.7109255567243,9.933194010609176,154199900,58.63752182302471,14.397162829839546
2021-06-09 00:00:00-04:00,494.5,496.0899963378906,484.6499938964844,485.80999755859375,3055000,506.3737554921101,501.4936165982757,38.7008961369153,-4.381952946532465,508.5585776350869,485.5587522802777,10.040823184237539,151144900,59.01562578455771,14.370453811851634
2021-06-10 00:00:00-04:00,487.1700134277344,490.2099914550781,482.1400146484375,487.2699890136719,4382900,505.6245881792302,501.3520879655931,40.15177400766942,-4.649456084841972,508.62483968911096,485.4351538004724,9.900048442980616,155527800,49.22314677545587,14.605247900691513
2021-06-11 00:00:00-04:00,490.0,491.4100036621094,487.7799987792969,488.7699890136719,3124000,504.9636235060711,501.22689295114617,41.67908229674407,-4.686394941525009,508.167276662558,484.17271357181704,9.488617457656106,158651800,48.89219475867022,14.64425774392903
2021-06-14 00:00:00-04:00,489.67999267578125,503.5,486.9100036621094,499.8900146484375,4400200,504.7646584528306,501.2135906794775,51.550205626975035,-3.7748618590415504,508.41798930150804,484.18866759953363,9.995858806244286,163052000,51.21395803450124,14.06005267572222
2021-06-15 00:00:00-04:00,501.2300109863281,501.2300109863281,490.3999938964844,491.8999938964844,3104100,504.2601618035621,501.1209180746716,45.580558339712105,-3.65505996712011,507.32499940502225,483.8149908293527,10.055441540787104,159947900,44.51920787461571,13.517576540958753
2021-06-16 00:00:00-04:00,495.0,496.4599914550781,486.2799987792969,492.4100036621094,3533200,503.79544971958353,501.0342423093725,46.0103363195276,-3.4788604412386803,506.4003851317138,483.548939412557,10.064338050429543,163481100,37.917348492418256,12.615464394205464
2021-06-17 00:00:00-04:00,490.25,501.79998779296875,490.1499938964844,498.3399963378906,3198300,503.58151037128187,501.0074338917458,50.86888997401642,-2.828119397636897,505.6032301461223,483.8100958629923,10.177599182290603,166679400,37.787325402625925,12.284578700388693
2021-06-18 00:00:00-04:00,496.3999938964844,504.489990234375,495.239990234375,500.7699890136719,5197600,503.47125463176775,501.0050712561431,52.74550420599475,-2.0922046981984295,504.797601069601,484.2037254277948,10.111342097841273,171877000,40.81135623072528,12.276578308827599
2021-06-21 00:00:00-04:00,501.6400146484375,502.04998779296875,492.2799987792969,497.0,5277300,503.2174799403259,500.9652198008581,49.581357263469236,-1.7925304282395587,503.5303674689496,484.6962926873004,10.086959734686316,166599700,38.520106645008944,11.85898770405971
2021-06-22 00:00:00-04:00,498.5400085449219,513.5499877929688,495.79998779296875,508.82000732421875,5809300,503.437186896557,501.04337689064283,58.073579093015496,-0.594408630433918,506.5139355897379,483.01139400010584,10.634319753637294,172409000,47.02253712513747,12.650217067396454
2021-06-23 00:00:00-04:00,508.4800109863281,516.6300048828125,508.20001220703125,512.739990234375,3944800,503.8020027137264,501.1597611030183,60.452605006790485,0.6637698607418088,510.3490226979948,480.9763068918489,10.47686781950472,176353800,54.45093602993048,13.651439812544883
2021-06-24 00:00:00-04:00,517.9600219726562,520.9600219726562,514.4000244140625,518.0599975585938,3361200,504.3611397664663,501.32792265979026,63.48119627041747,2.0663459596263465,515.5860170898671,479.55664648435163,10.315665242274473,179715000,54.746859017523995,14.938880188091096
2021-06-25 00:00:00-04:00,528.8400268554688,533.0599975585938,525.0,527.0700073242188,5299100,505.2516835922605,501.584062805705,67.95684296918272,3.8604294832508685,522.8752108516562,476.57812166787505,10.650260582112011,185014100,61.94330119461779,16.966393360511404
2021-06-28 00:00:00-04:00,528.1199951171875,533.9400024414062,524.5599975585938,533.030029296875,2820200,506.34103048263756,501.8969579946719,70.52978412405194,5.697500327405123,530.5441750003822,474.0251609371178,10.559528032162047,187834300,66.49996943667496,18.902428447071905
2021-06-29 00:00:00-04:00,533.5499877929688,536.1300048828125,528.5700073242188,533.5,2314600,507.4060881107695,502.21141612407814,70.72937202188238,7.109362608089725,536.6842369011082,473.3664304166001,10.345275855478599,190148900,71.49319655272066,20.836444843676468
2021-06-30 00:00:00-04:00,534.0599975585938,534.3800048828125,526.8200073242188,528.2100219726562,2773400,508.22192865437285,502.4701087195864,65.36334424168814,7.712511588119014,539.7143011187893,475.9897027874607,10.146327405701111,187375500,73.21713598292655,22.334970211839163
2021-07-01 00:00:00-04:00,525.719970703125,537.0399780273438,525.719970703125,533.5399780273438,2805400,509.21479333566583,502.7792616480218,67.99778029096754,8.52235401742621,543.187965761905,478.6853700128345,10.23016168559523,190180900,73.18214274744795,23.91180670654035
2021-07-02 00:00:00-04:00,535.5,538.5399780273438,529.3900146484375,533.97998046875,1975500,510.18597714480643,503.0897165616609,68.21272224135927,9.094825015572042,545.799970894238,482.1013637411786,10.153004663688874,192156400,72.03027625512006,25.480717280958117
2021-07-06 00:00:00-04:00,533.0,542.8599853515625,533.0,541.6400146484375,2775100,511.4194688116155,503.47330161725074,71.76777822639063,10.0507543074782,550.4255895286294,483.042411773454,10.132074712822703,194931500,77.82698749440948,27.2298426214333
2021-07-07 00:00:00-04:00,544.239990234375,544.6400146484375,531.6599731445312,535.9600219726562,2722500,512.3818434453818,503.79655256606077,65.88376962300387,10.232058418937982,551.8384195986883,487.50425211355116,10.335500912185813,192209000,78.64717240780635,28.970029311927515
2021-07-08 00:00:00-04:00,530.9299926757812,535.5,529.0900268554688,530.760009765625,3269000,513.1025558500972,504.0648456725241,60.956512982509885,9.84268535676938,551.2656109353225,493.1903949240525,10.087964783971646,188940000,72.12627208708032,30.065697986999925
2021-07-09 00:00:00-04:00,531.0,538.260009765625,528.5800170898438,535.97998046875,2777200,513.9997097567111,504.3824092028348,63.877022774150156,9.841861556666913,551.5003138403187,497.97435656983754,10.058823919100904,191717200,70.88475884584804,31.29250452289193
2021-07-12 00:00:00-04:00,540.2999877929688,540.6500244140625,532.9199829101562,537.3099975585938,1780700,514.9138386901183,504.710046897917,64.6035364302202,9.835156392167733,551.2874562241342,503.059215325345,9.89248231801557,193497900,80.02693100307891,32.608022837028464
2021-07-13 00:00:00-04:00,535.760009765625,545.3300170898438,535.760009765625,540.6799926757812,2751600,515.9242761013207,505.0679568061544,66.44504457700995,9.986653023151575,548.8852926655102,511.2853779074064,9.869448389887227,196249500,78.70439857919932,34.15220157139366
2021-07-14 00:00:00-04:00,541.010009765625,554.0999755859375,541.010009765625,547.9500122070312,4659500,517.1801873211525,505.4946439245711,70.06337034031841,10.571483531137119,549.744901347383,515.6431032099086,10.123057998477872,200909000,79.20697542150722,36.087759031668725
2021-07-15 00:00:00-04:00,553.969970703125,557.5399780273438,538.2000122070312,542.9500122070312,5713900,518.1907686892263,505.8673341562374,64.88145085052878,10.510350925927696,548.721611044284,520.6943964426952,10.781408557180345,195195100,67.32145820229437,38.05354431445865
2021-07-16 00:00:00-04:00,541.8099975585938,544.0599975585938,527.0499877929688,530.3099975585938,3442100,518.6660325664564,506.1105447373554,54.00690388416836,9.33435867438186,546.7033601691772,524.3459806511352,11.22630864349782,191753000,57.91684745916208,37.83097962032694
2021-07-19 00:00:00-04:00,526.0499877929688,534.9099731445312,522.239990234375,532.280029296875,3885800,519.1999147911787,506.37093761854464,55.265379223408914,8.463776294892568,546.2751891934867,525.46882122318,11.329428233973422,195638800,50.145368268804965,36.898698836998946
2021-07-20 00:00:00-04:00,526.0700073242188,536.6400146484375,520.2999877929688,531.0499877929688,6930400,519.6646235363469,506.6165003068474,54.26694679667803,7.5871198229596075,546.3326041712198,525.1474007115926,11.687328135508803,188708400,40.66189833656598,35.750793263806806
2021-07-21 00:00:00-04:00,526.1300048828125,530.989990234375,505.6099853515625,513.6300048828125,11906800,519.4279718244436,506.6862864220312,42.54442976426874,5.42418953647018,549.7191509636402,519.1115212368807,12.669662014501478,176801600,34.43101348785156,33.480615384818364
2021-07-22 00:00:00-04:00,510.2099914550781,513.6799926757812,507.0,511.7699890136719,4328100,519.1276587730408,506.73687052742065,41.51326981802514,3.5193945755971754,552.1842065089853,514.4544612970043,12.241828490307176,172473500,28.868573566884123,31.372593068614815
2021-07-23 00:00:00-04:00,512.1599731445312,517.4099731445312,504.6600036621094,515.4099731445312,3820500,518.9818671797659,506.8231700559491,44.35558623544147,2.277295895031898,552.9807169003855,511.240616921229,12.278124275458225,176294000,30.86458001625249,29.27146064511343
2021-07-26 00:00:00-04:00,514.3800048828125,521.1300048828125,509.010009765625,516.489990234375,2254500,518.8841465152408,506.9193573214061,45.206450602353364,1.3643447775962159,553.1765611027557,508.7127740209422,12.266829335581745,178548500,30.139703465947207,27.724337188466297
2021-07-27 00:00:00-04:00,518.0800170898438,521.9500122070312,512.0499877929688,518.9099731445312,2759000,518.8851593242325,507.0386669315865,47.1562881769918,0.8265686667106138,551.6372210927843,507.2214418303926,12.097771841187512,181307500,34.661698872815265,26.37685848607682
2021-07-28 00:00:00-04:00,521.8200073242188,524.469970703125,516.97998046875,519.2999877929688,2390500,518.9014271073203,507.1606701242371,47.4806588440175,0.4269268006019047,550.7740331227754,505.8632919097767,11.768644583558046,183698000,39.17991891802356,25.40418572026636
2021-07-29 00:00:00-04:00,519.9600219726562,520.780029296875,513.7899780273438,514.25,1736000,518.7190182011509,507.23121072001584,43.73703909183958,-0.29389621531095145,550.6826285544535,503.7533618426819,11.42731648969899,181962000,35.100990532091004,24.05705711470281
2021-07-30 00:00:00-04:00,512.6900024414062,519.7899780273438,510.9599914550781,517.5700073242188,2537100,518.6739589510752,507.33408431806765,46.71171809782816,-0.5904504587202837,549.4195629774553,502.56176433374264,11.241792924168037,184499100,31.62630710947589,22.42545009598776
2021-08-02 00:00:00-04:00,519.0,519.8499755859375,510.510009765625,515.1500244140625,2096600,518.5357654398198,507.41185486628655,44.85031281675382,-1.009111816518157,547.6942407788364,501.332423446424,11.105948131035499,182402500,27.197738081177675,20.84898362150864
2021-08-03 00:00:00-04:00,514.3900146484375,515.6300048828125,505.3699951171875,510.82000732421875,2579400,518.2331866901884,507.4457668310421,41.65205460056371,-1.6710374707744222,544.9237643501825,500.1215684948697,11.045523962077606,179823100,19.67136781619719,20.01249895555882
2021-08-04 00:00:00-04:00,513.0,517.97998046875,510.3699951171875,517.3499755859375,2039400,518.19855096061,507.54431617188686,47.70809363796058,-1.649687880202464,538.3679810413882,502.59734692085135,10.800128347040813,181862500,24.997714153439304,18.888840891098244
2021-08-05 00:00:00-04:00,517.1300048828125,525.4099731445312,514.02001953125,524.8900146484375,2556700,518.4609613013091,507.7169101865789,53.68567682413517,-1.0126765335412529,532.8675409017584,505.68978738600197,10.842258723200844,184419200,30.428432467525326,18.213991869848083
2021-08-06 00:00:00-04:00,524.0,526.8400268554688,519.3900146484375,520.5499877929688,1919800,518.5428839088252,507.84460250107037,50.13328531159788,-0.8482660648436422,530.9139380688246,506.34205558351914,10.599955400617302,182499400,35.55747584126877,17.759091433603032
2021-08-09 00:00:00-04:00,521.1500244140625,522.6699829101562,517.989990234375,519.969970703125,1367800,518.598848096837,507.9652529309416,49.66034624406146,-0.7560567638876137,527.7586976332373,507.85595487327305,10.17710092027187,181131600,40.15748421863778,17.119139258367742
2021-08-10 00:00:00-04:00,520.0,520.7899780273438,512.969970703125,515.8400268554688,1960500,518.490659028548,508.04360889038963,46.310344183122865,-1.0046511881495235,523.8064792245067,509.7801784903371,10.008737091982363,179171100,51.80835386808589,16.007209165413236
2021-08-11 00:00:00-04:00,517.0,519.5700073242188,509.7699890136719,512.4000244140625,1673900,518.2518106122936,508.08695630853566,43.667951044100185,-1.4623860322486735,523.897143800921,509.5255165180895,9.993828607594114,177497200,56.083925135151574,15.405842336403714
2021-08-12 00:00:00-04:00,511.8599853515625,513.0,507.20001220703125,510.7200012207031,1685700,517.9564455381136,508.11315576039806,42.39567261472841,-1.9383637741640314,524.0357498267712,509.24691211984333,9.694268549406589,175811500,47.29233386391261,15.179834158696968
2021-08-13 00:00:00-04:00,512.6400146484375,521.4400024414062,511.510009765625,515.9199829101562,2177700,517.8765842585859,508.19083563253497,47.494768164788304,-1.8743778386237864,524.0514574988784,509.2992057498194,9.767535168784914,177989200,47.1609377713879,14.433166906865685
2021-08-16 00:00:00-04:00,515.239990234375,523.3800048828125,512.2999877929688,517.9199829101562,2032800,517.8782861664906,508.2876430681332,49.35178173305057,-1.6433418168913931,524.1716662675475,509.3696626712546,9.861283877431974,180022000,45.82548052281451,13.985312417328483
2021-08-17 00:00:00-04:00,515.469970703125,520.7899780273438,514.2000122070312,518.9099731445312,2309800,517.9187444793549,508.39333789476404,50.2890208628368,-1.364629566730514,524.1716662675475,509.3696626712546,9.62761830192344,182331800,45.65258243487707,13.569447534186795
2021-08-18 00:00:00-04:00,520.0,526.3800048828125,518.6500244140625,521.8699951171875,2582000,518.0736954847602,508.5274339865295,53.084469877614254,-0.894586825147826,524.6805764716116,509.2034201104195,9.492072742411052,184913800,53.13679787077004,13.888972458837781
2021-08-19 00:00:00-04:00,522.739990234375,548.3900146484375,521.8699951171875,543.7100219726562,7497300,519.0790416215405,508.877509488879,67.57356766892465,1.2260993662737292,534.1899057285077,503.622093783211,10.70835465589955,192411100,67.51630215881147,16.019527260935572
2021-08-20 00:00:00-04:00,545.0900268554688,551.3900146484375,539.0999755859375,546.8800048828125,3776400,520.1692754749237,509.25564377140574,69.06683482293016,3.1265091288385065,541.5125541617016,500.2074450244962,10.821332113513867,196187500,74.8919000706574,18.17463272109553
2021-08-23 00:00:00-04:00,545.97998046875,555.5499877929688,543.739990234375,553.3300170898438,2602000,521.4696967147245,509.6941947496987,71.90214045166226,5.0943353111370016,549.3488478442341,497.461817032068,10.891951073876715,198789500,81.94733234482166,20.412576002975317
2021-08-24 00:00:00-04:00,551.47998046875,555.3099975585938,549.27001953125,553.4099731445312,2109500,522.7222565747169,510.129177619299,71.93647988844981,6.584402628569592,555.2042146482922,497.28511233738476,10.545381570552932,200899000,82.05555304244362,22.490666193292263
2021-08-25 00:00:00-04:00,550.1599731445312,552.8400268554688,545.4500122070312,547.5800170898438,2065600,523.6970707125649,510.50182278816015,65.63749539057699,7.211730640673295,558.6359403265712,497.8840588596267,10.360708668192007,198833400,75.9011540405233,23.762840507816783
2021-08-26 00:00:00-04:00,546.1599731445312,552.5999755859375,545.9000244140625,550.1199951171875,1595500,524.7332638264717,510.89603345810076,66.99352707476598,7.823661311703177,562.1255653997199,497.75843118231126,10.09922598988365,200428900,75.74044376774228,24.944145228446697
2021-08-27 00:00:00-04:00,551.5999755859375,564.1699829101562,549.25,558.9199829101562,3252600,526.0739194768123,511.37388370140485,71.22963648606473,8.915928968368462,567.2852276500371,497.7147682809525,10.44356576990312,203681500,80.6412130881528,26.79930084169814
2021-08-30 00:00:00-04:00,557.25,567.1599731445312,556.4500122070312,566.1799926757812,2434800,527.6467066610857,511.91921811906036,74.17444787591246,10.249234276479456,573.4313498749427,497.7299823190676,10.46259399616004,206116300,85.96373553962414,28.687261675407342
2021-08-31 00:00:00-04:00,566.1199951171875,569.47998046875,561.6099853515625,569.1900024414062,2431900,529.2758555152159,512.4890766695315,75.30312449989987,11.41716104588727,578.8787457831264,499.39591648900904,10.277408361947716,208548200,90.43856729538817,30.56700500453673
2021-09-01 00:00:00-04:00,569.0,591.0,569.0,582.0700073242188,5626200,531.3462144096866,513.181424238235,79.44319977188452,13.22955806617881,586.1373583517953,501.42663497502747,11.114736336094309,214174400,95.12708588371763,33.19526227756003
2021-09-02 00:00:00-04:00,583.6799926757812,598.760009765625,583.6799926757812,588.5499877929688,6179900,533.5894996404036,513.9313601940034,81.15482526411172,15.0156845660091,592.89379586555,505.04752900424165,11.512969629330877,220354300,95.60414887315139,35.86047542445219
2021-09-03 00:00:00-04:00,585.7999877929688,591.8800048828125,583.1400146484375,590.530029296875,2681200,535.8224615877162,514.6935360059724,81.6573985955977,16.401904541218983,598.6611923583117,509.2281386963759,11.314899672548316,223035500,89.69329632717034,38.24798209501747
2021-09-07 00:00:00-04:00,594.6900024414062,613.8499755859375,593.989990234375,606.7100219726562,5821400,538.6023659165375,515.6091229310141,85.14391918647324,18.591769697742393,607.3591413098408,512.3688616198468,12.17240300229933,228856900,90.53018394428368,40.98946763990581
2021-09-08 00:00:00-04:00,603.8400268554688,615.5999755859375,595.7100219726562,606.0499877929688,5424500,541.2473706960054,516.5090320341181,84.43882638186228,20.042951698374054,613.027022231552,518.3196493179272,12.723656617369468,223432400,91.13043346538537,43.56868131509159
2021-09-09 00:00:00-04:00,606.469970703125,609.4400024414062,596.5499877929688,597.5399780273438,2954200,543.4549239246853,517.3153101037026,75.73091203019702,20.272646769435937,614.30366885581,527.1323337483566,12.735539333874327,220478200,84.14967662901242,45.96366544204981
2021-09-10 00:00:00-04:00,598.1599731445312,609.4500122070312,593.6699829101562,598.719970703125,3950800,545.6221806610947,518.1253067265824,76.09897524797634,20.31571045144767,617.518779252265,531.251883182631,12.953002902660089,224429000,76.03167386606816,47.72029120908794
2021-09-13 00:00:00-04:00,598.5700073242188,598.5700073242188,582.780029296875,589.2899780273438,3062900,547.3346433029085,518.8334129086796,67.31309553926214,19.36568160764591,618.2737627216234,536.1515627992101,13.166355652916511,221366100,70.10657302866163,47.75850974352648
2021-09-14 00:00:00-04:00,584.8900146484375,587.280029296875,575.5599975585938,577.760009765625,3457000,548.5277949288974,519.4197472057638,58.43036508059358,17.48089593868815,617.8718563391142,539.8108015384901,13.20661456833319,217909100,64.2254471291188,46.88977632307312
2021-09-15 00:00:00-04:00,578.1699829101562,584.6199951171875,575.3699951171875,582.8699951171875,2755600,549.8745478774578,520.0510929561262,60.89341407357012,16.21263367978679,617.4087893536149,544.2018714536767,12.923999242023678,220664700,68.51716143608171,46.05971405448894
2021-09-16 00:00:00-04:00,584.2999877929688,587.47998046875,577.719970703125,586.5,1832000,551.3108401175575,520.7122761107917,62.58918149602699,15.323794593751813,615.449220594153,551.3507712678262,12.697999993709487,222496700,68.71631621007522,45.463062949188384
2021-09-17 00:00:00-04:00,587.8499755859375,590.280029296875,580.8499755859375,589.3499755859375,4145100,552.8025709202391,521.395238294624,63.91228665557697,14.680129036405901,612.7339476116374,559.2967083128417,12.464575259225773,226641800,69.33896703544778,45.07895439886099
2021-09-20 00:00:00-04:00,586.7899780273438,591.530029296875,568.0800170898438,575.4299926757812,3732200,553.6899207930054,521.9328975421978,53.8876499440079,12.89811175463933,610.4214278732618,563.8105626866341,13.249249326926163,222909600,63.329487016122954,43.1419117206451
2021-09-21 00:00:00-04:00,578.3099975585938,581.8800048828125,569.3699951171875,573.1400146484375,2250900,554.4526695716497,522.4424210954937,52.430691486223566,11.172281030223417,609.4314304157471,565.7285630738362,13.196446501118938,220658700,59.165839983931775,41.34322923373033
2021-09-22 00:00:00-04:00,579.6900024414062,595.6500244140625,579.6900024414062,590.6500244140625,4021800,555.8721736831169,523.121103715579,61.09286588110394,11.089624905158416,608.545934419084,569.47539533352,13.861701020012228,224680500,57.97774724469806,40.63956779152834
2021-09-23 00:00:00-04:00,590.7899780273438,599.3200073242188,589.1300048828125,593.260009765625,2526200,557.3383633334114,523.8190032782661,62.19784237238363,11.10669230068629,609.0276227838126,570.4857072943123,13.599436835826086,227206700,54.840593845220575,40.20735772283842
2021-09-24 00:00:00-04:00,592.5,592.97998046875,583.6400146484375,592.3900146484375,2126200,558.712937894785,524.5013018988649,61.570134854980004,10.924090879849132,609.3147026663619,570.7106309924923,13.315190998780475,225080500,55.465554107295084,39.15349373673645
2021-09-27 00:00:00-04:00,587.9500122070312,593.5800170898438,576.9299926757812,592.6400146484375,2504700,560.0434114929675,525.1792990406517,61.6897825961024,10.67647904438013,609.4991034133291,570.8075616257333,13.553393385586334,227585200,46.4322128430035,37.439978494165565
2021-09-28 00:00:00-04:00,589.0,599.5399780273438,580.1599731445312,583.8499755859375,4431100,560.9770022417115,525.763086866973,55.184204301711354,9.659612193435692,606.0208235521297,571.237835302037,13.96957992110249,223154100,45.013107352764,36.28966082999586
2021-09-29 00:00:00-04:00,589.010009765625,609.8800048828125,588.010009765625,599.0599975585938,6221000,562.470453038452,526.492409361417,62.54473689437388,9.966175676201942,603.9646163000425,572.3620438562075,14.831040590800527,229375100,55.308576297035934,35.89380905127963
2021-09-30 00:00:00-04:00,608.0499877929688,619.0,608.0499877929688,610.3400268554688,6612600,564.3476912273545,527.3267140130991,66.88811027209927,10.992617486368204,607.8440511668501,570.1892821664832,15.195966437272363,235987700,65.94944983035795,36.03104187423962
2021-10-01 00:00:00-04:00,604.239990234375,614.989990234375,597.510009765625,613.1500244140625,4090800,566.2615082150686,528.1806773006709,67.88712948244029,11.89569714303741,611.90975692235,568.0475835724417,15.359110296663621,240078500,64.45213624266913,35.04906579863143
2021-10-04 00:00:00-04:00,613.3900146484375,626.1300048828125,594.6799926757812,603.3499755859375,4995900,567.715957915887,528.9286305174397,60.97733268427733,11.685904407494263,613.8290897381424,568.0029170977951,16.50846043311845,235082600,62.310414272538445,34.76836620330655
2021-10-05 00:00:00-04:00,606.9400024414062,640.3900146484375,606.8900146484375,634.8099975585938,9534300,570.347096725405,529.9821764581478,71.13449609000651,13.897995562280812,625.2934347642679,564.1452371107321,17.975001763788562,244616900,66.96935270917314,35.17435848795063
2021-10-06 00:00:00-04:00,628.1799926757812,639.8699951171875,626.3599853515625,639.0999755859375,4580400,573.0432880532691,531.0679257032004,72.19722940154244,15.814954166505231,635.4323268570561,561.5036757471105,17.656073763919736,249197300,68.59916916548558,35.551351323691556
2021-10-07 00:00:00-04:00,642.22998046875,646.8400268554688,630.4500122070312,631.8499755859375,3556900,575.3494326623934,532.0707321696954,67.66338615816227,16.558269834584166,641.350653112001,561.632012903624,17.565640969956718,245640400,68.45623413776183,36.20480951381125
2021-10-08 00:00:00-04:00,634.1699829101562,643.7999877929688,630.8599853515625,632.6599731445312,3272100,577.5969048381636,533.0716201395942,67.90588061703608,17.016556618128334,646.5114449370942,562.2458874196766,17.2352382179174,248912500,68.60078416515839,36.811592118922384
2021-10-11 00:00:00-04:00,633.2000122070312,639.4199829101562,626.780029296875,627.0399780273438,2862500,579.5358488847982,534.0066286757907,64.30279925029903,16.73337364297413,648.3321383162552,567.306525420724,16.90700360330053,246050000,67.66402183459672,36.8976556586523
2021-10-12 00:00:00-04:00,633.02001953125,637.6599731445312,621.989990234375,624.9400024414062,3227300,581.3164039262338,534.9114383650009,62.958536092107515,16.153293502958263,648.029188740171,574.5161400358708,16.818644982361654,242822700,61.91885168391421,36.43363970564035
2021-10-13 00:00:00-04:00,632.1799926757812,632.1799926757812,622.0999755859375,629.760009765625,2420300,583.2161531748374,535.8552052446091,64.77857023196842,15.899233652707494,649.9574088416462,577.8025846479372,16.337314418610376,245243000,57.85544809537899,36.00276774927212
2021-10-14 00:00:00-04:00,632.22998046875,636.8800048828125,626.7899780273438,633.7999877929688,2671700,585.1998329637837,536.8297801953391,66.27435018056194,15.841273514063118,652.146613474211,581.0187104190182,15.891079592671689,247914700,61.672751434083146,35.89636767846805
2021-10-15 00:00:00-04:00,638.0,639.4199829101562,625.1599731445312,628.2899780273438,4116900,586.8896425741194,537.7398319150606,62.383128904261895,15.175790876966175,652.4775808849245,585.4744047921588,15.774574605025496,243797800,59.88297302871682,35.953051397626034
2021-10-18 00:00:00-04:00,632.0999755859375,638.4099731445312,620.5900268554688,637.969970703125,4669100,588.8927926968256,538.7371467288722,66.14396096072778,15.253651008625411,653.574508440221,590.4214713774873,15.920672582456712,248466900,60.239285298915846,35.41490564086035
2021-10-19 00:00:00-04:00,636.969970703125,641.0,632.2999877929688,639.0,7633100,590.8577812185187,539.7347870599282,66.5274468105049,15.22298933479135,650.8146182337105,600.5346981725395,15.40491112706918,256100000,61.364171409234935,35.09730108369713
2021-10-20 00:00:00-04:00,625.5700073242188,637.4000244140625,617.1500244140625,625.1400146484375,10622000,592.2021825294959,540.5845903195153,57.14735278870718,13.91984543881631,648.1765445148345,606.6501075033947,15.865272874131204,245478000,48.189616313118115,33.08815488167394
2021-10-21 00:00:00-04:00,628.8900146484375,654.010009765625,628.6500244140625,653.1599731445312,8437100,594.5926841222424,541.7047433824508,67.21221464154553,14.9754434010448,652.5738803043172,607.9620978857869,16.794181605778082,253915100,56.9617198278169,32.40449716815389
2021-10-22 00:00:00-04:00,651.8099975585938,665.4600219726562,651.8099975585938,664.780029296875,6186000,597.3451290310516,542.9293730930422,70.32498143299433,16.558774564219448,659.9710817835221,607.4488970576238,16.569598949226968,260101100,64.4048181720627,32.406914464333866
2021-10-25 00:00:00-04:00,663.739990234375,675.8800048828125,657.0700073242188,671.6599731445312,3833500,600.2594366433449,544.2102745860918,72.01878270837688,18.15939963359415,665.5577284774115,610.9702500382134,16.729627421324597,263934600,61.603812600899985,32.90424031432834
2021-10-26 00:00:00-04:00,673.760009765625,676.489990234375,662.77001953125,668.52001953125,2904800,602.9363222467921,545.4471874711182,70.05350315399865,18.956025258584987,671.5866963241823,609.4359517877969,16.5146519414532,261029800,60.73190400468581,33.39387234740511
2021-10-27 00:00:00-04:00,669.0,671.4099731445312,661.8499755859375,662.9199829101562,2276900,605.2886226649632,546.6160710078252,66.56471228583518,18.917412496327188,675.0988205400263,609.0998285485155,16.017890914106097,258752900,56.39873387788218,33.74540715305217
2021-10-28 00:00:00-04:00,670.9500122070312,676.7999877929688,668.030029296875,674.0499877929688,2859400,607.9851467876301,547.8840701798167,69.78541663861994,19.55944092114919,680.9892374372253,608.8360799455872,15.865184769013696,261612300,61.23700990424864,34.34142018834106
2021-10-29 00:00:00-04:00,673.0599975585938,690.969970703125,671.239990234375,690.3099975585938,3825300,611.2135723080601,549.3012435865708,73.7618136469633,21.13664982878163,690.6126377965152,606.8993495081722,16.141241604709148,265437600,66.23853882217884,35.5056087578386
2021-11-01 00:00:00-04:00,689.0599975585938,689.969970703125,676.5399780273438,681.1699829101562,3110900,613.9569609591227,550.6133703460094,68.31897751273641,21.402363333418407,695.4263657489255,609.302955540137,15.971868599462066,262326700,66.08891355549424,36.58664100094346
2021-11-02 00:00:00-04:00,683.1099853515625,687.6799926757812,673.8200073242188,677.719970703125,3888600,616.457471145162,551.87811263812,66.32941200338965,21.091427204200613,698.0219188806328,613.7447315099922,15.82101979604067,258438100,64.38708731282009,37.24803242749696
2021-11-03 00:00:00-04:00,677.27001953125,689.3900146484375,677.27001953125,688.2899780273438,2334900,619.2744321993653,553.2354446320427,69.28104690043965,21.45064959943261,702.362652784593,617.207993374261,15.556660890408299,260773000,64.3130835617361,37.943767984156004
2021-11-04 00:00:00-04:00,685.8900146484375,685.9400024414062,665.5,668.4000244140625,4865000,621.2009260117063,554.3813608487792,58.830119482587826,19.900976833390473,702.4810116906839,621.702972684316,16.073326400189405,255908000,63.32685668711805,37.17027768627049
2021-11-05 00:00:00-04:00,663.969970703125,665.6400146484375,645.010009765625,645.719970703125,5283500,622.1624571760757,555.2902027378772,49.63560678086148,16.65081893623551,700.5723933971478,625.9355900012897,16.595946989349983,250624500,56.02358359078148,34.61595883011797
2021-11-08 00:00:00-05:00,650.2899780273438,656.0,643.7899780273438,651.4500122070312,2887500,623.3109887459171,556.2470167624459,51.68991298934433,14.37174333693872,699.594349420996,628.7109728446289,16.282666631014717,253512000,48.371725430112306,32.15136705448627
2021-11-09 00:00:00-05:00,653.7000122070312,660.5,650.52001953125,655.989990234375,2415600,624.5925182160528,557.2394841601766,53.3147215290105,12.78452573469167,698.4521925707336,632.1184617261415,15.832474762281523,255927600,59.389126872167886,30.208052398774402
2021-11-10 00:00:00-05:00,653.010009765625,660.3300170898438,642.1099853515625,646.9099731445312,2405800,625.4677125269735,558.1317278316627,49.71344994382671,10.670954731636357,694.1571644941575,639.31615093553,16.003014546281502,253521800,49.80660108433844,28.36235289840621
2021-11-11 00:00:00-05:00,650.239990234375,665.8200073242188,649.7100219726562,657.5800170898438,2868300,626.7270185882625,559.1212630481621,53.673514863151006,9.744588309134997,693.9523524089532,640.1103022134428,16.210658805810503,256390100,46.19247053426042,26.462230409691962
2021-11-12 00:00:00-05:00,660.010009765625,683.3400268554688,653.8200073242188,682.6099853515625,4198400,628.9185074809409,560.3500065536685,61.36056930985397,10.904445835926253,696.1924222025476,640.2475598938066,17.161327429056183,260588500,46.6551137827482,25.876196722174274
2021-11-15 00:00:00-05:00,681.239990234375,685.260009765625,671.489990234375,679.3300170898438,2872200,630.8954294263881,561.533887255521,59.95658731833072,11.427249041612185,697.2123882595429,640.2502663628529,16.919091150641457,257716300,46.66424341509671,25.44548857539172
2021-11-16 00:00:00-05:00,678.27001953125,688.3599853515625,676.9000244140625,687.4000244140625,2077400,633.111295896493,562.7862866302329,62.24550310832207,12.350388900516123,699.9526492118755,640.0273393948953,16.52915327827421,259793700,51.430726563915236,25.232680699286767
2021-11-17 00:00:00-05:00,690.0,700.989990234375,686.0900268554688,691.6900024414062,2732800,635.4085000747248,564.068910668155,63.441827699035315,13.27512192149095,703.4561680471492,640.3598231637883,16.4127825711765,262526500,51.38226141694782,25.729697834112525
2021-11-18 00:00:00-05:00,691.6099853515625,691.739990234375,679.739990234375,682.02001953125,2012900,637.2364027985101,565.2425535424147,58.910471878089986,13.076949760800858,704.3799304165772,640.4987316927978,16.097583816092463,260513600,44.66172629897416,25.59075583553214
2021-11-19 00:00:00-05:00,692.3499755859375,694.1599731445312,675.0,678.7999877929688,2613700,638.8663473080968,566.3724782613257,57.43924274912862,12.515792974747,702.3879963309914,640.9559978096336,16.316325910980947,257899900,45.18169843427348,25.031726192627506
2021-11-22 00:00:00-05:00,676.02001953125,679.47998046875,656.469970703125,659.2000122070312,2764400,639.6637459315845,567.2961353155118,49.35884300936781,10.369979286798184,701.066938404169,639.3477263093727,16.794446186312666,255135500,46.46547240133811,23.40446331549483
2021-11-23 00:00:00-05:00,658.1799926757812,666.4299926757812,646.0499877929688,654.0599975585938,2320200,640.2283048189182,568.1594573278809,47.472754449499845,8.160580165745841,700.202813525446,637.0571881021582,17.05055752177694,252815300,40.932056575950796,22.544984147765806
2021-11-24 00:00:00-05:00,658.010009765625,661.4400024414062,651.0999755859375,658.2899780273438,1867300,640.9366057290525,569.0562784293681,49.193340661925674,6.674005733189233,696.7345331487829,636.5254684788213,16.57123390275493,254682600,48.81609623009973,21.746896349160284
2021-11-26 00:00:00-05:00,675.0,676.4099731445312,660.6699829101562,665.6400146484375,2872500,641.9053668631461,570.017310630553,52.12769129401411,6.019581327220067,696.5387456766904,636.3532546488306,16.68185970378583,257555100,59.61315400179917,20.451728491448964
2021-11-29 00:00:00-05:00,663.2000122070312,667.989990234375,658.2899780273438,663.8400268554688,2529400,642.7655496079431,570.950869995975,51.3455966484294,5.294667665813904,695.7074467189736,639.6005610935263,16.183156311160502,255025700,60.10074486878524,19.082401047729167
2021-11-30 00:00:00-05:00,668.2000122070312,675.3800048828125,640.010009765625,641.9000244140625,5608900,642.7316074434772,571.6568317314784,42.89724441582569,2.916177648978305,696.8875089612683,637.1471671455025,17.55364479730529,249416800,49.434334500614575,18.76383205828338
2021-12-01 00:00:00-05:00,649.47998046875,654.52001953125,617.0700073242188,617.77001953125,3882800,641.7527216429977,572.1156694210284,35.90078695834201,-0.9054451485842492,702.9476048105759,625.9910752024449,18.974813898,245534000,47.84440133510723,19.53561244030838
2021-12-02 00:00:00-05:00,617.0999755859375,625.3599853515625,612.8800048828125,616.469970703125,3331100,640.7612412139831,572.5570057521936,35.56423723440412,-3.9929831996465737,707.1196018714551,617.7604111493782,18.510897224482143,242202900,40.7092395486906,20.419733067952084
2021-12-03 00:00:00-05:00,622.75,625.5,594.0,602.1300048828125,4829300,639.2462907696236,572.8512644500107,32.00072522883822,-7.510419308513633,712.6437285111242,604.8429495487717,19.438690279876276,237373600,30.351152640730717,21.917046174074375
2021-12-06 00:00:00-05:00,606.010009765625,617.2899780273438,601.0,612.6900024414062,3075700,638.2048676979288,573.2476698031589,37.00638838176218,-9.338263528068524,710.9328471939299,597.2311664779451,19.21378226183824,240449300,30.16926698247481,23.307408344045076
2021-12-07 00:00:00-05:00,619.8300170898438,628.8900146484375,611.4000244140625,625.5800170898438,3125200,637.7097755172196,573.7683896766583,42.56432215666672,-9.635652975672542,707.3079800554942,593.6893669497142,19.09065425987658,243574500,31.464797003258397,23.687936894789853
2021-12-08 00:00:00-05:00,630.0,632.4600219726562,623.2000122070312,628.0800170898438,2220300,637.3321379318322,574.3088038797746,43.603618454793235,-9.559412195582581,700.7255788312785,592.362433864034,18.388465367430037,245794800,30.227028395263787,23.774684192060562
2021-12-09 00:00:00-05:00,627.5800170898438,630.239990234375,610.4400024414062,611.0,2376300,636.2995050717604,574.673890408334,38.48053212695751,-10.75324870614827,692.2849688314183,590.0443768717067,18.489288397825657,243418500,30.13018847922035,24.39414165566082
2021-12-10 00:00:00-05:00,616.780029296875,617.739990234375,605.8800048828125,611.6599731445312,2748800,635.3332489177515,575.0419111320773,38.77984556148771,-11.51339912647336,684.5604521598071,588.3875540250887,18.015766751664003,246167300,30.24207482708718,25.148971996887276
2021-12-13 00:00:00-05:00,612.0,612.6400146484375,599.52001953125,604.5599975585938,2517900,634.1264547468041,575.3356234348288,36.71056226812532,-12.5441315637662,676.3375437034422,586.7117971168702,17.666068777772825,243649400,30.58921704359301,26.095881255776572
2021-12-14 00:00:00-05:00,598.7100219726562,602.2899780273438,588.1300048828125,597.989990234375,2984500,632.7093384914148,575.561040019899,34.857038967546515,-13.732835549744891,672.5796452316405,582.3083593256512,17.57777762763057,240664900,30.30285598808294,27.382834749166424
2021-12-15 00:00:00-05:00,598.1799926757812,605.6900024414062,584.510009765625,605.0399780273438,2866200,631.6242655320394,575.8543627861422,38.44835693860435,-13.945264597443042,668.2151656770286,580.1368362760963,17.835078702498475,243531100,31.515496360261096,28.70057776579477
2021-12-16 00:00:00-05:00,597.0900268554688,602.8300170898438,588.0,591.0599975585938,3143200,630.0335099252377,576.0056626346244,34.39859119202407,-15.067989334913705,662.6032450138777,576.784759543414,17.77828579713028,240387900,24.729733605552966,29.92419628123537
2021-12-17 00:00:00-05:00,591.6099853515625,593.25,581.739990234375,586.72998046875,4386900,628.3353322994931,576.1123722648148,33.231071559421125,-16.12131646876105,652.6083086804801,576.2583579861864,17.330551794879902,236001000,23.961710425170835,31.28510705807941
2021-12-20 00:00:00-05:00,586.4299926757812,602.8800048828125,584.260009765625,593.739990234375,3358400,626.978652218508,576.2877714485916,36.961373401178385,-16.20365100578522,638.6255473146684,580.8944478025192,17.422654889330445,239359400,32.74051031905883,31.61490106496174
2021-12-21 00:00:00-05:00,597.5399780273438,607.8200073242188,593.8599853515625,604.9199829101562,2319400,626.1136063632787,576.5726690750748,42.48075387765257,-15.191649862584768,630.5259681767528,584.0633547399137,17.183895046509967,241678800,39.379972020536684,31.47225293585288
2021-12-22 00:00:00-05:00,603.3599853515625,614.8200073242188,602.6300048828125,614.239990234375,2335700,625.6479743582237,576.9474682905903,46.672493390470436,-13.482170891335159,629.9301213425173,584.1885310012327,16.827188431859703,244014500,45.93139103228836,30.72953244009141
2021-12-23 00:00:00-05:00,616.4000244140625,616.8800048828125,607.5700073242188,614.0900268554688,1621100,625.1947215149785,577.3170459877533,46.61362967522046,-12.001155432504447,629.5399664286483,584.2613600687475,16.29024622662642,242393400,53.902660430925195,29.86290253516207
2021-12-27 00:00:00-05:00,615.0,615.0,609.25,613.1199951171875,2061500,624.7212028327122,577.6732942377974,46.20766698791818,-10.781431830690849,630.3189287909889,584.9477297376569,15.537371496153103,240331900,47.18750354300345,29.058174766299114
2021-12-28 00:00:00-05:00,614.9500122070312,618.4099731445312,609.6900024414062,610.7100219726562,1882800,624.1717447597688,578.0020178968508,45.15547603213476,-9.895191176062212,630.0905394156123,584.9121217172003,15.050414296651097,238449100,45.31149204649537,27.99072992238133
2021-12-29 00:00:00-05:00,610.7100219726562,613.97998046875,604.6799926757812,610.5399780273438,1287200,623.6371656722226,578.3257786941692,45.07747976769946,-9.101642132590996,627.0304942944588,585.966828296687,14.639669546388072,237161900,40.140502065340826,27.345720699383005
2021-12-30 00:00:00-05:00,612.989990234375,620.6099853515625,611.239990234375,612.0900268554688,1625100,623.1843366990166,578.6617413624409,45.99323712077353,-8.252542637797887,622.7862303045737,588.0790935886554,14.313265101947406,238787000,45.75010117328215,26.114283343944464
2021-12-31 00:00:00-05:00,610.010009765625,614.0800170898438,602.0499877929688,602.4400024414062,1995900,622.3708333947966,578.898340975167,41.36868776885122,-8.263050193280606,622.0074485570639,587.7165423283528,14.150176830156521,236791100,46.79354068421233,25.612928019387358
2022-01-03 00:00:00-05:00,605.6099853515625,609.989990234375,590.5599975585938,597.3699951171875,3067500,621.3904083643022,579.082138528819,39.141883626676126,-8.581561823088919,621.0260169343147,586.7926435474561,14.52730653341543,233723600,46.09462399000298,25.83316580761345
2022-01-04 00:00:00-05:00,599.9099731445312,600.4099731445312,581.5999755859375,591.1500244140625,4393100,620.2045109544889,579.2022169953389,36.543044269494786,-9.229492394577278,621.2659330284442,584.7647310340557,14.833213035213882,229330500,44.36737645748259,26.499245927833773
2022-01-05 00:00:00-05:00,592.0,592.8400268554688,566.8800048828125,567.52001953125,4148700,618.1384524673032,579.085976224552,28.73688285950513,-11.516965540730439,626.397042864307,575.5709584377764,15.627985102174051,225181800,35.41121983079623,27.757750068490367
2022-01-06 00:00:00-05:00,554.3400268554688,563.3599853515625,542.010009765625,553.2899780273438,5711800,615.5953750382853,578.8292996255748,25.240225535862876,-14.313057891552717,632.1810458201079,562.8869554819754,16.33384400670626,219470000,33.48854669187335,29.728306126902122
2022-01-07 00:00:00-05:00,549.4600219726562,553.4299926757812,538.219970703125,541.0599975585938,3382900,612.6724190586896,578.4534856746595,22.685384727871423,-17.316227743503873,638.8692249800602,549.5321096553564,16.253571004274118,216087100,34.55683146108369,31.65992129514132
2022-01-10 00:00:00-05:00,538.489990234375,543.6900024414062,526.3200073242188,539.8499755859375,4486100,609.8166369617189,578.0693711464136,22.443331921514442,-19.568328636799947,643.3157293596786,538.8349379580299,16.33331558376793,211601000,25.448066175707027,33.75437101869916
2022-01-11 00:00:00-05:00,536.989990234375,543.9099731445312,530.0700073242188,540.8400268554688,3077800,607.1116718595131,577.6989299096878,23.165715947241708,-21.03081580364426,645.4310704037658,529.6662684634217,16.155219172092544,214678800,26.26522729287015,35.67696091836474
2022-01-12 00:00:00-05:00,544.27001953125,544.27001953125,532.02001953125,537.219970703125,3787400,604.3708208337724,577.2961541961897,22.34613161310118,-22.22575107410944,645.1954701853149,520.8752003876018,15.876274945514504,210891400,19.743555404590467,37.423200914805996
2022-01-13 00:00:00-05:00,537.0599975585938,540.7899780273438,518.260009765625,519.2000122070312,4475100,601.0307891229198,576.7180831316209,18.783660755458925,-24.34615857545441,644.0067978742994,509.3918756283048,16.351538753814808,206416300,14.830181832654574,39.39436799564447
2022-01-14 00:00:00-05:00,517.5999755859375,538.3699951171875,511.8800048828125,525.6900024414062,7861100,598.0762484687428,576.2103410352009,23.513113506240757,-25.212277384587082,639.452965765834,502.15903781489504,17.075713859569106,214277400,13.341216216158841,41.369052225314654
2022-01-18 00:00:00-05:00,520.0800170898438,521.75,508.67999267578125,510.79998779296875,4839100,594.6536500108693,575.5594917492086,20.555560306848832,-26.79134853310393,634.7590701104666,493.2102658270335,17.07102071000167,209438300,8.885300659375503,43.27391487353567
2022-01-19 00:00:00-05:00,515.0,523.2100219726562,510.510009765625,515.8599853515625,4353500,591.563702377171,574.9654668099286,24.051635129372315,-27.31955149626367,627.5503255760946,487.7723388119263,16.758805816932355,213791800,15.64308758305664,44.86690421458463
2022-01-20 00:00:00-05:00,517.75,526.6400146484375,506.92999267578125,508.25,12659000,588.2964983623799,574.3016313192825,22.4514170715713,-28.029116165003302,618.6938919560124,482.9901086950294,16.969606970912633,201132800,10.595770955820896,46.43767489139346
2022-01-21 00:00:00-05:00,400.42999267578125,409.1499938964844,379.989990234375,397.5,58904300,580.8142827403259,572.5424111071503,10.990794047993433,-37.10038060729221,631.6949112282798,441.3770858420328,24.91892145624923,142228500,6.625203247459211,49.286133917589915
2022-01-24 00:00:00-05:00,383.9100036621094,387.260009765625,351.4599914550781,387.1499938964844,32346000,573.2196047464497,570.6977104383875,10.453740324508644,-44.61034177566461,636.3059843730184,408.0606782246377,26.42757053401156,109882500,5.639697762819793,52.052746795063115
2022-01-25 00:00:00-05:00,379.1400146484375,387.7099914550781,365.1300048828125,366.4200134277344,15145800,565.1098168515981,568.6650965377839,9.456993785955774,-51.63950817829925,637.3171138644028,376.25621784132636,26.152743108172565,94736700,5.401470424981795,54.593421416947066
2022-01-26 00:00:00-05:00,378.2699890136719,382.6600036621094,356.6199951171875,359.70001220703125,12684000,557.0545303949484,566.5858419673287,9.152344252182374,-57.09427388254716,632.6264074980845,350.08692258004044,26.144690639368946,82052700,5.237899440725073,56.989030743694464
2022-01-27 00:00:00-05:00,382.05999755859375,394.79998779296875,378.1000061035156,386.70001220703125,24324700,550.3739610542458,564.795933213495,20.266294705712212,-58.56345756670095,623.3498685525352,335.254127215694,26.78435384983813,106377400,16.468975372726902,58.41390027080532
2022-01-28 00:00:00-05:00,386.760009765625,387.0,372.0799865722656,384.3599853515625,11966600,543.8636090659053,563.0005506477047,20.037503095673372,-59.23380638387653,613.595471379242,322.48452536554964,25.936900962545003,94410800,15.932672610219939,59.78772916592227
2022-01-31 00:00:00-05:00,401.9700012207031,427.70001220703125,398.20001220703125,427.1400146484375,20047500,539.2862132063968,561.6487045183588,34.57841715422194,-55.671327406313196,601.7956665824813,319.09499910762275,27.179981383468128,114458300,24.2272520105887,58.73921199205768
2022-02-01 00:00:00-05:00,432.9599914550781,458.4800109863281,425.5400085449219,457.1300048828125,22568100,536.0644011152758,560.6087174573087,42.47568305990509,-49.85341642335686,589.7633144117126,320.09802185130815,27.591411459035136,137026400,30.752208599856317,56.42009534608729
2022-02-02 00:00:00-05:00,448.25,451.9800109863281,426.4800109863281,429.4800109863281,14346000,531.8846211102191,559.3039542088413,37.92959991624848,-46.932791474910005,574.6443777583138,320.3689563888217,27.80988163313865,122680400,29.48239614822313,54.266629889114775
2022-02-03 00:00:00-05:00,421.44000244140625,429.260009765625,404.2799987792969,405.6000061035156,9905200,526.9322832668189,557.7745616903804,34.49571160137478,-46.01466358316122,557.8037020893212,319.66030344453304,27.623462388416694,112775200,28.98939394127615,52.78281580101638
2022-02-04 00:00:00-05:00,407.30999755859375,412.7699890136719,396.6400146484375,410.1700134277344,7789800,522.3533707241097,556.3058597176177,35.695531947566025,-44.40638999443854,543.0768896071976,319.84978275608364,26.802498958189386,120565000,29.260592565288178,51.57139761754756
2022-02-07 00:00:00-05:00,410.1700134277344,412.3500061035156,393.54998779296875,402.1000061035156,8232900,517.6375525036942,554.7714731144923,34.49400951323999,-43.28405212606714,523.465293691451,322.9827124934447,26.230893197643493,112332100,29.026759627445273,50.51540137551014
2022-02-08 00:00:00-05:00,398.17999267578125,406.6099853515625,395.8299865722656,403.5299987792969,6818500,513.1627464752864,553.2665828225998,34.91209289038977,-41.79738854422021,504.9656602693808,327.17968071369216,25.127257882047306,119150600,26.732366965928918,49.53483343647539
2022-02-09 00:00:00-05:00,408.6499938964844,412.9800109863281,398.7900085449219,412.8900146484375,7738200,509.23048248207664,551.8698010497227,37.714284298706986,-39.40963218091326,480.347550121895,338.0684614340946,24.346025350572944,126888800,30.75028219051933,48.285420239559976
2022-02-10 00:00:00-05:00,402.1000061035156,408.0,396.3599853515625,406.2699890136719,8452900,505.19281607155096,550.4210467011053,36.5168316502389,-37.617863489005515,449.97436063252206,354.8443161252904,23.78773991816595,118435900,38.300452476510024,47.19344549231552
2022-02-11 00:00:00-05:00,405.3299865722656,411.6099853515625,387.6499938964844,391.30999755859375,7558900,500.72682318868993,548.8378521822743,33.89757829720095,-36.97875214003551,449.8315455421256,354.16179755683277,23.800043599373964,110877000,43.171492395418255,46.42565442143849
2022-02-14 00:00:00-05:00,387.5899963378906,409.3599853515625,386.8900146484375,396.57000732421875,7202200,496.642242174397,547.3227492483634,35.64542654585219,-35.63701167574948,449.9075543577115,355.3417905316115,23.705038392499038,118079200,49.05912863290044,45.73454301217578
2022-02-15 00:00:00-05:00,403.7900085449219,409.1600036621094,401.010009765625,407.4599914550781,5392300,493.1448990089335,545.9310800165895,39.22815703839992,-33.31095404029162,448.5164619798604,362.204879979775,22.911106817169866,123471500,54.15458769437736,45.092796703574685
2022-02-16 00:00:00-05:00,401.5299987792969,401.55999755859375,390.3800048828125,398.0799865722656,5277700,489.4168632271034,544.4599248579394,37.30184964280428,-31.85719469786045,443.8970872978059,371.94158457719413,22.494598228248133,118193800,44.97491498581646,44.82391126606127
2022-02-17 00:00:00-05:00,394.239990234375,399.1099853515625,385.70001220703125,386.6700134277344,4669200,485.3875749996772,542.8898759879871,35.04735515645412,-31.265361792125077,443.89980831152275,371.9348637262377,21.84569643655407,113524600,47.151498414980836,44.71328689162404
2022-02-18 00:00:00-05:00,392.5299987792969,402.8699951171875,389.04998779296875,391.2900085449219,6801700,481.69747435439274,541.3814195955189,36.715215540939425,-30.07682800429893,443.3024387566192,373.4562363735891,21.44243109747543,120326300,41.24041383269792,44.32495944804843
2022-02-22 00:00:00-05:00,388.95001220703125,392.4200134277344,373.0199890136719,377.3800048828125,6697500,477.60659319864453,539.7495647227556,33.89328135246221,-29.912514610765243,441.64072704592445,368.48328011553383,21.296544905803078,113628800,25.13466483889725,44.456998560203594
2022-02-23 00:00:00-05:00,382.7200012207031,386.0,366.6600036621094,367.4599914550781,4614300,473.28711862046544,538.0352406106394,32.00408986791359,-30.23423579114052,428.22411673039,369.94388864070373,21.156791436666474,109014500,28.06956727474345,44.75755202413062
2022-02-24 00:00:00-05:00,355.0899963378906,390.7300109863281,354.7200012207031,390.0299987792969,7068700,470.0221335286549,536.5625516371933,40.17464840172556,-28.341290424646274,420.88678054550513,372.0212231979844,22.217735603020653,116083200,36.28714635321333,45.350393500051574
2022-02-25 00:00:00-05:00,386.6099853515625,391.2900085449219,375.5799865722656,390.79998779296875,4841600,466.91538271549075,535.112177867599,40.43760171218153,-26.473812276876117,419.53567172201736,371.3989962467326,21.752898915137482,120924800,42.76852951614019,45.85384300288307
2022-02-28 00:00:00-05:00,387.3299865722656,397.75,382.1300048828125,394.5199890136719,5035000,464.07634766836065,533.7132506153212,41.76924840806639,-24.412240271394694,417.1731749353586,371.6748231115164,21.314834358141052,125959800,50.09448777301363,45.76891910800584
2022-03-01 00:00:00-05:00,391.6000061035156,395.0,383.7099914550781,386.239990234375,3290400,461.0239414944789,532.2458549896401,39.64466648548808,-23.17935908400824,416.06471942376396,370.668609840559,20.59877537148254,122669400,52.29649361778777,45.69006120561984
2022-03-02 00:00:00-05:00,388.92999267578125,389.2200012207031,375.2099914550781,380.0299987792969,5356800,457.8477084468247,530.7312693557063,38.080216639553065,-22.444658223252873,414.7187703053781,368.88122562561153,20.128149256778432,117312600,44.2909784579652,45.90091965145989
2022-03-03 00:00:00-05:00,386.0,386.1199951171875,364.6499938964844,368.07000732421875,6076800,454.3270142851539,529.1127493354926,35.19927080563227,-22.567331702288413,411.6398425748516,365.98415237957545,20.223995825630197,111235800,45.925105421487515,46.41853296437205
2022-03-04 00:00:00-05:00,368.0,374.82000732421875,357.1700134277344,361.7300109863281,5325500,450.6957592538274,527.4472494514214,33.7419708571271,-22.912020526751462,410.3406272484674,361.3447039689805,20.040138544976923,105910300,47.54676707805898,47.10907901234592
2022-03-07 00:00:00-05:00,360.4100036621094,362.0,350.20001220703125,350.260009765625,5708400,446.7571024111528,525.68419234012,31.223397625798782,-23.835956078888387,413.1035843040803,353.1084152076385,19.45155634840491,100201900,39.089898515514875,47.9360377406898
2022-03-08 00:00:00-05:00,349.79998779296875,358.8599853515625,340.6700134277344,341.760009765625,6428700,442.63956936623015,523.8541009712196,29.468002148923063,-24.966265060432704,414.8634564886525,344.04054334858705,19.361443175220852,93773200,31.529792246762298,48.94059023642596
2022-03-09 00:00:00-05:00,357.69000244140625,364.1400146484375,350.510009765625,358.7900085449219,6520200,439.3513512948063,522.2116721908585,37.09823860332249,-24.208800513032884,409.62168138334135,342.79298739921074,19.577054725763112,100293400,39.20574093167516,49.34496812400244
2022-03-10 00:00:00-05:00,356.20001220703125,367.0199890136719,353.29998779296875,356.7699890136719,4807800,436.1128664994677,520.565486288598,36.59256498227435,-23.500602775961397,406.00104086848376,340.9056282395892,19.158693761115973,95485600,45.224350885138506,49.431978296823694
2022-03-11 00:00:00-05:00,361.19000244140625,363.3599853515625,340.0,340.32000732421875,4819900,432.3562837867129,518.7719989357187,32.68537109780439,-23.99018311358583,405.96292097579135,334.76374731847943,19.45878601757644,90665700,37.35444346918093,49.918801866155505
2022-03-14 00:00:00-04:00,338.7200012207031,341.32000732421875,329.82000732421875,331.010009765625,5907800,428.38192009961136,516.9037204365138,30.688212587144108,-24.84304291994772,405.0607379738848,327.6285971498131,18.89030130203526,84757900,38.132864983110835,50.64141154541592
2022-03-15 00:00:00-04:00,335.1000061035156,345.3599853515625,332.3599853515625,343.75,5460600,425.06302127217566,515.1807978451058,36.413874368312996,-24.21183080743276,403.8832144291795,324.32212004347673,18.565992322313996,90218500,44.618460070139726,50.904544636873695
2022-03-16 00:00:00-04:00,348.20001220703125,359.989990234375,343.05999755859375,357.5299987792969,6982500,422.4146674489255,513.6121331777844,41.99531643250208,-22.342113941359628,403.30610622478923,323.57522922442956,18.449135204704515,97201000,44.20406920313209,49.802389124341154
2022-03-17 00:00:00-04:00,359.70001220703125,373.30999755859375,354.8800048828125,371.3999938964844,5818300,420.41409201549646,512.1970870157813,47.034804798770026,-19.516186712821707,399.7678722548007,324.6294625433764,18.447767881209995,103019300,44.732108007363955,47.743957411693444
2022-03-18 00:00:00-04:00,372.0,381.79998779296875,368.4700012207031,380.6000061035156,8324800,418.85275531306587,510.88766332511204,50.12980868111259,-16.34583036952796,397.3201847453536,325.7171524942297,18.082212073428256,111344100,46.949380759935224,45.241496192525084
2022-03-21 00:00:00-04:00,378.0199890136719,381.82000732421875,368.94000244140625,374.5899963378906,4866500,417.1169608434512,509.53146763369693,48.15037151321162,-14.155086658854486,392.28091181547023,328.09909306734227,17.71062584552713,106477600,46.081628736872425,42.91638416476584
2022-03-22 00:00:00-04:00,371.1400146484375,386.6600036621094,366.760009765625,382.9200134277344,4242800,415.77590408205054,508.271652168961,51.03623558521343,-11.612877697070303,391.3763807935985,328.56096051499526,17.86700927773836,110720400,52.273851149176735,40.409162794351765
2022-03-23 00:00:00-04:00,379.7699890136719,382.4599914550781,374.489990234375,374.489990234375,3729000,414.15684863704365,506.9404913536915,48.117461444388184,-10.161258535062132,390.1739741008365,329.02469940176763,17.192938843139864,106991400,53.859955201048145,38.08102866468156
2022-03-24 00:00:00-04:00,379.760009765625,379.760009765625,368.8999938964844,375.7099914550781,3888500,412.64912874755487,505.6347152352974,48.575820071741624,-8.810830222035975,391.4750685798723,328.74226947351315,16.740587202139917,110879900,54.796050250530044,36.27982043032532
2022-03-25 00:00:00-04:00,377.07000732421875,377.6400146484375,366.42999267578125,373.8500061035156,3574500,411.12759452622004,504.32342459717023,47.88130115620403,-7.8007689196810475,393.0241713395928,328.809166062751,16.345546828605368,107305400,56.187040982766064,34.76535744506159
2022-03-28 00:00:00-04:00,375.2300109863281,380.2799987792969,366.7300109863281,378.510009765625,4323400,409.8484735552163,503.07154982272704,49.817189629539165,-6.548774514081629,395.4949601565587,330.1050439124517,16.14586404034561,111628800,63.583614519618344,33.12558257526267
2022-03-29 00:00:00-04:00,384.3900146484375,396.5,380.3299865722656,391.82000732421875,5880700,409.14147487949094,501.96456930035384,54.962775059354755,-4.431471120244623,399.7667414511195,332.5079289590367,16.27758733991914,117509500,63.52567498557167,31.179536579881788
2022-03-30 00:00:00-04:00,389.54998779296875,392.70001220703125,378.6300048828125,381.4700012207031,4023300,408.05631904973455,500.76561837418814,50.616481282089985,-3.5477556020460383,401.85587957582976,333.442789857764,16.119903053083398,113486200,57.40583696409979,29.239809340630128
2022-03-31 00:00:00-04:00,383.5899963378906,384.0,373.6099853515625,374.5899963378906,4134700,406.7439142375054,499.5101395479563,47.9046603109671,-3.3637879291284776,402.6859052797775,334.9887651303788,15.710625309894406,109351500,57.66063190139023,27.25651449838151
2022-04-01 00:00:00-04:00,376.79998779296875,380.8699951171875,368.5,373.4700012207031,4644200,405.4390549035132,498.25600881833196,47.45890264337288,-3.270664286713668,401.2971105210138,340.79755907534036,15.472008867558198,104707300,58.18270748693366,25.800241570992927
2022-04-04 00:00:00-04:00,373.54998779296875,396.0199890136719,373.1300048828125,391.5,7001800,404.89242529945386,497.1937599743685,54.75739144316149,-1.7221411396161557,398.1902968309398,351.96970479666436,16.001864243508283,111709100,59.506701763119025,24.602710889018372
2022-04-05 00:00:00-04:00,389.29998779296875,390.0,377.30999755859375,380.1499938964844,4234500,403.92213387188644,496.0291453865289,50.044620935283724,-1.3946988059641967,393.49522068186485,361.5181134652706,15.872445543358138,107474600,51.95093616352534,23.490718112899142
2022-04-06 00:00:00-04:00,374.1499938964844,376.4700012207031,362.7300109863281,368.3500061035156,4354900,402.5271484692052,494.758706189683,45.646093520430426,-2.0635712311065504,391.2469537569989,365.20904803336566,15.982983926700859,103119700,44.645705014072746,22.27679308073217
2022-04-07 00:00:00-04:00,365.0,368.5400085449219,353.69000244140625,362.1499938964844,4948900,400.943730642824,493.4392165151238,43.483522935652104,-3.05868796554131,392.59377474068435,362.62889371634685,15.902056939330484,98170800,34.12891351170738,21.729626416372508
2022-04-08 00:00:00-04:00,361.9599914550781,362.5,354.8699951171875,355.8800048828125,4025200,399.17652571105884,492.070468140673,41.34998228377704,-4.303651049558994,394.3252923971636,357.60137589710723,15.311196078150628,94145600,34.68343730505666,21.221543085181395
2022-04-11 00:00:00-04:00,350.0,354.7799987792969,345.20001220703125,348.0,3777100,397.16960313415456,490.63693114424836,38.775010280074724,-5.858609398919043,397.26898350147104,351.11235194774775,14.980395835124243,90368500,28.25229245210714,21.34294332979343
2022-04-12 00:00:00-04:00,355.9100036621094,359.4100036621094,342.25,344.1000061035156,3824300,395.0884424662864,489.17885228812173,37.52937572310577,-7.321227454702182,398.5646786058704,344.6406558667858,15.136082108480323,86544200,28.34090201822397,21.036361505448145
2022-04-13 00:00:00-04:00,343.9200134277344,352.0,341.1600036621094,350.42999267578125,3231000,393.337130709796,487.79826662033724,40.85070434964422,-7.878764296577174,398.87733770955066,341.11999708862646,14.829218839152487,89775200,28.751196385444203,20.82255826281828
2022-04-14 00:00:00-04:00,350.95001220703125,352.0,339.8599853515625,341.1300048828125,4343800,391.2897924420712,486.33888093140666,37.680973475675586,-8.967673790971617,399.72864083482904,335.6580290870459,14.637132825529989,85431400,28.54828319755316,20.71261631087155
2022-04-18 00:00:00-04:00,340.0,342.3599853515625,331.6199951171875,337.8599853515625,5105000,389.19450588950224,484.86147898533864,36.60544675626561,-9.97946855641203,400.37200903306996,330.21599145521134,14.358765497590346,80326400,21.462906912477905,21.150323740447636
2022-04-19 00:00:00-04:00,333.2200012207031,351.67999267578125,333.2200012207031,348.6099853515625,20906900,387.602956064485,483.50574273027615,42.42361511062038,-9.800909258037336,398.54587416233903,328.0554564040672,14.651710208839473,101233300,35.138864946997955,20.62930206795067
2022-04-20 00:00:00-04:00,245.1999969482422,248.6999969482422,212.50999450683594,226.19000244140625,133387500,381.2730363145604,480.9453871055113,19.95893507527846,-19.31501774065606,426.7622438160344,277.7550860993302,23.326587397117123,-32154200,17.32037130470229,23.764225724954624
2022-04-21 00:00:00-04:00,220.0,227.67999267578125,211.52000427246094,218.22000122070312,53501600,374.878799644213,478.3312041613839,19.24445688063807,-27.184760749024235,439.5612698960351,243.18939335266282,22.81468746898878,-85655800,14.707987028936742,26.688322867860133
2022-04-22 00:00:00-04:00,220.17999267578125,226.27000427246094,210.0500030517578,215.52000427246094,37515100,368.6294351198306,475.7161673465688,18.996365486839466,-33.256100346904304,445.314700211041,216.22663076226624,22.34363845125409,-123170900,13.429910093290943,29.424219538212988
2022-04-25 00:00:00-04:00,213.80999755859375,216.66000366210938,204.50999450683594,209.91000366210938,28152000,362.40514369011606,473.0713298969722,18.463754196310248,-38.08138241277112,446.5703806265861,193.16295067224206,21.615522072969757,-151322900,9.352198641680289,32.04519558252793
2022-04-26 00:00:00-04:00,208.8000030517578,209.14999389648438,198.27999877929688,198.39999389648438,20318100,355.973569188405,470.33828177756436,17.38666047997441,-42.346075609066816,440.99715736855626,172.98950644980312,20.90227084510138,-171641000,9.060039948946155,34.56977048904057
2022-04-27 00:00:00-04:00,194.00999450683594,200.19000244140625,187.77000427246094,188.5399932861328,22298400,349.4075466040022,467.5343187079979,16.498747525631288,-45.99133584734284,434.28647264869323,154.1521910882859,20.296394225375945,-193939400,8.764863588502635,37.06267708940201
2022-04-28 00:00:00-04:00,191.55999755859375,201.47999572753906,185.60000610351562,199.52000427246094,21363200,343.5296037674712,464.8675096091369,21.317586434463294,-47.447292868765516,424.5200015030255,141.4079953231464,19.980936753850763,-172576200,13.45707725065428,39.40803095798089
2022-04-29 00:00:00-04:00,198.67999267578125,204.7100067138672,190.0,190.36000061035156,16391900,337.5229526632705,462.136091609149,20.266805293136258,-48.77800258943569,413.38499206171605,129.6376723263048,19.604441750994795,-188968100,13.18319780515911,41.31964343855687
2022-05-02 00:00:00-04:00,191.7100067138672,200.2100067138672,190.00999450683594,199.4600067138672,14591600,332.1087194887841,459.5223992221313,24.260958868435083,-48.53878034421663,399.5729761804791,122.59368845168234,18.932696783568826,-174376500,16.214953753398817,43.094712170520275
2022-05-03 00:00:00-04:00,198.2899932861328,203.1999969482422,194.77000427246094,199.8699951171875,11839400,326.92288716048625,456.9387932111369,24.444598192669133,-47.765501386652375,384.5270773348843,117.88891997956884,18.18250363301257,-162537100,18.681857821112644,44.469887042918955
2022-05-04 00:00:00-04:00,197.64999389648438,204.3800048828125,191.00999450683594,204.00999450683594,12218800,322.1027737230882,454.4220887464175,26.385583052527863,-46.28506348982344,367.2404230910789,116.49690601048357,17.838754114652854,-150318300,21.11524098106338,45.8281084568431
2022-05-05 00:00:00-04:00,200.4499969482422,200.7100067138672,186.0,188.32000732421875,13971300,316.85639072705413,451.774306841719,23.881622657741417,-45.849334046877686,344.51935630811056,117.60330807991026,17.85098557123736,-164289600,20.84209572368249,47.197711634328996
2022-05-06 00:00:00-04:00,186.75,187.2100067138672,175.80999755859375,180.97000122070312,17185500,311.5275127071972,449.0797366365348,22.79052197805541,-45.571776320099445,319.6569007007977,121.11109653227523,17.469487299407906,-181475100,20.528880342811846,48.6780639670506
2022-05-09 00:00:00-04:00,177.66000366210938,183.1999969482422,172.3000030517578,173.10000610351562,14031300,306.09898303646463,446.333669666057,21.649933431484016,-45.46278595866593,288.7004483978078,130.09955160219218,17.000237770627653,-195506400,13.452412231286871,50.121464317740774
2022-05-10 00:00:00-04:00,176.00999450683594,181.8699951171875,170.57000732421875,177.66000366210938,13883900,301.0621603159017,443.6602998550725,24.022585597330846,-44.495539733966496,227.4961665961421,168.5105025119308,16.59307705793773,-181622500,23.852668624466745,51.49662472864124
2022-05-11 00:00:00-04:00,176.08999633789062,180.9199981689453,165.5500030517578,166.3699951171875,12665500,295.7801146218345,440.9011923452428,22.227826945063853,-44.131281524649125,223.36140469837733,164.6692634331331,16.505714062169854,-194288000,28.3777007686313,52.87577657807359
2022-05-12 00:00:00-04:00,163.9600067138672,177.5800018310547,162.7100067138672,174.30999755859375,17662100,291.01658061935444,438.2485436408981,26.392849525346804,-42.70958294339488,218.9129994524135,163.263001524149,16.388876994671115,-176625900,38.28113332561529,54.214140638480934
2022-05-13 00:00:00-04:00,177.16000366210938,187.77000427246094,176.00999450683594,187.63999938964844,13136300,286.96259704171894,435.7549262851643,32.89070516058193,-40.045635670209606,213.81394052529382,164.64472646689367,16.17967197461369,-163489600,47.27838240213657,54.27250912937429
2022-05-16 00:00:00-04:00,193.3000030517578,195.88999938964844,185.6999969482422,186.50999450683594,16145000,283.02327929525296,433.27487721274315,32.6277558411918,-37.59227981240892,209.63725824907922,165.70140752240516,15.751838436527445,-179634600,56.001987830993905,53.47882071563637
2022-05-17 00:00:00-04:00,189.1699981689453,191.39999389648438,185.1699981689453,190.55999755859375,9876700,279.39726824675654,430.85980378334864,34.64445456564573,-34.91865569390737,208.43091852317315,165.86241440325915,15.071706814456846,-169757900,59.53773534632814,52.76355829899658
2022-05-18 00:00:00-04:00,186.72000122070312,187.6999969482422,176.27000427246094,177.19000244140625,9665600,275.3891401759585,428.33572615805565,31.312227725873527,-33.49255486176406,208.2222599788603,164.55774083494177,15.01587013386227,-179423500,51.93021263275735,52.45581756103645
2022-05-19 00:00:00-04:00,178.0500030517578,186.3000030517578,175.7100067138672,183.47999572753906,10448500,271.7848600015107,425.8993507308864,34.50391118399405,-31.491792011911656,206.01750905439013,164.62382395342235,14.699736291292867,-168975000,59.37503804858996,52.191947819223444
2022-05-20 00:00:00-04:00,185.8699951171875,190.19000244140625,179.77000427246094,186.35000610351562,10429400,268.43447357413834,423.5157751624549,35.96598428809985,-29.336415253266637,205.5858442869316,164.52082278663613,14.394040711125184,-158545600,58.24666388948861,51.494453938342296
2022-05-23 00:00:00-04:00,186.14999389648438,187.66000366210938,177.88999938964844,187.44000244140625,9602000,265.25821980422734,421.1667624985639,36.545337627698935,-27.2264603612399,203.3618711151753,165.14212872206429,14.063752394077738,-148943600,52.14526054793444,50.93594584656402
2022-05-24 00:00:00-04:00,182.0,184.0,177.1699981689453,180.33999633789062,7706400,261.9280933937828,418.7704762681095,34.36432131307669,-25.829470999832864,200.19649417886004,165.70350582113994,13.792770385390824,-156650000,46.2261357334563,50.452989921565724
2022-05-25 00:00:00-04:00,180.27999877929688,188.8699951171875,180.1699981689453,187.8300018310547,8522100,259.02228588151894,416.47256109958164,38.53190911281863,-23.84311740383609,195.31994310642162,168.42272453680752,13.429000854165922,-148127900,52.98617537663928,49.37998391860827
2022-05-26 00:00:00-04:00,186.49000549316406,192.33999633789062,183.08999633789062,191.39999389648438,8049900,256.3704312938705,414.23303306771004,40.47205966609036,-21.730355334472904,195.99855928798664,168.15477323154462,13.13050079315407,-140078000,61.061947343699536,47.953465407573454
2022-05-27 00:00:00-04:00,193.19000244140625,195.25,190.3699951171875,195.19000244140625,8586000,253.97119878985234,412.0535004246623,42.545388655279005,-19.525081175867257,198.37893577192986,167.6703969103618,12.5411796567011,-131492000,68.63253701624318,46.27196260905888
2022-05-31 00:00:00-04:00,196.17999267578125,199.9499969482422,190.8000030517578,197.44000244140625,11398500,251.75428912912898,409.9180427332866,43.79689959417839,-17.39530704959938,200.59627881740437,168.69838670993937,12.298952102399905,-120093500,68.39016196473094,44.15134795925684
2022-06-01 00:00:00-04:00,198.6999969482422,202.74000549316406,191.66000366210938,192.91000366210938,8416200,249.44667009120664,407.7587587624291,41.821696943986254,-15.889810904010346,201.64588998666423,169.68210887401287,12.211884225875247,-128509700,69.6652986567723,41.860159300725265
2022-06-02 00:00:00-04:00,192.02000427246094,205.47000122070312,191.72000122070312,205.08999633789062,9623100,247.70719268911583,405.74215416118994,48.54153414698467,-13.557587318326853,203.41538770785218,173.07527798225198,12.32174963831273,-118886600,68.4161449897826,39.41916606481325
2022-06-03 00:00:00-04:00,200.13999938964844,202.9499969482422,198.0500030517578,198.97999572753906,7191800,245.7963222200344,403.6848192514024,45.69049935849638,-12.063251653807129,203.9702940270696,175.80970475222728,11.944481327442734,-126078400,61.614756521850325,37.152529488609225
2022-06-06 00:00:00-04:00,202.08999633789062,203.8699951171875,195.3800048828125,197.13999938964844,5372000,243.8882311286467,401.62964691446956,44.83645452433621,-10.90178322959855,204.99112174891127,176.05554369705226,11.697731963652183,-131450400,53.88378014305443,35.32820180406039
2022-06-07 00:00:00-04:00,194.8699951171875,199.60000610351562,193.0,198.61000061035156,4839500,242.11261424557634,399.609550931344,45.70955373826662,-9.750298945395002,206.1575874604527,176.50241213264627,11.333608687928145,-126610900,56.04454576666778,33.88180556349362
2022-06-08 00:00:00-04:00,197.9499969482422,207.3800048828125,197.63999938964844,202.8300018310547,7244100,240.5721196410853,397.65154546765956,48.24215698550865,-8.40038610175614,208.03162150805863,176.2643786547018,11.219779888302138,-119366800,63.25422281684375,31.541466558936612
2022-06-09 00:00:00-04:00,200.64999389648438,201.69000244140625,192.5399932861328,192.77000427246094,6949000,238.69752688153142,395.61292316720983,43.08256582337746,-8.049538110966722,206.91302231204932,179.46031142818507,11.153367649489264,-126315800,56.159338055780324,29.925506673162477
2022-06-10 00:00:00-04:00,182.63999938964844,185.86000061035156,180.85000610351562,182.94000244140625,13065600,236.51095729564415,393.49677470227647,38.7243104656134,-8.467084268683436,206.98110094958287,179.32023368583378,11.208126972307554,-139381400,46.38207310352385,29.48541264825842
2022-06-13 00:00:00-04:00,177.07000732421875,179.08999633789062,168.9600067138672,169.69000244140625,10222400,233.89052769351719,391.2698416449544,33.765960430014005,-9.75471063990102,209.9505443618483,174.12945645195379,11.406117597681233,-149603800,46.39398076985924,29.90169152049105
2022-06-14 00:00:00-04:00,169.75,172.05999755859375,164.27999877929688,167.5399932861328,11555300,231.28854595205112,389.043673999593,33.02698244708371,-10.82388062814286,212.35060418106912,169.0760620786965,11.147109110653778,-161159100,45.28331842723804,30.56703880621796
2022-06-15 00:00:00-04:00,169.25999450683594,183.85000610351562,168.52999877929688,180.11000061035156,12396000,229.28154417394526,386.9647319758195,41.1378681934893,-10.535464728358846,212.36495887316514,169.03104128959527,11.515887946848709,-148763100,46.71792234946656,29.78597594520622
2022-06-16 00:00:00-04:00,174.0,176.27000427246094,171.55999755859375,173.35000610351562,8201300,227.0881505241245,384.8392123153986,38.44158677730304,-10.728694400260167,213.051978629307,166.4133554364482,11.304039025770788,-156964400,40.43370300429897,29.060703288552467
2022-06-17 00:00:00-04:00,173.6300048828125,179.64999389648438,173.33999633789062,175.50999450683594,12133400,225.0654777391328,382.7563345262587,39.79932045176048,-10.585514077977706,213.01471266327843,164.3319548171903,10.947321778115285,-144831000,41.61498190305242,28.005416834825333
2022-06-21 00:00:00-04:00,177.60000610351562,178.6199951171875,169.8000030517578,170.91000366210938,12177600,222.9417336576809,380.6484108360682,37.883026739359074,-10.719653960350257,212.64452416286343,161.46481014703238,10.7953696557806,-157008600,32.460617632799185,27.319256642194546
2022-06-22 00:00:00-04:00,170.75,182.82000732421875,170.1999969482422,178.88999938964844,11992400,221.21421466677768,378.64086445351677,43.009506102086135,-10.066007155335882,211.0714851549065,160.56451541475496,10.925701135794597,-145016200,40.566357317145304,26.19360253811865
2022-06-23 00:00:00-04:00,180.5,182.75999450683594,175.8699951171875,181.7100067138672,9538200,219.66503004117334,376.68135343123174,44.74496001835663,-9.214220531180842,210.10323775760898,160.0394298856202,10.637436725355586,-135478000,40.03868870503203,25.148352298619606
2022-06-24 00:00:00-04:00,183.5,191.19000244140625,181.83999633789062,190.85000610351562,12424000,218.53502910244168,374.83228529861765,50.053734759977864,-7.712744215860283,207.03554020107583,161.20846207757,10.55476236836869,-123054000,47.94373985137166,23.470787236496033
2022-06-27 00:00:00-04:00,191.77000427246094,191.77999877929688,182.38999938964844,189.13999938964844,8363900,217.3822828391949,372.9846008617125,49.10319887256206,-6.584890154355094,205.17209140026642,161.75991136666067,10.471565012745815,-131417900,46.99888653139798,21.97524117240303
2022-06-28 00:00:00-04:00,189.1999969482422,192.1999969482422,179.3699951171875,179.60000610351562,7185400,215.9006249279918,371.0603760382479,44.07451318515594,-6.387227432076941,202.78592679815523,161.80741019728748,10.640024785482163,-138603300,46.33314822294936,20.56546831471623
2022-06-29 00:00:00-04:00,179.5500030517578,180.6699981689453,175.10000610351562,178.36000061035156,5766800,214.428443582202,369.14295936732356,43.45162378587757,-6.258492376389768,199.53929388752329,162.35404310791944,10.2778795911927,-144370100,41.36409146515648,19.718463604012186
2022-06-30 00:00:00-04:00,177.07000732421875,179.4499969482422,170.3000030517578,174.8699951171875,7894700,212.87713187769162,367.2098950464267,41.666778705014295,-6.364714723936942,193.70912501356779,164.4562110866926,10.197316327284963,-152264800,41.33014296927167,19.415583534064147
2022-07-01 00:00:00-04:00,176.49000549316406,180.10000610351562,174.27000427246094,179.9499969482422,5201600,211.5858716843799,365.3466124782856,45.19562076057233,-5.970162688068541,190.92657729576678,165.52942449459783,9.885365291839943,-147063200,47.7227715221143,19.046077959488226
2022-07-05 00:00:00-04:00,176.27999877929688,185.9199981689453,172.67999267578125,185.8800048828125,7334300,210.5777984764753,363.56087508927595,49.068871801747115,-5.119955614609694,191.49280233175105,165.35519978413438,10.124982449077379,-139728900,54.253678586263575,17.939773946068097
2022-07-06 00:00:00-04:00,185.1999969482422,186.22000122070312,180.82000732421875,184.05999755859375,5753400,209.53788471498976,361.7747967058861,47.94881308769012,-4.540677658537049,191.84197557809708,166.9220258867467,9.787483266749307,-145482300,61.0334526816832,16.87428597712916
2022-07-07 00:00:00-04:00,184.27000427246094,190.2100067138672,183.5,189.27000427246094,6334500,208.7430658741063,360.0583311095336,51.37082449818272,-3.619468722518832,192.4725587509678,169.188777512053,9.567663512972015,-139147800,59.21296350110989,15.959947794933795
2022-07-08 00:00:00-04:00,186.02000427246094,189.91000366210938,182.75,186.97999572753906,5835700,207.88961214286837,358.33615861817043,49.82043147973409,-3.0391550671419907,193.3152991122493,169.26203649972985,9.39568780933897,-144983500,60.14680743649452,15.00868891561244
2022-07-11 00:00:00-04:00,184.72999572753906,184.99000549316406,176.88999938964844,177.33999633789062,6038800,206.69158799365357,356.53520177956074,43.82437656802509,-3.318861925868333,193.0311102635607,170.07822404633512,9.445281275664087,-151022300,52.720827210157815,14.50828933605432
2022-07-12 00:00:00-04:00,177.3300018310547,179.77999877929688,173.4199981689453,174.4499969482422,6845300,205.4272118742257,354.7234086966621,42.18520755636538,-3.730724949675846,193.12039372445525,169.84760757762808,9.22490408528462,-157867600,55.183007311872515,14.451279864974092
2022-07-13 00:00:00-04:00,170.5,179.17999267578125,169.6999969482422,176.55999755859375,12734400,204.29516425400485,352.9506384365818,43.836897750425436,-3.842575133888147,192.41944709490036,171.3018867267142,9.243124916874223,-145133200,43.96290488778994,14.810276962077953
2022-07-14 00:00:00-04:00,175.55999755859375,177.52000427246094,171.82000732421875,174.77999877929688,9039500,203.13770678440844,351.1777962509372,42.72791914034567,-4.028411219196244,192.64124964822747,170.53208409200693,8.99004434768622,-154172700,35.388171504457944,15.143631409388684
2022-07-15 00:00:00-04:00,175.5800018310547,189.22000122070312,174.55999755859375,189.11000061035156,16319100,202.58760065993562,349.5651813689413,53.02980911195608,-2.984967422368328,193.75560317793907,170.4043964151599,9.395041441573587,-137853600,37.56062610886582,14.343419727202317
2022-07-18 00:00:00-04:00,192.5,199.6699981689453,189.8000030517578,190.9199981689453,16322800,202.13004762107326,347.9866223321254,54.15160667521037,-1.9890504837422043,193.7743327410767,170.39499912741286,9.478252592789314,-121530800,49.42899471419085,14.688744057949881
2022-07-19 00:00:00-04:00,193.02000427246094,201.97000122070312,188.39999389648438,201.6300048828125,28178700,202.1104381019258,346.53033758138605,60.20764054701716,-0.33174692805721406,197.83286126339235,168.00180467085247,9.770520787891416,-93352100,62.8449974113229,15.218590863525145
2022-07-20 00:00:00-04:00,208.1699981689453,216.97000122070312,200.10000610351562,216.44000244140625,53920300,202.67238180151327,345.2359063859634,66.74838076411041,2.1519151721314813,207.62378218953327,163.12288325643024,10.27762609712685,-39431800,76.32023514490585,16.839311890006737
2022-07-21 00:00:00-04:00,214.3000030517578,224.32000732421875,211.5,223.8800048828125,23430100,203.50405329489757,344.0283849779718,69.4638464235606,4.6667855004013745,217.3999447691347,159.41605457982362,10.459224756204843,-16001700,82.01082386544083,18.773141079262956
2022-07-22 00:00:00-04:00,222.3800048828125,229.35000610351562,218.44000244140625,220.44000244140625,17805500,204.1682081633881,342.79864982835426,66.74959239950479,6.309526611265284,223.513962288048,159.37803803747283,10.49142324948374,-33807200,83.28260061566858,20.83535884819967
2022-07-25 00:00:00-04:00,221.30999755859375,225.22999572753906,216.35000610351562,218.50999450683594,10935200,204.7306311572488,341.5619467903292,65.2100514934643,7.370710306064609,228.10480746505982,159.92852586827354,10.376320847665147,-44742400,78.23071621085342,22.445412259283763
2022-07-26 00:00:00-04:00,216.66000366210938,219.38999938964844,211.63999938964844,213.91000366210938,9508500,205.0906065495963,340.29177820198873,61.56535349472083,7.751174497498226,231.04085782990578,160.72980867400045,10.18872650140335,-54250900,74.1709471109704,23.269066938571985
2022-07-27 00:00:00-04:00,216.47999572753906,227.77999877929688,214.5800018310547,226.75,10508400,205.9399945280435,339.1620092646555,67.09395522571208,8.985199717199635,236.41761470867027,161.0450521207568,10.451674259673647,-43742500,74.81651571121537,24.560727326677796
2022-07-28 00:00:00-04:00,224.60000610351562,228.10000610351562,219.6699981689453,226.02000427246094,8972700,206.7274458905697,338.03621817020587,66.50821131276294,9.791399877250882,240.81659229590485,161.54607453352224,10.307269522166266,-52715200,77.62095398726929,25.77926108328496
2022-07-29 00:00:00-04:00,223.2899932861328,230.75,222.39999389648438,224.89999389648438,9064900,207.44009483197814,336.91048459534295,65.56248342356079,10.22210971764332,244.22636398961808,163.1923025956684,10.16746499226265,-61780100,80.32563408211233,27.07397377023964
2022-08-01 00:00:00-04:00,223.10000610351562,228.38999938964844,221.0,226.2100067138672,5525000,208.17616980773852,335.80898730299,66.16845320194435,10.547571615432702,246.32155953382534,167.61310843492464,9.969074592075922,-56255100,80.2584674597905,28.05229342523967
2022-08-02 00:00:00-04:00,222.75999450683594,228.1999969482422,220.8800048828125,221.4199981689453,6361300,208.69553562582507,334.67078840613385,61.880792290043495,10.300253940710576,245.92139786281373,174.27593693536338,9.77985441160119,-62616400,81.62957531615425,28.9405557135053
2022-08-03 00:00:00-04:00,224.7899932861328,228.10000610351562,222.4199981689453,226.72999572753906,6400700,209.40276935530406,333.5967506680384,64.6179227201707,10.412694269283804,245.26036024478506,181.62630764258475,9.558436806098983,-56215700,84.92321931793582,29.76537069546624
2022-08-04 00:00:00-04:00,227.67999267578125,232.07000732421875,225.0500030517578,229.91000366210938,7142700,210.2069746222376,332.56504174260624,66.18392845022376,10.635801207883418,242.2576860025827,191.97964920249544,9.377120196553408,-49073000,84.47191266138873,30.83517680138093
2022-08-05 00:00:00-04:00,225.3000030517578,228.6199951171875,222.8699951171875,226.77999877929688,5539700,210.8568971382007,331.5124542504341,63.218054813832076,10.439707380432196,240.1832967305108,199.07670489709335,9.2101836500083,-54612700,80.94674228240244,31.409195431883557
2022-08-08 00:00:00-04:00,227.49000549316406,241.9600067138672,226.41000366210938,233.49000549316406,10982100,211.74447001486595,330.5371065016055,66.66664618318504,10.702372781906405,237.35570696970132,207.58029563446536,9.66302789299041,-43630600,79.55430784087812,32.86318796878247
2022-08-09 00:00:00-04:00,231.6199951171875,232.1999969482422,224.64999389648438,229.94000244140625,6181200,212.4580203061028,329.5361402920513,63.285959904515835,10.503009274295493,234.67479807598156,214.03587086933092,9.604241014682502,-49811800,68.39870630927129,33.897899727010056
2022-08-10 00:00:00-04:00,236.99000549316406,244.5399932861328,236.60000610351562,244.11000061035156,9254800,213.69927443568122,328.6861289519349,69.8566816317551,11.357490604894593,239.62529969412216,212.77470234038307,9.96108028825708,-40557000,65.11413641772467,35.53612509150604
2022-08-11 00:00:00-04:00,244.67999267578125,251.6199951171875,241.50999450683594,242.6999969482422,8780100,214.83655767146792,327.8305455489131,68.54214195452406,11.785047017875002,243.11054651076347,211.79878779913236,9.971717454120972,-49337100,62.70373494930697,37.3661346751832
2022-08-12 00:00:00-04:00,244.80999755859375,249.41000366210938,243.75999450683594,249.3000030517578,6098500,216.18806533344008,327.0491471161056,71.26763972286753,12.512220796782515,247.93766236288255,210.8196720283935,9.738738115531417,-43238600,70.88040590202151,39.06542928859769
2022-08-15 00:00:00-04:00,248.11000061035156,251.99000549316406,247.50999450683594,249.11000061035156,6527400,217.47912161880916,326.273633220526,71.07672315983567,12.92419754223286,251.42139793930806,211.41593726577008,9.363114749159752,-49766000,78.5977850592959,40.75601350553289
2022-08-16 00:00:00-04:00,247.16000366210938,249.2899932861328,244.02999877929688,245.69000244140625,5136800,218.58543067067572,325.4718060485945,67.56804172190182,12.826866676419314,252.37131795533506,214.70335042031596,9.070034731850908,-54902800,72.32239569097031,41.678387468377885
2022-08-17 00:00:00-04:00,241.17999267578125,244.24000549316406,237.55999755859375,241.14999389648438,5627200,219.47031550306036,324.6327830421058,63.11396698153186,12.242269257438608,253.31758341626403,215.67708414558496,9.00288974263388,-60530000,65.68599264604552,41.43356627158698
2022-08-18 00:00:00-04:00,241.9600067138672,246.47999572753906,239.27999877929688,245.1699981689453,5280400,220.47814619584017,323.842108565756,65.29547493757886,11.965422398120808,254.71847494129526,216.82952514008497,8.874111685891616,-55249600,64.51933821902671,41.36528103321073
2022-08-19 00:00:00-04:00,240.9499969482422,243.2899932861328,235.67999267578125,241.16000366210938,7504700,221.2891994298115,323.01940105427695,61.39489605353677,11.29227589642204,255.03482402209772,218.68117736136583,8.918104100696791,-62754300,62.95470962100172,40.7124120643776
2022-08-22 00:00:00-04:00,232.5500030517578,233.47999572753906,224.58999633789062,226.5399932861328,8630100,221.49511291437312,322.05940694713127,49.73060583580977,9.46992637482603,255.00594908183416,218.75405051126478,9.464668616662646,-71384400,61.48913759483919,38.56572800864187
2022-08-23 00:00:00-04:00,226.4600067138672,229.89999389648438,224.3000030517578,224.5500030517578,5276900,221.6149125276039,321.08916412230167,48.38316933020415,7.775494607017777,254.55808144250094,219.61925213497304,9.188620204381497,-76661300,55.94405276187273,36.5362400055505
2022-08-24 00:00:00-04:00,225.66000366210938,234.10000610351562,223.94000244140625,229.61000061035156,5426300,221.92844539359402,320.17892368934696,51.948314592750684,6.762985253927383,254.34917301311845,220.2121612153972,9.258004737076346,-71235000,55.189421650551466,35.07890427908892
2022-08-25 00:00:00-04:00,230.24000549316406,234.16000366210938,229.0,233.97999572753906,3766900,222.40105521061147,319.3212229136076,54.848798966280356,6.241241237305417,254.268981548809,220.8350182884306,8.965290374578705,-67468100,60.00376127028069,33.73179208281961
2022-08-26 00:00:00-04:00,233.6300048828125,236.9499969482422,223.14999389648438,223.27999877929688,5349800,222.43552358585404,318.36558884261945,47.31748214800548,4.907781168726956,254.7144735275655,219.9228596430074,9.310626994377214,-72817900,51.6894770036691,31.675684127553094
2022-08-29 00:00:00-04:00,221.92999267578125,229.8699951171875,221.52000427246094,224.57000732421875,7109400,222.5192288304958,317.43229947427716,48.24024400025525,3.9100250311879847,255.18020488427578,218.26779519710442,9.242010126545024,-65708500,51.236976198903506,29.55443146587198
2022-08-30 00:00:00-04:00,226.66000366210938,229.7899932861328,218.74000549316406,220.64999389648438,5740400,222.44592549975025,316.46929145857774,45.62503745725575,2.771040945932924,255.99748257949932,216.21184969589132,9.371151388432432,-71448900,42.66646073886298,27.661809114304447
2022-08-31 00:00:00-04:00,227.0,233.8800048828125,223.42999267578125,223.55999755859375,8615900,222.48961460009707,315.54482087250824,47.88374679845725,2.0792327274434115,255.05933317272485,214.40999869576473,9.646784216853552,-62833000,42.1037675738409,26.001713572926285
2022-09-01 00:00:00-04:00,220.72000122070312,230.3699951171875,219.47000122070312,230.0399932861328,7292900,222.7857078819024,314.69402656816624,52.60502451598956,2.030445517690481,253.87068087701743,213.91065050319088,9.73629919397004,-55540100,34.3825620333632,24.353329818208483
2022-09-02 00:00:00-04:00,231.02999877929688,233.8800048828125,225.0399932861328,226.11000061035156,8164900,222.9160723026259,313.81259347405864,49.66635750770604,1.6555792508110017,250.85047073809918,213.83886031658832,9.672278651306444,-63705000,35.13420061675751,22.867477969995942
2022-09-06 00:00:00-04:00,225.58999633789062,226.85000610351562,214.69000244140625,218.38999938964844,7469000,222.73857924721503,312.8631149259551,44.41725367250551,0.7271730554412272,247.6938666073625,212.8994642845646,9.849973294935225,-71174000,34.5006987934766,22.212124544063375
2022-09-07 00:00:00-04:00,220.2100067138672,229.3300018310547,218.27000427246094,228.9600067138672,8149300,222.98255679492686,312.02825812782487,51.91118234965459,0.8346938791724483,244.51023404554886,213.85243074937304,9.936403599482263,-63024700,42.30291858292491,21.26899616614484
2022-09-08 00:00:00-04:00,224.16000366210938,228.74000549316406,221.3000030517578,227.44000244140625,6737400,223.15735858498488,311.1865839418903,50.84946205077131,0.7881677577493633,242.20442538575472,214.33024054849008,9.773803603955628,-69762100,42.9287751676132,20.393234100934773
2022-09-09 00:00:00-04:00,229.6199951171875,234.77999877929688,229.6199951171875,233.57000732421875,6699600,223.56569775122932,310.41427969693837,54.859226760055726,1.2317369380810135,238.5918337381355,216.39616675014577,9.599960227808127,-63062500,50.693204725162204,19.10479406420019
2022-09-12 00:00:00-04:00,233.61000061035156,239.49000549316406,233.3699951171875,236.52999877929688,6047400,224.07410171311435,309.6791127226335,56.69631407415506,1.8013504354629788,236.91936491278875,217.4513015911175,9.35139238124873,-57015100,58.85236801912095,18.469813185932672
2022-09-13 00:00:00-04:00,226.5,227.69000244140625,217.72000122070312,218.1300048828125,8000100,223.8409998766319,308.7681763262173,44.557120739299776,0.7592948255957879,237.36009110028067,215.88924361651618,10.027007036773373,-65015200,57.27343154003329,18.181384639573132
2022-09-14 00:00:00-04:00,219.82000732421875,228.0,215.8000030517578,224.1199951171875,8230300,223.85194086645762,307.925905866426,48.42826921169636,0.41205053655491497,237.35570009501618,215.83630023050466,10.182220601878289,-56784900,58.41438410314769,18.088958688478673
2022-09-15 00:00:00-04:00,230.47000122070312,242.2899932861328,229.10000610351562,235.3800048828125,19454100,224.30402180827548,307.204056105395,54.81509103065115,1.0335317097886048,238.5276354914655,215.43369873705012,10.752776142383075,-37330800,64.40253280380674,17.151961447274807
2022-09-16 00:00:00-04:00,231.22000122070312,241.36000061035156,227.8300018310547,240.1300048828125,18914200,224.92464859551222,306.53665261064293,57.22186059378168,1.8875863986777972,240.26327191954857,214.5180635296702,10.951149187876918,-18416600,72.59747410048948,16.150053017884392
2022-09-19 00:00:00-04:00,245.0500030517578,245.25,235.75,243.6300048828125,17912400,225.6581919793279,305.9107158173312,58.956635653995654,2.81440888827845,243.71930914387258,213.7753604524816,10.847495674457138,-504200,79.99960764610101,15.599050768425018
2022-09-20 00:00:00-04:00,240.3699951171875,250.49000549316406,239.66000366210938,242.85000610351562,16037400,226.33238076851174,305.28324606893506,58.38836120886517,3.4462567038532086,246.29395784846258,213.63804491846452,10.846246114214106,-16541600,85.2608438468244,15.569217749059066
2022-09-21 00:00:00-04:00,242.6699981689453,248.3000030517578,236.67999267578125,236.8699951171875,9166800,226.7456205468912,304.60251720374356,54.08419947521701,3.4249826720881344,246.90584261685956,215.1888269794946,10.901514990054281,-25708400,78.99554670853782,15.186342124441051
2022-09-22 00:00:00-04:00,235.35000610351562,240.5,231.66000366210938,237.0500030517578,10018000,227.1497139784546,303.93035288382333,54.19366118497934,3.383643449137196,247.532438110273,216.36089888516972,10.754263657756878,-15690400,77.39575705973964,14.259075082719871
2022-09-23 00:00:00-04:00,235.13999938964844,236.4499969482422,221.42999267578125,226.41000366210938,11207200,227.1207057307548,303.1590061253984,47.053234172166974,2.4639202496551036,247.5124866328968,215.89685174600942,11.101816994772571,-26897600,70.7336647144673,14.086741532769421
2022-09-26 00:00:00-04:00,225.60000610351562,232.6999969482422,223.00999450683594,224.07000732421875,8234300,227.00107049912594,302.3720509134464,45.629338648626096,1.528594157583484,247.60019610487063,215.53714316921793,11.000973098103549,-35131900,70.29881536971311,13.926717522101146
2022-09-27 00:00:00-04:00,228.6300048828125,230.63999938964844,220.72000122070312,224.36000061035156,7762200,226.8974991309387,301.59581160694796,45.848044417527724,0.8015023059074338,246.93061217583337,217.00272726101556,10.923760603163673,-27369700,65.38984115917697,13.995116993336653
2022-09-28 00:00:00-04:00,229.69000244140625,246.64999389648438,227.3800048828125,245.1999969482422,17579700,227.61524414338197,301.03465922228423,58.703856098325794,1.8851593686606805,249.2826089191673,216.81606254893168,11.735634366232897,-9790000,67.78906012756637,13.622831160060418
2022-09-29 00:00:00-04:00,241.61000061035156,246.97999572753906,235.67999267578125,239.7100067138672,18994900,228.08954855791083,300.4244636749368,54.99958001746044,2.2747471983473133,250.1241081015838,217.6105639361766,11.704517843770391,-28784900,70.10885455627506,13.306796810326109
2022-09-30 00:00:00-04:00,237.0,242.44000244140625,233.25999450683594,235.44000244140625,11848600,228.37780165138125,299.7778521203743,52.23856132868462,2.2134296619983616,250.26641290282433,217.71759181722777,11.524195707398958,-40633500,64.56686152130985,12.742659463888804
2022-10-03 00:00:00-04:00,237.85000610351562,241.5399932861328,232.85000610351562,239.0399932861328,8657400,228.79592681352838,299.1734953160535,54.32059698430593,2.427343344358434,250.5855941925206,217.73307646177625,11.321752241343118,-31976100,68.86701035251653,12.17144665639101
2022-10-04 00:00:00-04:00,244.83999633789062,245.8000030517578,233.25,240.74000549316406,13925900,229.26432205586704,298.59206755662177,55.31130072677191,2.702891011220146,249.94128396047518,221.3920534418686,11.409484442087024,-18050200,69.90992472093112,12.088538423441232
2022-10-05 00:00:00-04:00,238.75999450683594,241.58999633789062,227.3800048828125,236.72999572753906,10825600,229.5570935724032,297.9765245533473,52.42312027072785,2.568086939723287,249.37923336566786,223.6354374513894,11.609520657300674,-28875800,62.56345982275589,11.306462408441927
2022-10-06 00:00:00-04:00,236.67999267578125,244.27999877929688,233.91000366210938,240.02000427246094,9188900,229.96740379593487,297.39984275950764,54.521355821623274,2.6956560902568185,249.78796265837465,223.84537474396907,11.520983118721162,-19686900,60.47513249436181,10.877107624938047
2022-10-07 00:00:00-04:00,235.77000427246094,237.3300018310547,224.27999877929688,224.75,9806100,229.76279972550606,296.67695875195034,44.673622650948296,1.5467637039513704,249.93168780715115,221.65098227748427,11.822341859752798,-29493000,52.5401923259787,10.77088749166448
2022-10-10 00:00:00-04:00,225.63999938964844,233.8300018310547,224.22999572753906,229.97999572753906,9991100,229.77131721578186,296.01330737857313,48.12934033551315,1.046215041049095,248.6384301940606,221.1242386698717,11.663603591450142,-19501900,50.454477927548375,10.677298145880828
2022-10-11 00:00:00-04:00,226.0500030517578,230.44000244140625,213.6999969482422,214.2899932861328,15282400,229.1642064734427,295.20014007417075,40.04784800005539,-0.6094995196964703,249.43610329613355,216.51856385881436,12.026203727286852,-34784300,48.936476925743605,11.561673808456984
2022-10-12 00:00:00-04:00,214.3000030517578,223.6699981689453,212.63999938964844,220.8699951171875,12952600,228.83894328300136,294.460536641763,44.2738380987131,-1.3748654879492221,249.27123365660253,214.55010016501205,11.955046231001853,-21831700,48.34237258292454,12.470926775481384
2022-10-13 00:00:00-04:00,212.69000244140625,234.47000122070312,211.72999572753906,232.50999450683594,17505000,228.98290607609292,293.8441133369378,50.87121570939368,-1.0302962469451415,248.7566213665417,214.45937798241664,12.725400464013441,-4326700,56.537194435698524,11.987930914612802
2022-10-14 00:00:00-04:00,237.8000030517578,238.8000030517578,229.50999450683594,230.0,15293400,229.0227921123246,293.2088485276151,49.51005283099207,-0.9488208051431286,248.79815884195142,214.89650668539235,12.480015326935472,-19620100,62.77149466510052,11.18171579667173
2022-10-17 00:00:00-04:00,234.41000366210938,249.9199981689453,234.39999389648438,245.10000610351562,21057800,229.6532710923713,292.7301535781216,56.96945264930063,0.33038489461347353,250.8610855448513,215.63757981973205,13.011442672793319,1437700,69.42979986067988,11.451738952196633
2022-10-18 00:00:00-04:00,249.8000030517578,250.3699951171875,237.72999572753906,240.86000061035156,25776700,230.09275068131174,292.2140326530692,54.53313766932165,0.9906124559981038,251.6614012085768,217.03726415600656,12.98491100971154,-24339000,57.47642001462657,11.740255713119467
2022-10-19 00:00:00-04:00,265.0,279.29998779296875,262.6600036621094,272.3800048828125,46685300,231.75107437548823,292.0166791429174,66.1294154969372,4.011012026327705,261.47667170647367,210.84599471605236,14.803130736347658,22346300,63.70884912740355,13.825173904028244
2022-10-20 00:00:00-04:00,272.7799987792969,278.3800048828125,266.3800048828125,268.1600036621094,17207100,233.17887552398318,291.779299287387,63.78386154024715,5.99507413332384,267.99397817807903,208.1220211708793,14.602907112322825,5139200,61.64069250689992,15.761169367014963
2022-10-21 00:00:00-04:00,268.95001220703125,290.75,265.67999267578125,289.57000732421875,24889100,235.39029245732576,291.7573162827784,69.66298339052848,9.189139333978261,281.03469563880503,202.29863769452828,15.350557127458249,30028300,64.705843628271,18.106899108299725
2022-10-24 00:00:00-04:00,290.2300109863281,290.489990234375,280.3599853515625,282.45001220703125,13326400,237.23577166319654,291.66470629197494,65.83546018209998,11.018915714499087,288.81044263247827,200.3108932236415,14.977660538554982,16701900,64.95944298758553,20.285076725207006
2022-10-25 00:00:00-04:00,286.95001220703125,297.5899963378906,285.54998779296875,291.0199890136719,15100700,239.34495665733283,291.6582911946784,68.10687996850318,13.010574382223183,297.76041424758597,198.0649194112682,14.989255080862439,31802600,69.92423389723172,22.59982927481865
2022-10-26 00:00:00-04:00,290.0400085449219,305.6300048828125,288.0400085449219,298.6199951171875,15714100,241.669467969484,291.7275618804745,70.0110349168865,15.028990356564123,307.43737937098217,196.6399542064918,15.17502231350731,47516700,71.03730779305003,25.048168321412753
2022-10-27 00:00:00-04:00,298.3299865722656,305.2099914550781,294.7799987792969,296.94000244140625,14612600,243.8369399095594,291.7794269606828,69.0299179946734,16.30508333831807,315.08309702587246,196.58356964079422,14.836091625098305,32904100,75.18244584143746,27.321626007535848
2022-10-28 00:00:00-04:00,297.70001220703125,301.19000244140625,292.2900085449219,295.7200012207031,9960500,245.87156976489837,291.8186366548124,68.28158409871187,17.021736336749314,320.4612315731067,200.668101922987,14.412084644483025,22943600,71.17828348918795,29.087621829771876
2022-10-31 00:00:00-04:00,295.1300048828125,297.6199951171875,289.5,291.8800048828125,7505100,247.67582212246364,291.81924728394677,65.86142234436318,17.0829122107113,324.1181110440563,205.26455700607386,13.962649678247631,15438500,72.37894451568533,30.3383651246023
2022-11-01 00:00:00-04:00,296.1700134277344,299.70001220703125,286.4200134277344,286.75,6916400,249.2081428235435,291.7688070124647,62.66588683890004,16.526933805520287,323.28578393164116,215.75821834700466,13.913888899751148,8522100,73.2615824555623,31.0719711486091
2022-11-02 00:00:00-04:00,286.3999938964844,287.3299865722656,272.8399963378906,273.0,10367600,250.1411568304634,291.58205271383326,54.967680366877545,14.806130966062767,320.0531906888517,225.94147890750241,13.955038995081424,-1845500,68.50239952417472,30.12140318681282
2022-11-03 00:00:00-04:00,271.25,276.2900085449219,268.79998779296875,269.05999755859375,7057400,250.88307215313517,291.3579526625374,52.9600434464085,12.97489058693327,317.35668803306856,233.51131530352,13.493251977715117,-8902900,64.75481407192844,28.822545391957195
2022-11-04 00:00:00-04:00,272.0199890136719,274.9700012207031,255.32000732421875,260.7900085449219,11124700,251.271579462617,291.0537940146009,48.921105754587074,10.732581871858713,312.8048984012187,242.16843940802607,13.933019257627206,-20027600,58.851087043128025,27.11803740049192
2022-11-07 00:00:00-05:00,261.05999755859375,261.1499938964844,252.08999633789062,258.6000061035156,7927000,251.55896874265227,290.73087075180405,47.879759567130876,8.678777619743869,310.9374501948813,245.83588761436354,13.584946279124818,-27954600,63.09903235505225,25.789795875206018
2022-11-08 00:00:00-05:00,259.9200134277344,266.0799865722656,256.8800048828125,263.4599914550781,7683800,252.02567551568856,290.4595187190008,50.402837924704244,7.3584594147101825,306.99231076991924,252.7943591519558,13.271734522719697,-20270800,54.8812726275294,24.106460464330628
2022-11-09 00:00:00-05:00,259.6600036621094,260.8999938964844,254.22000122070312,254.66000366210938,7266000,252.12898250182272,290.10330463883275,46.05536990962496,5.538171659022964,308.4359177849791,248.98808530746885,12.983752787837933,-27536800,58.28929793532796,22.77124605887236
2022-11-10 00:00:00-05:00,265.989990234375,275.3599853515625,260.0899963378906,274.9700012207031,9667300,253.02470872609254,289.95272450531905,55.578633490777705,5.669077961560163,308.4359320584235,249.8960707085036,13.534911995096161,-17869500,53.767615112881025,21.965654023747962
2022-11-11 00:00:00-05:00,274.4700012207031,290.6600036621094,271.55999755859375,290.1300048828125,9573800,254.47981837929726,289.9544884891747,61.09905072438325,6.916380023926365,308.5276283872967,249.87904072077623,13.932418717126124,-8295700,52.51744747198868,22.194436312035325
2022-11-14 00:00:00-05:00,290.0,311.0,288.19000244140625,299.2699890136719,17978200,256.2362956590767,290.04718003668216,64.00354509480408,8.543907382100372,311.29969806602975,249.34963461626188,14.566531491516669,9682500,53.66925759802663,23.3751047700668
2022-11-15 00:00:00-05:00,309.20001220703125,312.7099914550781,302.54998779296875,310.20001220703125,14626900,258.35251983742785,290.24770572991946,67.16115541815546,10.59357987037248,315.66824784771853,247.53842126035437,14.486065130794497,24309400,53.48391814536994,24.542063157393095
2022-11-16 00:00:00-05:00,309.94000244140625,310.489990234375,303.6099853515625,306.0199890136719,8038600,260.2218323541433,290.4046438720464,64.81937623812959,11.745274928433105,317.32742793789845,246.86590702303903,13.942775113081497,16270800,44.78117874403773,25.625667374196077
2022-11-17 00:00:00-05:00,294.7200012207031,299.82000732421875,291.0,295.2799987792969,9838200,261.5966624100317,290.4531548661484,59.11587210339034,11.656999471710662,317.03954526128183,246.93245587804117,14.019718963123667,6432600,44.835227678882795,25.421718218449183
2022-11-18 00:00:00-05:00,297.3299865722656,298.0,287.0,287.9800109863281,8400100,262.6313035306708,290.4285464693343,55.53873312944037,10.872659281714618,315.9223946160277,247.01760782537852,13.804024751471976,-1967500,44.550965398230744,24.883517450447382
2022-11-21 00:00:00-05:00,291.0,291.8699951171875,282.6600036621094,285.04998779296875,7256500,263.51046761938835,290.37502847255456,54.12310868530593,9.900508743851788,315.083091916154,246.94624157993977,13.475879516015272,-9224000,44.474194050498475,24.009772602680524
2022-11-22 00:00:00-05:00,284.989990234375,286.9800109863281,277.3399963378906,286.69000244140625,6245100,264.4194689849577,290.3383615468715,54.81731013891635,9.156853408434642,315.0764116724563,246.9449221491583,13.201889168331146,-2978900,45.78236417577002,22.752792827033797
2022-11-23 00:00:00-05:00,285.9100036621094,292.4700012207031,283.760009765625,291.5,5919000,265.4814505933907,290.34992013844493,56.87826996134163,8.853569365036208,316.39979928619783,248.08820120208344,12.881039331670214,2940100,50.60127512463369,21.973191733789342
2022-11-25 00:00:00-05:00,289.0,289.2099914550781,284.1700134277344,285.5400085449219,3236000,266.26806070913705,290.30206032159396,53.614885150655915,8.039617370344217,316.7841966108833,249.901138675575,12.484535563141316,-295900,53.46600299749267,21.249276432919487
2022-11-28 00:00:00-05:00,284.0,289.54998779296875,280.5299987792969,281.1700134277344,4703400,266.85245101182716,290.2111941833466,51.291161688142424,6.96168252332734,315.95158403326906,253.4510852375643,12.237067952464928,-4999300,54.55062404642442,20.236107592623494
2022-11-29 00:00:00-05:00,282.5,282.9599914550781,275.94000244140625,280.9599914550781,5786900,267.40568789195464,290.11914241490615,51.176362994449796,6.021057371597067,314.29445508199063,258.08954556905104,11.864419456836853,-10786200,49.31306857578303,18.876334810680685
2022-11-30 00:00:00-05:00,281.3699951171875,308.260009765625,280.4100036621094,305.5299987792969,16070100,268.9007589071445,290.2724842692782,61.91547149136108,7.175484889733525,315.8333411525639,262.15999380837366,13.006247074456764,5283900,58.29239489216311,19.34553143638995
2022-12-01 00:00:00-05:00,303.989990234375,319.79998779296875,303.0299987792969,316.95001220703125,14664900,270.7850433502773,290.5379323084598,65.69267959320553,8.909177208551682,316.4987945151232,269.79987491847055,13.275085784400702,19948800,60.39838480954234,20.35409526752535
2022-12-02 00:00:00-05:00,310.489990234375,321.989990234375,310.0,320.4100036621094,12690600,272.7311202252511,290.83516684929214,66.7680815867734,10.44196478571115,321.04895976352856,271.30837666225267,13.18329324511315,32639400,61.67594912363002,21.392857497975104
2022-12-05 00:00:00-05:00,316.4599914550781,322.7699890136719,310.9200134277344,312.5899963378906,8423000,274.29421340613897,291.05163281435284,62.03506428321882,10.900051735847512,323.59180330368713,271.7601986494378,13.088056269457747,24216400,51.89278920212245,22.395479512286702
2022-12-06 00:00:00-05:00,311.0,313.2200012207031,303.1300048828125,305.55999755859375,7195400,275.5203225885882,291.195994652604,58.05112588508457,10.573937030787135,324.3026469832673,271.8880227758473,12.873909131488668,17021000,42.55655467967522,22.543889711998872
2022-12-07 00:00:00-05:00,306.5,309.6099853515625,302.1000061035156,308.4200134277344,7821600,276.8105065430645,291.36737792399833,59.19912802921656,10.42608276389592,323.9789839676808,271.9743526208609,12.490771282671398,24842600,42.63636704894233,22.580445874476478
2022-12-08 00:00:00-05:00,309.1099853515625,312.3800048828125,304.80999755859375,310.260009765625,7205300,278.12225176747864,291.55536431048216,59.95834791889987,10.338207102956517,324.69385179942435,271.82482088937775,12.139288142781924,32047900,49.86933142095826,22.789878891576905
2022-12-09 00:00:00-05:00,321.45001220703125,329.0,319.5199890136719,320.010009765625,14364000,279.76490894387655,291.83849511103085,63.802087842098814,10.929322102471758,328.3983871811319,271.41762030584727,12.61076686361,46411900,59.449926513324456,23.894320329055326
2022-12-12 00:00:00-05:00,320.0,323.17999267578125,308.8500061035156,315.17999267578125,10148600,281.15373575689244,292.07074881814276,60.69384192996277,10.882595202019274,330.4059023966235,273.036769315616,12.733568271371116,36263300,57.694976400640805,23.87564755809319
2022-12-13 00:00:00-05:00,328.0,332.7200012207031,317.20001220703125,320.3399963378906,10756400,282.6904518581081,292.3520348631154,62.77998027216585,11.13359185189546,332.69199913727465,275.4560070476212,13.076885433767599,47019700,63.957567163214215,24.362376675257728
2022-12-14 00:00:00-05:00,318.9700012207031,324.7099914550781,314.4200134277344,317.8299865722656,7543300,284.0684728272907,292.60554682042044,61.081721516791305,11.003134409932159,333.92811521656097,278.3718888524495,12.877820619023039,39476400,58.63605248517845,24.551258023438105
2022-12-15 00:00:00-05:00,302.1199951171875,303.3900146484375,286.54998779296875,290.4100036621094,17724600,284.3171603110091,292.5837006198402,46.335699885937785,8.588183254194178,334.0136163372258,278.1410548867325,14.192261916185457,21751800,53.039754289025026,22.9848891055392
2022-12-16 00:00:00-05:00,288.760009765625,294.7200012207031,288.70001220703125,290.7099914550781,14080000,284.5678595715608,292.565056747554,46.48790758384477,6.622187121312152,333.449028236116,279.3949740425298,13.608528137434487,35831800,49.95269610992018,21.530403681775933
2022-12-19 00:00:00-05:00,289.7300109863281,292.25,286.1300048828125,288.29998779296875,6163700,284.7142175410278,292.5226182504935,45.37448091212723,4.814159236506271,332.33526301691415,281.45940251042964,13.073632921702558,29668100,49.78458695585787,20.349120612270728
2022-12-20 00:00:00-05:00,281.239990234375,289.2799987792969,280.80999755859375,288.19000244140625,6918100,284.8505228312387,292.47950764542793,45.32113216802357,3.333977199151832,331.04542609807095,283.71324089411655,12.744802085916884,22750000,42.23432309763806,19.601511837636735
2022-12-21 00:00:00-05:00,289.989990234375,300.6600036621094,286.5,297.9599914550781,6376200,285.36461964001677,292.53403982263836,50.84935640561439,2.915668718564291,330.9954645753213,282.75386810697034,12.845887912787775,29126200,38.52059730868189,18.3274914329176
2022-12-22 00:00:00-05:00,298.0899963378906,298.8800048828125,290.80999755859375,297.75,7856200,285.85032083060435,292.58593992390564,50.73063509909723,2.537955704951628,329.47754259144875,281.71178846323875,12.504753585032844,21270000,35.93194852037496,17.144472485678403
2022-12-23 00:00:00-05:00,296.17999267578125,298.4599914550781,291.9100036621094,294.9599914550781,4251100,286.20756281587785,292.6095623272009,49.09068405175506,1.990539349335961,326.93067717144964,280.86531892230033,12.079413171313982,17018900,37.22102755312774,16.045954891813434
2022-12-27 00:00:00-05:00,293.19000244140625,293.57000732421875,282.1300048828125,284.1700134277344,5778100,286.1276589183036,292.52558671626093,43.2655901882972,0.6782286941870552,326.4938059579554,277.5128590811071,12.133025557096243,11240800,37.75716523038286,15.516299036466833
2022-12-28 00:00:00-05:00,281.9200134277344,285.19000244140625,273.4100036621094,276.8800048828125,5964400,285.7650058188726,292.3699092850823,39.82704971428447,-0.9392031696320942,327.47932516005716,272.7033408555679,12.107809358682003,5276400,38.494346895422915,15.607468062438992
2022-12-29 00:00:00-05:00,283.17999267578125,295.5,281.010009765625,291.1199951171875,9588500,285.9750053991987,292.35747232818784,48.44609925337529,-1.0597650594019683,326.28294658001636,271.59305032753576,12.572965484289538,14864900,39.36955225769769,14.840161716801743
2022-12-30 00:00:00-05:00,285.5299987792969,295.010009765625,283.2200012207031,294.8800048828125,7566900,286.3242210652228,292.38257215460203,50.4637462957083,-0.8422014867854841,324.6287420523691,271.1965875374746,12.51703998862042,22431800,35.257635447891715,14.127662967281442
2023-01-03 00:00:00-05:00,298.05999755859375,298.3900146484375,288.70001220703125,294.95001220703125,6764000,286.6624873845094,292.4081188217904,50.502588631621464,-0.6565633286805905,320.2151816267921,272.2688149552392,12.315108735247978,29195800,42.22594738607729,13.18608118861688
2023-01-04 00:00:00-05:00,298.239990234375,311.1400146484375,295.510009765625,309.4100036621094,9345100,287.55454684637607,292.57729180527616,57.85366935519498,0.6498654677175182,318.7641285134374,272.95053620010424,12.591886857116426,38540900,41.16546422094647,13.127199541086712
2023-01-05 00:00:00-05:00,307.0,314.17999267578125,304.54998779296875,309.70001220703125,8328400,288.42299646836256,292.74766713265683,57.9884306117849,1.6891495030349688,315.49418123842474,274.80181892433563,12.38032385895186,46869300,48.4880991955878,13.27747706967416
2023-01-06 00:00:00-05:00,311.57000732421875,316.7699890136719,303.69000244140625,315.54998779296875,8959800,289.4868000497197,292.974555895446,60.71701685562237,2.9508185289791413,314.68558191260627,275.3064184129146,12.4302997670457,55829100,60.935546671748405,13.593606825491198
2023-01-09 00:00:00-05:00,316.8299865722656,321.70001220703125,313.2200012207031,315.1700134277344,6766600,290.49398488807327,293.19540621915036,60.44242000484279,3.875366750609203,318.5487983903112,274.7445365706263,12.14813628270873,49062500,72.10740553041789,14.21876020031992
2023-01-10 00:00:00-05:00,311.07000732421875,329.3500061035156,311.07000732421875,327.5400085449219,13072300,291.9467701295183,293.5371435557252,65.85616009054857,5.542344406526922,325.5726745715754,272.6313293346746,12.586126461036455,62134800,79.72311189476957,15.277092813649999
2023-01-11 00:00:00-05:00,326.5,328.8800048828125,321.3500061035156,327.260009765625,9579700,293.33160305642446,293.8726944632864,65.63718790863246,6.762884326558037,330.9231151130842,272.47555838952,12.224974483769342,52555100,86.33249222516163,16.25983024031364
2023-01-12 00:00:00-05:00,332.5,332.95001220703125,323.1400146484375,330.1300048828125,10856200,294.7746776378514,294.23346372119215,66.85375639510744,7.871023369246245,335.9538645540087,273.03680927411625,12.052476131971087,63411300,86.98893957326898,17.42820945425002
2023-01-13 00:00:00-05:00,329.9700012207031,336.6499938964844,328.8900146484375,332.82000732421875,8286800,296.26665135104236,294.617409428685,67.99739649755662,8.864112291245362,341.0332049641692,272.6054709798412,11.745869211690787,71698100,87.14760198269306,18.73976144419476
2023-01-17 00:00:00-05:00,331.0799865722656,332.5,323.6000061035156,326.2200012207031,9247000,297.4412925224016,294.9318630783568,62.31628923981388,9.014661674397303,343.8544196366004,273.58025647017035,11.565450069477382,62451100,83.00939372940675,19.30197375845009
2023-01-18 00:00:00-05:00,326.75,330.0799865722656,321.25,326.3299865722656,7814100,298.5741824851414,295.24428221759973,62.3727073933416,9.038656043380001,346.1551091820827,275.46223294031313,11.370059819676543,70265200,81.07634973216614,19.540722808328898
2023-01-19 00:00:00-05:00,322.57000732421875,324.8900146484375,313.3900146484375,315.7799987792969,18008200,299.24892037902987,295.44861770577586,54.01842890043305,8.112855955327575,345.30375152622787,280.5282553097096,11.482196398544513,52257000,73.28331050663995,18.87416246635934
2023-01-20 00:00:00-05:00,336.7900085449219,344.0,332.6300048828125,342.5,28430300,300.9450411484797,295.9167906639274,66.32197223684484,9.426569875965583,346.6081386476325,287.97320087059666,12.677753885841556,80687300,77.02309816815281,19.60073166257069
2023-01-23 00:00:00-05:00,341.7200012207031,362.25,340.6300048828125,357.4200134277344,15646900,303.15974594374455,296.5287630297364,70.98979741671451,11.538608122826531,353.7755688498345,289.645773109801,13.316485402366267,96334200,78.47919418740418,21.174841595410413
2023-01-24 00:00:00-05:00,357.5299987792969,365.6499938964844,355.1400146484375,363.8299865722656,11796500,305.53897106643166,297.19842694558247,72.73802105888248,13.573181722377285,361.3037300961397,291.31094275542284,13.116020677057739,108130700,79.37326211813149,22.779842414122644
2023-01-25 00:00:00-05:00,360.57000732421875,368.8999938964844,358.5,367.9599914550781,7766900,307.98685421892765,297.9025221148312,73.83220997786265,15.341999812706888,367.64968803355373,294.69964871774835,12.922018764159642,115897600,79.36659377056878,24.40780050276891
2023-01-26 00:00:00-05:00,368.7699890136719,369.0199890136719,361.70001220703125,364.8699951171875,8256800,310.21756562670254,298.56886512978,71.51934362919874,16.30649291278911,372.97964461430934,296.76435766433644,12.52187291005114,107640800,79.53025266269563,25.924752891033062
2023-01-27 00:00:00-05:00,363.20001220703125,365.9200134277344,360.5899963378906,360.7699890136719,6703500,312.2000136026621,299.18778178534114,68.45511074795748,16.5492549070143,375.90262333715066,300.65070918238064,12.00816892289347,100937300,74.96376702789468,27.19455661793679
2023-01-30 00:00:00-05:00,358.44000244140625,360.95001220703125,352.8599853515625,353.1099853515625,5127600,313.80432622026603,299.7243211243086,63.02233365244446,15.939803129933978,376.9963077852112,304.5650244087993,11.728301632363133,95809700,71.47260235747875,27.44005887391413
2023-01-31 00:00:00-05:00,349.9800109863281,355.95001220703125,348.7099914550781,353.8599853515625,5660700,315.3751363822777,300.2629844499529,63.32920287218917,15.34049130310541,377.35515970859143,309.3648354085961,11.407710140905275,101470400,66.4428306977578,27.201859035896625
2023-02-01 00:00:00-05:00,353.8599853515625,365.3900146484375,349.9100036621094,361.989990234375,8005200,317.2031698666737,300.87718351248446,66.56804534036843,15.34467198438307,379.7211153585447,311.5922106505699,11.698588772721193,109475600,66.28379454765226,27.57178788378867
2023-02-02 00:00:00-05:00,365.1600036621094,368.32000732421875,358.42999267578125,366.8900146484375,7857000,319.15167358360566,301.53402760338946,68.38069516375995,15.56396452856427,382.39330343279744,314.2040232273588,11.569404906700928,117332600,65.82116523554947,28.085141591554386
2023-02-03 00:00:00-05:00,359.0799865722656,379.42999267578125,359.0,365.8999938964844,9402000,320.9849410468558,302.1744849794402,67.58339312651174,15.479431794891582,384.36249800967676,317.0041605189691,12.20230403306381,107930600,66.28289391881573,29.146983523922817
2023-02-06 00:00:00-05:00,363.6400146484375,368.45001220703125,360.67999267578125,361.4800109863281,4994900,322.5729830052665,302.7645897158272,63.99581074017574,14.884207434709367,385.23868690211646,319.94930544814395,11.885712282934252,102935700,67.86293455560963,30.132979603979212
2023-02-07 00:00:00-05:00,358.510009765625,364.17999267578125,354.17999267578125,362.95001220703125,6289400,324.1563959151396,303.3634496411128,64.66757535054708,14.36550801986823,384.78827053369463,325.29705661474287,11.751018548438948,109225100,68.23816276207678,30.24687774356712
2023-02-08 00:00:00-05:00,360.0199890136719,368.19000244140625,358.30999755859375,366.8299865722656,6253200,325.8298700585563,303.99495747127355,66.44704546051601,14.104923720910335,383.6819640687466,331.8033630796909,11.617374715179917,115478300,78.06875519613686,30.59440234588619
2023-02-09 00:00:00-05:00,372.4100036621094,373.8299865722656,361.739990234375,362.5,6901100,327.2679143699855,304.57709719792757,62.65465557469996,13.39461032740462,373.915428110754,347.79923253377723,11.651133402516395,108577200,74.15681683452976,31.240829678250865
2023-02-10 00:00:00-05:00,359.1600036621094,362.1400146484375,347.1400146484375,347.3599853515625,7291100,328.0558387222042,305.00279757756573,51.57133053083111,11.47770139669251,372.53079989007693,349.83185880132936,11.916051398876832,101286100,65.1526570217884,30.215413923525762
2023-02-13 00:00:00-05:00,349.5,359.70001220703125,344.25,358.57000732421875,7134400,329.2524727850283,305.5358046397215,57.557904987362704,10.739296421483914,372.51999833648546,349.99599287445204,12.168477170887863,108420500,63.436073768687095,28.982913376622232
2023-02-14 00:00:00-05:00,357.54998779296875,363.75,353.3999938964844,359.9599914550781,4624800,330.4566892034617,306.0773388368893,58.2471131635074,10.149270785574402,372.1915864099881,349.8084054519911,12.038586380361275,113045300,62.176086118385534,28.138293413901163
2023-02-15 00:00:00-05:00,356.6300048828125,362.8800048828125,354.239990234375,361.4200134277344,3966000,331.6709372122567,306.6280122159027,59.000241757259175,9.687807771947519,371.1290633725753,349.9989314190914,11.795831256652434,117011300,60.32726111207172,27.354003448517314
2023-02-16 00:00:00-05:00,355.0,361.5,350.30999755859375,350.7099914550781,5215700,332.41756679040657,307.06663887499894,51.64159539481784,8.361499580866166,370.9780497005939,348.2619446027915,11.752557769849135,111795600,61.42713504050344,26.19490490169606
2023-02-17 00:00:00-05:00,347.9100036621094,349.0,342.44000244140625,347.9599914550781,5294700,333.0270736400015,307.4735379056465,49.91994389554801,7.007708267843782,371.49353813081837,346.03845649808784,11.503802858693616,106500900,61.40625903371001,24.325379583189658
2023-02-21 00:00:00-05:00,342.8500061035156,344.1300048828125,336.4200134277344,337.5,5710300,333.2024825168642,307.7723086727545,43.92189522734645,5.032770362160875,374.14865651221504,341.30200673648284,11.506386799311484,100790600,61.520896555077876,23.12971210817373
2023-02-22 00:00:00-05:00,337.5,341.9100036621094,332.82000732421875,334.8800048828125,4546200,333.2682677076857,308.04203699325257,42.54304128402379,3.2190983712984007,376.42278547934876,336.4972137068492,11.333787480638565,96244400,54.81771836212831,22.327687744123946
2023-02-23 00:00:00-05:00,331.2300109863281,331.2799987792969,314.29998779296875,323.6499938964844,13238700,332.8910804994033,308.1973400470161,37.15838045004135,0.8656040733225723,379.4244059589611,328.38359371551815,11.994232452724649,83005700,43.431096543463916,22.876306809775404
2023-02-24 00:00:00-05:00,319.29998779296875,321.5,314.5199890136719,317.1499938964844,6830700,332.27378298556334,308.2864211798466,34.441156665713805,-1.5066846680924186,380.961777174708,320.2142197328441,11.789644769159496,76175000,33.97293378952358,23.3857387993089
2023-02-27 00:00:00-05:00,323.8699951171875,330.0,322.1199951171875,323.0299987792969,6142600,331.9112816441411,308.4331234445178,38.80091646429344,-2.8790850341836176,379.82189946565626,315.63809809293747,11.865384864470647,82317600,40.246655779885785,22.94303002892459
2023-02-28 00:00:00-05:00,323.70001220703125,327.6199951171875,321.1700134277344,322.1300048828125,3676100,331.5277021633047,308.56941082201325,38.38020424863819,-3.993311785294452,378.6731423216278,311.5401877564972,11.478570351969395,78641500,41.70297626244529,22.601327083313873
2023-03-01 00:00:00-05:00,321.54998779296875,326.6000061035156,312.3599853515625,313.4800109863281,4911300,330.8199495681292,308.61827251519054,34.50747415552863,-5.5108016386159875,377.3759331677156,306.24139674764905,11.675816809111089,73730200,34.891164938360575,22.897043857418993
2023-03-02 00:00:00-05:00,310.9599914550781,315.57000732421875,310.3800048828125,311.8800048828125,4911000,330.0772066392932,308.6507275636246,33.82753381689949,-6.764552846614208,373.9679430449134,302.3227226451908,11.212544354275028,68819200,27.120762015106834,23.30115939766415
2023-03-03 00:00:00-05:00,315.45001220703125,317.489990234375,310.82000732421875,315.17999267578125,5953300,329.49300217013587,308.71569537568587,36.60217832888158,-7.406500745787866,370.0038095829397,299.9775217972686,10.888075679695117,74772500,34.65273027637865,23.445038770470486
2023-03-06 00:00:00-05:00,317.0,323.29998779296875,311.8399963378906,312.0299987792969,5660700,328.80817850775003,308.74867351900537,35.08969136858434,-8.076328376531933,368.73954985672174,296.5311166471845,10.928926806508189,69111800,32.83738724513471,22.89941237779178
2023-03-07 00:00:00-05:00,312.67999267578125,314.29998779296875,306.6199951171875,308.4700012207031,4553100,328.0106029278658,308.7459006603158,33.40942410087297,-8.793072583338471,364.4415080740001,294.14915761610405,10.696860082884836,64558700,26.852607573707118,22.804098814531947
2023-03-08 00:00:00-05:00,309.2900085449219,311.8299865722656,305.75,311.7900085449219,3479500,327.37450118735825,308.7761902910084,36.464951682788424,-8.98957446784084,358.0991070806372,294.0688942214461,10.367083403554892,68038200,21.733021743888514,22.78353908724926
2023-03-09 00:00:00-05:00,312.0799865722656,312.510009765625,294.8800048828125,297.7799987792969,7443400,326.2139324654735,308.6667754500959,30.173112314272217,-10.158691259306067,350.71395298317526,292.9687130324498,10.885863509216149,60594800,21.405198797247166,23.54089472077791
2023-03-10 00:00:00-05:00,297.8999938964844,298.7900085449219,289.0,292.760009765625,5759300,324.9020139282245,308.5084991746285,28.289562025337588,-11.359352356167904,345.8565450307287,290.09945675963587,10.807588154623701,54835500,21.522475430803325,24.603636963608825
2023-03-13 00:00:00-04:00,287.3399963378906,299.239990234375,285.3299865722656,293.510009765625,6292400,323.67095494145593,308.35926047404143,29.002648889396113,-12.110760880989346,339.73387247248644,288.96213175928443,11.02918926230125,61127900,21.601422487522456,25.803049354280894
2023-03-14 00:00:00-04:00,295.9700012207031,297.45001220703125,290.30999755859375,294.94000244140625,5956700,322.5442509218461,308.22573551849285,30.42327975807227,-12.447383404864183,335.380078121825,287.64125976879996,10.751391075596697,67084600,28.056379848580917,26.91678943133353
2023-03-15 00:00:00-04:00,292.510009765625,306.30999755859375,292.2799987792969,303.7900085449219,9215300,321.80879043647656,308.18159893169116,38.61035304228943,-11.863285084487302,330.00075945536827,288.87524559020466,10.985577340146708,76299900,40.88366223527987,26.747237044587212
2023-03-16 00:00:00-04:00,304.75,316.6000061035156,301.7099914550781,310.05999755859375,7903700,321.34805346087336,308.20028946529214,43.667778564180246,-10.770293999517435,327.6575165685546,289.4064889652995,11.264465719310337,84203600,50.150695471262914,25.435711684979783
2023-03-17 00:00:00-04:00,310.05999755859375,310.760009765625,300.0,303.5,6918800,320.64812979574106,308.15352041588625,39.958690157378605,-10.314528208280535,326.31477956833646,288.92922677931983,11.228433151189957,77284800,42.033541831307566,24.366349229592338
2023-03-20 00:00:00-04:00,299.7900085449219,307.5,296.0,305.1300048828125,5113400,320.03957587758697,308.1234356842139,41.29302762251481,-9.709873387363018,323.22365092465986,289.63368957013176,11.247830783247817,82398200,41.44519905246957,23.71916389678378
2023-03-21 00:00:00-04:00,306.32000732421875,307.9200134277344,300.42999267578125,305.7900085449219,4886300,319.4807693155217,308.10021750372346,41.85648224863852,-9.072837285252433,319.8889666202434,290.78970769616285,10.97941578101248,87284500,47.38028133458046,23.068154881957927
2023-03-22 00:00:00-04:00,306.30999755859375,306.45001220703125,293.5400085449219,293.8999938964844,5808000,318.47760165203005,307.9589217464375,35.28606151910971,-9.418831965978484,318.93700885352956,289.13099651756414,11.117314915376545,81476500,47.021170477676684,23.055000860134147
2023-03-23 00:00:00-04:00,304.67999267578125,322.7799987792969,304.1400146484375,320.3699951171875,15653300,318.5518131604676,308.0824150138082,52.98132682891153,-7.471006254172323,321.20018711349576,287.9998169555147,12.386078484479112,97129800,52.66084651090862,21.514802437270987
2023-03-24 00:00:00-04:00,320.6300048828125,331.8299865722656,320.6300048828125,328.3900146484375,12991700,318.9376249835252,308.2844806818145,56.83273809966607,-5.220018668308057,325.3184650387425,285.64287529328874,12.31992941095047,110121500,56.381590151393425,20.829464728431212
2023-03-27 00:00:00-04:00,327.54998779296875,336.44000244140625,324.4100036621094,327.6600036621094,8625800,319.27967904935207,308.4772719552503,56.3800349441372,-3.455171508283229,329.08228369251634,283.9630572905566,12.29922008011807,101495700,62.598094626854625,20.538380284891257
2023-03-28 00:00:00-04:00,326.05999755859375,333.32000732421875,321.2799987792969,323.5199890136719,6489400,319.44596571461955,308.626950731951,53.76445869930856,-2.3633389017768422,331.6287118600457,283.4232941620897,12.2807049704612,95006300,60.67440593168169,19.94632719530849
2023-03-29 00:00:00-04:00,326.2900085449219,332.8500061035156,325.7300109863281,332.0299987792969,6287300,319.939457207352,308.8598168816759,58.07046763307767,-0.802120680027997,335.8740059671531,281.87666541956565,12.069941550417097,101293600,67.15904451648723,19.396563612124492
2023-03-30 00:00:00-04:00,340.2699890136719,343.2900085449219,335.29998779296875,338.42999267578125,7131500,320.66457624532967,309.1540474865924,61.011310388912534,0.9407377894950741,341.57951480301085,281.59115576990587,12.012089280074804,108425100,72.7786314768914,19.700059345327922
2023-03-31 00:00:00-04:00,340.04998779296875,345.8399963378906,337.20001220703125,345.4800109863281,5610200,321.6377305488983,309.5154998597241,64.00616201486504,2.857899158885914,347.6897895672214,282.51021450178905,11.771224626559416,114035300,78.1951568052351,20.162028933778377
2023-04-03 00:00:00-04:00,341.8299865722656,348.5799865722656,340.3999938964844,348.2799987792969,4413700,322.68252538146294,309.9012162668841,65.15108560048786,4.550740863017097,353.07393909848236,284.4287301723509,11.51470805864669,118449000,78.0506196674233,20.785159178423633
2023-04-04 00:00:00-04:00,348.489990234375,349.79998779296875,343.95001220703125,346.75,3298100,323.62634791552324,310.2678708313927,63.95397164333476,5.703129864053324,356.6752185743462,287.7354503709663,11.110084310596035,115150900,76.95307887762843,21.451897494370353
2023-04-05 00:00:00-04:00,345.29998779296875,345.42999267578125,336.25,342.3500061035156,4205500,324.3606090209347,310.587096057981,60.51054695251302,6.190009142478289,359.1201691740526,290.4318327790724,11.066506859839176,110945400,71.66467965536694,21.09071609437086
2023-04-06 00:00:00-04:00,339.3399963378906,340.4800109863281,332.6300048828125,339.3299865722656,4660500,324.9476434347124,310.8730949685709,58.19449993925573,6.260012612911282,360.8305077826106,292.6241593723374,10.970327885615173,106284900,72.90261534504245,20.333871656447617
2023-04-10 00:00:00-04:00,335.2699890136719,339.8800048828125,333.3599853515625,338.989990234375,2657900,325.49832370136585,311.15286507071824,57.9256953253131,6.216397246690406,361.2937212061773,296.89294464668734,10.652448717446232,103627000,74.46806525182032,19.63108753551889
2023-04-11 00:00:00-04:00,343.45001220703125,347.1400146484375,337.6400146484375,338.2099914550781,4044800,325.99682047602124,311.42209020887105,57.27210994591484,6.049161404759332,361.0718693103422,301.5254614188244,10.57013095191436,99582200,74.37551235144007,19.65281629383792
2023-04-12 00:00:00-04:00,340.80999755859375,342.79998779296875,330.0400085449219,331.0299987792969,3965400,326.1942000173262,311.617193776736,51.510526891887984,5.27643691167691,359.4694364322135,306.4932263282032,10.726548687352397,95616800,75.38138598574437,18.762599443156088
2023-04-13 00:00:00-04:00,339.989990234375,346.42999267578125,338.75,346.19000244140625,7406400,326.97834913199597,311.96120182315065,60.5375182375785,5.820240670351211,353.56243036459006,319.3722335351495,11.060366202290394,103023200,73.23210844510125,18.27956108062617
2023-04-14 00:00:00-04:00,342.94000244140625,344.8500061035156,336.4100036621094,338.6300048828125,5350500,327.4352768084986,312.2265630476249,55.03522951540535,5.576893488907842,352.46513351774564,322.9041983507439,10.968911386362285,97672700,63.36434627034699,17.55317825562814
2023-04-17 00:00:00-04:00,338.0,338.3900146484375,327.5,332.7200012207031,6136000,327.64252090309486,312.43047785531724,51.123321761513296,4.851229239928898,352.17418394991665,323.77247946154165,10.980418064680157,91536700,53.72232625764946,16.682748735921468
2023-04-18 00:00:00-04:00,335.0,337.19000244140625,330.5,333.70001220703125,17944500,327.88006958168063,312.6421150130457,51.73595341534586,4.305581724795786,351.6997139133317,325.0522839707828,10.673959805874876,109481200,67.63398180565446,15.874492753336698
2023-04-19 00:00:00-04:00,324.2099914550781,325.75,316.1000061035156,323.1199951171875,22128300,327.69339999483776,312.7463725265198,45.15559661276134,2.9850236846920097,351.7929347070976,324.9057306574858,11.168677398563501,87352900,51.078915075880616,16.404261282928772
2023-04-20 00:00:00-04:00,320.3900146484375,331.42999267578125,318.3299865722656,325.3500061035156,9947800,327.60150219517806,312.8717818158432,46.694579105868726,2.0942736899623355,352.5446994847841,323.26330018969514,11.306629448917224,97300700,52.25430961433997,16.24040345318005
2023-04-21 00:00:00-04:00,323.0,328.2900085449219,319.5,327.9800109863281,6348000,327.616345677184,313.0221124543555,48.528996803017364,1.5823272324359436,352.65394410110235,321.76072468144974,11.126870812917558,103648700,52.452224023011624,16.088249754127666
2023-04-24 00:00:00-04:00,330.20001220703125,334.6600036621094,326.75,329.0199890136719,5586600,327.671390513909,313.181295305692,49.27239837724574,1.246158571513206,351.38765089274057,320.83234829345736,10.89709458785983,109235300,52.89205111150003,15.227239878187294
2023-04-25 00:00:00-04:00,328.5,328.6600036621094,321.1000061035156,322.54998779296875,5426600,327.4705511915192,313.274516126461,44.92514262898665,0.4524518757312421,349.59908887579473,319.1902421788928,10.684443753738146,103808700,48.69790888220326,14.960923388803662
2023-04-26 00:00:00-04:00,321.3599853515625,325.8999938964844,320.4700012207031,321.1499938964844,4623200,327.222686199557,313.3528790893468,44.02010012220934,-0.2862346711193595,347.707813670341,317.6681832372111,10.309125819598368,99185500,48.62088049960365,14.772129964646405
2023-04-27 00:00:00-04:00,324.29998779296875,327.45001220703125,317.44000244140625,325.8500061035156,5618800,327.16885560755543,313.47722861187583,47.82056245767452,-0.48678600987307163,346.02161137023097,317.1543855373211,10.2877603871717,104804300,53.429616226506,14.883286956072032
2023-04-28 00:00:00-04:00,325.239990234375,330.80999755859375,324.0,329.92999267578125,4228400,327.2771354925839,313.6409377070391,50.93460166105987,-0.3128966939025304,344.7999677331939,317.12269665482694,10.03934875655899,109032700,56.571831098918096,14.556147320942696
2023-05-01 00:00:00-04:00,329.44000244140625,331.2300109863281,318.0899963378906,324.1199951171875,5341500,327.1533260660978,313.7452069350008,46.663824497358256,-0.6365684402647389,343.4928963317336,316.44710204066223,10.26082489169317,103691200,52.205412894311166,14.824787634990313
2023-05-02 00:00:00-04:00,325.0,326.07000732421875,315.6199951171875,317.54998779296875,4318600,326.7767245651908,313.7830654510005,42.340439179037354,-1.4070062225058564,342.6749125477602,314.51041866968774,10.274338271360177,99372600,52.12767969744735,15.299786013757695
2023-05-03 00:00:00-04:00,317.54998779296875,324.6199951171875,315.8500061035156,319.29998779296875,5064100,326.48351920157427,313.83796020067183,43.83316633440344,-1.8549901690195725,342.55200526325854,313.06932448934566,10.166884752953871,104436700,50.87176876832265,15.740855936898837
2023-05-04 00:00:00-04:00,319.010009765625,323.6099853515625,317.95001220703125,320.7799987792969,3879700,326.259851734034,313.90703521140443,45.12700271962202,-2.0667716989283917,337.4713975724382,314.76193169188474,9.8449624952094,108316400,55.29701144714678,16.1504208655299
2023-05-05 00:00:00-04:00,323.6099853515625,324.1499938964844,319.44000244140625,322.760009765625,3990600,326.1226030293905,313.99512451045143,46.88965200646628,-2.051194850814511,334.3161714403921,315.8011584749725,9.478178849485735,112307000,60.3133838049866,16.440097688590765
2023-05-08 00:00:00-04:00,322.989990234375,332.55999755859375,322.0299987792969,331.2099914550781,5488600,326.32210845784886,314.1664167188557,53.72179001183054,-1.3415427142354588,333.90779963778334,316.00819564216454,9.553308844472244,117795600,54.73523711832375,15.429112020512804
2023-05-09 00:00:00-04:00,330.6700134277344,336.32000732421875,329.739990234375,332.1400146484375,5544900,326.55026164179355,314.34525848929934,54.416821976963746,-0.6960693301036258,333.42320460191956,316.28479100354923,9.34093086199878,123340500,74.03680036030019,14.653014411782962
2023-05-10 00:00:00-04:00,335.2099914550781,337.1099853515625,329.510009765625,335.4200134277344,4289900,326.89809504516376,314.55495754341314,56.87665299457485,0.07922817353443179,335.6595256858548,315.68847236102016,9.216576913708689,127630400,71.97841203158742,14.034103804004788
2023-05-11 00:00:00-04:00,334.9800109863281,345.4700012207031,331.8399963378906,344.760009765625,8033500,327.5985622891034,314.85550532671874,62.999652000624984,1.430823040392795,340.75658943368376,313.1794091014725,9.531821768644676,135663900,72.78397191263309,14.435646665922468
2023-05-12 00:00:00-04:00,344.760009765625,348.1700134277344,337.3599853515625,339.8900146484375,6082400,328.0805800286852,315.1046049219597,58.34763306190418,2.0849695729945665,342.9888822161282,312.53511680730924,9.623122219182333,129581500,73.05434861539037,15.084726242785793
2023-05-15 00:00:00-04:00,340.6199951171875,341.8999938964844,335.5400085449219,335.8900146484375,3653000,328.38683236671466,315.31142491923816,54.770259669532855,2.2546288840302395,343.97481379630364,312.4651886451026,9.390041014352345,125928500,74.71483665971608,15.389581388603103
2023-05-16 00:00:00-04:00,334.0,335.1700134277344,331.9100036621094,333.75,3332200,328.5971526660592,315.494893328002,52.90151246362405,2.1911456499630617,344.6372108885892,313.2961265137546,9.0036102980649,122596300,75.96273199445959,15.096262639495464
2023-05-17 00:00:00-04:00,331.760009765625,341.3800048828125,329.6199951171875,339.9599914550781,3958800,329.04275418719715,315.7383271402117,57.439576661503395,2.6118216863558246,346.19595864925395,314.245378427569,9.200495974319194,126555100,75.43928778653884,15.525805805231235
2023-05-18 00:00:00-04:00,347.25,375.8699951171875,346.3699951171875,371.2900085449219,20925200,330.6995092600491,316.29108018901485,72.06407644893397,5.410907446407805,359.0025277615768,307.4974763074336,11.108317952018492,147480300,80.8222848785625,18.170211183225256
2023-05-19 00:00:00-04:00,369.8599853515625,369.989990234375,363.80999755859375,365.3599853515625,7859700,332.0587436165791,316.77932800157754,67.34699122227062,7.069210309127413,365.82597235904404,305.39803073340386,10.849153168754894,139620600,87.41716985722041,20.62573046279113
2023-05-22 00:00:00-04:00,365.3599853515625,372.010009765625,362.5,363.010009765625,5406400,333.2725187596789,317.23933478529943,65.51678873118243,8.100427202589401,370.62306265589484,305.7862757230114,10.753500068531329,134214200,85.68972271098494,22.995184148373717
2023-05-23 00:00:00-04:00,360.239990234375,364.1700134277344,354.30999755859375,355.989990234375,6866100,334.16339999398076,317.6249134464843,60.24942282554751,8.256046547366225,372.315241360629,309.2194306771314,10.68967976857485,127348100,78.15673626457229,24.06170640236863
2023-05-24 00:00:00-04:00,356.92999267578125,367.1499938964844,356.6300048828125,364.8500061035156,7973300,335.3667963120017,318.0948148659573,64.16527122725427,8.990666427594363,375.27069072951247,312.3373170829875,10.723274332398745,135321400,79.25811802308738,25.224372488361386
2023-05-25 00:00:00-04:00,359.6099853515625,367.45001220703125,357.4200134277344,359.0,6263100,336.29358861349186,318.5018316334602,59.96491470647022,8.997098423189641,376.0908689854714,316.61313898978904,10.673754650034326,129058300,73.14100884900111,26.32187326368418
2023-05-26 00:00:00-04:00,361.1000061035156,383.760009765625,356.0,378.8800048828125,9360400,337.9636441534653,319.10260947673737,67.70241991860608,10.48547603519728,381.1117203762053,319.0749536146801,11.894201444005088,138418700,74.42209905725775,28.177901893081607
2023-05-30 00:00:00-04:00,397.4800109863281,405.1099853515625,385.7900085449219,392.9800109863281,10865000,340.1211487351462,319.83770799922087,71.85692456104094,12.65687805815952,390.12361085043494,318.2990657446171,12.918185660058295,149283700,76.07465954754775,30.642448762800687
2023-05-31 00:00:00-04:00,391.8900146484375,396.260009765625,388.9100036621094,395.2300109863281,6988000,342.28228058813374,320.58788016824684,72.46558218176524,14.393368212239238,397.63085314538023,319.20382296139064,12.520458548876675,156271700,69.85194894054078,32.93095657039697
2023-06-01 00:00:00-04:00,397.4100036621094,407.5199890136719,393.0799865722656,403.1300048828125,7160100,344.6684658545918,321.4091948420236,74.54704492244105,16.220038151340418,405.9230479846042,319.9396269828437,12.6575688269145,163431800,69.95639329311372,35.36903300908144
2023-06-02 00:00:00-04:00,402.8900146484375,406.5799865722656,395.8999938964844,400.4700012207031,5902400,346.8567613591452,322.19586953235876,72.55811760724052,17.254152049085178,412.26148651573794,321.0291873123871,12.51631338754784,157529400,64.19032472793155,37.63296113071702
2023-06-05 00:00:00-04:00,400.4700012207031,413.8599853515625,400.1499938964844,403.5400085449219,7247400,349.07963379780307,323.0052639503942,73.43891525793987,18.112627601112536,417.58886413602886,324.18847554496074,12.601576106657145,164776800,68.66337066947811,39.92557252342633
2023-06-06 00:00:00-04:00,405.0,405.1199951171875,396.92999267578125,399.2900085449219,4991500,351.04866810161167,323.7643161354144,70.0852251967468,18.239779357246675,419.8133304237398,330.4173417767811,12.286463701996366,159785300,67.21785753875236,41.6044194100184
2023-06-07 00:00:00-04:00,410.42999267578125,418.95001220703125,399.2300109863281,399.7699890136719,11932400,352.95930813737874,324.52059148743683,70.25045800090247,18.169827985830466,419.843169703754,339.19016769858973,12.817430667618279,171717700,69.73855640386645,43.54611385726242
2023-06-08 00:00:00-04:00,399.7699890136719,409.5400085449219,396.3399963378906,409.3699951171875,5991100,355.17149194050853,325.3648641603697,73.41349591235283,18.673771666216908,421.0354003888047,347.2526041684869,12.84475792043349,177708800,59.84853448162139,44.96424532939677
2023-06-09 00:00:00-04:00,424.5,425.8999938964844,414.760009765625,420.0199890136719,12363000,357.7145702571032,326.306706198711,76.4099982414829,19.705364984003154,427.6160806394691,347.16925464698926,13.107989410352303,190071800,62.02249159326796,46.70696952306196
2023-06-12 00:00:00-04:00,418.8299865722656,424.70001220703125,416.57000732421875,423.9700012207031,5959500,360.3128224517542,327.27848027853184,77.42622659596482,20.60413149184376,433.53952345222103,349.0604806167894,12.752419086956603,196031300,67.05973782818037,48.32521341717963
2023-06-13 00:00:00-04:00,430.010009765625,437.2699890136719,428.3999938964844,435.7300109863281,7820500,363.2703592570316,328.35759998706715,80.16573908687118,22.01160880559388,440.9045877677303,351.3914164640405,12.791531137386043,203851800,73.31393404938444,50.10527797667613
2023-06-14 00:00:00-04:00,434.989990234375,447.3299865722656,433.5,440.8599853515625,8413100,366.31308969211125,329.4770267071119,81.23552701071439,23.272717376207822,446.28257530612814,357.329428274601,12.865706525591728,212264900,73.79564265002803,51.94641680394516
2023-06-15 00:00:00-04:00,444.1000061035156,448.6499938964844,439.5,445.2699890136719,7099900,369.4094386851136,330.6291954862817,82.12793772699531,24.34734441311116,451.91949681809734,362.4151711506526,12.600298480655487,219364800,79.23027351011461,53.67969394368463
2023-06-16 00:00:00-04:00,446.1499938964844,447.510009765625,430.8999938964844,431.9599914550781,8753700,371.86240153883773,331.6374621128369,71.13233194896735,23.850059871388453,450.15408860731793,373.9085782221091,12.886706865547282,210611100,71.11725587031206,54.18342657653308
2023-06-20 00:00:00-04:00,430.17999267578125,440.0,430.0,434.70001220703125,4756000,374.3266215650414,332.6629601237244,71.96447407913388,23.40723107536394,450.9934590231687,380.51187544948755,12.680513518008192,215367100,64.96744826596614,54.53862314807691
2023-06-21 00:00:00-04:00,432.6499938964844,434.54998779296875,422.5400085449219,424.45001220703125,5146400,376.2922447274724,333.57626412455335,64.47684561266811,21.97587254770525,451.1100565418039,384.59127809361274,12.643334242586848,210220700,65.7904346391559,53.95362882031535
2023-06-22 00:00:00-04:00,422.92999267578125,424.7099914550781,418.67999267578125,422.4800109863281,4869500,378.1035296788001,334.46087852118796,63.11758167529665,20.446849415293173,450.68747241786207,388.6471955508879,12.170953138066135,205351200,60.32121404316174,52.96179206775508
2023-06-23 00:00:00-04:00,418.5899963378906,425.82000732421875,417.7300109863281,424.0199890136719,8298600,379.9041751429127,335.3520139489739,63.76073148820991,19.13873153976931,450.83606737086274,391.28393181533517,11.879456223767885,213649800,66.75328896574915,52.09695048308845
2023-06-26 00:00:00-04:00,422.44000244140625,430.9599914550781,414.8999938964844,415.94000244140625,4640000,381.3173448408929,336.1538844812369,58.041805574367956,17.251190326232063,449.95344541789814,394.2292205977269,12.17806631911259,209009800,61.429205442489305,51.5532501174083
2023-06-27 00:00:00-04:00,417.3900146484375,420.8800048828125,411.5,417.0799865722656,4818100,382.7198013793781,336.9591193279138,58.605926482594775,15.666691638586485,449.2230141606354,396.7649822586355,11.978204787948298,213827900,61.417957662051705,50.61594777668428
2023-06-28 00:00:00-04:00,423.1000061035156,437.2900085449219,422.8900146484375,429.8399963378906,8811300,384.56765216206486,337.8833071588588,64.37890058435968,15.264630008331835,448.13981514453155,401.9215129804685,12.566191729713152,222639200,60.44351377962379,50.53210541606206
2023-06-29 00:00:00-04:00,434.3299865722656,437.8500061035156,426.1499938964844,428.239990234375,4932300,386.2802928707829,338.78237863224706,63.18887208599207,14.648032745506214,445.6959068461119,408.16142144164854,12.504321763807301,217706900,66.00508615650857,50.47783201213141
2023-06-30 00:00:00-04:00,431.1000061035156,444.1199951171875,431.1000061035156,440.489990234375,7346400,388.40616335562964,339.7943946680892,68.05725931555499,14.97522255103587,446.3762929716353,411.6303679984168,12.745441986593388,225053300,64.30732786028094,50.68928637223813
2023-07-03 00:00:00-04:00,439.760009765625,441.54998779296875,431.6199951171875,441.44000244140625,3733200,390.48592175115033,340.80579375041077,68.40622704129673,15.136694482982818,448.1341140832318,412.7285486771849,12.54433846439252,228786500,59.262507486717894,50.88563684948008
2023-07-05 00:00:00-04:00,444.9100036621094,450.9700012207031,439.6199951171875,445.8999938964844,6869500,392.6590226195948,341.8515071847001,70.05992249278042,15.446488682685697,450.80136112173534,412.9853006621188,12.459029010044171,235656000,58.90920509433925,51.44319827199124
2023-07-06 00:00:00-04:00,440.0,442.79998779296875,430.7200012207031,438.8399963378906,4938800,394.47004119678286,342.8165667782642,64.32061571041606,14.949985886522995,451.2392265731932,412.9620999242026,12.65338355759682,230717200,51.303248749707464,50.79370534202875
2023-07-07 00:00:00-04:00,438.6000061035156,442.3299865722656,435.8399963378906,438.1000061035156,4165100,396.1810202127332,343.76466070189855,63.73129910400653,14.331587199761373,450.76572000439734,413.06760925992563,12.21314117736669,226552100,49.47759783366271,50.190604764206434
2023-07-10 00:00:00-04:00,438.5199890136719,444.4100036621094,436.82000732421875,441.7099914550781,4251700,397.96647006537415,344.73924110740285,65.39692445329709,13.971739912539931,449.9300220736238,413.42864084955335,11.882916545975544,230803800,57.95724386932693,49.742395289608474
2023-07-11 00:00:00-04:00,438.6499938964844,440.79998779296875,431.0400085449219,440.2099914550781,4569200,399.62307874732335,345.68919882230506,64.08006695352142,13.410928050328948,450.9713327364679,413.48733018670913,11.796278429131307,226234600,58.07875027509694,48.553666993405734
2023-07-12 00:00:00-04:00,444.54998779296875,445.4100036621094,437.75,444.04998779296875,5731700,401.3653104746036,346.66791314042115,65.96926307499417,13.12503894249869,452.48277819996827,413.22254813466714,11.500830231486884,231966300,65.01201847429601,47.73960055071232
2023-07-13 00:00:00-04:00,447.0,451.6700134277344,441.17999267578125,450.3800048828125,6157500,403.28745535335685,347.6998742522858,68.8753264896107,13.256437284642004,455.47349166454717,413.6891670268591,11.428629554377329,238123800,71.68956260055485,47.34929458595558
2023-07-14 00:00:00-04:00,452.7900085449219,456.4800109863281,439.70001220703125,441.9100036621094,7195900,404.802065090955,348.6372884752691,61.328577604479506,12.532644580286387,456.002323603306,415.7510007782044,11.810870213300152,230927900,62.046005923913704,47.24721460792045
2023-07-17 00:00:00-04:00,445.57000732421875,456.67999267578125,445.1099853515625,450.04998779296875,6891700,406.5764934322105,349.64637006051987,65.26733396793603,12.47209182713857,457.83765679796375,417.38633408745295,12.022235841898134,237819600,68.81383403851738,47.163316116528904
2023-07-18 00:00:00-04:00,451.0,478.1499938964844,448.7799987792969,474.79998779296875,13041800,409.2519245836128,350.8916796896985,73.95389817213926,14.256877085189274,465.84700779520244,417.22498113708923,13.261361504418803,250861400,77.14310145709905,48.032309908121725
2023-07-19 00:00:00-04:00,476.8599853515625,485.0,470.0,477.5899963378906,20996500,411.9318489661335,352.1523594573422,74.72139747250017,15.715306364052594,472.2735152054653,418.8664750289097,13.385549968388888,271857900,80.26747120562898,49.065491764705804
2023-07-20 00:00:00-04:00,447.0,448.5,432.0,437.4200134277344,23989700,412.9313848273727,353.0007938252068,51.28812755216376,13.474415494385312,471.83939417676726,420.31126500292027,15.685867566210442,247868200,63.83986107039087,46.33916963680799
2023-07-21 00:00:00-04:00,437.3699951171875,438.239990234375,423.19000244140625,427.5,17340000,413.5027030694365,353.74207945878686,47.33982978823722,10.773837069563115,471.9289356025616,420.1230582125426,15.640447582407464,230528200,53.67906466796964,43.22570019113171
2023-07-24 00:00:00-04:00,425.0,428.6400146484375,419.19000244140625,428.3699951171875,8264400,414.08573413013266,354.4846457837461,47.7199476748759,8.604621822203853,472.48166023527847,417.9543342308674,15.19827362702345,238792600,52.0016276495889,40.196153828676835
2023-07-25 00:00:00-04:00,427.17999267578125,430.8800048828125,426.1300048828125,427.70001220703125,4859800,414.6196273880503,355.21315689243556,47.435975702088854,6.753589908252309,472.9023390649899,415.7016567032393,14.451968367950347,233932800,51.20737506019126,37.41448419649429
2023-07-26 00:00:00-04:00,424.20001220703125,425.260009765625,415.5899963378906,422.6700134277344,6009200,414.9353288013712,355.88436939527435,45.25844643940014,4.825133777796452,473.2900290351573,412.21663600390514,14.284686046606796,227923600,50.88882309833731,35.3325921432311
2023-07-27 00:00:00-04:00,426.8999938964844,427.5199890136719,411.8800048828125,413.1700134277344,6594500,414.8661007475031,356.4543758035576,41.39362013030867,2.5014130627350823,474.9546944210781,407.1293062299636,14.381493052624837,221329100,47.08760264167594,33.62491596830465
2023-07-28 00:00:00-04:00,415.55999755859375,427.4700012207031,413.760009765625,425.7799987792969,6424200,415.29409674874995,357.14418299734604,47.76936990203992,1.6582527805440463,474.9651436691284,405.47618933868415,14.375671248363687,227753300,47.81105420512375,32.0392166630158
2023-07-31 00:00:00-04:00,426.510009765625,439.1300048828125,426.29998779296875,438.9700012207031,6587600,416.22256359078733,357.95837024334963,53.471304389584645,2.0309535772238974,474.77804720599636,405.2979537705661,14.302409452303111,234340900,51.75195604292298,29.821768796701026
2023-08-01 00:00:00-04:00,437.3699951171875,445.25,431.3999938964844,438.6199951171875,5711500,417.10089423888144,358.76097347592514,53.30500892540867,2.2718901409836008,474.67900363981914,405.18499782502465,14.270094927389719,228629400,51.727368912742264,28.181862408667943
2023-08-02 00:00:00-04:00,435.2300109863281,435.55999755859375,426.55999755859375,429.70001220703125,4912200,417.59497729645597,359.4668345578267,49.11293794455097,1.723202029831441,474.00517418655824,403.94549720016056,14.112230829618579,223717200,47.78437430062047,26.29228910178602
2023-08-03 00:00:00-04:00,427.79998779296875,441.92999267578125,427.19000244140625,431.0,6243900,418.1206644613008,360.1786073482961,49.7333785862279,1.3773832820165808,472.3631526326675,403.0035181030096,14.15707078710118,229961100,52.615010459223,24.98529400849811
2023-08-04 00:00:00-04:00,433.05999755859375,436.5,426.2699890136719,431.6000061035156,5441800,418.6492660943288,360.88926803242765,50.03617423024092,1.1386097268065214,471.72213927954635,402.2698651149849,13.87656651561739,235402900,48.121559834353434,23.69589874027977
2023-08-07 00:00:00-04:00,436.4599914550781,441.1099853515625,428.9100036621094,440.760009765625,4781300,419.51635408143846,361.68400178101666,54.53851353931893,1.6692733619890419,470.4751546394001,402.2781860181519,13.756810456605654,240184200,44.427253327985255,22.83316558571068
2023-08-08 00:00:00-04:00,440.3599853515625,443.57000732421875,435.1000061035156,438.29998779296875,3767200,420.2529671681651,362.44634990053856,53.15322519518252,1.8697713420256719,461.26210236288136,406.6245716280041,13.37918122546976,236417000,34.70596349623801,22.209512793919824
2023-08-09 00:00:00-04:00,439.739990234375,440.6199951171875,427.5899963378906,428.8999938964844,3846600,420.5920662555502,363.10758018905545,48.1232577783373,1.255691655531109,444.9431569121579,416.4515167532067,13.354239622171695,232570400,42.606894961565374,20.940931659440306
2023-08-10 00:00:00-04:00,431.1199951171875,438.1199951171875,428.69000244140625,429.9800109863281,5467600,420.9602209508748,363.77297751042136,48.72365729127288,0.8464204250681746,443.98700695815273,416.41566638169104,13.073936268858091,238038000,48.99969490647086,19.762963463137897
2023-08-11 00:00:00-04:00,428.9800109863281,430.6300048828125,421.3299865722656,421.6600036621094,3927900,420.98766341013896,364.34896782038845,44.45522664793824,-0.14758377765463138,444.1976546797957,415.4263524816626,12.80437070040729,234110100,51.824940378232974,18.687947238139554
2023-08-14 00:00:00-04:00,421.989990234375,428.8500061035156,418.7799987792969,427.7799987792969,3966000,421.25402950304715,364.98012235729306,48.05972354900671,-0.4364753940560604,444.17709147507077,415.3682495080022,12.609059030679536,238076100,51.22377423386257,17.90541992393344
2023-08-15 00:00:00-04:00,424.4100036621094,429.1199951171875,421.0400085449219,423.70001220703125,3368000,421.34995039339947,365.56439986823574,45.920291792016826,-0.9833099153028115,444.19924162666325,414.8127660230763,12.285553855078543,234708100,53.069066363133864,17.151080225029304
2023-08-16 00:00:00-04:00,423.7300109863281,424.510009765625,415.25,415.45001220703125,3967000,421.11858026844385,366.0607741203631,41.86222342724296,-2.058655367387246,444.99929234149414,413.0500484788184,12.069443562974717,230741100,55.03874342239136,16.958714592031246
2023-08-17 00:00:00-04:00,415.0,415.239990234375,401.5799865722656,403.0,6031500,420.4080477088971,366.4283286067277,36.60500837438661,-3.8708653948817187,447.5020001266057,409.19133890334217,12.19805656810264,224709600,46.2393524287229,17.77798864930767
2023-08-18 00:00:00-04:00,399.3299865722656,406.5199890136719,398.1499938964844,404.5299987792969,4312200,419.78537912342256,366.8074497029722,37.64142794147716,-5.124524455169819,449.477830121332,404.38217557528264,11.924623607322987,229021800,37.89239675289969,18.754816306969474
2023-08-21 00:00:00-04:00,402.2300109863281,409.6099853515625,399.5,408.2900085449219,3861600,419.33458027720684,367.2202114824941,40.227637134285985,-5.748393031583078,448.2442017358356,401.52513827067486,11.795006589054381,232883400,35.748084360494914,19.292016812150845
2023-08-22 00:00:00-04:00,409.0,415.739990234375,407.3999938964844,413.1700134277344,3599700,419.09283255761966,367.67742344214827,43.50263947716759,-5.7823820619778985,446.0011462584222,400.37486285616114,11.548220142542684,236483100,42.19634220768942,19.09072369010131
2023-08-23 00:00:00-04:00,418.3999938964844,437.0199890136719,417.7099914550781,427.54998779296875,8174700,419.424485704104,368.2731703511117,51.87100304576387,-4.595995090137649,445.7189449408182,400.3703942518901,12.426916959928027,244657800,43.86536367074287,18.421616601892357
2023-08-24 00:00:00-04:00,425.4100036621094,427.5899963378906,406.1700134277344,406.92999267578125,5687800,418.93450558534624,368.6578153493671,42.215055901801406,-5.259013510834677,445.0237908802918,397.8562140025207,13.069278813515757,238970000,43.85835069329395,17.32121605164758
2023-08-25 00:00:00-04:00,412.0,419.25,407.55999755859375,416.0299987792969,5390900,418.82060335765806,369.1291803586202,46.9118908588382,-4.992614196731836,443.4706665828362,397.33333732341384,13.015759421423112,244360900,44.15346279822683,16.299415540706
2023-08-28 00:00:00-04:00,418.0400085449219,419.8299865722656,413.2699890136719,418.05999755859375,2928600,418.7907756792634,369.616054161605,47.92867326318721,-4.565063672556505,439.2343217439999,398.5430138679793,12.554633574078158,247289500,43.25953716382877,15.301138451730676
2023-08-29 00:00:00-04:00,416.0,432.1700134277344,414.5,429.989990234375,4486700,419.2299605637776,370.21678984392116,53.55816538932199,-3.2263843456040604,436.9115884659472,399.7577474715528,12.920017849339317,251776200,49.87339588546937,15.01770422659908
2023-08-30 00:00:00-04:00,430.8500061035156,438.1600036621094,428.3500061035156,434.6700134277344,3625400,419.8354528329524,370.8581154517203,55.58667188480009,-1.7674584148109602,438.3637092758331,399.07496259916684,12.697873542857492,255401600,57.304927203111724,15.167567883419173
2023-08-31 00:00:00-04:00,431.2300109863281,437.1499938964844,431.2300109863281,433.67999267578125,3803000,420.3783759640437,371.4832087574324,55.0390023734202,-0.683259316313297,439.2521940889217,398.6798086780054,12.213738497664547,251598600,63.581957814108016,15.306726993323545
2023-09-01 00:00:00-04:00,437.7300109863281,445.5,435.92999267578125,439.8800048828125,4793400,421.14314572556407,372.1637738930084,57.840415407846294,0.6685587211482016,442.9914417192835,397.3698945437373,12.185614842418419,256392000,64.15799041645059,16.000636836763608
2023-09-05 00:00:00-04:00,438.3900146484375,453.45001220703125,438.0,448.67999267578125,6155900,422.223022076553,372.9251293037823,61.50650257065926,2.4220498425739834,448.29020708748953,394.8577950283959,12.418786082747905,262547900,70.90788536079535,17.12209201098186
2023-09-06 00:00:00-04:00,448.6099853515625,451.3900146484375,440.489990234375,445.760009765625,3862300,423.14604120161465,373.64985448250707,59.65288209657349,3.5353328555011103,452.3685324122436,393.72080271145427,12.310303106413233,258685600,70.75151305986805,18.16344324418452
2023-09-07 00:00:00-04:00,441.1499938964844,444.6000061035156,436.70001220703125,443.1400146484375,2922700,423.9301185916861,374.3412988622676,57.96489283982175,4.1582719832837824,455.5266481927847,394.25468725643407,12.078138424426127,255762900,73.78606386628215,18.688813045123293
2023-09-08 00:00:00-04:00,443.55999755859375,446.80999755859375,438.8500061035156,442.79998779296875,2697500,424.67011346232465,375.0224798466527,57.73655047181302,4.571817340132611,457.0083388346816,398.0796616535997,11.783985069472697,253065400,79.79544072395295,19.3289944076126
2023-09-11 00:00:00-04:00,443.07000732421875,449.8900146484375,442.75,445.3599853515625,2913800,425.4814809873928,375.72235552331847,59.044656804552545,5.047935959544418,458.22872719487117,402.30327150304555,11.452272896541611,255979200,79.58982999646766,20.136391539197806
2023-09-12 00:00:00-04:00,442.8500061035156,445.44000244140625,434.1199951171875,434.69000244140625,3124000,425.8425994757855,376.30909827872233,51.84234963161459,4.512270304318406,457.44169860568735,406.61029927842725,11.442825355661407,252855200,74.27060478018204,19.854235233340216
2023-09-13 00:00:00-04:00,435.5,438.3999938964844,410.69000244140625,412.239990234375,11843000,425.3091638192596,376.6666195917139,40.61625993410851,2.2502831869358033,457.5672367648795,406.3607580267872,12.60476579133403,241012200,57.647196332484945,19.307644375278525
2023-09-14 00:00:00-04:00,410.3999938964844,411.3900146484375,400.0,400.489990234375,10709000,424.3358628943622,376.90366805582005,36.198153109094534,-0.4848951322321682,460.1845893150924,400.13540580209514,12.578710394408386,230303200,53.80695707994773,19.47228456949207
2023-09-15 00:00:00-04:00,401.0,404.70001220703125,395.0299987792969,396.94000244140625,9116700,423.2615154256188,377.10303456711944,34.960806419408215,-2.905505147746112,461.89900619617896,397.0889902230919,12.370946325360242,221186500,44.17691705531808,19.91034089473236
2023-09-18 00:00:00-04:00,395.5,399.4700012207031,392.6000061035156,394.3999938964844,4704700,422.1296910519273,377.2751436151728,34.0636077263611,-4.971505070632645,464.40924904082016,391.69474672740904,11.978021239062189,216481800,39.428742708494894,20.455894846564295
2023-09-19 00:00:00-04:00,392.8399963378906,398.2300109863281,390.25,396.20001220703125,4076800,421.1128409011471,377.46345076534055,35.33019514489396,-6.389919446176634,466.0570123940832,387.1323186606043,11.692449078152611,220558600,33.718902290037434,21.099521408025687
2023-09-20 00:00:00-04:00,397.04998779296875,397.989990234375,386.1199951171875,386.29998779296875,3866600,419.74763097533616,377.55137650690904,31.72107073265414,-8.218138702825172,467.8775232943524,379.4864741014809,11.705130938083673,216692000,28.765242559800328,21.937623359989534
2023-09-21 00:00:00-04:00,386.5,395.8999938964844,383.4200134277344,384.1499938964844,5547900,418.35164520753807,377.61703439138245,30.98089403576772,-9.72835969960181,468.1931728918905,372.4348218997761,11.760477333131268,211144100,23.12307825561831,22.871825614588992
2023-09-22 00:00:00-04:00,385.0,386.8800048828125,378.3599853515625,379.80999755859375,3692800,416.84020804483436,377.63885492040947,29.485246853376566,-11.146927314348602,468.012733614152,365.4325951618897,11.529016061568319,207451300,16.857824997865663,24.025092218118377
2023-09-25 00:00:00-04:00,382.8999938964844,386.6199951171875,380.80999755859375,384.79998779296875,3757300,415.583728819271,377.71010997386776,33.462616418208995,-11.733248277982398,465.06491253040355,361.03641396699226,11.191943311355848,211208600,13.21183831316715,25.095982635681377
2023-09-26 00:00:00-04:00,382.8800048828125,384.55999755859375,377.3599853515625,379.25,4089400,414.1588767087114,377.72543226268505,31.344936280974665,-12.501638392200334,459.27400573083577,357.56998840978923,10.923947534930877,207119200,13.286095296588826,26.29261027940169
2023-09-27 00:00:00-04:00,382.3999938964844,384.2200012207031,376.25,377.5899963378906,3843500,412.7248029686792,377.72408464154285,30.718746946885744,-13.09360656992169,452.71420211226643,355.0404569046607,10.712951369628895,203275700,13.211317220794385,27.469522612604855
2023-09-28 00:00:00-04:00,375.6000061035156,378.9599914550781,371.1000061035156,376.3599853515625,4369900,411.29873168957664,377.7105115142794,30.236735007019064,-13.50630494659083,445.21394749709424,353.6367076135828,10.509168082624154,198905800,9.06730592492066,28.862030633077687
2023-09-29 00:00:00-04:00,380.0,382.5799865722656,375.3500061035156,377.6000061035156,4205300,409.9772130391429,377.7094119579534,31.405291097680887,-13.576807091157661,435.6539335075988,354.50339071115116,10.274940395918858,203111100,9.937314742383435,29.603191819089258
2023-10-02 00:00:00-04:00,377.4800109863281,384.80999755859375,376.79998779296875,380.3299865722656,3102100,408.81457670710853,377.73548732725004,34.0253736488892,-13.259546146047285,421.64622054921256,359.8404371656312,10.113159636612153,206213200,13.889148450935565,29.956226197484078
2023-10-03 00:00:00-04:00,377.1099853515625,394.8999938964844,372.8500061035156,376.75,8878100,407.5571423264376,377.72568148319783,32.28390005823364,-13.145456913950113,407.67750722988046,366.0838168261091,10.965790219209053,197335100,26.434995427149232,28.928443485626822
2023-10-04 00:00:00-04:00,376.5,380.2200012207031,373.5799865722656,376.8999938964844,4303700,406.3549012115375,377.7174656863151,32.43992032482549,-12.894299661573825,400.81506906341673,368.2342554808541,10.656806249868227,201638800,29.178288947887836,27.974073824616514
2023-10-05 00:00:00-04:00,378.010009765625,378.6000061035156,367.239990234375,372.5899963378906,5034800,405.03078729492387,377.6664460908084,30.280949898835715,-12.89439791966737,397.54924666892896,367.7800786891439,10.707035508387685,196604000,31.291381687562463,27.65001631206913
2023-10-06 00:00:00-04:00,368.42999267578125,382.5199890136719,367.7699890136719,381.510009765625,4778100,404.1084038624024,377.7046905054832,39.28677276007025,-12.03596217414173,394.41609810162106,368.85589489968106,10.995818686359994,201382100,38.80340265881328,26.8338639392791
2023-10-09 00:00:00-04:00,378.04998779296875,387.1700134277344,377.760009765625,385.95001220703125,3299800,403.3963100719957,377.78673350748863,43.218481397613374,-10.872048364809814,392.1892849110509,369.95604386499076,10.882546184627808,204681900,44.65996163839916,25.49931130840269
2023-10-10 00:00:00-04:00,385.5799865722656,388.70001220703125,372.25,373.32000732421875,7288900,402.2168472191417,377.7422884708392,36.06401736942974,-10.843773851115373,387.8706248270279,371.22403663130547,11.280222329085197,197393000,42.444231060846526,24.79431065510116
2023-10-11 00:00:00-04:00,372.7799987792969,377.80999755859375,365.3399963378906,365.92999267578125,9151400,400.7938333154805,377.6247531892963,32.65745458550178,-11.28756252201515,388.148724127209,368.229937982166,11.365206535629335,188241600,40.46211935908453,24.73675328387746
2023-10-12 00:00:00-04:00,366.4800109863281,368.8299865722656,359.04998779296875,361.20001220703125,7376100,399.2411344484825,377.46132293076636,30.661138515981747,-11.883947386785394,389.20210893047783,364.1165556203034,11.251977410177018,180865500,38.60564065884188,25.16395401205779
2023-10-13 00:00:00-04:00,355.6400146484375,358.92999267578125,352.04998779296875,355.67999267578125,6312600,397.5328543789648,377.24459327648793,28.473601904912783,-12.656114324505268,391.2275502676942,358.873780298712,11.101837910454552,174552900,32.44426647899954,26.03532808284913
2023-10-16 00:00:00-04:00,356.2099914550781,363.0799865722656,354.7699890136719,360.82000732421875,5128900,396.09313488662184,377.081164560545,33.249242931246215,-12.706829539373302,390.18894429591796,356.7150555413216,10.902420742464496,179681800,38.53694003469091,26.27825446607097
2023-10-17 00:00:00-04:00,361.1000061035156,362.70001220703125,353.8900146484375,355.7200012207031,5908400,394.50987474286035,376.8686156715914,31.0350817369619,-13.008594601566074,390.4619314263023,353.3047352403643,10.752961943616585,173773400,37.679475055985215,26.569384233240378
2023-10-18 00:00:00-04:00,351.0,354.7900085449219,344.7300109863281,346.19000244140625,11429600,392.61497778986217,376.56335583845527,27.367577211079748,-13.85700195061753,392.0383966648279,347.5416041489741,10.769892535813614,162343800,34.896738413462174,27.472746503207336
2023-10-19 00:00:00-04:00,404.739990234375,408.95001220703125,392.260009765625,401.7699890136719,28074400,392.9739978378547,376.8141681088555,58.31022983186865,-9.93006288840462,398.7736918763394,344.1943094257439,14.483472337942999,190418200,50.098859258285394,27.16010278802811
2023-10-20 00:00:00-04:00,405.6300048828125,410.6400146484375,398.010009765625,400.9599914550781,12782900,393.28717405813796,377.0544250575741,57.92294755732582,-6.8048533099956785,403.97255316712113,342.1101128485039,14.351081805433678,177635300,54.469208656776495,26.951188928532492
2023-10-23 00:00:00-04:00,403.32000732421875,407.5400085449219,398.5199890136719,406.8399963378906,7390000,393.81865728479494,377.35079890115935,59.99988205140568,-3.809718882584775,409.9470583724465,339.6702756119285,13.970291642991986,185025300,54.064997840738606,26.757197487572274
2023-10-24 00:00:00-04:00,409.67999267578125,416.69000244140625,408.3900146484375,413.7300109863281,6459200,394.5994946848551,377.71278111096206,62.34531819724463,-0.8700571924862288,417.4405998571019,337.1074022587835,13.675985533029388,191484500,58.63357462787029,27.037738647636242
2023-10-25 00:00:00-04:00,416.0199890136719,418.8399963378906,410.1099853515625,411.25,6299600,395.25245567760584,378.04648478149977,60.95976324043467,1.2451761007612276,423.15498162174316,335.9730213079443,13.322701636836442,185184900,63.29299902509925,27.40264173343836
2023-10-26 00:00:00-04:00,411.4200134277344,417.30999755859375,401.5400085449219,403.5400085449219,6849700,395.5774577508339,378.3001516846184,56.73813539965408,2.2731780679914664,426.6103035512607,336.6443676726976,13.497507878038972,178335200,58.205556984395315,26.95800689227867
2023-10-27 00:00:00-04:00,406.4200134277344,410.2099914550781,395.6199951171875,397.8699951171875,4997600,395.6673611769654,378.49487649489276,53.788032230324106,2.6003787880478058,428.42422178342395,337.01178082074273,13.575542768028376,173337600,54.70594048008756,26.041749246290912
2023-10-30 00:00:00-04:00,402.3500061035156,412.82000732421875,399.4100036621094,410.0799865722656,5317100,396.23256217285956,378.8091561971552,58.76069939983526,3.8011150946161933,432.0295942323146,336.6237382872166,13.67371915652858,178654700,59.904168189966114,25.35575112979717
2023-10-31 00:00:00-04:00,409.239990234375,412.5199890136719,404.6300048828125,411.69000244140625,3877600,396.83873630103784,379.1363287966005,59.381367898791986,4.826979676564292,436.04519266148714,337.7241392070024,13.260595226123638,182532300,65.6838862270643,24.718752878767273
2023-11-01 00:00:00-04:00,414.7699890136719,420.6000061035156,414.17999267578125,420.19000244140625,4806100,397.7544722281111,379.544823061723,62.58313176969564,6.253774096306358,440.93138483533454,340.07261500190504,12.949838685836905,187338400,71.07561614487183,24.65242507027517
2023-11-02 00:00:00-04:00,421.1700134277344,426.69000244140625,417.1000061035156,424.7099914550781,4476000,398.8115514134824,379.9942277223534,64.19920064635185,7.660933815470571,445.27809919953006,344.1938978707824,12.709849946697885,191814400,75.83027835179854,24.953688951214406
2023-11-03 00:00:00-04:00,428.760009765625,434.82000732421875,425.5299987792969,432.3599853515625,3667100,400.12717627379925,380.51528003707193,66.81186529446965,9.286361213219436,449.0485250861527,350.64747100759723,12.524147512586651,195481500,75.68787224424437,25.677745643283753
2023-11-06 00:00:00-05:00,434.3800048828125,435.0299987792969,429.6099853515625,434.739990234375,3003200,401.48454152715516,381.054829392269,67.603972825941,10.643874678310056,452.12599569935014,357.42599811575406,12.01670936366863,198484700,80.04040862248547,26.361334824867402
2023-11-07 00:00:00-05:00,436.17999267578125,437.6400146484375,431.0,434.6099853515625,3291100,402.783578539877,381.5877165162421,67.50918977287714,11.57578512693658,451.59252337710313,368.47813498878224,11.632659741152121,195193600,88.42493798822662,27.14159966635454
2023-11-08 00:00:00-05:00,435.0,438.07000732421875,433.67999267578125,436.6499938964844,2356800,404.111673259744,382.1355998732594,68.2611699541253,12.336732340960452,442.20833430979945,389.92365625009637,11.115327948815363,197550400,84.63045778969814,27.89099562232966
2023-11-09 00:00:00-05:00,438.0299987792969,440.3800048828125,434.3500061035156,435.1499938964844,2735500,405.32886230432206,382.6631062814507,67.03266671455242,12.672668393646234,444.866373106597,391.7162847710072,10.752090150992615,194814900,82.39678728075975,28.725464673809654
2023-11-10 00:00:00-05:00,437.4800109863281,447.4800109863281,435.510009765625,447.239990234375,4440600,406.9724359486379,383.3056623406838,71.48684367586567,13.755892434600526,449.86401217701075,392.8893122044997,10.86479921805341,199255500,81.71301310246109,29.90332688923482
2023-11-13 00:00:00-05:00,447.25,448.42999267578125,442.6000061035156,444.6199951171875,2896100,408.4488108179928,383.9157552041316,69.30166812349346,14.238807472329256,453.4566404769401,394.3340170751432,10.505169743354283,196359400,80.69904403505979,31.049004307810584
2023-11-14 00:00:00-05:00,448.7799987792969,454.0799865722656,445.6400146484375,448.6499938964844,4060900,410.02532780146305,384.55987698216495,70.78115906648735,14.776375481749199,457.6565707171303,394.7900845563072,10.430514151334558,200420300,80.0743575925398,32.415429867665544
2023-11-15 00:00:00-05:00,452.80999755859375,462.75,452.45001220703125,461.94000244140625,5035300,412.06119739518635,385.32982847927184,75.05136947134443,16.089326877536394,464.57070286614675,394.63461939947825,10.692620719347492,205455600,91.50011616341435,34.09226514100637
2023-11-16 00:00:00-05:00,463.0,467.2799987792969,459.6499938964844,466.95001220703125,3656000,414.2136999368273,386.14196961089135,76.4487000696023,17.334297247248173,470.4646679755814,397.1953214449916,10.473862445309278,209111600,100.0,35.84026671670302
2023-11-17 00:00:00-05:00,466.95001220703125,467.6499938964844,462.760009765625,465.9100036621094,2798500,416.2410059652698,386.93568139249555,75.50333057187618,18.029195889481514,472.85366730266594,403.8783232572299,10.075013994277143,206313100,100.0,37.47910454254935
2023-11-20 00:00:00-05:00,465.3999938964844,476.760009765625,465.3999938964844,474.4700012207031,3617600,418.52449597528675,387.8066696494926,77.92318537562764,19.051020033917155,478.01303739925424,407.3042884470999,10.166799842481677,209930700,100.0,39.363781731335045
2023-11-21 00:00:00-05:00,472.6300048828125,477.0199890136719,471.2099914550781,474.95001220703125,2997700,420.7372613177081,388.6737675853886,78.05410291225195,19.67278033933394,481.5329017404237,412.2190920746804,9.855599679346824,212928400,100.0,41.12358038366644
2023-11-22 00:00:00-05:00,476.79998779296875,482.70001220703125,476.55999755859375,478.0,2841600,422.9828589130921,389.5625858183698,78.9099016205338,20.17902712234087,485.5165477624862,415.9434457270971,9.705199702250622,215770000,100.0,42.96739033627976
2023-11-24 00:00:00-05:00,477.1099853515625,480.3999938964844,475.20001220703125,479.55999755859375,1404700,425.2015702325236,390.45808245260093,79.35338530032462,20.470143043931046,488.9947574930796,419.7785701436391,9.383398415622228,217174700,96.72403196423313,44.433907876868666
2023-11-27 00:00:00-05:00,479.0299987792969,482.0,475.3500061035156,479.1700134277344,3625900,427.3179797695907,391.34078823344805,78.90668061170054,20.43383749007785,492.049719172294,422.96494554124774,9.188155235683809,213548800,96.79213114364467,45.861980465806376
2023-11-28 00:00:00-05:00,478.1099853515625,480.5,475.95001220703125,479.0,2890200,429.34472566097935,392.21301919629934,78.69869009807442,20.158966398207383,494.27081048825886,426.6451888606994,8.856857561204162,210658600,90.16857685802765,47.18804786981997
2023-11-29 00:00:00-05:00,479.0,480.989990234375,474.489990234375,477.19000244140625,2855500,431.22101102491763,393.05856131814124,76.39010282683583,19.569492473712216,495.03882747920426,431.5545074817332,8.688510592546722,207803100,83.90290401192715,48.11157987166623
2023-11-30 00:00:00-05:00,475.30999755859375,478.5899963378906,470.4200134277344,473.9700012207031,4287300,432.89744201298765,393.86365027239566,72.32536837998727,18.627773575391018,494.48723625703434,437.08209968046566,8.651472900947402,203515800,75.30322037906689,48.13492241197262
2023-12-01 00:00:00-05:00,473.1700134277344,475.2300109863281,464.6000061035156,465.739990234375,4341500,434.18538508049306,394.57883773470394,63.085724357833094,17.021152210841024,491.42358239685296,444.2244197190325,8.792796613937766,199174300,66.18899714287815,47.085884922835135
2023-12-04 00:00:00-05:00,460.989990234375,461.20001220703125,451.20001220703125,453.8999938964844,5157700,434.9585069948457,395.1690979950202,52.662503853283575,14.623928901565932,490.51357211660746,446.02243048755923,9.203309572038194,194016600,57.60865197566048,44.20298199665696
2023-12-05 00:00:00-05:00,450.70001220703125,456.3900146484375,449.5799865722656,455.1499938964844,3380700,435.75033001059626,395.76592282986064,53.535347890769096,12.67882313046357,488.7096884301558,449.23031401125047,9.032360893762029,197397300,50.374353417515415,41.33229717217489
2023-12-06 00:00:00-05:00,460.0,460.5,445.7300109863281,446.7300109863281,4178800,436.18090573513473,396.2730281846514,47.2194106048117,10.33871230123458,489.1245130794948,448.5594916405572,9.442191473755589,193218500,41.04984544647392,39.11173779866393
2023-12-07 00:00:00-05:00,450.8500061035156,452.8900146484375,448.32000732421875,452.0,3506700,436.80126237297264,396.82752541664496,51.10738693051572,8.807870036675922,489.9178079380539,446.440863123144,9.20774948720943,196725200,40.741709627384004,37.049789808975184
2023-12-08 00:00:00-05:00,450.760009765625,455.5,450.760009765625,453.760009765625,3458400,437.46631129033153,397.39401779822686,52.369291375170526,7.6485172461835305,490.20218093235167,444.39782313665876,8.888623826292685,200183600,41.43637243827527,35.42765347426263
2023-12-11 00:00:00-05:00,459.3599853515625,470.6499938964844,457.2099914550781,459.8900146484375,4929700,438.3456722063357,398.0158685131544,56.57336070076642,7.142033059142477,490.09333286147,443.7040060057175,9.46014956233316,205113300,42.88038938855833,35.279276640580214
2023-12-12 00:00:00-05:00,465.2300109863281,465.6099853515625,459.20001220703125,463.0,3302700,439.31250859040097,398.66247678665536,58.571229994910254,6.911914273304603,489.03422319706254,443.2337821740312,9.242279818204452,208416000,43.13953564190706,35.14149815216083
2023-12-13 00:00:00-05:00,461.9800109863281,481.25,461.9800109863281,479.9800109863281,5820200,440.90731260592753,399.47160648018445,67.39188524354212,8.007384314383103,490.0143485398585,442.9243233351415,9.958544760737839,214236200,46.360666604945614,36.01297192527632
2023-12-14 00:00:00-05:00,480.3599853515625,480.760009765625,464.760009765625,469.8299865722656,5176400,442.0415351144114,400.1716898641852,59.268508253172776,7.96471776294527,488.74434635668223,443.10499039461985,10.390077277827993,209059800,43.261405352444044,36.822197571740695
2023-12-15 00:00:00-05:00,467.29998779296875,473.0,467.29998779296875,472.05999755859375,7841000,443.2187297200656,400.8869964084082,60.397968795908255,8.018416153030671,487.3380521040074,443.5112846472947,10.05507262991394,216900800,34.18051695056484,37.57362138631477
2023-12-18 00:00:00-05:00,476.29998779296875,492.0400085449219,475.1000061035156,486.1199951171875,6410700,444.9011322846586,401.73508594779906,66.67280551815662,9.090704826255717,489.1939558801972,442.5820450963653,10.76399679822924,223311500,42.525881796927436,39.18146165660834
2023-12-19 00:00:00-05:00,488.3999938964844,496.1400146484375,484.05999755859375,495.0199890136719,3849000,446.86657764658077,402.66329393850424,69.92164460336787,10.537190281906476,493.7715038555519,440.1404956561668,10.857998247630276,227160500,47.96072853824677,40.82594023831658
2023-12-20 00:00:00-05:00,492.0,500.8900146484375,488.3900146484375,489.2699890136719,4563700,448.5294565237216,403.5250520984562,65.48041057603558,11.091705208334815,496.4200975828323,439.1025668051886,10.975284087085257,222596800,54.90473262988095,42.52078870687905
2023-12-21 00:00:00-05:00,492.6600036621094,494.3999938964844,486.7699890136719,491.6099853515625,2756200,450.2188890267742,404.4015190959995,66.41531103067342,11.586419400344482,499.87569657323377,437.99896569890166,10.736335572494344,225353000,56.14198230484492,43.8321858859449
2023-12-22 00:00:00-05:00,494.0,496.0199890136719,485.45001220703125,486.760009765625,2702700,451.65187415378796,405.22100656534906,62.629263087569434,11.455084382666485,502.4526420144357,438.2246895285331,10.724452803504793,222650300,58.115535644927355,45.115510465113225
2023-12-26 00:00:00-05:00,489.3900146484375,491.4800109863281,486.3800048828125,491.19000244140625,2034500,453.2023889885965,406.0764194596382,64.61354379393093,11.575034033748409,505.2355630207965,440.4137696614951,10.322706610648424,224684800,62.682307273190766,46.30716900291238
2023-12-27 00:00:00-05:00,491.239990234375,494.0199890136719,489.25,491.7900085449219,2561300,454.71562897119753,406.9292909928251,64.88549770472034,11.584966195603101,507.5041209172037,443.0305470515463,9.926083925150099,227246100,68.57307565782416,47.52542330872352
2023-12-28 00:00:00-05:00,492.0,492.8900146484375,489.07000732421875,490.510009765625,1710500,456.1193301788221,407.760939935838,63.759744033761514,11.358617232376048,507.33948068488877,449.0325204544342,9.489935596512145,225535600,64.64181353997711,48.62031497042547
2023-12-29 00:00:00-05:00,490.3699951171875,492.2300109863281,481.94000244140625,486.8800048828125,2740600,457.32563114760603,408.54819431341986,60.55125038132498,10.762262330564965,506.31051610906513,454.71215234796614,9.547083664255698,222795000,59.40400988962663,48.27266037072558
2024-01-02 00:00:00-05:00,483.19000244140625,484.6499938964844,461.8599853515625,468.5,5049400,457.7638416908372,409.14472969338584,47.51368662799956,8.706174626749998,504.0632772867786,458.9247232015027,10.652293369041006,217745600,50.78553228375303,45.25563813580654
2024-01-03 00:00:00-05:00,467.32000732421875,475.04998779296875,465.7699890136719,470.260009765625,3443700,458.25388749769166,409.75284193291066,48.65376850578136,7.1364636762696705,502.5974030597192,461.773263444187,10.554272326916424,221189300,45.007272873447285,42.45411748909601
2024-01-04 00:00:00-05:00,472.9800109863281,480.739990234375,466.5299987792969,474.6700134277344,3636500,458.89765714200706,410.3987839378343,51.496721161022954,6.1771011020584865,501.160557129905,464.76611116436584,10.815395121785116,224825800,42.83059091336089,40.385521833783585
2024-01-05 00:00:00-05:00,476.5,479.54998779296875,471.79998779296875,474.05999755859375,2631300,459.4922587269713,411.03222884948366,51.07545154786217,5.3064072084623035,501.2577273009659,463.879605869607,10.596438327371894,222194500,49.867929234191415,38.46468301099348
2024-01-08 00:00:00-05:00,473.8900146484375,485.239990234375,473.6499938964844,485.0299987792969,3675800,460.4937387290233,411.7685250676908,57.76641596519787,5.4388675634676815,501.00371293620304,466.1602885286407,10.66740675669466,225870300,61.677711820079075,37.20197256897199
2024-01-09 00:00:00-05:00,475.5299987792969,485.0899963378906,473.79998779296875,482.0899963378906,3526800,461.3406507921161,412.46824119973263,55.57285212137924,5.246135537864404,500.58833753398306,467.91299710143363,10.711878312996605,222343500,51.37196046941972,36.029455729952026
2024-01-10 00:00:00-05:00,481.6000061035156,487.0,472.95001220703125,478.3299865722656,4342400,462.0068992540827,413.12358194970807,52.81085017591066,4.73540584376218,500.292029566624,467.1706372628031,10.950314704423187,218001100,42.27548249383782,35.12049124089533
2024-01-11 00:00:00-05:00,492.5400085449219,503.4100036621094,483.82000732421875,492.2300109863281,7993300,463.1921193220139,413.9107105968386,60.60567307120819,5.390130613963265,499.65112934236106,467.4395404167535,11.959579160524656,225994400,46.421381156401544,35.521209850582714
2024-01-12 00:00:00-05:00,500.510009765625,500.7900085449219,490.6099853515625,492.1600036621094,5003700,464.3281147863314,414.68931052783637,60.55142290773645,5.836080996502687,500.17877580759625,467.2972292379767,11.83246802001285,220990700,54.33528605673844,35.893305702435285
2024-01-16 00:00:00-05:00,490.0,494.1499938964844,478.0199890136719,481.239990234375,4679000,464.9913255882155,415.35150634581186,52.63661938664832,5.247852094040468,498.96918338752226,467.1241556424257,12.139434938784254,216311700,52.33405901837158,34.54830892700951
2024-01-17 00:00:00-05:00,484.5,486.2099914550781,475.260009765625,480.3299865722656,4894600,465.59284170523705,415.99805838786614,52.026319151995516,4.654591526825925,498.46358368476285,466.7724189194038,12.054473992403459,211417100,46.0132531880781,32.98007739408748
2024-01-18 00:00:00-05:00,480.0299987792969,485.7699890136719,478.0199890136719,485.30999755859375,4054400,466.36606350340793,416.6877294243908,55.0948040370667,4.53400829470587,497.48397795393805,466.9680239991869,11.747011564374642,215471500,47.37625675934368,31.523862399231312
2024-01-19 00:00:00-05:00,484.9800109863281,485.6700134277344,476.05999755859375,482.95001220703125,5672400,467.0164144329618,417.34705562123304,53.35321675163581,4.199603702524769,496.0298721129936,467.24346366174603,11.594369014715069,209799100,44.345956450036,29.92643652869475
2024-01-22 00:00:00-05:00,487.54998779296875,489.79998779296875,479.8999938964844,485.7099914550781,5212300,467.74949588480956,418.02728383848523,55.13922146923136,4.109916355759481,495.10734938249107,467.52598395084226,11.473342220555734,215011400,50.84224471729022,28.863021035108698
2024-01-23 00:00:00-05:00,492.0,498.9599914550781,481.3999938964844,492.19000244140625,15506000,468.70794712232316,418.7652213370218,59.09882160839543,4.509735791183175,496.26367804709383,467.0776549607187,11.908103316129878,230517400,64.5972016823942,28.688038091408036
2024-01-24 00:00:00-05:00,537.75,562.5,537.0700073242188,544.8699951171875,26432800,471.69469410251395,420.01999520548117,76.92783985002929,8.973984214256234,520.3494914343145,453.174507589123,16.079667190591582,256950200,77.23367113844544,31.15381038042177
2024-01-25 00:00:00-05:00,551.9500122070312,563.4600219726562,548.4600219726562,562.0,9451900,475.2360786475134,421.4327315715958,79.98332398381984,13.735843234788433,542.0248750110802,443.731122710274,16.258978595225667,266402100,78.77547392650136,33.46466462695092
2024-01-26 00:00:00-05:00,561.8099975585938,579.6400146484375,558.4299926757812,570.4199829101562,12770600,478.96878077546023,422.9151917839198,81.2946086445324,17.981790184052215,560.6406592799417,437.8820010390688,16.612624550756422,279172700,80.96255534254284,35.943506194685874
2024-01-29 00:00:00-05:00,571.3499755859375,578.5499877929688,562.6799926757812,575.7899780273438,6905400,482.7656904716125,424.43633393559566,82.09999725339223,21.53184178972907,576.5830138521258,435.50364386271804,16.559579591215787,286078100,81.64802808308832,38.24528765043976
2024-01-30 00:00:00-05:00,567.3200073242188,570.8800048828125,560.8200073242188,562.8499755859375,6181800,485.9062506721743,425.81358410127075,73.84862384091011,23.035593231446626,586.1377257900825,436.3249288323133,16.4460360992093,279896300,79.2967271330228,40.18147245997529
2024-01-31 00:00:00-05:00,562.8499755859375,572.1500244140625,562.0399780273438,564.1099853515625,4857600,488.9730637968562,427.189667695801,74.1213637685023,24.0517457869567,594.2270971979818,439.17155595957036,15.993465405459975,284753900,82.81549151814428,42.00946743816043
2024-02-01 00:00:00-05:00,567.02001953125,572.6599731445312,563.8300170898438,567.510009765625,3174000,492.0529440309256,428.5858900049535,74.88260376372585,24.845009756219383,601.1624237551425,444.1268991615241,15.481786166119084,287927900,82.21244574771671,43.71968526585851
2024-02-02 00:00:00-05:00,564.52001953125,567.7999877929688,562.3699951171875,564.6400146484375,4032800,494.89949581984763,429.9396623894658,72.93238017614956,24.95443337229085,606.8158168403602,448.12817323125427,14.76380091680924,283895100,78.4053759223143,45.11951434488962
2024-02-05 00:00:00-05:00,562.469970703125,575.75,557.2000122070312,562.0599975585938,4143100,497.533240986073,431.2542925901537,71.13873830148815,24.549969789427223,610.8408538679986,453.42313538981387,15.034242836534919,279752000,82.15792972778274,46.64255541463515
2024-02-06 00:00:00-05:00,564.1199951171875,566.3400268554688,554.3699951171875,555.8800048828125,2840300,499.82134937418044,432.49434942888666,66.89490377528648,23.46031976274037,611.6450200593465,462.570971151591,14.815370615231085,276911700,83.20425048513289,47.68084431648599
2024-02-07 00:00:00-05:00,558.1599731445312,567.7999877929688,554.97998046875,559.2999877929688,4373600,502.15384499844663,433.75609707430044,68.03147218072353,22.612070432525343,611.0499201556884,473.69540455134273,14.672844665873061,281285300,83.34120584292752,48.69284670308417
2024-02-08 00:00:00-05:00,560.5499877929688,563.7000122070312,555.739990234375,558.530029296875,3175500,504.36467575524773,434.9976287382067,67.46985733474202,21.628379021044225,609.0809019327337,485.42709367273505,14.19335733064329,278109800,84.67711873618217,49.63256320492535
2024-02-09 00:00:00-05:00,565.0,566.0,558.0999755859375,561.3200073242188,3055700,506.5982181697172,436.25456782861477,68.4850839979666,20.83376571769429,604.0874896510144,500.86983863674607,13.74383355088752,281165500,84.46550888664417,50.58849223217799
2024-02-12 00:00:00-05:00,560.3599853515625,568.4400024414062,557.0,557.8499755859375,3608500,508.60809100956897,437.46447238341403,65.73715626172907,19.696971957113306,594.5684325515663,520.0075602869754,13.579274185924572,277557000,79.02931039818695,51.565322124417165
2024-02-13 00:00:00-05:00,550.7999877929688,559.2000122070312,549.0,554.52001953125,3511500,510.4085587947329,438.6292041958303,63.119789428755034,18.316217137969602,575.3264309368861,547.560230846968,13.337898330289335,274045500,67.77534793718958,51.22276375521675
2024-02-14 00:00:00-05:00,567.260009765625,581.25,564.3400268554688,579.3300170898438,5634200,513.1113610808158,440.02921228432797,72.04916938205693,19.004842459406177,577.2942003093876,550.1871310708207,14.294475625893668,279679700,66.07835230913025,51.817942364111566
2024-02-15 00:00:00-05:00,581.9099731445312,593.77001953125,580.3200073242188,593.4600219726562,5220900,516.2622889589271,441.55588700759495,75.66319876988177,20.454964198084667,585.858634174591,545.8173668019716,14.30487039843028,284900600,61.94414999280501,52.740577187956276
2024-02-16 00:00:00-05:00,596.9500122070312,597.0,577.4600219726562,583.9500122070312,4325700,518.9167094784606,442.9727439747535,69.17984281031751,20.599361200668113,588.6363823080378,544.8436225747746,14.678806657638386,280574900,52.6322091388054,53.68385513231969
2024-02-20 00:00:00-05:00,580.1799926757812,586.0,569.6599731445312,575.1300048828125,3124200,521.121152435494,444.2877415957292,63.72597827936711,19.774151872547463,588.522006995834,544.8700014677078,14.797465243197697,277450700,55.47030818942745,53.587500298737474
2024-02-21 00:00:00-05:00,573.510009765625,575.780029296875,567.3200073242188,573.3499755859375,2270600,523.1693415786486,445.57194292896514,62.65246887674635,18.760277248513603,589.3568019458844,545.4352065176572,14.344790723873308,275180100,48.96000524245368,53.21712905476381
2024-02-22 00:00:00-05:00,582.75,590.8499755859375,578.8900146484375,588.469970703125,3526600,525.7301505639223,446.99381385209114,67.63921813257775,18.958292156427774,593.2538139954862,544.7861925149303,14.570162815025213,278706700,49.407046188398034,53.43288925544463
2024-02-23 00:00:00-05:00,586.4000244140625,592.4299926757812,579.8200073242188,583.5599975585938,2568900,527.9979877009682,448.35268135165836,64.62172473913293,18.50570435871782,595.3578941427226,544.8221107400899,14.43015013906359,276137800,50.710522975574825,53.685931558960036
2024-02-26 00:00:00-05:00,583.5599975585938,590.75,583.27001953125,587.6500244140625,2393700,530.3372832583444,449.73872456620967,65.98308901218059,18.266491510136802,598.1449555697433,545.1030506151525,13.933709448326905,278531500,49.08921451886173,53.920899412224344
2024-02-27 00:00:00-05:00,595.0,605.3599853515625,592.3300170898438,601.6699829101562,4489400,533.1346440290038,451.2504783805773,70.21418119434877,18.98931013831418,604.127901129089,544.4014364360153,14.203441697553554,283020900,56.368416575023915,54.60958799908496
2024-02-28 00:00:00-05:00,595.7899780273438,598.1699829101562,590.010009765625,596.47998046875,2605200,535.6187748697782,452.69554805309645,66.89699578718401,18.925201345824576,607.0376210119339,546.9050466312954,14.021765372337674,280415700,49.581046707461745,54.951005646386015
2024-02-29 00:00:00-05:00,604.25,604.52001953125,595.1599731445312,602.9199829101562,3572100,538.2580379301852,454.1903185491866,68.86274617796407,19.173034237680554,610.9669090753927,548.7917579167948,13.688785444793465,283987800,56.34812471256158,55.47092914002126
2024-03-01 00:00:00-05:00,599.8099975585938,620.280029296875,599.5,619.3400268554688,4270300,541.4377237703924,455.83359922885114,73.22804531062594,20.45857024559632,618.4933097729528,549.3733568937138,14.19530286279929,288258100,57.66346985466762,56.3786366980076
2024-03-04 00:00:00-05:00,621.5599975585938,624.4199829101562,615.0800170898438,615.8300170898438,3020300,544.3550686064493,457.425603386672,70.93857582015504,20.95260969789524,623.2956286676017,551.8390393011482,13.848493074050234,285237800,64.24619582675307,57.31846265876751
2024-03-05 00:00:00-05:00,610.0999755859375,610.9099731445312,592.0,598.5,3849600,546.4783992493337,458.82932872610814,60.826793903826506,19.718449960217185,622.5807165179948,557.9739547059636,14.561459075178343,281388200,63.46675330802578,55.72218202689647
2024-03-06 00:00:00-05:00,602.989990234375,607.9299926757812,593.5599975585938,597.6900024414062,2469600,548.4866974137287,460.2110269720315,60.3934779570396,18.46218882248786,619.310132028453,567.0005369168595,14.547783078178997,278918600,55.97812960667483,54.23992144015908
2024-03-07 00:00:00-05:00,599.3400268554688,610.530029296875,595.9000244140625,608.510009765625,2742800,550.8405528000776,461.686638741122,64.07505879121368,18.130677816540924,621.1935130109326,569.0078216244841,14.553656064224246,281661400,53.66305842825237,52.984056902591625
2024-03-08 00:00:00-05:00,608.27001953125,616.0900268554688,600.8400268554688,604.8200073242188,2777200,552.9573941539655,463.11085136383946,61.959809826383385,17.369970391296192,622.3724375272101,569.3435618217483,14.603394916779658,278884200,61.87312065883478,52.07300156919026
2024-03-11 00:00:00-04:00,608.0800170898438,611.0,600.3699951171875,600.9299926757812,2500900,554.83867252737,464.48218610326177,59.7215384978344,16.26571160592937,622.8151098552028,571.1648868895888,14.319581342924861,276383300,62.57258233535183,51.17586785137348
2024-03-12 00:00:00-04:00,600.2100219726562,615.2999877929688,596.27001953125,611.0800170898438,2821600,557.0442154513886,465.9408709887004,63.43336901519789,16.024875911325694,623.2502812455472,575.5230504601819,14.656037551410138,279204900,68.12112998387235,50.549784181548496
2024-03-13 00:00:00-04:00,613.3699951171875,614.8499755859375,607.2100219726562,609.4500122070312,2192100,559.0993447359235,467.3688226426142,62.438255720691004,15.523538428761526,621.6057982463792,581.9808716754958,14.154888698686646,277012800,67.20981407782861,49.96842077385387
2024-03-14 00:00:00-04:00,615.0,620.7999877929688,607.3499755859375,613.010009765625,3120500,561.2134884625785,468.8179886836392,63.77488212453468,15.237834640215624,622.6137449218006,584.2449302084078,14.104540377854118,280133300,73.53665077218024,49.722240315097466
2024-03-15 00:00:00-04:00,622.9199829101562,622.9199829101562,603.8200073242188,605.8800048828125,6671600,562.9651165574896,470.1817898398499,59.22894823625166,14.271566785145296,620.9019847479656,588.9326913588052,14.461357178431502,273461700,61.743436181004384,49.037114761704125
2024-03-18 00:00:00-04:00,613.5599975585938,627.4099731445312,610.4500122070312,618.3900146484375,3344200,565.138641972821,471.656498544413,64.06846232751936,14.349829879596996,621.3751396803866,592.5582017909676,14.966257970094876,276805900,60.88987983752958,48.64204326840777
2024-03-19 00:00:00-04:00,615.6199951171875,621.280029296875,608.0,620.739990234375,2142600,567.3190870026859,473.13991637217384,64.91104147511385,14.435078733905016,623.8663548459382,592.6096542686452,14.845813064864885,278948500,61.39192590022987,47.94645836425639
2024-03-20 00:00:00-04:00,619.9500122070312,629.510009765625,618.3400268554688,627.6900024414062,2639500,569.6865738826357,474.67772817385776,67.34958499131096,14.891783753266623,627.376311375771,593.2610340018331,14.583253768099983,281588000,60.688109267217385,47.754219125777986
2024-03-21 00:00:00-04:00,630.6500244140625,634.3599853515625,622.3300170898438,622.7100219726562,2507700,571.7659247881267,476.1506863211095,63.921633616118456,14.682630739552678,629.2547174207091,594.021299831895,14.400876231929896,279080300,59.11563921995301,47.817725089918135
2024-03-22 00:00:00-04:00,624.1599731445312,629.0499877929688,621.0,628.010009765625,2135700,573.9715751794012,477.66172436533355,65.91026923308472,14.774232040047082,631.3123715671588,593.1196434067995,13.94724134343267,281216000,53.054877697760254,47.6861146363832
2024-03-25 00:00:00-04:00,627.9000244140625,630.4600219726562,623.1599731445312,627.4600219726562,1803300,576.0691613281563,479.15225468978457,65.50675643912372,14.633758453929318,633.503571527093,592.4791107645736,13.47244187805355,279412700,60.23886007556981,47.6413997674555
2024-03-26 00:00:00-04:00,625.2000122070312,634.3900146484375,619.1799926757812,629.239990234375,2804500,578.1542918734982,480.64566499371085,66.22738716665764,14.49892609304618,635.4944698533715,594.5868778028786,13.596554741953742,282217200,66.67410351398993,46.99554503174022
2024-03-27 00:00:00-04:00,629.010009765625,631.3499755859375,610.72998046875,613.530029296875,2628300,579.5415756940229,481.96789747433934,55.255068905197206,12.974842019356515,634.3785485861407,597.8148026508385,14.098229054470439,279588900,60.0484361513854,45.24493473326856
2024-03-28 00:00:00-04:00,614.989990234375,615.0,601.5900268554688,607.3300170898438,3708800,580.631318493859,483.21528174912055,51.62024825733979,11.138309739758483,634.4394084061656,597.5966104740427,14.04906791804621,275880100,52.025294381866836,42.575903159184286
2024-04-01 00:00:00-04:00,608.0,615.1099853515625,605.5700073242188,614.3099975585938,2115900,581.9520510062015,484.51970678205066,55.193763772555805,10.129306427155825,634.117389196561,599.1839617148972,13.72699006871032,277996000,57.63996889165143,40.10767108396554
2024-04-02 00:00:00-04:00,611.0,615.030029296875,605.510009765625,614.2100219726562,2029200,583.2170694754743,485.8101576794697,55.130950423410745,9.21536781439056,632.9514357202675,602.1205857641075,13.42649217317744,275966800,51.77648715870396,37.80875271363514
2024-04-03 00:00:00-04:00,612.75,630.4099731445312,611.5,630.0800170898438,2931200,585.0548321270182,487.24567866862765,62.438508661679776,9.660283123545128,634.9910522644906,602.6143025532177,13.818169385416997,278898000,52.72033253438317,36.989616313292174
2024-04-04 00:00:00-04:00,633.2100219726562,638.0,616.5800170898438,617.1400146484375,3064300,586.3130745788386,488.53815962365064,54.626369021838485,8.866523890393978,634.7563091792625,603.8743792972999,14.361156065755514,275833700,45.088668501708185,36.73456649672226
2024-04-05 00:00:00-04:00,624.9199829101562,637.9099731445312,622.7100219726562,636.1799926757812,3378800,588.268639994405,490.0072325893435,62.133722393150336,9.662448392067859,638.0099912536243,603.7100282776257,14.818927667922532,279212500,58.103539694999455,36.49773452419304
2024-04-08 00:00:00-04:00,636.3900146484375,639.0,628.1099853515625,628.4099731445312,2145700,589.842809921861,491.38437428641004,57.92193231884308,9.556091974737342,637.8687238718209,606.8552914276582,14.538291023673603,277066800,50.72290500166225,36.352735838646055
2024-04-09 00:00:00-04:00,631.989990234375,631.989990234375,615.6300048828125,618.2000122070312,2143600,590.954857070299,492.6462214298988,52.85215698830766,8.549393145920135,637.8693193504077,606.8293622902172,14.668412047094238,274923200,50.69598135025754,34.65595657089093
2024-04-10 00:00:00-04:00,610.969970703125,620.1400146484375,609.3400268554688,618.5800170898438,2806200,592.0381966789085,493.8992940235301,53.016987010174205,7.6935537903940485,637.822156290945,606.5885289304092,14.392096028942417,277729400,43.18816403615147,32.42797952955828
2024-04-11 00:00:00-04:00,624.4199829101562,631.6599731445312,617.239990234375,628.780029296875,2662700,593.4790528600054,495.24139089192164,57.32921142542631,7.749024741578182,638.0059824283885,606.5500397070282,14.39408794902912,280392100,43.42836902414111,31.310189256187634
2024-04-12 00:00:00-04:00,628.22998046875,633.1199951171875,618.9199829101562,622.8300170898438,2959300,594.6300710650971,496.51092946105524,54.20390289747445,7.229532065830313,638.0149749294314,606.5570465549436,14.380225396029271,277432800,42.465693724120776,30.38207600908768
2024-04-15 00:00:00-04:00,630.1699829101562,630.1699829101562,603.8699951171875,607.1500244140625,3085400,595.1210496278017,497.6118159780006,46.941409695795464,5.48930867832064,637.9839442175617,603.8067458866051,15.231636995810662,274347400,36.374142008012576,28.342018756574923
2024-04-16 00:00:00-04:00,607.5,622.4500122070312,607.5,617.52001953125,3519100,595.9994406044075,498.80493243126676,51.56356691643136,4.89056564983855,637.0198698463652,603.4454865989472,15.236519195607668,277866500,37.440444508920415,26.447679879241644
2024-04-17 00:00:00-04:00,620.969970703125,620.969970703125,607.7100219726562,613.6900024414062,3312200,596.6931881274271,499.9480674562433,49.83675281178525,4.060203615799992,635.5450515271768,602.8469732124065,15.095335590954889,274554300,36.82128300030193,24.688650921717887
2024-04-18 00:00:00-04:00,612.0999755859375,621.3300170898438,605.4299926757812,610.5599975585938,8468400,597.2369845757081,501.04868367616723,48.40994266205593,3.1136779447385834,635.6851779401228,602.3108425676897,15.152813364034005,266085900,32.91417047349299,23.27406806339219
2024-04-19 00:00:00-04:00,567.8800048828125,579.0,552.1599731445312,555.0399780273438,16449700,595.5822000051841,501.5859104856317,31.294866543052535,-2.09233293331215,651.3502943635444,579.6737209359346,18.24189986760747,249636200,21.92050337406657,24.94841735633562
2024-04-22 00:00:00-04:00,550.6599731445312,558.6099853515625,542.010009765625,554.5999755859375,8597700,593.9750539495274,502.11341362095817,31.200721153183494,-6.182372044679937,658.5422049855871,564.5204740508713,18.1246195617739,241038500,19.955886568509243,26.818207685166183
2024-04-23 00:00:00-04:00,556.489990234375,579.2100219726562,555.280029296875,577.75,4975500,593.3387773240557,502.86601647050094,41.220002424662304,-7.469638665345769,658.9884437467772,559.2128990266604,18.58786433498425,246014000,21.97372971439401,26.900712663835513
2024-04-24 00:00:00-04:00,574.3099975585938,576.9099731445312,551.2999877929688,555.1199951171875,5355300,591.8400015512374,503.3859565565376,35.74060873142578,-10.198299356914163,659.3172044227313,548.889468754352,19.149446325844753,240658700,21.39053811119986,27.13625125260095
2024-04-25 00:00:00-04:00,549.4600219726562,566.5399780273438,545.7100219726562,564.7999877929688,3807100,590.7796088548347,503.9970414444623,39.4484796682361,-11.4477258464633,658.6353960526329,542.5926068770547,19.269482735047806,244465800,16.20666586086675,27.577524056899968
2024-04-26 00:00:00-04:00,558.2100219726562,562.9199829101562,553.1900024414062,561.22998046875,4332600,589.6207998985176,504.5665234248035,38.564674705444105,-12.58094973910795,653.4353691234064,537.7992988453436,18.72237577908457,240133200,21.531790261740753,27.98727737517763
2024-04-29 00:00:00-04:00,559.1799926757812,559.6400146484375,554.239990234375,559.489990234375,2508900,588.4391995195316,505.1130255821127,38.1164446876323,-13.464233209430859,648.6401032402372,533.4052336738254,17.88434824017674,237624300,21.49807606018875,28.3677625992926
2024-04-30 00:00:00-04:00,560.0,560.0,549.3800048828125,550.6400146484375,3361500,586.9568785441945,505.5660304484443,35.83505592981109,-14.708806821702524,645.4807885806617,527.5565486589217,17.365465874248937,234262800,21.43152916374916,28.941279363621664
2024-05-01 00:00:00-04:00,547.8400268554688,560.3900146484375,544.25,551.7100219726562,3473200,585.5746488747225,506.02517464271506,36.33123982733748,-15.43092166788415,640.7635339810668,523.3578039095582,17.277933643833833,237736000,17.401863675241756,29.70066151790388
2024-05-02 00:00:00-04:00,556.02001953125,565.4600219726562,555.5900268554688,565.1500244140625,3068200,584.7736832095986,506.6134816056141,42.360478717920756,-14.74869325668476,631.3747492036679,524.2625880359154,17.025938383559986,240804200,21.504195079947806,29.90274895446211
2024-05-03 00:00:00-04:00,566.0,580.260009765625,565.1599731445312,579.3400268554688,3307500,584.5605986466916,507.3371288220306,47.96338016001404,-12.914141534559576,622.8252234473521,527.013448427648,16.889084595560167,244111700,25.966462802885516,28.794353948326982
2024-05-06 00:00:00-04:00,581.8200073242188,597.3400268554688,580.25,596.969970703125,3686300,585.0472406881204,508.2289978954743,53.95236348915659,-9.92326769565068,620.5631786680592,527.9181527121491,16.968435695877297,247798000,25.9897150532625,26.89817680832603
2024-05-07 00:00:00-04:00,596.280029296875,606.0499877929688,591.3200073242188,606.0,3614100,585.8689175238803,509.2018436875592,56.70116363211477,-6.746560582274469,617.2093385158773,529.7359902601643,16.808546036796777,251412100,30.990118952410725,25.653794746112386
2024-05-08 00:00:00-04:00,601.6300048828125,618.219970703125,601.6300048828125,609.469970703125,3093900,586.7944490211056,510.1995364936842,57.74500664966731,-3.903996826732964,615.9325565812615,530.4501012963426,16.792933164190757,254506000,38.36868111963161,25.145762963668062
2024-05-09 00:00:00-04:00,614.4000244140625,615.719970703125,605.75,612.0900268554688,2065400,587.7864324655905,511.21337221867714,58.55741664764041,-1.4234196405607236,616.3965628377621,530.1900989460921,16.30557870268606,256571400,52.12482295919095,24.674019165684047
2024-05-10 00:00:00-04:00,619.0,623.97998046875,605.0599975585938,610.8699951171875,2653600,588.6916702166335,512.204980406722,57.99822951297969,0.43894935114224154,622.733610453033,531.297053609467,16.4923218603625,253917800,63.6039326148352,24.661084609010967
2024-05-13 00:00:00-04:00,614.2999877929688,618.219970703125,606.8300170898438,616.5900268554688,2086200,589.7857234181564,513.2436375853165,59.93021673045761,2.349366912354867,629.1636315640187,533.1323726677522,16.127866985570982,256004000,61.484149270351864,24.649073949243103
2024-05-14 00:00:00-04:00,615.1699829101562,621.47998046875,608.4000244140625,613.6599731445312,2792400,590.7219685054653,514.2428051033187,58.4471462566566,3.585622917419869,634.1519886618125,532.9320119892291,15.910159061936449,253211600,71.32902375432963,24.81245367798212
2024-05-15 00:00:00-04:00,618.5700073242188,624.0999755859375,609.0999755859375,613.52001953125,5670600,591.6160097221627,515.2306380827011,58.3728409231038,4.502173369132834,637.6844250862786,537.1862454866381,15.84514770036956,247541000,80.71291822938758,25.106350315874753
2024-05-16 00:00:00-04:00,615.75,618.3400268554688,609.0900268554688,610.52001953125,3056400,592.3573434401661,516.1787911319404,56.70855819859644,4.929645394046133,640.4161730477531,540.5505017569344,15.374065721771734,244484600,73.18768907157498,25.378228434929046
2024-05-17 00:00:00-04:00,617.0,625.7899780273438,614.7100219726562,621.0999755859375,3782700,593.4845054850983,517.2227830170549,60.93830747183078,6.05236617696994,643.9855819012876,544.9637589190249,15.366629491366163,248267300,79.25803969206612,26.049251529356592
2024-05-20 00:00:00-04:00,620.4000244140625,644.3699951171875,619.52001953125,640.8200073242188,3857900,595.3407996748678,518.4526061444894,67.34298772671352,8.436125833004326,650.6916314015845,549.1017116973738,16.044011355264114,252125200,86.38100225509072,27.51688504646528
2024-05-21 00:00:00-04:00,636.760009765625,650.8800048828125,634.219970703125,650.6099853515625,2920200,597.5082187210127,519.7676049425697,69.97500163103118,10.988572519166723,655.9707426831922,557.1519298428495,16.08801298558007,255045400,93.26346159847533,29.12389028513318
2024-05-22 00:00:00-04:00,647.1400146484375,649.25,638.1199951171875,640.469970703125,2176200,599.1929933085465,520.9686235073515,64.20321760190333,12.054236731308379,654.9702098728801,569.9871224838907,15.831011360493994,252869200,88.09267985907549,30.6161094353248
2024-05-23 00:00:00-04:00,642.3400268554688,642.7100219726562,630.0,635.6699829101562,2313900,600.6234634890018,522.1099305660858,61.61248772574932,12.368883606552345,652.721677533625,581.6383159559583,15.608083547077012,250555300,82.46006550583324,31.093521083645356
2024-05-24 00:00:00-04:00,639.4000244140625,652.0,637.5999755859375,646.75,2615300,602.4323472737468,523.3501302619457,65.11213821590474,13.358321882283121,653.8262286664515,589.5217612424026,15.659650228703208,253170600,82.13469424330273,31.96030930008488
2024-05-28 00:00:00-04:00,647.0499877929688,649.75,643.030029296875,649.0,2609500,604.2585297336,524.6003777220258,65.79410378730992,14.160778401647349,657.1116894384525,593.1736377099851,15.021101691161908,255780100,81.80329477603246,32.765184072493014
2024-05-29 00:00:00-04:00,644.1300048828125,664.25,643.8900146484375,654.6199951171875,3695900,606.2334891604073,525.8941052582961,67.50282723785345,15.076425958626828,661.7604262545628,595.0075669094997,15.402450524047664,259476000,82.16692536910071,34.10521563086978
2024-05-30 00:00:00-04:00,653.52001953125,656.489990234375,644.72998046875,647.6599731445312,2388900,607.8580571597847,527.1057059337811,63.28643692262903,15.066787095665177,663.971541750552,597.8884517390313,15.142276184160332,257087100,76.58676993302359,35.349530649362485
2024-05-31 00:00:00-04:00,644.010009765625,648.5800170898438,628.2999877929688,641.6199951171875,4071000,609.1820547267416,528.2451515972975,59.795843452774896,14.405712393492195,664.7115972784817,601.0857253126641,15.509258549354238,253016100,68.06281430152696,34.761176684559494
2024-06-03 00:00:00-04:00,645.219970703125,646.780029296875,627.27001953125,633.7899780273438,2323500,610.1470713267653,529.2953488752084,55.52065519338109,13.098991962759555,663.9822415291663,604.8710787833337,15.795026493373578,250692600,63.02076197580411,34.11715368378031
2024-06-04 00:00:00-04:00,633.780029296875,635.22998046875,626.4400024414062,631.6199951171875,3008200,610.9891467695269,530.3135045592082,54.36068336436304,11.752827838010603,663.47822534935,607.379090731379,15.294665888657162,247684400,56.5373510101727,33.43603591958755
2024-06-05 00:00:00-04:00,634.02001953125,651.25,628.25,650.27001953125,2682600,612.5295731523396,531.5071017231091,61.75610231333841,12.051956721018428,664.2382776410033,611.500377957955,15.845046896610222,250367000,53.63982591548718,33.672419395978395
2024-06-06 00:00:00-04:00,644.8900146484375,657.989990234375,644.239990234375,648.52001953125,2466700,613.9409632064145,532.6714093629912,60.7611709739025,12.009371581254982,663.5626693439999,616.8426529216251,15.695400689709492,247900300,60.30974861216327,34.199605491874436
2024-06-07 00:00:00-04:00,649.3800048828125,650.4000244140625,640.239990234375,641.469970703125,1876600,615.0205321278542,533.7539821126444,56.79166385521518,11.276751162601272,659.4164962338691,625.1154861880059,15.300017367565063,246023700,53.68575097110163,34.26890977533016
2024-06-10 00:00:00-04:00,641.010009765625,644.7899780273438,635.5900268554688,644.5,2064400,616.1765896914677,534.8559325393843,58.05984096295615,10.815962560129265,656.7205481359366,630.9314375411467,14.864298353587202,248088100,45.97803176299443,33.85413809325481
2024-06-11 00:00:00-04:00,640.719970703125,650.1900024414062,640.52001953125,648.5499877929688,2167400,617.446134715056,535.9872166712607,59.75989618590809,10.654762965493546,657.3316546995438,631.3509950400396,14.493275821913562,250255500,44.86545771796508,33.7675907193074
2024-06-12 00:00:00-04:00,652.2100219726562,655.780029296875,643.1099853515625,650.0599975585938,2094400,618.7251097285282,537.1222692174033,60.40434906458889,10.52750180609371,657.2269339083539,631.3823841255003,14.363044973584914,252349900,50.74688449180836,33.98148489117173
2024-06-13 00:00:00-04:00,644.0,655.25,642.3499755859375,653.260009765625,1863600,620.0794195339046,538.2778686258433,61.800543248603155,10.563095868024106,658.6310781312926,631.6835784442281,14.2585435050476,254213500,56.54862602194619,34.093399033508284
2024-06-14 00:00:00-04:00,655.0499877929688,675.5800170898438,652.6400146484375,669.3800048828125,4447100,622.0127758220971,539.582367494072,67.93442410540851,11.756531329106792,664.5452806505477,630.2640455213273,14.878647714787503,258660600,58.8124746129769,35.13471300882117
2024-06-17 00:00:00-04:00,669.1099853515625,682.7100219726562,665.1099853515625,675.8300170898438,3631200,624.1232558718126,540.9380655000001,70.00953657493022,13.072112435312306,671.572132406613,627.1145293772411,15.073032636666522,262291800,60.0554740768137,36.36346761485585
2024-06-18 00:00:00-04:00,675.6300048828125,687.0599975585938,674.6400146484375,685.6699829101562,2943800,626.5368530105712,542.3781840811957,72.8917240737132,14.738822969312423,680.4599827035205,623.1160101350212,14.883529084772931,265235600,59.39631118695452,37.65703281931476
2024-06-20 00:00:00-04:00,681.7999877929688,689.8800048828125,673.719970703125,679.030029296875,2585100,628.5954089433674,543.7379039340881,68.13338733236135,15.347003606921817,685.1525669930841,621.678097069416,14.974708020123972,262650500,58.901472614145824,38.95686217211969
2024-06-21 00:00:00-04:00,683.260009765625,686.9000244140625,678.0999755859375,686.1199951171875,4506400,630.8512750678309,545.1546411597906,70.35844710664328,16.21418509946784,691.4384351591227,620.5202318330648,14.533660934981187,267156900,69.89229043060564,40.16384657115284
2024-06-24 00:00:00-04:00,685.0,685.5,664.5,669.02001953125,3916300,632.3480885762003,546.3871324868697,59.5571540425241,15.344723144043428,692.9395478796773,622.6724557010518,15.039827662281638,263240600,66.85298917665367,39.669562098737735
2024-06-25 00:00:00-04:00,673.4400024414062,673.6699829101562,662.2999877929688,672.4099731445312,2270600,633.9191428729977,547.6410911003788,60.840602561719976,14.759075767559125,693.7111175071823,627.0502187558386,14.777696766203487,265511200,67.81655767112771,38.97597348763544
2024-06-26 00:00:00-04:00,672.4099731445312,682.9600219726562,670.02001953125,677.6900024414062,3545800,635.6356471697981,548.9351101186976,62.81974204382844,14.55323955305505,693.9889132957337,632.9150906105162,14.646432885860827,269057000,68.62273505538225,38.836220384610826
2024-06-27 00:00:00-04:00,679.3499755859375,688.5700073242188,678.1400146484375,684.3400268554688,2404800,637.545622843746,550.2824227230436,65.2049664914847,14.756609257878154,697.0582859852672,634.388385564212,14.37740231421452,271461800,68.6694504187971,38.983203425687186
2024-06-28 00:00:00-04:00,679.0,687.0,673.0800170898438,674.8800048828125,3412400,639.0097162570428,551.5221996599568,59.37001070620077,13.993132381982036,697.6959573598015,637.2653789032195,14.344729499638929,268049400,65.96387784215068,38.552213089004056
2024-07-01 00:00:00-04:00,674.8900146484375,675.02001953125,663.780029296875,673.6099853515625,2212800,640.3665895548671,552.7370034976842,58.611705236816384,13.134188743023742,696.534352930012,642.712318619467,14.122962409262934,265836600,65.5905728165252,37.1985424592295
2024-07-02 00:00:00-04:00,673.5399780273438,681.739990234375,670.0700073242188,679.5800170898438,2411400,641.904371026827,553.9991230359147,61.12529876199849,12.787791686004539,695.6357508520633,648.288256309395,13.947749587898171,268248000,65.87075479545581,36.35773086225251
2024-07-03 00:00:00-04:00,677.47998046875,683.75,675.5,682.510009765625,1403500,643.4967490165837,555.2778383267577,62.334330725152206,12.604399770043074,694.8038317772065,653.6481783139394,13.540767474476874,269651500,65.37763614315887,35.698481660298754
2024-07-05 00:00:00-04:00,682.510009765625,697.489990234375,677.22998046875,690.6500244140625,2659100,645.3458970713868,556.6248252529995,65.54074705130193,12.966422659464001,694.5489826093452,659.3150310625298,14.020713352416026,272310600,66.12468670857902,35.83471373973858
2024-07-08 00:00:00-04:00,687.0,688.8599853515625,681.489990234375,685.739990234375,1930800,646.9299791562099,557.9095532627643,62.106321984708075,12.71060968773088,691.8590426919909,666.3356350423842,13.673521982935416,270379800,59.17910134003636,35.96121495636128
2024-07-09 00:00:00-04:00,690.0,695.27001953125,684.719970703125,685.739990234375,2596100,648.4519403749615,559.181497909248,62.106321984708075,12.365336166427255,692.2166817317615,668.159327382822,13.450416757591814,272975900,58.15495804253243,36.40035921624471
2024-07-10 00:00:00-04:00,685.02001953125,687.219970703125,673.1599731445312,677.6500244140625,2651900,649.5969632784556,560.3602892177537,56.45350284636442,11.308553813170988,692.1956048476844,668.423071910128,13.493958243377666,270324000,50.93959088811881,35.560153426576925
2024-07-11 00:00:00-04:00,672.489990234375,672.489990234375,647.4400024414062,652.75,5106600,649.7206117773397,561.2795898225522,43.36924923128279,8.365391288977548,695.9161316686709,660.3132140344542,14.687962795468993,265217400,48.008668975733606,33.28614554219639
2024-07-12 00:00:00-04:00,652.75,655.9199829101562,643.7100219726562,647.5999755859375,3355200,649.6374495737554,562.1384991336307,41.240259126264235,5.5533344715904605,699.4161851846605,652.6224866903395,14.510962662756922,261862200,38.15452454811301,31.41057391523743
2024-07-15 00:00:00-04:00,647.5,667.5399780273438,646.6300048828125,656.4500122070312,3208800,649.9046088927073,563.0769221492865,46.133854965785346,3.992856017809345,698.6721849610782,649.4104891925678,14.968034840026517,265071000,46.922090033168914,29.454284986154025
2024-07-16 00:00:00-04:00,661.7999877929688,663.6799926757812,649.1300048828125,656.3200073242188,2685700,650.1561931449235,564.0047140415744,46.073154021139175,2.7143855460719806,699.2874487460718,647.1018904466365,14.938174336665247,262385300,46.493562930900026,27.637730980576578
2024-07-17 00:00:00-04:00,650.0,650.4500122070312,639.469970703125,647.4600219726562,4017300,650.0504609420894,564.8351151155156,42.015770516543874,0.9750222647163582,700.6209965559566,642.4416824805018,15.074735928410139,258368000,37.1922645297547,26.048978426277
2024-07-18 00:00:00-04:00,656.5999755859375,657.0399780273438,639.1699829101562,643.0399780273438,7575800,649.775540043472,565.6132729554344,40.11769972651652,-0.7514342079342669,701.3339210420204,637.1087547392297,15.274397299037092,250792200,43.99637401894698,24.27246460783348
2024-07-19 00:00:00-04:00,660.6400146484375,678.969970703125,629.1199951171875,633.3400268554688,9815600,649.1310101145308,566.2871710041909,36.2477222373692,-2.869292971352138,701.4211926208278,630.2214831604223,17.744081462387122,240976600,57.42875043938081,23.912291242081654
2024-07-22 00:00:00-04:00,639.5,656.2899780273438,632.5999755859375,647.5,5219100,649.0670489335688,567.0952588548955,44.64278946191352,-3.3663150226560674,700.3505382652885,627.6414701982532,18.168790103745632,246195700,54.41849935559522,23.5778445453121
2024-07-23 00:00:00-04:00,647.5,649.9099731445312,641.0,642.760009765625,2463600,648.8197140642376,567.8481419485346,42.61959560639577,-4.095476078440811,699.3604965050423,624.5181818803743,17.50744603523032,243732100,49.9388928216661,23.2672868983118
2024-07-24 00:00:00-04:00,635.739990234375,652.4199829101562,632.6699829101562,635.989990234375,4888200,648.3165876395371,568.5261702896872,39.842266364319855,-5.160142553945207,697.2843985757231,620.7822762289643,17.667628461285297,238843900,44.57811658739352,22.29970725444664
2024-07-25 00:00:00-04:00,641.0,649.97998046875,621.7000122070312,634.0900268554688,4554500,647.7586832950639,569.1785469719339,39.07272540681017,-6.087041941857819,693.7579537329043,617.852723350429,18.42565273274483,234289400,38.69099982636097,20.808868130544003
2024-07-26 00:00:00-04:00,645.0,646.989990234375,629.77001953125,631.3699951171875,3120700,647.1159896410295,569.7973673514887,37.94284867949187,-6.960859755477259,686.6868944798124,617.0197786972709,18.33953258777198,231168700,43.03457689007256,19.42451751549155
2024-07-29 00:00:00-04:00,634.6099853515625,634.6099853515625,623.9299926757812,626.9600219726562,2400500,646.3255595363875,570.3661499845351,36.11919615965657,-7.917941543996562,679.7306704104969,616.1386736650238,17.79242259405836,228768200,38.815516945508506,18.554700173305324
2024-07-30 00:00:00-04:00,630.1699829101562,634.6900024414062,617.0,622.5800170898438,3496600,645.3943617933857,570.8856909507571,34.35314997846649,-8.926961094952617,670.7492626830099,616.6987516399067,17.785106868868922,225271600,38.443028574106236,18.21176213657486
2024-07-31 00:00:00-04:00,626.5700073242188,633.5999755859375,622.5800170898438,628.3499755859375,3134900,644.7259544911328,571.4574748774753,38.611430527082426,-9.155490138378354,661.4910453699823,619.3836291091844,17.301881985099268,228406500,44.94129379217527,17.893319673896563
2024-08-01 00:00:00-04:00,629.25,646.7100219726562,617.6099853515625,624.8499755859375,3720600,643.946504337988,571.9887435412411,37.0418171168428,-9.509403318972659,659.8795416692528,617.2751295547055,18.14460731624173,224685900,50.80594180472904,16.716570234111863
2024-08-02 00:00:00-04:00,620.97998046875,625.27001953125,608.3499755859375,613.6400146484375,3523000,642.7580145462409,572.4031840497704,32.48666691326291,-10.57255835497699,660.3425793888697,612.2840970434219,18.057138504032498,221162900,45.28531671555437,16.088458542631724
2024-08-05 00:00:00-04:00,587.0399780273438,604.5599975585938,587.0399780273438,598.5499877929688,4044200,641.0243664382696,572.6633512511953,27.571469845815272,-12.488792410345695,660.5595988791434,604.3470742979399,18.667345512394014,217118700,44.537687759790224,16.727561704095585
2024-08-06 00:00:00-04:00,600.6199951171875,622.4500122070312,600.6199951171875,609.5700073242188,4319100,639.7908621592873,573.030581659882,35.273337130268146,-12.96870309043129,656.5184385391078,602.1549013046422,19.04110829108462,221437800,51.177545094416786,16.036209036494846
2024-08-07 00:00:00-04:00,616.0700073242188,632.0,610.6400146484375,611.47998046875,3187800,638.6806315047563,573.4131627425575,36.53302724910538,-13.044547468251608,653.645219423727,600.2307815528354,19.283171461420093,224625600,47.2639506337228,14.971345408788707
2024-08-08 00:00:00-04:00,621.989990234375,632.2899780273438,616.02001953125,630.3499755859375,3283500,638.3539391157831,573.9796981937354,47.42048104487206,-11.450015134195496,651.4765911187013,600.7074095323404,19.392230468361067,227909100,40.23216815237747,14.000139209693492
2024-08-09 00:00:00-04:00,622.989990234375,636.6199951171875,622.989990234375,633.9400024414062,1980800,638.1808435599252,574.5763181364983,49.20575013239469,-9.783869252841214,651.5639926535612,600.7000047422721,18.98064292653617,229889900,47.21756547824852,13.3696816188202
2024-08-12 00:00:00-04:00,631.0,639.0,627.0700073242188,633.1400146484375,2331700,637.9831639947688,575.159041484876,48.80805622741842,-8.430803907597237,648.293041234417,602.0562914478745,18.47702505148225,227558200,52.31606992179732,12.93526228485499
2024-08-13 00:00:00-04:00,638.5599975585938,650.969970703125,635.5,648.02001953125,2639600,638.37676617267,575.8840263410588,55.941046794019464,-6.087623502209226,649.8292074894734,601.2214598282349,18.430805837425485,230197800,60.891949717008146,13.245369285131519
2024-08-14 00:00:00-04:00,648.7000122070312,663.5700073242188,648.7000122070312,661.6799926757812,4014300,639.2906181923998,576.7377175483695,61.27547186427375,-3.0927393040967672,657.2099672940031,597.2660336825594,18.22503311996429,234212100,70.76475935119375,14.176457741659457
2024-08-15 00:00:00-04:00,668.489990234375,673.1900024414062,659.7999877929688,663.219970703125,3210200,640.2290241732127,577.5982374802576,61.83645717745382,-0.5882279181624881,664.0507185672149,594.3092749223684,17.87967465771238,237422300,70.92006164425663,15.4735712854708
2024-08-16 00:00:00-04:00,669.4299926757812,680.22998046875,665.3599853515625,674.0700073242188,3511000,641.5561215516835,578.5581555881577,65.61587335524769,2.2462295410829256,673.495178778988,590.5581496715329,17.817555736848995,240933300,76.9149971475052,16.971888472271267
2024-08-19 00:00:00-04:00,674.0700073242188,688.8400268554688,672.9099731445312,688.530029296875,3016200,643.3982355809067,579.652403087747,69.8948443474709,5.5948662885547265,686.0989912847352,586.1636714756813,17.682734163569602,243949500,84.30126655124369,18.699736195350084
2024-08-20 00:00:00-04:00,688.8599853515625,711.3300170898438,688.25,698.5399780273438,4813100,645.560656853316,580.8353640324195,72.4507170936989,8.953197356513783,699.366149409093,583.0245081429904,18.068254372589184,248762600,85.01820538904015,21.02943259515738
2024-08-21 00:00:00-04:00,697.0,701.0,691.3800048828125,697.1199951171875,2235300,647.5825916871934,581.9924250382381,71.52307494024214,11.369062692064517,709.7314239381328,581.8285695514505,17.464807282917636,246527300,79.39881664634012,23.192722109264157
2024-08-22 00:00:00-04:00,691.0,701.5,686.239990234375,688.9600219726562,2729400,649.2052360121135,583.0567792365905,66.27188860177843,12.48133468198273,716.364654902017,583.743344772462,17.307321745968164,243797900,80.15166354290592,24.72873027861609
2024-08-23 00:00:00-04:00,694.1300048828125,696.0700073242188,678.6300048828125,686.72998046875,2354500,650.676794618256,584.088353378204,64.87015625339717,13.032640369704154,720.5562155388324,589.2971129116885,17.316798938499456,241443400,82.37089053402052,25.481205944761804
2024-08-26 00:00:00-04:00,687.260009765625,690.5900268554688,681.6400146484375,688.4400024414062,1354200,652.1577047289678,585.1266782445047,65.47322277458505,13.452466916367825,721.048694039691,600.7899696972883,16.719171314823154,242797600,77.81338009771113,26.179933349039967
2024-08-27 00:00:00-04:00,688.530029296875,707.8900146484375,686.9199829101562,695.719970703125,3164900,653.8660288848172,586.2271090152373,67.99237778912226,14.20882459156769,722.3709968294862,610.9543286913471,17.022804202213017,245962500,78.00489768958697,27.506984696577415
2024-08-28 00:00:00-04:00,695.8300170898438,696.6699829101562,677.0999755859375,683.8400268554688,2430600,655.041479785627,587.198381829568,60.26497712201775,13.691800758460431,719.2044127754457,623.7689189302835,17.204747282356283,243531900,71.48067320142218,27.888436889469894
2024-08-29 00:00:00-04:00,690.0,699.7999877929688,686.0700073242188,692.47998046875,2187000,656.5096562830043,588.2459599254803,63.51282134694542,13.819920257131344,718.9255855903506,632.3317467664202,17.115833972009405,245718900,71.7591187675615,28.374399227994314
2024-08-30 00:00:00-04:00,700.3599853515625,701.8599853515625,688.1599731445312,701.3499755859375,3266700,658.2681001772371,589.3713730166291,66.5368455004575,14.470384771055024,718.9403163502031,641.3050124258384,16.871846703082394,248985600,72.56920105717987,28.914735827888933
2024-09-03 00:00:00-04:00,700.0999755859375,703.8599853515625,671.010009765625,675.3200073242188,3161000,658.9368024182952,590.226583308247,52.726391297367435,12.738638591330528,712.8127446456673,653.0565831538119,18.01314162328633,245824600,65.40228393077703,27.996996518523236
2024-09-04 00:00:00-04:00,673.3099975585938,684.6500244140625,673.0599975585938,679.6799926757812,1785300,659.7502608597653,591.1166669835458,54.43246339750123,11.584492825103212,708.553402901458,661.5372546506253,17.55434771129936,247609900,59.07117739538888,27.144810016969377
2024-09-05 00:00:00-04:00,673.1400146484375,687.3099975585938,671.8599853515625,683.6199951171875,1810100,660.6863288698603,592.0370981092536,55.97856821266554,10.86253274346916,706.4837311545464,666.5322600563911,17.404038032423067,249420000,57.651897568243605,26.50710823614862
2024-09-06 00:00:00-04:00,681.8599853515625,683.1500244140625,662.3400268554688,665.77001953125,2991300,660.8856892879539,592.7707590189252,48.02791307098594,8.749175279567453,705.8867508341989,667.4692468871554,17.680890191658474,246428700,49.25751612944252,25.156000813246088
2024-09-09 00:00:00-04:00,674.0,683.5,672.1400146484375,675.4199829101562,2683100,661.4556615868639,593.5931393561514,51.997266932999565,7.7635028320407855,705.7509407939247,667.7850536722212,17.684396640022154,249111800,48.76940244533453,23.924805207050763
2024-09-10 00:00:00-04:00,676.8699951171875,680.5900268554688,665.8099975585938,673.6199951171875,2079200,661.9326942743276,594.3894264781517,51.211585552169915,6.759190602408012,705.8157190524214,665.7322708564327,17.476941829797358,247032600,38.51975221304742,22.283553920671572
2024-09-11 00:00:00-04:00,677.4600219726562,682.969970703125,660.7999877929688,681.469970703125,2391900,662.6988619774177,595.2558995550171,54.44447205441232,6.521517356959521,703.5561337703784,665.7158551619132,17.81215904982299,249424500,45.28337434440466,21.000532767640518
2024-09-12 00:00:00-04:00,684.9199829101562,694.8800048828125,682.2000122070312,686.7999877929688,2582100,663.6440041662628,596.166786005146,56.54975726411621,6.686173387128861,701.7178275327301,666.1781604229991,17.497721559099027,252006600,53.083004271712035,20.07011620719339
2024-09-13 00:00:00-04:00,680.010009765625,699.6400146484375,680.0,697.0599975585938,2276500,664.9544352796876,597.1706985579166,60.34844771587117,7.557444008740163,703.2961922058284,665.6797924946925,17.650742494051777,254283100,59.915925488343014,19.523521464010667
2024-09-16 00:00:00-04:00,700.0,703.02001953125,688.6300048828125,696.5,1843700,666.1915162491116,598.1590498160467,60.03991246426164,8.109266553661882,704.8671732727286,665.4114806986255,17.417833362222186,252439400,64.42992948787976,19.238717390655204
2024-09-17 00:00:00-04:00,700.8200073242188,707.6300048828125,698.3699951171875,706.9099731445312,2298600,667.7883184803046,599.2411485556337,63.75008293017128,9.27961806843598,708.8786043282187,663.8627124035522,16.968702756550066,254738000,63.52895462103435,19.274101123635592
2024-09-18 00:00:00-04:00,707.5499877929688,707.5499877929688,688.0,690.469970703125,2984400,668.6777950380623,600.1488980297381,55.056254801506824,8.77935631894809,708.0952944194887,663.9460223122821,17.1530802591514,251753600,62.42871523466082,18.38791541176949
2024-09-19 00:00:00-04:00,705.0,715.6599731445312,695.3699951171875,704.3200073242188,4228500,670.0755288532057,601.1854264804294,60.00474276167183,9.392209934348898,711.2158589577054,663.5561218365654,17.727146129312462,255982100,64.62992196816788,18.117128262615974
2024-09-20 00:00:00-04:00,705.5499877929688,706.6699829101562,696.3099975585938,701.030029296875,3998100,671.2894308313888,602.1789051154191,58.36093046571467,9.502883779739818,712.6397123918224,663.2722749128651,17.20092035947318,251984000,54.38733210340882,17.86568305268771
2024-09-23 00:00:00-04:00,702.3900146484375,712.25,699.1599731445312,705.3699951171875,3224300,672.6259235484789,603.2056821303621,59.92071498948717,9.827507185244826,713.5622070199889,662.8857828888653,16.90728510918715,255208300,63.00604581397204,18.011098863700564
2024-09-24 00:00:00-04:00,706.6300048828125,722.4400024414062,704.4500122070312,722.260009765625,3565700,674.5723583020924,604.3903023058374,65.35922130440838,11.317198974216808,720.8044866646151,661.9021702364266,16.98462118955771,258774000,69.33202130588492,18.768926279965935
2024-09-25 00:00:00-04:00,721.0,725.1199951171875,716.2100219726562,721.5599975585938,2259800,676.4150108219552,605.5561699202927,64.96575780420142,12.299524057617077,726.4434703275207,661.8471872245626,16.407860614912963,256514200,69.77584311168546,19.62511685100551
2024-09-26 00:00:00-04:00,724.72998046875,725.260009765625,701.719970703125,711.4299926757812,2833000,677.7881473652426,606.6096407934817,59.39357010099236,12.120894898032702,728.8558024770304,663.1428547495321,16.917301932597752,253681200,69.74036458748517,19.034874609567233
2024-09-27 00:00:00-04:00,708.3599853515625,710.7100219726562,701.25,707.3499755859375,2395600,678.9474347464463,607.6120321844516,57.2632056982947,11.51734197212545,727.7452039102569,669.7974474569306,16.436065557110858,251285600,63.403769999162876,18.44579539498609
2024-09-30 00:00:00-04:00,707.0,711.2100219726562,702.8200073242188,709.27001953125,1709900,680.1365557183994,608.6235544466088,58.02620919653702,11.066387009036475,727.5440030600562,674.5119865232771,15.86134763506276,252995500,68.31163196456167,17.936201641338787
2024-10-01 00:00:00-04:00,713.6400146484375,717.760009765625,698.5900268554688,706.1300048828125,2813500,681.1559066660235,609.5937678837848,56.25728767798573,10.33647654452966,725.3522967765082,681.0383607755753,16.097678726140867,250182000,61.50300628088934,17.94752697790205
2024-10-02 00:00:00-04:00,706.1300048828125,716.2100219726562,704.6900024414062,711.0900268554688,1758200,682.3297937322762,610.6036809083787,58.41388624614924,10.042486035461025,724.3034765985869,686.036521773809,15.770703069362948,251940200,60.75062536921625,17.95804336185365
2024-10-03 00:00:00-04:00,704.260009765625,708.8099975585938,700.0,706.7999877929688,2256400,683.2894091856367,611.56085809131,55.84915117537342,9.355481967410583,722.9258391872572,690.0808258518052,15.43636905408479,249683800,54.87405538304432,17.464037783880197
2024-10-04 00:00:00-04:00,713.3200073242188,721.010009765625,708.8200073242188,719.7000122070312,2229000,684.7172759707895,612.6368695750486,61.34512496024042,9.739677514448317,724.8425976939925,691.1827359648616,15.348772833982752,251912800,55.392960951371066,17.91601978147672
2024-10-07 00:00:00-04:00,714.760009765625,715.8800048828125,696.4299926757812,701.9199829101562,3360500,685.391891929196,613.5252587624626,51.77807357391421,8.51134203030324,724.4139120231685,692.3340860237065,15.91457616950184,248552300,48.138472136685834,17.137492327257974
2024-10-08 00:00:00-04:00,703.8800048828125,725.0599975585938,703.5499877929688,721.760009765625,3187400,686.8180926286639,614.6022214590115,59.38898048793296,9.034655778713386,726.7009437035201,692.0270592261675,16.430678917997245,251739700,55.86953542195961,17.062637983222594
2024-10-09 00:00:00-04:00,719.25,728.5900268554688,718.8699951171875,727.4299926757812,1981100,688.4107161599234,615.7248858492281,61.27029010551236,9.794006716554804,728.2024705744046,695.4535352849704,15.95134697658896,253720800,53.31553017811807,17.22591055785836
2024-10-10 00:00:00-04:00,723.2899780273438,733.8499755859375,722.5,730.2899780273438,2767900,690.0530401547242,616.8648370151795,62.22096918700964,10.505474154970557,731.780010230054,695.3386583897376,15.622677591542427,256488700,62.71842306392344,17.715487576062273
2024-10-11 00:00:00-04:00,734.9000244140625,736.0,721.219970703125,722.7899780273438,2299500,691.336841639925,617.9188185177882,58.18730208435295,10.3448805622196,732.4580446899314,697.5619504272562,15.562488427637609,254189200,55.227050642139226,18.306613136523918
2024-10-14 00:00:00-04:00,725.0,726.6199951171875,711.3099975585938,713.0,2797100,692.1863772618888,618.8648999255714,53.327489129106716,9.320202086376412,732.2427638815576,698.794565220005,15.544453365563047,251392100,46.13577201567422,17.855858125346256
2024-10-15 00:00:00-04:00,712.510009765625,713.4000244140625,699.780029296875,705.97998046875,2932800,692.7273028778442,619.7317166473941,50.09646849331571,7.85117662746643,731.3781777443924,697.4884807842534,15.406992062107651,248459300,38.86197911971075,16.700954289322357
2024-10-16 00:00:00-04:00,703.4299926757812,705.5900268554688,697.8200073242188,702.0,2494300,693.0909380591052,620.5503065314997,48.3093748215752,6.293267337337966,730.6794225286988,695.579236325468,14.889347853709337,245965000,39.280991471574275,15.78217473427201
2024-10-17 00:00:00-04:00,704.3499755859375,704.4099731445312,677.8800048828125,687.6500244140625,8926700,692.8775688965544,621.2179654159033,42.43193790136084,3.8562375922069805,733.2304286339025,689.8575677853684,15.720820739995725,237038300,33.31344364297965,16.257056022701725
2024-10-18 00:00:00-04:00,737.6400146484375,766.280029296875,736.22998046875,763.8900146484375,15974100,695.6623706907459,622.6375877963266,66.05860944331408,7.9847606585394715,749.0694277289739,681.5572405652969,20.214333893054068,253012400,51.297736114988645,16.92599123916214
2024-10-21 00:00:00-04:00,765.760009765625,773.0,756.5999755859375,772.0700073242188,6057100,698.658748597941,624.1244775428728,67.59529081994395,11.78089910734036,763.3022912224992,675.6977087775008,19.941883215983243,259069500,58.95049141732696,17.780341294523307
2024-10-22 00:00:00-04:00,765.27001953125,769.7000122070312,761.1199951171875,764.239990234375,2987300,701.2305619954482,625.5186617487585,64.58121026668307,13.996209644306987,771.7962931079098,674.9517049389651,19.299606715343817,256082200,54.71842743606019,18.573666345930103
2024-10-23 00:00:00-04:00,762.8300170898438,763.7899780273438,744.260009765625,749.2899780273438,3749000,703.1152449770912,626.7502171346151,59.15732536338864,14.379757271918606,775.4952639805805,676.3460608892111,19.348204840587112,252333200,53.22920830931869,18.267663810130642
2024-10-24 00:00:00-04:00,751.969970703125,755.8200073242188,746.25,754.5499877929688,2643000,705.1322937149687,628.0218566436535,60.41695584888301,14.935987590844661,779.4843837489491,678.7236077875093,18.649762160846514,254976200,49.26813618464402,17.983518598316856
2024-10-25 00:00:00-04:00,756.1699829101562,768.5,753.530029296875,754.6799926757812,2819500,707.0753407330398,629.2821366041721,60.449422658379596,15.211940650844781,783.081740444349,679.7902484879428,18.386919913866404,257795700,54.23520380673131,18.270079275529476
2024-10-28 00:00:00-04:00,758.6799926757812,758.6799926757812,747.8800048828125,749.1199951171875,2862400,708.7241507088887,630.4745531067892,58.248939422123094,14.811255172941628,784.3697224838858,684.7956014093435,17.844996190945142,254933300,49.34092222734886,18.17578455288915
2024-10-29 00:00:00-04:00,751.1300048828125,763.8800048828125,748.010009765625,759.4400024414062,3660400,710.7130076395757,631.7577914086262,61.080848820641386,15.151787018990149,787.8335553704618,686.3557675462049,17.70392468567674,258593700,50.793937281688876,18.321816643666125
2024-10-30 00:00:00-04:00,758.0800170898438,759.7899780273438,752.280029296875,753.739990234375,1722000,712.4003402903522,632.971544630773,58.71209523093976,14.79121370785208,789.9476397558092,687.7496828353367,16.975783546019024,256871700,47.186499403743966,18.457417870816176
2024-10-31 00:00:00-04:00,753.9299926757812,760.7899780273438,752.22998046875,756.030029296875,3057700,714.1113084866865,634.1960071647641,59.39343364829071,14.522833589207039,792.1254361842425,689.0038932428408,16.374655975488647,259929400,51.511368106363335,18.632944229882902
2024-11-01 00:00:00-04:00,753.47998046875,763.7999877929688,747.77001953125,756.0999755859375,2996800,715.7579228827357,635.408981974925,59.41546327292286,14.152641649348197,793.9604823000786,691.6101801348173,16.350035424505084,262926200,51.2250064800834,18.449284481806096
2024-11-04 00:00:00-05:00,753.1400146484375,762.47998046875,749.6900024414062,755.510009765625,1902200,717.3168282506922,636.6040170773201,59.124108396899864,13.65425876323036,794.5414152918476,696.6972484451315,16.09574561042213,261024000,55.048403198004266,18.278743287163348
2024-11-05 00:00:00-05:00,757.3499755859375,767.530029296875,756.27001953125,763.9099731445312,2200600,719.1440104033918,637.8707430083372,61.98262154191518,13.778266301333133,794.2464433902741,704.7162193701425,15.804622319052694,263224600,58.78096652909121,18.42057362842522
2024-11-06 00:00:00-05:00,771.5,781.489990234375,757.3800048828125,780.2100219726562,3690800,721.5387559551277,639.287054241813,66.83007492707901,15.018694720023746,794.0117268015508,715.3789388885534,16.397862535660536,266915400,70.00861296989689,19.291065316519276
2024-11-07 00:00:00-05:00,781.3699951171875,798.219970703125,779.9400024414062,796.5399780273438,3295100,724.4799803501166,640.8517599511218,70.84132757051293,17.122061688089502,786.5153549392032,737.3939712326717,16.532298658950406,270210500,61.4788067967005,20.81018870079289
2024-11-08 00:00:00-05:00,797.3599853515625,799.0599975585938,788.6500244140625,795.0399780273438,1910600,727.2470390825569,642.3859710762583,70.00389726955936,18.455217441553145,793.6435225723892,734.4191320500067,16.09498969363475,268299900,57.47767549657464,22.253473776750713
2024-11-11 00:00:00-05:00,795.9000244140625,806.8200073242188,795.5700073242188,805.4400024414062,2399200,730.3134298025118,644.0083992490459,72.43677247804084,20.11902839890365,802.2712822594408,730.2407050452466,15.78677823672334,270699100,64.64022716123164,23.89325225962411
2024-11-12 00:00:00-05:00,807.5,820.3699951171875,803.75,819.5,2814100,733.810942359276,645.7545843311449,75.34779964875315,22.314902562198313,814.6357385621302,725.2442500446407,15.846293728185065,273513200,73.64753903465137,25.87748013423456
2024-11-13 00:00:00-05:00,822.6199951171875,836.989990234375,820.5399780273438,830.469970703125,2767800,737.6014924904074,647.5925483746472,77.35713519982615,24.65611328682712,827.7339744845193,722.970013145689,15.963700621484346,276281000,80.64951483200748,28.185281092290246
2024-11-14 00:00:00-05:00,833.6699829101562,841.0,830.02001953125,837.260009765625,3038200,741.5096696384551,649.479786796448,78.52395189903972,26.75106938333886,840.2704517295255,721.4615388303704,15.607720610574749,279319200,80.9082659273626,30.4293050640517
2024-11-15 00:00:00-05:00,832.0399780273438,832.0399780273438,816.489990234375,823.9600219726562,3673700,744.743016788816,651.2159085394949,70.82516161109629,27.0265935736644,846.7703170978059,724.1990107016732,15.976456247765839,275645500,78.61032865483149,31.264790046659932
2024-11-18 00:00:00-05:00,815.5,848.4500122070312,809.3300170898438,847.0499877929688,4081200,748.7550548674103,653.1645063430121,75.3446409375646,28.776399331537846,857.1558201933746,726.8708399628755,17.629566167010243,279726700,79.04288292649295,32.55783536322913
2024-11-19 00:00:00-05:00,839.75,874.489990234375,839.1599731445312,871.3200073242188,3814200,753.5615235912068,655.3352078453127,79.02300520245099,31.755463528016662,873.0606587912405,725.8833353493844,18.89388409006978,283540900,84.17553587091069,34.395606950293676
2024-11-20 00:00:00-05:00,879.97998046875,890.5999755859375,868.4000244140625,883.8499755859375,4093800,758.6708746498238,657.6089866288015,80.62973720657031,34.727144186842,888.4902465419331,727.8017456455669,19.130031738770153,287634700,84.76481893163978,36.41506863693383
2024-11-21 00:00:00-05:00,883.9299926757812,908.0,877.239990234375,897.47998046875,4511300,764.114368995664,659.9957626869106,82.2246908347966,37.74692692515646,904.1979436598574,730.9540420172259,19.96074445497407,292146000,91.70729691089818,38.58060001287547
2024-11-22 00:00:00-05:00,896.0,906.0,893.0,897.7899780273438,3214000,769.3565497420044,662.3618742823378,82.26046764857186,39.707418312553955,915.6473284336232,738.396657568981,19.46354842247592,295360000,92.02432938925108,40.59145057624985
2024-11-25 00:00:00-05:00,902.0499877929688,902.0499877929688,864.219970703125,865.5900268554688,6014200,773.1304115895912,664.3840449547073,67.14334621918486,38.222252573156766,916.0427708247963,752.678550789787,20.775439041573623,289345800,80.01953511183407,40.40111508183129
2024-11-26 00:00:00-05:00,867.489990234375,886.3599853515625,867.25,872.5999755859375,3138300,777.0311788051341,666.4558452594957,68.50049052881253,37.18227814531144,915.9594320739772,767.253889866127,20.77504757403935,292484100,73.34129384946901,40.22437497987121
2024-11-27 00:00:00-05:00,872.0599975585938,880.9500122070312,858.9099731445312,877.3400268554688,2578200,780.9648591208335,668.5541953251274,69.42028133656437,36.32187744818361,916.6086446429352,779.5553446148773,20.865404108929397,295062300,67.63517172571281,39.51961288348161
2024-11-29 00:00:00-05:00,882.1699829101562,892.4099731445312,876.6799926757812,886.8099975585938,2027200,785.1156488634908,670.7258948498385,71.22790116803345,35.989289066943115,919.2350663585913,788.9649255033879,20.498588134630868,297089500,67.85200886408128,39.2388102606997
2024-12-02 00:00:00-05:00,887.510009765625,902.3400268554688,884.1199951171875,897.739990234375,2389000,789.5322897015648,672.9847415700826,73.19719186038128,36.19048802367524,921.2191022266273,800.6742245962893,20.33583410632018,299478500,68.0158213241262,39.279403428698686
2024-12-03 00:00:00-05:00,894.3599853515625,902.6900024414062,888.030029296875,902.1699829101562,2401600,793.9494541411174,675.2651917326705,73.97469462089524,36.2890850491126,923.0549351620322,811.7357223900511,19.930415466192404,301880100,67.91052758144045,39.32775882323159
2024-12-04 00:00:00-05:00,898.0499877929688,915.969970703125,898.0499877929688,911.0599975585938,2689600,798.5420244712145,677.6114087060628,75.50999935935658,36.66195756180514,926.8440634551058,820.1545937714567,19.78681314076125,304569700,68.02446987621772,39.76727626482784
2024-12-05 00:00:00-05:00,917.8499755859375,927.0,911.1099853515625,917.8699951171875,2835300,803.2215527318409,680.0020414066711,76.64652548365066,37.07954172814084,931.6817217399221,826.970272075182,19.512040947950176,307405000,68.07394355148358,40.47152271550529
2024-12-06 00:00:00-05:00,915.22998046875,935.27001953125,912.7100219726562,934.739990234375,2955400,808.379138516254,682.5367473651556,79.21930926628484,38.329904526177984,939.8539896653168,831.7953348789541,19.729752134424718,310360400,75.17097029997771,41.33360806130059
2024-12-09 00:00:00-05:00,928.0,930.2999877929688,902.5900268554688,913.6900024414062,3350100,812.5089763172404,684.836779753974,69.00407974703026,37.19352416478864,936.1067276566396,847.5065942834647,20.616910080459114,307010300,67.49026128249741,41.36232848984002
2024-12-10 00:00:00-05:00,913.760009765625,922.8800048828125,909.5800170898438,913.3499755859375,2388600,816.4635253081697,687.1105428965807,68.84963796903044,35.85221519614379,934.618563383551,857.834756928949,20.094272774209802,304621700,61.11976051537254,41.38899745919805
2024-12-11 00:00:00-05:00,924.7100219726562,941.75,923.0800170898438,936.5599975585938,3501700,821.1731908866177,689.5926270225709,73.25063013909197,36.2442715724186,941.4006739495275,859.7513117275558,20.687540748484995,308123400,60.78928969677238,41.966574687066114
2024-12-12 00:00:00-05:00,933.3499755859375,934.0900268554688,922.5999755859375,925.5499877929688,2486200,825.2663986084355,691.9404614580973,68.3196848087122,35.26010673979306,944.9186993944855,861.7932879102019,20.207003693068657,305637200,52.91065089792997,42.46418323074928
2024-12-13 00:00:00-05:00,916.8099975585938,925.5499877929688,909.6099853515625,918.8699951171875,2485800,828.9371278832884,694.198466768138,65.44133268136386,33.55433593964176,946.9044318360749,862.6595574217375,19.902217889378484,303151400,46.018931812869944,41.909596712261695
2024-12-16 00:00:00-05:00,923.9400024414062,928.9400024414062,919.5,921.0800170898438,2674900,832.5505745188397,696.4559946320356,65.95241362476648,32.011818279910244,949.0248640180534,863.6444637814257,19.199917134724217,305826300,56.93509938703169,41.51662384805383
2024-12-17 00:00:00-05:00,921.5399780273438,928.4500122070312,916.4199829101562,919.1300048828125,2459500,835.945846297819,698.6716564255757,65.03845125701065,30.28292947266607,946.9506071336384,872.8573844028199,18.687782289163557,303366800,57.74164580690173,40.90858471990375
2024-12-18 00:00:00-05:00,919.1300048828125,922.4400024414062,886.5599975585938,889.5499877929688,2938200,838.0479694937072,700.5709433048534,53.03274978125654,26.223622867542304,944.3015382907579,877.7664548733046,19.91579818870991,300428600,57.08009574689772,38.38042738999036
2024-12-19 00:00:00-05:00,908.1799926757812,912.6199951171875,899.0,902.0399780273438,2815500,840.5574600244381,702.5756103170174,56.66985490940362,23.740762237010472,941.2238261831983,884.1374938037809,20.141098841246254,303244100,57.99925901573243,36.03285272649936
2024-12-20 00:00:00-05:00,893.2100219726562,919.9199829101562,890.489990234375,909.0499877929688,4530500,843.243441505557,704.6300817346886,58.607284148030494,22.084154120466792,939.2821762407576,889.0444757774716,20.804591257998755,307774600,60.22945021713624,33.54713997164177
2024-12-23 00:00:00-05:00,913.4199829101562,915.0,899.0999755859375,911.4500122070312,2339400,845.9182089840463,706.6879914906324,59.278620110627,20.726025445430878,938.6919699499116,891.4626849980051,20.454265054860453,310114000,60.19686279339906,31.238978127845435
2024-12-24 00:00:00-05:00,915.0,935.8499755859375,911.7000122070312,932.1199951171875,2320300,849.2986711853459,708.9310960043294,64.60324034867895,21.07465802112256,941.0475653103948,893.1004245984594,20.73610064943515,312434300,59.87938830453183,30.031409230650148
2024-12-26 00:00:00-05:00,928.4000244140625,930.489990234375,915.2999877929688,924.1400146484375,2340300,852.2336258309574,711.0724782793952,61.272228171166,20.47105651999925,941.9326588511037,893.9593333363962,20.45637969763398,310094000,53.439749080302974,28.910095254683092
2024-12-27 00:00:00-05:00,916.010009765625,918.1300048828125,894.5,907.5499877929688,3226200,854.4028949275068,713.0274783740576,54.931052522413665,18.44144002187386,941.7995033328257,892.7164878781118,21.112353622691376,306867800,45.66081833714579,27.05473010243559
2024-12-30 00:00:00-05:00,894.510009765625,908.22998046875,889.7100219726562,900.4299926757812,2203000,856.2078791529294,714.8921800089007,52.42350344978168,16.073148966736312,938.95762643144,890.9836984383518,20.92718254222012,304664800,47.060348727239806,25.582208004629763
2024-12-31 00:00:00-05:00,901.7999877929688,902.6799926757812,889.469970703125,891.3200073242188,1875900,857.5848253557251,716.6476807782075,49.32117617288982,13.307758009831787,940.2225849840049,886.7360738701618,20.375956787251273,302788900,47.745472157165,24.227862670477215
